   0.00000000000000000000E+000    0.00000000000000000000E+000    0.00000000000000000000E+000    0.00000000000000000000E+000    0.00000000000000000000E+000    0.00000000000000000000E+000    0.00000000000000000000E+000    0.00000000000000000000E+000    0.00000000000000000000E+000    0.00000000000000000000E+000    0.00000000000000000000E+000    0.00000000000000000000E+000    0.00000000000000000000E+000    0.00000000000000000000E+000    0.00000000000000000000E+000    0.00000000000000000000E+000    0.00000000000000000000E+000    0.00000000000000000000E+000    0.00000000000000000000E+000    0.00000000000000000000E+000    0.00000000000000000000E+000    0.00000000000000000000E+000    0.00000000000000000000E+000    0.00000000000000000000E+000    0.00000000000000000000E+000    0.00000000000000000000E+000    0.00000000000000000000E+000    0.00000000000000000000E+000    0.00000000000000000000E+000    0.00000000000000000000E+000    0.00000000000000000000E+000    0.00000000000000000000E+000    0.00000000000000000000E+000    0.00000000000000000000E+000    0.00000000000000000000E+000    0.00000000000000000000E+000    0.00000000000000000000E+000    0.00000000000000000000E+000    0.00000000000000000000E+000    0.00000000000000000000E+000    0.00000000000000000000E+000    0.00000000000000000000E+000    0.00000000000000000000E+000    0.00000000000000000000E+000    0.00000000000000000000E+000    0.00000000000000000000E+000    0.00000000000000000000E+000    0.00000000000000000000E+000    0.00000000000000000000E+000    1.37320283353704540553E-005    4.87250936298500128855E-005    1.05593257238301938558E-004    2.11327425341145420240E-004    4.18246142180826784105E-004    8.51262212750052474873E-004    2.26726586228493233802E-003
   6.69736783701044258686E-004    6.70804438317032839488E-004    6.71832624010378878961E-004    6.72824142177859256010E-004    6.73781694751324320043E-004    6.74707882109586306284E-004    6.75605201242279805422E-004    6.76476044182124504160E-004    6.77322696719801376625E-004    6.78147337413743250822E-004    6.78952036904166599321E-004    6.79738757538754642326E-004    6.80509353314671613412E-004    6.81265570138711324538E-004    6.82009046405636842544E-004    6.82741313891276307806E-004    6.83463798955341161195E-004    6.84177824046015674309E-004    6.84884609496333473556E-004    6.85585275600276490039E-004    6.86280844954442075835E-004    6.86972245049395592240E-004    6.87660311093284473682E-004    6.88345789048706293775E-004    6.89029338863021050335E-004    6.89711537870783581057E-004    6.90392884346760493663E-004    6.91073801187198888916E-004    6.91754639696744947491E-004    6.92435683458399175993E-004    6.93117152264026079034E-004    6.93799206083273861667E-004    6.94481949049147802462E-004    6.95165433439554948138E-004    6.95849663634511071512E-004    6.96534600030080807039E-004    6.97220162891220500249E-004    6.97906236126689689253E-004    6.98592670970884263397E-004    6.99279289558556844085E-004    6.99965888380125957242E-004    7.00652241606465261969E-004    7.01338104273958526380E-004    7.02023215321756163289E-004    7.02707300474893345119E-004    7.03390074968384825145E-004    7.04071246108756544982E-004    7.04750515670901135114E-004    7.19332637603007220110E-004    7.93300964395873419062E-004    9.77704132620402103018E-004    1.34915564804069781218E-003    2.06303331066364338889E-003    3.45605861967346415092E-003    6.32117794275778924207E-003    1.35283160020265181417E-002
   6.94223035355944623204E-004    6.94908535668079386897E-004    6.95587029395229095897E-004    6.96259456146735796790E-004    6.96926675907458856134E-004    6.97589471243189847630E-004    6.98248549669130687094E-004    6.98904546166757736740E-004    6.99558025834365435243E-004    7.00209486655652222492E-004    7.00859362370369353736E-004    7.01508025430963209033E-004    7.02155790028807878095E-004    7.02802915173980960982E-004    7.03449607812310770058E-004    7.04096025964047185323E-004    7.04742281868796704644E-004    7.05388445121981635076E-004    7.06034545788449940246E-004    7.06680577480092611369E-004    7.07326500384580975946E-004    7.07972244233578962280E-004    7.08617711199651181819E-004    7.09262778711894337734E-004    7.09907302181540496647E-004    7.10551117629739954068E-004    7.11194044210715554423E-004    7.11835886624570600249E-004    7.12476437415103460056E-004    7.13115479148936949605E-004    7.13752786473227152954E-004    7.14388128050288300289E-004    7.15021268368186109846E-004    7.15651969427422000349E-004    7.16279992304419627427E-004    7.16905098593359707895E-004    7.17527051728628897584E-004    7.18145618190652750869E-004    7.18760568598453405617E-004    7.19371678692795981681E-004    7.19978730214097329201E-004    7.20581511679685361889E-004    7.21179819065192800540E-004    7.21773456395160477143E-004    7.22362236247924916280E-004    7.22945980180129889499E-004    7.23524519076068498361E-004    7.24097693427148535877E-004    7.42807340842144064527E-004    8.24747791990328594364E-004    1.02100561608163401851E-003    1.41087790511718177630E-003    2.15434063382728647681E-003    3.59623153323143218002E-003    6.54296435278112469697E-003    1.38036573806516477819E-002
   5.95839791959138810606E-004    5.99845085079839333148E-004    6.03678052049558093450E-004    6.07344210576842426057E-004    6.10849041644970247068E-004    6.14197989110850436217E-004    6.17396458954328083112E-004    6.20449818167202629508E-004    6.23363393275484702766E-004    6.26142468491643370762E-004    6.28792283497884652368E-004    6.31297197738367628361E-004    6.33678145990099715712E-004    6.35946169655786245137E-004    6.38106265038819822112E-004    6.40163368034408195896E-004    6.42122349973939005215E-004    6.43988013221786798762E-004    6.45765086556524827398E-004    6.47458220372101596156E-004    6.49071981737121155888E-004    6.50610849352877777113E-004    6.52079208452877533662E-004    6.53481345688375629861E-004    6.54821444045137123977E-004    6.56103577837712143885E-004    6.57331707827402958108E-004    6.58509676509714831499E-004    6.59641203616085128845E-004    6.60729881873428322517E-004    6.61779173062673818466E-004    6.62792404415587436788E-004    6.63772765385669204739E-004    6.64723304825943985159E-004    6.65646928602766935895E-004    6.66546397670440046029E-004    6.67424326627598786359E-004    6.68283182771297755605E-004    6.69125285660359964829E-004    6.69952807194802778083E-004    6.70767772213013866930E-004    6.71572059604029882388E-004    6.72367403927114082318E-004    6.73155397526724579710E-004    6.73937493126214445457E-004    6.74715006879984314538E-004    6.75489121859552759351E-004    6.76260891946053616791E-004    6.82175109124755598214E-004    7.41203962214838471718E-004    9.03935144644892551134E-004    1.24107411028985471953E-003    1.89556597259679551586E-003    3.17843804357895729287E-003    5.82267298579823653487E-003    1.25992490782336364480E-002
   6.94924054204102987359E-004    6.95605228290280958037E-004    6.96279879852128931635E-004    6.96948903586865021673E-004    6.97613116138547702944E-004    6.98273258374980062592E-004    6.98929997818772204450E-004    6.99583931217927462547E-004    7.00235587240859787446E-004    7.00885429280228818352E-004    7.01533858349630474495E-004    7.02181216057172225692E-004    7.02827787639710883927E-004    7.03473805041765595965E-004    7.04119450023422185220E-004    7.04764857281711632961E-004    7.05410117570629837357E-004    7.06055280805393181351E-004    7.06700359137273190387E-004    7.07345329986163676855E-004    7.07990139018650787607E-004    7.08634703060639307287E-004    7.09278912934067462363E-004    7.09922636208632851576E-004    7.10565719860225598371E-004    7.11207992828838723130E-004    7.11849268469845605431E-004    7.12489346893430174415E-004    7.13128017188093443930E-004    7.13765059524997880561E-004    7.14400247141064358505E-004    7.15033348199442812983E-004    7.15664127526993384433E-004    7.16292348229179967264E-004    7.16917773183477387289E-004    7.17540166413239434949E-004    7.18159294344424166401E-004    7.18774926948297890501E-004    7.19386838773612767410E-004    7.19994809872292551925E-004    7.20598626622912549582E-004    7.21198082456674018775E-004    7.21792978490700212237E-004    7.22383124073704488421E-004    7.22968337249219267573E-004    7.23548445141561922048E-004    7.24123284269747842859E-004    7.24692700794585210541E-004    7.43518591738668785385E-004    8.25690479479996414756E-004    1.02229320876528703178E-003    1.41269461647030138488E-003    2.15697892191175086621E-003    3.60014726841747676953E-003    6.54877502293743207068E-003    1.38092277669566217829E-002
   7.19968672175702009870E-004    7.20582910444720475818E-004    7.21196242090064911640E-004    7.21808615737081871004E-004    7.22419958958265195567E-004    7.23030180391293097499E-004    7.23639171786271285375E-004    7.24246809977400910277E-004    7.24852958775004489744E-004    7.25457470774283153317E-004    7.26060189078204750758E-004    7.26660948932305954771E-004    7.27259579269933409580E-004    7.27855904167118254733E-004    7.28449744206684170374E-004    7.29040917751949658042E-004    7.29629242130709339091E-004    7.30214534730745114775E-004    7.30796614008591611557E-004    7.31375300413472347397E-004    7.31950417228942676329E-004    7.32521791334808853625E-004    7.33089253892360722363E-004    7.33652640956030115300E-004    7.34211794014828409392E-004    7.34766560467013597931E-004    7.35316794031604104021E-004    7.35862355100266787161E-004    7.36403111033339264485E-004    7.36938936403520612056E-004    7.37469713190931804025E-004    7.37995330932993002029E-004    7.38515686832686563124E-004    7.39030685828461300114E-004    7.39540240629085569857E-004    7.40044271716542093054E-004    7.40542707319890875645E-004    7.41035483362952008754E-004    7.41522543388417804990E-004    7.42003838460918944270E-004    7.42479327051306925433E-004    7.42948974904387472729E-004    7.43412754892034126526E-004    7.43870646853556061716E-004    7.44322637425017452281E-004    7.44768719859019000945E-004    7.45208893836390886926E-004    7.45643165271051553723E-004    7.68314402487668278614E-004    8.58304513326470252567E-004    1.06653048038504749163E-003    1.47449132971179375749E-003    2.24503164263307065235E-003    3.72614108921477237696E-003    6.72189238926058918455E-003    1.39190756512285792462E-002
   0.00000000000000000000E+000    0.00000000000000000000E+000    0.00000000000000000000E+000    0.00000000000000000000E+000    0.00000000000000000000E+000    0.00000000000000000000E+000    0.00000000000000000000E+000    0.00000000000000000000E+000    0.00000000000000000000E+000    0.00000000000000000000E+000    0.00000000000000000000E+000    0.00000000000000000000E+000    0.00000000000000000000E+000    0.00000000000000000000E+000    0.00000000000000000000E+000    0.00000000000000000000E+000    0.00000000000000000000E+000    0.00000000000000000000E+000    0.00000000000000000000E+000    0.00000000000000000000E+000    0.00000000000000000000E+000    0.00000000000000000000E+000    0.00000000000000000000E+000    0.00000000000000000000E+000    0.00000000000000000000E+000    0.00000000000000000000E+000    0.00000000000000000000E+000    0.00000000000000000000E+000    0.00000000000000000000E+000    0.00000000000000000000E+000    0.00000000000000000000E+000    0.00000000000000000000E+000    0.00000000000000000000E+000    0.00000000000000000000E+000    0.00000000000000000000E+000    0.00000000000000000000E+000    2.43999507738107877743E-005    5.00340796607197005981E-005    7.48319642990342748278E-005    9.88109637824518334970E-005    1.21957642491935032317E-004    1.44177355632467158603E-004    1.65634749018926858734E-004    1.86346997839973213930E-004    2.06157901476126302837E-004    2.25262567234793721497E-004    2.43679816593766627921E-004    2.61406786024257723356E-004    2.78341166986245615225E-004    3.09641398253444476325E-004    3.83845647693326227044E-004    5.33783412557956569479E-004    8.18500719284220835080E-004    1.34856871046748114616E-003    2.36466604990866018088E-003    4.69631141034953635688E-003
   0.00000000000000000000E+000    0.00000000000000000000E+000    0.00000000000000000000E+000    0.00000000000000000000E+000    0.00000000000000000000E+000    0.00000000000000000000E+000    0.00000000000000000000E+000    0.00000000000000000000E+000    0.00000000000000000000E+000    0.00000000000000000000E+000    0.00000000000000000000E+000    0.00000000000000000000E+000    0.00000000000000000000E+000    0.00000000000000000000E+000    0.00000000000000000000E+000    0.00000000000000000000E+000    0.00000000000000000000E+000    0.00000000000000000000E+000    0.00000000000000000000E+000    0.00000000000000000000E+000    0.00000000000000000000E+000    0.00000000000000000000E+000    0.00000000000000000000E+000    0.00000000000000000000E+000    0.00000000000000000000E+000    0.00000000000000000000E+000    0.00000000000000000000E+000    0.00000000000000000000E+000    0.00000000000000000000E+000    0.00000000000000000000E+000    0.00000000000000000000E+000    0.00000000000000000000E+000    0.00000000000000000000E+000    0.00000000000000000000E+000    0.00000000000000000000E+000    0.00000000000000000000E+000    0.00000000000000000000E+000    0.00000000000000000000E+000    0.00000000000000000000E+000    0.00000000000000000000E+000    0.00000000000000000000E+000    0.00000000000000000000E+000    0.00000000000000000000E+000    0.00000000000000000000E+000    0.00000000000000000000E+000    0.00000000000000000000E+000    0.00000000000000000000E+000    0.00000000000000000000E+000    0.00000000000000000000E+000    0.00000000000000000000E+000    0.00000000000000000000E+000    0.00000000000000000000E+000    0.00000000000000000000E+000    0.00000000000000000000E+000    0.00000000000000000000E+000    0.00000000000000000000E+000
   0.00000000000000000000E+000    0.00000000000000000000E+000    0.00000000000000000000E+000    0.00000000000000000000E+000    0.00000000000000000000E+000    0.00000000000000000000E+000    0.00000000000000000000E+000    0.00000000000000000000E+000    0.00000000000000000000E+000    0.00000000000000000000E+000    0.00000000000000000000E+000    5.98934164328677312231E-006    3.08235290159954242878E-005    5.49209967458106607086E-005    7.82955676553017873836E-005    1.00960741244552712503E-004    1.22930300292671930906E-004    1.44056439493295696929E-004    1.64518018964016852481E-004    1.84328709262007809635E-004    2.03391652626097428494E-004    2.21783595418310468554E-004    2.39571214927739370567E-004    2.56767024092252854183E-004    2.73269028688891298367E-004    2.89179606908986747919E-004    3.04543144534494237500E-004    3.19372319047837524304E-004    3.33679644675651703497E-004    3.47477182520835095863E-004    3.60733192633495055712E-004    3.73428689453851570760E-004    3.85654531589330962574E-004    3.97422334082234293088E-004    4.08743549832606026077E-004    4.19629471274637888805E-004    4.30091232518020746486E-004    4.40139811957892125149E-004    4.49786035349793275780E-004    4.59040579339125469696E-004    4.67913975426824521250E-004    4.76416614344458999065E-004    4.84558750803980027404E-004    4.92330483578356961454E-004    4.99707674283281179026E-004    5.06757086892097832927E-004    5.13488411650227997811E-004    5.19911231024780106508E-004    5.26035025467404770104E-004    5.66310790626750257259E-004    6.82456712855938028850E-004    9.25848369342098845812E-004    1.39241471938836920870E-003    2.28540951428865199424E-003    4.04845936825542779963E-003    8.05724931834645406725E-003
   6.19944058155659635453E-004    6.22924844169627715644E-004    6.25751079340667410930E-004    6.28439200333273792140E-004    6.31003618600069161523E-004    6.33449239689182251947E-004    6.35780921327000763006E-004    6.38003470394584771587E-004    6.40121639620030015265E-004    6.42140124006043526428E-004    6.44063557015397622485E-004    6.45896506539988526571E-004    6.47643470682299172633E-004    6.49308873380628152200E-004    6.50897059912170275996E-004    6.52412292309590595776E-004    6.53858744729121036526E-004    6.55240498809136974641E-004    6.56561539059141024977E-004    6.57825748319791668919E-004    6.59036903334646339582E-004    6.60198670473612254928E-004    6.61314601647873426087E-004    6.62388130454167082736E-004    6.63422568584949513999E-004    6.64421102539014714339E-004    6.65386790664165448869E-004    6.66322560561079333535E-004    6.67231206874257750696E-004    6.68115389492487357810E-004    6.68977632177338000195E-004    6.69820321634695121753E-004    6.70645707040050951045E-004    6.71455900024122559477E-004    6.72252875121546978818E-004    6.73038470680704741488E-004    6.73814390229257229557E-004    6.74582204285460794273E-004    6.75343352602072880334E-004    6.76099146825586512152E-004    6.76850773550535583442E-004    6.77599297745415537174E-004    6.78345666524072707891E-004    6.79090713234075781662E-004    6.79835161831394583706E-004    6.80579631509331322778E-004    6.81324641548186941097E-004    6.82070616351225923572E-004    6.90190334709240389463E-004    7.52789122809400797036E-004    9.20583832924683101266E-004    1.26581251158832557881E-003    1.93471211460544069601E-003    3.24543864994716229136E-003    5.94875286296882039433E-003    1.28670231549873771010E-002
   0.00000000000000000000E+000    0.00000000000000000000E+000    0.00000000000000000000E+000    0.00000000000000000000E+000    0.00000000000000000000E+000    0.00000000000000000000E+000    0.00000000000000000000E+000    0.00000000000000000000E+000    0.00000000000000000000E+000    0.00000000000000000000E+000    0.00000000000000000000E+000    0.00000000000000000000E+000    0.00000000000000000000E+000    0.00000000000000000000E+000    0.00000000000000000000E+000    0.00000000000000000000E+000    0.00000000000000000000E+000    0.00000000000000000000E+000    0.00000000000000000000E+000    0.00000000000000000000E+000    0.00000000000000000000E+000    0.00000000000000000000E+000    0.00000000000000000000E+000    0.00000000000000000000E+000    0.00000000000000000000E+000    0.00000000000000000000E+000    0.00000000000000000000E+000    0.00000000000000000000E+000    0.00000000000000000000E+000    0.00000000000000000000E+000    0.00000000000000000000E+000    0.00000000000000000000E+000    0.00000000000000000000E+000    0.00000000000000000000E+000    0.00000000000000000000E+000    0.00000000000000000000E+000    0.00000000000000000000E+000    0.00000000000000000000E+000    0.00000000000000000000E+000    0.00000000000000000000E+000    0.00000000000000000000E+000    0.00000000000000000000E+000    0.00000000000000000000E+000    0.00000000000000000000E+000    0.00000000000000000000E+000    0.00000000000000000000E+000    0.00000000000000000000E+000    0.00000000000000000000E+000    0.00000000000000000000E+000    0.00000000000000000000E+000    0.00000000000000000000E+000    0.00000000000000000000E+000    0.00000000000000000000E+000    0.00000000000000000000E+000    0.00000000000000000000E+000    0.00000000000000000000E+000
   0.00000000000000000000E+000    0.00000000000000000000E+000    0.00000000000000000000E+000    0.00000000000000000000E+000    0.00000000000000000000E+000    0.00000000000000000000E+000    0.00000000000000000000E+000    0.00000000000000000000E+000    0.00000000000000000000E+000    0.00000000000000000000E+000    0.00000000000000000000E+000    0.00000000000000000000E+000    0.00000000000000000000E+000    0.00000000000000000000E+000    0.00000000000000000000E+000    0.00000000000000000000E+000    0.00000000000000000000E+000    0.00000000000000000000E+000    0.00000000000000000000E+000    0.00000000000000000000E+000    0.00000000000000000000E+000    0.00000000000000000000E+000    0.00000000000000000000E+000    0.00000000000000000000E+000    0.00000000000000000000E+000    0.00000000000000000000E+000    0.00000000000000000000E+000    0.00000000000000000000E+000    0.00000000000000000000E+000    0.00000000000000000000E+000    0.00000000000000000000E+000    0.00000000000000000000E+000    0.00000000000000000000E+000    0.00000000000000000000E+000    0.00000000000000000000E+000    0.00000000000000000000E+000    0.00000000000000000000E+000    0.00000000000000000000E+000    0.00000000000000000000E+000    0.00000000000000000000E+000    0.00000000000000000000E+000    0.00000000000000000000E+000    0.00000000000000000000E+000    0.00000000000000000000E+000    0.00000000000000000000E+000    0.00000000000000000000E+000    0.00000000000000000000E+000    0.00000000000000000000E+000    0.00000000000000000000E+000    0.00000000000000000000E+000    0.00000000000000000000E+000    0.00000000000000000000E+000    0.00000000000000000000E+000    0.00000000000000000000E+000    0.00000000000000000000E+000    0.00000000000000000000E+000
   0.00000000000000000000E+000    0.00000000000000000000E+000    0.00000000000000000000E+000    0.00000000000000000000E+000    0.00000000000000000000E+000    0.00000000000000000000E+000    0.00000000000000000000E+000    0.00000000000000000000E+000    0.00000000000000000000E+000    0.00000000000000000000E+000    0.00000000000000000000E+000    0.00000000000000000000E+000    0.00000000000000000000E+000    0.00000000000000000000E+000    0.00000000000000000000E+000    0.00000000000000000000E+000    0.00000000000000000000E+000    0.00000000000000000000E+000    0.00000000000000000000E+000    0.00000000000000000000E+000    0.00000000000000000000E+000    0.00000000000000000000E+000    0.00000000000000000000E+000    0.00000000000000000000E+000    0.00000000000000000000E+000    0.00000000000000000000E+000    0.00000000000000000000E+000    0.00000000000000000000E+000    0.00000000000000000000E+000    0.00000000000000000000E+000    0.00000000000000000000E+000    0.00000000000000000000E+000    0.00000000000000000000E+000    0.00000000000000000000E+000    0.00000000000000000000E+000    0.00000000000000000000E+000    0.00000000000000000000E+000    0.00000000000000000000E+000    0.00000000000000000000E+000    0.00000000000000000000E+000    0.00000000000000000000E+000    0.00000000000000000000E+000    0.00000000000000000000E+000    0.00000000000000000000E+000    0.00000000000000000000E+000    0.00000000000000000000E+000    0.00000000000000000000E+000    0.00000000000000000000E+000    0.00000000000000000000E+000    0.00000000000000000000E+000    0.00000000000000000000E+000    0.00000000000000000000E+000    0.00000000000000000000E+000    0.00000000000000000000E+000    0.00000000000000000000E+000    0.00000000000000000000E+000
   7.08426292752286019053E-004    7.09059780696386608712E-004    7.09691983895157111825E-004    7.10323132204787599520E-004    7.10953410328872721646E-004    7.11582960541459080307E-004    7.12211885408301176130E-004    7.12840250494569706297E-004    7.13468087047563256226E-004    7.14095394644030439721E-004    7.14722143791781858689E-004    7.15348278476574789796E-004    7.15973718645607931123E-004    7.16598362620011640131E-004    7.17222089429233548158E-004    7.17844761061451740874E-004    7.18466224624616503144E-004    7.19086314413691228727E-004    7.19704853880554526295E-004    7.20321657503674231404E-004    7.20936532555552104032E-004    7.21549280766608136690E-004    7.22159699884968985656E-004    7.22767585132195219781E-004    7.23372730555679331783E-004    7.23974930279015879871E-004    7.24573979652139849028E-004    7.25169676303532065829E-004    7.25761821097252262346E-004    7.26350218997834254191E-004    7.26934679846521244855E-004    7.27515019052484934563E-004    7.28091058202931019384E-004    7.28662625596183076426E-004    7.29229556701902967286E-004    7.29791694552703361712E-004    7.30348890071477806034E-004    7.30901002338704480418E-004    7.31447898803975994284E-004    7.31989455445933192949E-004    7.32525556884663963178E-004    7.33056096450523508173E-004    7.33580976213163643909E-004    7.34100106974429323335E-004    7.34613408228541094752E-004    7.35120808092890043461E-004    7.35622243212489981649E-004    7.36117658640972273749E-004    7.57092462092225060820E-004    8.43598423350760137987E-004    1.04665436629497259589E-003    1.44687227190949262330E-003    2.20608321793811738148E-003    3.67155384730289118672E-003    6.65038028410372492744E-003    1.38885629284837171238E-002
   6.97365327890768060132E-004    6.98033318602992651318E-004    6.98696287008427176571E-004    6.99354978989441501344E-004    7.00010068069710066768E-004    7.00662157900845726857E-004    7.01311784872131406716E-004    7.01959420828510757134E-004    7.02605475881381310969E-004    7.03250301296770943295E-004    7.03894192445235901238E-004    7.04537391798112271404E-004    7.05180091954653006162E-004    7.05822438685341788447E-004    7.06464533976648993881E-004    7.07106439063320845774E-004    7.07748177434995963744E-004    7.08389737804231362298E-004    7.09031077024397543042E-004    7.09672122946251545707E-004    7.10312777203157244728E-004    7.10952917915874649767E-004    7.11592402308549904118E-004    7.12231069228913419092E-004    7.12868741566352560543E-004    7.13505228562639104602E-004    7.14140328011143355781E-004    7.14773828341166961829E-004    7.15405510585084857857E-004    7.16035150226794394474E-004    7.16662518930855823099E-004    7.17287386152530787378E-004    7.17909520629545741706E-004    7.18528691757276314310E-004    7.19144670849554846354E-004    7.19757232287828959717E-004    7.20366154562063838902E-004    7.20971221207021930634E-004    7.21572221638049353561E-004    7.22168951890782588252E-004    7.22761215269337336554E-004    7.23348822907910393373E-004    7.23931594250626494688E-004    7.24509357454735541428E-004    7.25081949722153383878E-004    7.25649217564363420603E-004    7.26211017005649211477E-004    7.26767213729498850680E-004    7.45994665501281727440E-004    8.28968587952803328232E-004    1.02676647758743523099E-003    1.41899800413412997824E-003    2.16611089816011546244E-003    3.61363957829925882756E-003    6.56861514850780488228E-003    1.38274758296992109075E-002
   0.00000000000000000000E+000    0.00000000000000000000E+000    0.00000000000000000000E+000    0.00000000000000000000E+000    0.00000000000000000000E+000    0.00000000000000000000E+000    0.00000000000000000000E+000    0.00000000000000000000E+000    0.00000000000000000000E+000    0.00000000000000000000E+000    0.00000000000000000000E+000    0.00000000000000000000E+000    0.00000000000000000000E+000    0.00000000000000000000E+000    0.00000000000000000000E+000    0.00000000000000000000E+000    0.00000000000000000000E+000    0.00000000000000000000E+000    0.00000000000000000000E+000    0.00000000000000000000E+000    0.00000000000000000000E+000    0.00000000000000000000E+000    0.00000000000000000000E+000    0.00000000000000000000E+000    0.00000000000000000000E+000    0.00000000000000000000E+000    0.00000000000000000000E+000    0.00000000000000000000E+000    0.00000000000000000000E+000    0.00000000000000000000E+000    0.00000000000000000000E+000    0.00000000000000000000E+000    0.00000000000000000000E+000    0.00000000000000000000E+000    0.00000000000000000000E+000    0.00000000000000000000E+000    0.00000000000000000000E+000    0.00000000000000000000E+000    0.00000000000000000000E+000    0.00000000000000000000E+000    0.00000000000000000000E+000    0.00000000000000000000E+000    0.00000000000000000000E+000    0.00000000000000000000E+000    0.00000000000000000000E+000    0.00000000000000000000E+000    0.00000000000000000000E+000    0.00000000000000000000E+000    0.00000000000000000000E+000    0.00000000000000000000E+000    0.00000000000000000000E+000    0.00000000000000000000E+000    0.00000000000000000000E+000    0.00000000000000000000E+000    0.00000000000000000000E+000    0.00000000000000000000E+000
   6.33404628118717800273E-004    6.35787599646715491201E-004    6.38060517985511227099E-004    6.40228013315122723367E-004    6.42294662470774269103E-004    6.44264985509011606397E-004    6.46143442058680740961E-004    6.47934427481503504020E-004    6.49642268869209094616E-004    6.51271220907389961421E-004    6.52825461637011059471E-004    6.54309088147660773867E-004    6.55726112237221716965E-004    6.57080456073918530401E-004    6.58375947897719298631E-004    6.59616317798197393345E-004    6.60805193605772567440E-004    6.61946096933204580770E-004    6.63042439403052651960E-004    6.64097519095642983833E-004    6.65114517250540646098E-004    6.66096495252486943059E-004    6.67046391930441358309E-004    6.67967021195741555983E-004    6.68861070042461609148E-004    6.69731096929879828224E-004    6.70579530563599163044E-004    6.71408669088394247267E-004    6.72220679702000912040E-004    6.73017598695600620384E-004    6.73801331922720993239E-004    6.74573655694941736426E-004    6.75336218098379756011E-004    6.76090540722307058175E-004    6.76838020787150240233E-004    6.77579933655976626890E-004    6.78317435711050793594E-004    6.79051567573573386719E-004    6.79783257642915350431E-004    6.80513325929164403054E-004    6.81242488150883302583E-004    6.81971360068957255240E-004    6.82700462025674723737E-004    6.83430223657790917105E-004    6.84160988751807163689E-004    6.84893020209414332168E-004    6.85626505091444090820E-004    6.86361559709134207499E-004    6.95927596189391305462E-004    7.60949715793565067447E-004    9.32231949414031278722E-004    1.28299684166319725998E-003    1.96163004813970946391E-003    3.29080921175836779366E-003    6.03222725238648869311E-003    1.30329416711123143024E-002
   0.00000000000000000000E+000    0.00000000000000000000E+000    0.00000000000000000000E+000    0.00000000000000000000E+000    0.00000000000000000000E+000    0.00000000000000000000E+000    0.00000000000000000000E+000    0.00000000000000000000E+000    0.00000000000000000000E+000    0.00000000000000000000E+000    0.00000000000000000000E+000    0.00000000000000000000E+000    0.00000000000000000000E+000    0.00000000000000000000E+000    0.00000000000000000000E+000    0.00000000000000000000E+000    0.00000000000000000000E+000    0.00000000000000000000E+000    0.00000000000000000000E+000    0.00000000000000000000E+000    0.00000000000000000000E+000    0.00000000000000000000E+000    0.00000000000000000000E+000    0.00000000000000000000E+000    0.00000000000000000000E+000    0.00000000000000000000E+000    0.00000000000000000000E+000    0.00000000000000000000E+000    0.00000000000000000000E+000    0.00000000000000000000E+000    0.00000000000000000000E+000    0.00000000000000000000E+000    0.00000000000000000000E+000    0.00000000000000000000E+000    0.00000000000000000000E+000    0.00000000000000000000E+000    0.00000000000000000000E+000    0.00000000000000000000E+000    0.00000000000000000000E+000    0.00000000000000000000E+000    0.00000000000000000000E+000    0.00000000000000000000E+000    0.00000000000000000000E+000    0.00000000000000000000E+000    0.00000000000000000000E+000    0.00000000000000000000E+000    0.00000000000000000000E+000    0.00000000000000000000E+000    0.00000000000000000000E+000    0.00000000000000000000E+000    0.00000000000000000000E+000    0.00000000000000000000E+000    0.00000000000000000000E+000    0.00000000000000000000E+000    0.00000000000000000000E+000    1.86211831866210230247E-004
   0.00000000000000000000E+000    0.00000000000000000000E+000    0.00000000000000000000E+000    0.00000000000000000000E+000    0.00000000000000000000E+000    0.00000000000000000000E+000    0.00000000000000000000E+000    0.00000000000000000000E+000    0.00000000000000000000E+000    0.00000000000000000000E+000    0.00000000000000000000E+000    0.00000000000000000000E+000    0.00000000000000000000E+000    0.00000000000000000000E+000    0.00000000000000000000E+000    0.00000000000000000000E+000    0.00000000000000000000E+000    0.00000000000000000000E+000    0.00000000000000000000E+000    0.00000000000000000000E+000    0.00000000000000000000E+000    0.00000000000000000000E+000    6.17138343645563295200E-006    3.15819938516988360684E-005    5.62089311457333073757E-005    8.00674795585671234292E-005    1.03172765530813322055E-004    1.25502919895251516908E-004    1.46981264090577688286E-004    1.67756159727791510829E-004    1.87842541237777328669E-004    2.07094702086032031842E-004    2.25687970966603664849E-004    2.43643797116641558018E-004    2.60964050047607419667E-004    2.77537685731939882082E-004    2.93522885327244078060E-004    3.08933756244049754699E-004    3.23784216768497657996E-004    3.38087994946467055961E-004    3.51858201497547140851E-004    3.65040026078643274707E-004    3.77662695954662135447E-004    3.89795711330699168155E-004    4.01451760063742727185E-004    4.12643343477700030690E-004    4.23382778849872758523E-004    4.33682202479899613252E-004    4.43553573338760812831E-004    4.79997529304275558776E-004    5.80667134214427429519E-004    7.90375558843931262307E-004    1.18956769838974218620E-003    1.94582620124732989103E-003    3.41845155987420285665E-003    6.68254645373613995196E-003
   0.00000000000000000000E+000    0.00000000000000000000E+000    0.00000000000000000000E+000    2.03276751042882043393E-005    4.43381510095440701949E-005    6.76528058571089572614E-005    9.02842311869521554164E-005    1.12244919753121650836E-004    1.33481897038020136262E-004    1.53982903864544859495E-004    1.73854850140644790748E-004    1.93101827919673458243E-004    2.11595201374987807201E-004    2.29503115924579060170E-004    2.46837322610530542858E-004    2.63587431882729254784E-004    2.79668484898626141123E-004    2.95217263065810470949E-004    3.10245637081078438554E-004    3.24765332894500998763E-004    3.38787930710500754736E-004    3.52324210063807707893E-004    3.65292296247841713139E-004    3.77775264950179370891E-004    3.89809556345265234133E-004    4.01405946786093450768E-004    4.12575067809198726011E-004    4.23327407575998214146E-004    4.33673312710070762207E-004    4.43622990532614930922E-004    4.53186511693281504024E-004    4.62373813187165363763E-004    4.71194701742757627617E-004    4.79658857559428465026E-004    4.87761822692841986310E-004    4.95465308559051736438E-004    5.02843052173750342665E-004    5.09904202413075709893E-004    5.16657804940180492501E-004    5.23112807173671382800E-004    5.29278063265861621785E-004    5.35162339019952569899E-004    5.40774316671844071380E-004    5.46122599458806392420E-004    5.51215715896365165451E-004    5.56062123683159271505E-004    5.60670213155282904337E-004    5.65048310212748245047E-004    5.69204678644732228049E-004    6.12046822948811622932E-004    7.37502411797362283051E-004    1.00065835403149701668E-003    1.50779739608109019169E-003    2.48436489433793983306E-003    4.43131785379228225474E-003    8.98528473331346860808E-003
   0.00000000000000000000E+000    0.00000000000000000000E+000    0.00000000000000000000E+000    0.00000000000000000000E+000    0.00000000000000000000E+000    0.00000000000000000000E+000    0.00000000000000000000E+000    0.00000000000000000000E+000    0.00000000000000000000E+000    0.00000000000000000000E+000    0.00000000000000000000E+000    0.00000000000000000000E+000    0.00000000000000000000E+000    0.00000000000000000000E+000    0.00000000000000000000E+000    0.00000000000000000000E+000    0.00000000000000000000E+000    0.00000000000000000000E+000    0.00000000000000000000E+000    0.00000000000000000000E+000    0.00000000000000000000E+000    0.00000000000000000000E+000    0.00000000000000000000E+000    0.00000000000000000000E+000    0.00000000000000000000E+000    0.00000000000000000000E+000    0.00000000000000000000E+000    0.00000000000000000000E+000    0.00000000000000000000E+000    0.00000000000000000000E+000    0.00000000000000000000E+000    0.00000000000000000000E+000    0.00000000000000000000E+000    0.00000000000000000000E+000    0.00000000000000000000E+000    0.00000000000000000000E+000    0.00000000000000000000E+000    0.00000000000000000000E+000    0.00000000000000000000E+000    0.00000000000000000000E+000    0.00000000000000000000E+000    0.00000000000000000000E+000    0.00000000000000000000E+000    0.00000000000000000000E+000    0.00000000000000000000E+000    0.00000000000000000000E+000    0.00000000000000000000E+000    0.00000000000000000000E+000    0.00000000000000000000E+000    0.00000000000000000000E+000    0.00000000000000000000E+000    0.00000000000000000000E+000    0.00000000000000000000E+000    0.00000000000000000000E+000    0.00000000000000000000E+000    0.00000000000000000000E+000
   0.00000000000000000000E+000    0.00000000000000000000E+000    0.00000000000000000000E+000    1.91235855655738430138E-005    4.31709769429210798238E-005    6.65217331542548038006E-005    8.91884692098014790701E-005    1.11183671878808186897E-004    1.32462050917593241427E-004    1.52995797420168370799E-004    1.72899720859087441174E-004    1.92185635327273907687E-004    2.10709132359589385117E-004    2.28646448052266315154E-004    2.46009355749698304175E-004    2.62794351247520440590E-004    2.78902370605341534422E-004    2.94477412423071950760E-004    3.09531359325143737727E-004    3.24075949148402726180E-004    3.38122773929744400555E-004    3.51682666144597570572E-004    3.64679368876514209581E-004    3.77184449056867997056E-004    3.89240235818185569602E-004    4.00857516800309158882E-004    4.12046934676296868448E-004    4.22818988576941054598E-004    4.33184035911174240060E-004    4.43152294585308229383E-004    4.52733845617948145110E-004    4.61938636142104387412E-004    4.70776482779747392979E-004    4.79257075366703406624E-004    4.87379910300561136702E-004    4.95098686829382452976E-004    5.02491230961914182515E-004    5.09566700038500074686E-004    5.16334147902011405054E-004    5.22802529868407884865E-004    5.28980707710101642934E-004    5.34877454581736302801E-004    5.40501459813493034291E-004    5.45861333494890581426E-004    5.50965610769690622602E-004    5.55822755762338540329E-004    5.60441165056593782433E-004    5.64829170649315407196E-004    5.68995042305440600246E-004    6.11823526226782472490E-004    7.37231060810929943530E-004    1.00028571564939245710E-003    1.50721573349546370327E-003    2.48334886503976575226E-003    4.42933224996911942273E-003    8.98027590937859263032E-003
   0.00000000000000000000E+000    0.00000000000000000000E+000    0.00000000000000000000E+000    0.00000000000000000000E+000    0.00000000000000000000E+000    0.00000000000000000000E+000    0.00000000000000000000E+000    0.00000000000000000000E+000    0.00000000000000000000E+000    0.00000000000000000000E+000    0.00000000000000000000E+000    0.00000000000000000000E+000    0.00000000000000000000E+000    0.00000000000000000000E+000    0.00000000000000000000E+000    0.00000000000000000000E+000    0.00000000000000000000E+000    0.00000000000000000000E+000    0.00000000000000000000E+000    0.00000000000000000000E+000    0.00000000000000000000E+000    0.00000000000000000000E+000    0.00000000000000000000E+000    0.00000000000000000000E+000    0.00000000000000000000E+000    0.00000000000000000000E+000    0.00000000000000000000E+000    0.00000000000000000000E+000    0.00000000000000000000E+000    0.00000000000000000000E+000    0.00000000000000000000E+000    0.00000000000000000000E+000    0.00000000000000000000E+000    0.00000000000000000000E+000    0.00000000000000000000E+000    0.00000000000000000000E+000    0.00000000000000000000E+000    0.00000000000000000000E+000    0.00000000000000000000E+000    0.00000000000000000000E+000    0.00000000000000000000E+000    0.00000000000000000000E+000    0.00000000000000000000E+000    0.00000000000000000000E+000    0.00000000000000000000E+000    0.00000000000000000000E+000    0.00000000000000000000E+000    0.00000000000000000000E+000    0.00000000000000000000E+000    0.00000000000000000000E+000    0.00000000000000000000E+000    0.00000000000000000000E+000    0.00000000000000000000E+000    0.00000000000000000000E+000    0.00000000000000000000E+000    0.00000000000000000000E+000
   6.35102256117502550654E-004    6.37414600319878761094E-004    6.39620018416952240345E-004    6.41723086922556143312E-004    6.43728327228901731245E-004    6.45640202069971383576E-004    6.47463111786864085190E-004    6.49201390420977848643E-004    6.50859301663369682438E-004    6.52441034690904686326E-004    6.53950699921407980174E-004    6.55392324722147475574E-004    6.56769849106406686592E-004    6.58087121454581434714E-004    6.59347894296263251253E-004    6.60555820190051245708E-004    6.61714447737490733294E-004    6.62827217766809089969E-004    6.63897459721331955652E-004    6.64928388285653806586E-004    6.65923100280972992716E-004    6.66884571859037520586E-004    6.67815656021276352755E-004    6.68719080487322771987E-004    6.69597445933665501999E-004    6.70453224620595777429E-004    6.71288759421190457145E-004    6.72106263263683645012E-004    6.72907818993861484881E-004    6.73695379661113616550E-004    6.74470769227787734362E-004    6.75235683697867250692E-004    6.75991692657418753037E-004    6.76740241215940453202E-004    6.77482652334281620042E-004    6.78220129521887676004E-004    6.78953759883239599954E-004    6.79684517490968757164E-004    6.80413267060452683216E-004    6.81140767899396089129E-004    6.81867678103687197347E-004    6.82594558969852084618E-004    6.83321879593495017102E-004    6.84050021622378541346E-004    6.84779284132652679012E-004    6.85509888596672859080E-004    6.86241983911555614682E-004    6.86975651457761475951E-004    6.96737737660351429125E-004    7.62093583341154714485E-004    9.33859196101272689798E-004    1.28538904458049712577E-003    1.96535875632682880548E-003    3.29704686779358924903E-003    6.04357591053177999746E-003    1.30547658280529572244E-002
   5.79408840802514099079E-004    5.84105188636049725039E-004    5.88606226170942633050E-004    5.92917751513177306022E-004    5.97045523958128010814E-004    6.00995264745393903243E-004    6.04772657504869183727E-004    6.08383348372563970141E-004    6.11832945756167045220E-004    6.15127019734634534337E-004    6.18271101078699328313E-004    6.21270679883048561505E-004    6.24131203804937869685E-004    6.26858075908098919676E-004    6.29456652115296683841E-004    6.31932238276734477636E-004    6.34273329990351860709E-004    6.36494059311779264779E-004    6.38608249323458399167E-004    6.40620932748157631033E-004    6.42537072891757074337E-004    6.44361558850025913439E-004    6.46099200507834641773E-004    6.47754723370740537365E-004    6.49332763271789166135E-004    6.50837860998687198731E-004    6.52274456888473231492E-004    6.53646885438319800998E-004    6.54959369981957819327E-004    6.56216017481256398865E-004    6.57420813482732162118E-004    6.58577617287416420232E-004    6.59690157381429063792E-004    6.60762027172533171829E-004    6.61796681075256607724E-004    6.62797430984678301487E-004    6.63767443174638591304E-004    6.64709735653128889858E-004    6.65627176002630887783E-004    6.66522479728893124835E-004    6.67398209136874412915E-004    6.68256772746940756399E-004    6.69100425260211648625E-004    6.69931268075673116980E-004    6.70751250357215565538E-004    6.71562170643353294197E-004    6.72365678987342225807E-004    6.73163279610874878273E-004    6.77768280649239233428E-004    7.34744646167648316620E-004    8.94604384209209059671E-004    1.22712832846384191886E-003    1.87330686379669881202E-003    3.13983899187587033042E-003    5.74863868347210479198E-003    1.24329692532325064569E-002
   0.00000000000000000000E+000    0.00000000000000000000E+000    0.00000000000000000000E+000    0.00000000000000000000E+000    0.00000000000000000000E+000    1.99732610492798286651E-005    4.40849397029871429600E-005    6.74931151919676579256E-005    9.02106125904442781313E-005    1.12250177657245486578E-004    1.33555109907747444897E-004    1.54120529082786122390E-004    1.74050423446724003389E-004    1.93343864356273765744E-004    2.11882284182346073515E-004    2.29829521307648332751E-004    2.47197532583139209430E-004    2.63971039851849844770E-004    2.80075008604402906926E-004    2.95641900987650885126E-004    3.10683788064089537288E-004    3.25212592140491224546E-004    3.39240085767949204904E-004    3.52777221852131528303E-004    3.65739595031877302682E-004    3.78215613248401221012E-004    3.90239510997700278245E-004    4.01822235829302784691E-004    4.12974586770142762342E-004    4.23707215866018366279E-004    4.34030630135301322831E-004    4.43955193935372590276E-004    4.53491131739270410955E-004    4.62648531311446627179E-004    4.71437347266559318975E-004    4.79867404987408224630E-004    4.87941121950585788257E-004    4.95606935249272013803E-004    5.02945423400870004690E-004    5.09965870312618983588E-004    5.16677454954859267586E-004    5.23089256509508639982E-004    5.29210259516456403388E-004    5.35049358942728519456E-004    5.40615365096467422219E-004    5.45917008303994791621E-004    5.50962943267259549693E-004    5.55761753018541720950E-004    5.60321952390131186768E-004    6.02596884023402822386E-004    7.26044106856865603498E-004    9.84960323733948071162E-004    1.48335964233744350103E-003    2.44179867788247781379E-003    4.34841096414190827341E-003    8.77788033268623105188E-003
   6.89105949429628201683E-004    6.89831750094625100779E-004    6.90546245599112876873E-004    6.91250729683111700408E-004    6.91946406203890218047E-004    6.92634390675311460359E-004    6.93315712029536363598E-004    6.93991314589809745079E-004    6.94662060242043528924E-004    6.95328730791421132512E-004    6.95992030489496114019E-004    6.96652588716140694185E-004    6.97310962800174686388E-004    6.97967640961866231906E-004    6.98623045360051539605E-004    6.99277535226530515267E-004    6.99931410070131162539E-004    7.00584912933168595973E-004    7.01238233682949913504E-004    7.01891512321551128140E-004    7.02544842297600741036E-004    7.03198273804185309925E-004    7.03851817048057378651E-004    7.04505445475792448952E-004    7.05159098943710011854E-004    7.05812686819235163109E-004    7.06466091002411005449E-004    7.07119168857288696826E-004    7.07771756044264679746E-004    7.08423669245183810529E-004    7.09074708774538485165E-004    7.09724661070963388533E-004    7.10373301064496937701E-004    7.11020394415992629256E-004    7.11665699626369205322E-004    7.12308970014124617776E-004    7.12949955560703311705E-004    7.13588404624071036969E-004    7.14224065521801591491E-004    7.14856687985603207747E-004    7.15486024490053309534E-004    7.16111831458862333442E-004    7.16733870352509135938E-004    7.17351908641627078640E-004    7.17965720670841241885E-004    7.18575088418188620727E-004    7.19179802155381635471E-004    7.19779661014413704896E-004    7.37630166176006735537E-004    8.17870834407872929553E-004    1.01159561381826152565E-003    1.39756902373116068117E-003    2.13492664136408346817E-003    3.56717658204228982646E-003    6.49913606145214976795E-003    1.37585493804186914657E-002
   1.41288592364400877920E-004    1.61291986796814520435E-004    1.80696704014602900577E-004    1.99465763047039631659E-004    2.17555182476752268471E-004    2.35086453374805653006E-004    2.52070377951673122666E-004    2.68461588691160601104E-004    2.84247151109506476785E-004    2.99524143408414931719E-004    3.14303592829290692236E-004    3.28596396959401990806E-004    3.42413247736270262220E-004    3.55753262806454055665E-004    3.68533046409934316508E-004    3.80871912848714986276E-004    3.92780038374162426048E-004    4.04267468386554351938E-004    4.15344118313033252524E-004    4.26019774818798613921E-004    4.36304097357874843145E-004    4.46206620065139685730E-004    4.55736753987920914857E-004    4.64903789649150447384E-004    4.73716899930872337859E-004    4.82185143259939385206E-004    4.90248522817843365891E-004    4.97978824091970494192E-004    5.05393338621728345147E-004    5.12500640747034792027E-004    5.19309210369085783032E-004    5.25827437251388612148E-004    5.32063625347274117561E-004    5.38025997096267449490E-004    5.43722697627802269843E-004    5.49161798808195204813E-004    5.54351303065562790555E-004    5.59299146925711586874E-004    5.64013204192895267232E-004    5.68501288709966534803E-004    5.72771156634739272463E-004    5.76830508172950732343E-004    5.80686988712149116006E-004    5.84348189306454026716E-004    5.87821646468569955143E-004    5.91114841232891078185E-004    5.94235197461447182260E-004    5.97190079374185982079E-004    5.99986788293950567066E-004    6.45007940136661187674E-004    7.77932107820409127208E-004    1.05673257622211223990E-003    1.59628500237234409627E-003    2.64065058592711674954E-003    4.74073684019608952017E-003    9.78926729602409145814E-003
   8.40119040640070367451E-004    8.40286728451851991709E-004    8.40452814566083417427E-004    8.40617345612837602899E-004    8.40780367676190881765E-004    8.40941926281596127679E-004    8.41102066384280164756E-004    8.41260832358639945062E-004    8.41418267988620362761E-004    8.41574416459025674737E-004    8.41729320347768430848E-004    8.41883021618996716350E-004    8.42035561617100682293E-004    8.42186981061541551676E-004    8.42337320042504402416E-004    8.42486618017321059124E-004    8.42634913807651275870E-004    8.42782245597386539711E-004    8.42928650931250257258E-004    8.43074166714063207712E-004    8.43218829210654096176E-004    8.43362674046379862287E-004    8.43505736208229398021E-004    8.43648050046490833795E-004    8.43789649276943578421E-004    8.43930566983563620366E-004    8.44070835621703601144E-004    8.44210487021728578881E-004    8.44349552393085147489E-004    8.44488062328772578005E-004    8.44626046810197225398E-004    8.44763535212391227305E-004    8.44900556309559932870E-004    8.45037138280953724866E-004    8.45173308717027914339E-004    8.45309094625877155242E-004    8.45444522439928441288E-004    8.45579618022859074745E-004    8.45714406676742426125E-004    8.45848913149382236609E-004    8.45983161641827873835E-004    8.46117175816063276858E-004    8.46250978802830667452E-004    8.46384593209590328777E-004    8.46518041128603007314E-004    8.46651344145111194039E-004    8.46784523345605840729E-004    8.46917599326174391425E-004    8.85163376166418444137E-004    1.00782721527801284907E-003    1.26486986179492823419E-003    1.73953367000685135343E-003    2.59185406575377025665E-003    4.14159532026892127782E-003    7.06401872838372836549E-003    1.33104098983719259380E-002
   3.86409435634176132070E-004    3.98123283533430413674E-004    4.09445029990260526628E-004    4.20383429934062611416E-004    4.30947132263620295844E-004    4.41144680978859541134E-004    4.50984516572409174090E-004    4.60474977680000051219E-004    4.69624302985055747453E-004    4.78440633369250824941E-004    4.86854419532617465390E-004    4.94952678290892420475E-004    5.02744231289240753498E-004    5.10236798681238615943E-004    5.17438017165027484834E-004    5.24355443215494907566E-004    5.30996556398731067022E-004    5.37368762731231888220E-004    5.43479398042918645031E-004    5.49335731301374137307E-004    5.54944967851132169891E-004    5.60314252521921032923E-004    5.65450672557026891296E-004    5.70361260313701173667E-004    5.75052995686954268595E-004    5.79532808209632147554E-004    5.83807578782329886398E-004    5.87884140990290512269E-004    5.91769281966029537037E-004    5.95469742761439756532E-004    5.98992218196863694495E-004    6.02343356159646889370E-004    6.05529756331034635201E-004    6.08557968325679969450E-004    6.11434489235295614007E-004    6.14165760574786486446E-004    6.16758164636806703075E-004    6.19218020267934513186E-004    6.21551578087662401177E-004    6.23765015178830064396E-004    6.25864429285603982196E-004    6.27855832562634582142E-004    6.29745144925547388481E-004    6.31538187059720859326E-004    6.33240673149687224863E-004    6.34858203397226333702E-004    6.36396256399961168793E-004    6.37860181466317743143E-004    6.39255190944873984658E-004    6.87760856907049917229E-004    8.31402584311638319370E-004    1.13346559605642422004E-003    1.72065958441921661344E-003    2.86566687690947971209E-003    5.19825306234165257502E-003    1.10320545372162587966E-002
   0.00000000000000000000E+000    0.00000000000000000000E+000    0.00000000000000000000E+000    0.00000000000000000000E+000    0.00000000000000000000E+000    0.00000000000000000000E+000    0.00000000000000000000E+000    0.00000000000000000000E+000    0.00000000000000000000E+000    0.00000000000000000000E+000    0.00000000000000000000E+000    0.00000000000000000000E+000    0.00000000000000000000E+000    0.00000000000000000000E+000    0.00000000000000000000E+000    0.00000000000000000000E+000    0.00000000000000000000E+000    0.00000000000000000000E+000    0.00000000000000000000E+000    0.00000000000000000000E+000    0.00000000000000000000E+000    0.00000000000000000000E+000    0.00000000000000000000E+000    0.00000000000000000000E+000    0.00000000000000000000E+000    0.00000000000000000000E+000    0.00000000000000000000E+000    0.00000000000000000000E+000    7.08710113655163377843E-006    3.28162270091289482539E-005    5.77344168919283000883E-005    8.18578419454884517259E-005    1.05202626277477414890E-004    1.27720879939208524154E-004    1.49388148961185373599E-004    1.70329389144799380265E-004    1.90535800404067979987E-004    2.09902527518621189384E-004    2.28597897839429438057E-004    2.46636853264957714698E-004    2.63992622317080899430E-004    2.80612471160447912808E-004    2.96627653063041949073E-004    3.12053028510999729168E-004    3.26903252070694745265E-004    3.41192771339356680504E-004    3.54935317790309762687E-004    3.68060177882604394606E-004    3.80629707295604684681E-004    4.14715149645142539588E-004    5.04693368625139596184E-004    6.90740215342649003204E-004    1.04410373085935871164E-003    1.70821258617704025209E-003    2.99180636362096109837E-003    5.83916485214021948463E-003
   7.66059779814747205187E-004    7.66513646426496665989E-004    7.66962625452000676743E-004    7.67406678202365351987E-004    7.67845770876751394091E-004    7.68279874524854084449E-004    7.68708964996731502692E-004    7.69133022881221734869E-004    7.69552033434074689300E-004    7.69965986496948967023E-004    7.70374876408217693254E-004    7.70778701906577306396E-004    7.71177466028295332916E-004    7.71571175998919406985E-004    7.71959843120163325195E-004    7.72343482652679963474E-004    7.72722113695315524287E-004    7.73095759061426138041E-004    7.73464445152786559887E-004    7.73828201831546652091E-004    7.74187062290685270617E-004    7.74541062923357398126E-004    7.74890243191491117497E-004    7.75234645493969335914E-004    7.75574315034698535086E-004    7.75909299690850451717E-004    7.76239649881512610609E-004    7.76565418437012797842E-004    7.76886660469103306273E-004    7.77203433242235237899E-004    7.77515796046081265024E-004    7.77823810069516318084E-004    7.78127538276176112901E-004    7.78427045281776205411E-004    7.78722397233329159151E-004    7.79013661690371389881E-004    7.79300907508351041984E-004    7.79584204724274257986E-004    7.79863624444721839288E-004    7.80139238736343200442E-004    7.80411120518912293162E-004    7.80679343461033754120E-004    7.80943981878585145352E-004    7.81205110635955352061E-004    7.81462805050152755151E-004    7.81717140797837713867E-004    7.81968193825330749706E-004    7.82216040261632101875E-004    8.10932284571406797498E-004    9.13390697942443132752E-004    1.14053090874292363532E-003    1.57539237155349966767E-003    2.38208037775191781502E-003    3.90372042379930018693E-003    6.91064669672606171624E-003    1.38224411425496886141E-002
   0.00000000000000000000E+000    0.00000000000000000000E+000    0.00000000000000000000E+000    0.00000000000000000000E+000    0.00000000000000000000E+000    0.00000000000000000000E+000    0.00000000000000000000E+000    0.00000000000000000000E+000    0.00000000000000000000E+000    0.00000000000000000000E+000    0.00000000000000000000E+000    0.00000000000000000000E+000    0.00000000000000000000E+000    0.00000000000000000000E+000    0.00000000000000000000E+000    0.00000000000000000000E+000    0.00000000000000000000E+000    0.00000000000000000000E+000    0.00000000000000000000E+000    0.00000000000000000000E+000    0.00000000000000000000E+000    0.00000000000000000000E+000    0.00000000000000000000E+000    0.00000000000000000000E+000    0.00000000000000000000E+000    0.00000000000000000000E+000    0.00000000000000000000E+000    0.00000000000000000000E+000    0.00000000000000000000E+000    0.00000000000000000000E+000    0.00000000000000000000E+000    0.00000000000000000000E+000    0.00000000000000000000E+000    0.00000000000000000000E+000    0.00000000000000000000E+000    0.00000000000000000000E+000    0.00000000000000000000E+000    0.00000000000000000000E+000    0.00000000000000000000E+000    0.00000000000000000000E+000    0.00000000000000000000E+000    0.00000000000000000000E+000    0.00000000000000000000E+000    0.00000000000000000000E+000    0.00000000000000000000E+000    0.00000000000000000000E+000    0.00000000000000000000E+000    0.00000000000000000000E+000    0.00000000000000000000E+000    0.00000000000000000000E+000    0.00000000000000000000E+000    0.00000000000000000000E+000    0.00000000000000000000E+000    0.00000000000000000000E+000    1.65682382857585156974E-004    1.30634955998693469588E-003
   0.00000000000000000000E+000    0.00000000000000000000E+000    0.00000000000000000000E+000    0.00000000000000000000E+000    0.00000000000000000000E+000    0.00000000000000000000E+000    0.00000000000000000000E+000    0.00000000000000000000E+000    0.00000000000000000000E+000    0.00000000000000000000E+000    0.00000000000000000000E+000    0.00000000000000000000E+000    0.00000000000000000000E+000    0.00000000000000000000E+000    0.00000000000000000000E+000    0.00000000000000000000E+000    0.00000000000000000000E+000    0.00000000000000000000E+000    0.00000000000000000000E+000    0.00000000000000000000E+000    0.00000000000000000000E+000    0.00000000000000000000E+000    0.00000000000000000000E+000    0.00000000000000000000E+000    0.00000000000000000000E+000    0.00000000000000000000E+000    0.00000000000000000000E+000    0.00000000000000000000E+000    0.00000000000000000000E+000    0.00000000000000000000E+000    0.00000000000000000000E+000    0.00000000000000000000E+000    0.00000000000000000000E+000    0.00000000000000000000E+000    0.00000000000000000000E+000    0.00000000000000000000E+000    0.00000000000000000000E+000    0.00000000000000000000E+000    0.00000000000000000000E+000    0.00000000000000000000E+000    0.00000000000000000000E+000    0.00000000000000000000E+000    0.00000000000000000000E+000    0.00000000000000000000E+000    0.00000000000000000000E+000    0.00000000000000000000E+000    0.00000000000000000000E+000    0.00000000000000000000E+000    0.00000000000000000000E+000    0.00000000000000000000E+000    0.00000000000000000000E+000    0.00000000000000000000E+000    0.00000000000000000000E+000    0.00000000000000000000E+000    0.00000000000000000000E+000    0.00000000000000000000E+000
   4.32441043987927058959E-004    4.42612554968200026719E-004    4.52432421168279025239E-004    4.61908723057723039681E-004    4.71049445943338865143E-004    4.79841871346164061066E-004    4.88256841929011488855E-004    4.96362074527135089391E-004    5.04165141966011099046E-004    5.11673534353735662457E-004    5.18894661986501527264E-004    5.25835858366159396814E-004    5.32504383298817323723E-004    5.38907426039930042075E-004    5.45052108448936217626E-004    5.50945488114076994089E-004    5.56594561405662291778E-004    5.62006266414763499574E-004    5.67187485733209218082E-004    5.72145049029970220039E-004    5.76885735379547041554E-004    5.81416275297857391285E-004    5.85743352443581378336E-004    5.89873604943441350382E-004    5.93813626304005729231E-004    5.97569965874539363489E-004    6.01149128830205767456E-004    6.04557575648939247645E-004    6.07801721060638867715E-004    6.10887932452503510175E-004    6.13822527720686355809E-004    6.16611772564650256062E-004    6.19261877227087267905E-004    6.21778992689538123617E-004    6.24169206340373220777E-004    6.26438537139121804503E-004    6.28592930307876282016E-004    6.30638251587301652996E-004    6.32580281101122947167E-004    6.34424706879291181241E-004    6.36177118095037036176E-004    6.37842998076701916087E-004    6.39427717158985329735E-004    6.40936525442107728895E-004    6.42374545530095841274E-004    6.43746765321144727434E-004    6.45058030924408653053E-004    6.46304572951317138699E-004    6.47493037879115712965E-004    6.96840594431695058847E-004    8.42970018913711594856E-004    1.15042094176754533009E-003    1.74851599259955611636E-003    2.91650873541577726825E-003    5.30239173109769458547E-003    1.13131167389545778806E-002
   0.00000000000000000000E+000    0.00000000000000000000E+000    0.00000000000000000000E+000    0.00000000000000000000E+000    0.00000000000000000000E+000    0.00000000000000000000E+000    0.00000000000000000000E+000    0.00000000000000000000E+000    0.00000000000000000000E+000    0.00000000000000000000E+000    0.00000000000000000000E+000    0.00000000000000000000E+000    0.00000000000000000000E+000    0.00000000000000000000E+000    0.00000000000000000000E+000    0.00000000000000000000E+000    0.00000000000000000000E+000    0.00000000000000000000E+000    0.00000000000000000000E+000    0.00000000000000000000E+000    0.00000000000000000000E+000    0.00000000000000000000E+000    0.00000000000000000000E+000    0.00000000000000000000E+000    0.00000000000000000000E+000    0.00000000000000000000E+000    0.00000000000000000000E+000    0.00000000000000000000E+000    0.00000000000000000000E+000    0.00000000000000000000E+000    0.00000000000000000000E+000    0.00000000000000000000E+000    0.00000000000000000000E+000    0.00000000000000000000E+000    0.00000000000000000000E+000    0.00000000000000000000E+000    0.00000000000000000000E+000    0.00000000000000000000E+000    0.00000000000000000000E+000    0.00000000000000000000E+000    0.00000000000000000000E+000    0.00000000000000000000E+000    0.00000000000000000000E+000    0.00000000000000000000E+000    0.00000000000000000000E+000    0.00000000000000000000E+000    0.00000000000000000000E+000    0.00000000000000000000E+000    0.00000000000000000000E+000    0.00000000000000000000E+000    0.00000000000000000000E+000    0.00000000000000000000E+000    0.00000000000000000000E+000    0.00000000000000000000E+000    0.00000000000000000000E+000    0.00000000000000000000E+000
   7.08707620555294368590E-004    7.09340560088882209934E-004    7.09972257064795135226E-004    7.10602931585763999099E-004    7.11232759270431585084E-004    7.11861873969395382578E-004    7.12490370476953779021E-004    7.13118307226858318473E-004    7.13745708961004599220E-004    7.14372569360534424160E-004    7.14998853629554521547E-004    7.15624501022378198788E-004    7.16249427305986458535E-004    7.16873527150139544864E-004    7.17496676438459041539E-004    7.18118734494572271039E-004    7.18739546218224003085E-004    7.19358944127157875527E-004    7.19976750301310440550E-004    7.20592778226631942157E-004    7.21206834536718545230E-004    7.21818720651100690332E-004    7.22428234309676698191E-004    7.23035171003601272004E-004    7.23639325303395645334E-004    7.24240492085655011324E-004    7.24838467660369524005E-004    7.25433050801089292399E-004    7.26024043680857460691E-004    7.26611252716983352894E-004    7.27194489328119924795E-004    7.27773570607427003516E-004    7.28348319915642886287E-004    7.28918567398214407513E-004    7.29484150430646750493E-004    7.30044913996321449996E-004    7.30600711001052499118E-004    7.31151402528680289389E-004    7.31696858041868563628E-004    7.32236955532278776734E-004    7.32771581624148266032E-004    7.33300631635151614965E-004    7.33824009598333737783E-004    7.34341628248682903000E-004    7.34853408977757197734E-004    7.35359281759598174336E-004    7.35859185050949013950E-004    7.36353065668631369227E-004    7.57370704711376107818E-004    8.43964033853620968807E-004    1.04714986563387299837E-003    1.44756366244843054716E-003    2.20706618442993501503E-003    3.67295413136626419659E-003    6.65228504545000137033E-003    1.38896820777762303178E-002
   6.78121766177174610003E-004    6.79000724639086607366E-004    6.79854477635258519844E-004    6.80685176336896682718E-004    6.81494870442187015286E-004    6.82285507680135592211E-004    6.83058933601000278259E-004    6.83816891656275466747E-004    6.84561023569455829110E-004    6.85292869995872107672E-004    6.86013871468234130192E-004    6.86725369621980492700E-004    6.87428608692837797567E-004    6.88124737276710088212E-004    6.88814810340349667310E-004    6.89499791469591572987E-004    6.90180555340424235940E-004    6.90857890396590567338E-004    6.91532501716551352942E-004    6.92205014051486310425E-004    6.92875975015157176580E-004    6.93545858405979274812E-004    6.94215067641232872267E-004    6.94883939282995872350E-004    6.95552746635559691196E-004    6.96221703394131149513E-004    6.96890967324914753153E-004    6.97560643957313209797E-004    6.98230790269551392091E-004    6.98901418349760143560E-004    6.99572499015619492235E-004    7.00243965376547172243E-004    7.00915716323596447654E-004    7.01587619933424517377E-004    7.02259516773981462556E-004    7.02931223100707676561E-004    7.03602533933643829386E-004    7.04273226006891313496E-004    7.04943060583445245924E-004    7.05611786129621662740E-004    7.06279140844701005912E-004    7.06944855042468509217E-004    7.07608653382891714632E-004    7.08270256952954458361E-004    7.08929385197035037171E-004    7.09585757698031152109E-004    7.10239095811505635227E-004    7.10889124155884822263E-004    7.26867861498113479804E-004    8.03476480566193301293E-004    9.91795528440762028458E-004    1.36937790615477032394E-003    2.09330420180921282849E-003    3.50349983969139213563E-003    6.39901686088127294449E-003    1.36373892687429547343E-002
   0.00000000000000000000E+000    0.00000000000000000000E+000    0.00000000000000000000E+000    0.00000000000000000000E+000    0.00000000000000000000E+000    0.00000000000000000000E+000    0.00000000000000000000E+000    0.00000000000000000000E+000    0.00000000000000000000E+000    0.00000000000000000000E+000    0.00000000000000000000E+000    0.00000000000000000000E+000    0.00000000000000000000E+000    0.00000000000000000000E+000    0.00000000000000000000E+000    0.00000000000000000000E+000    1.19334636409195842801E-005    3.68330320259442723176E-005    6.09795312663096786949E-005    8.43873021710394010395E-005    1.07070571603050228044E-004    1.28990002235131835315E-004    1.50104728468024480048E-004    1.70541923332109574430E-004    1.90310634297001030546E-004    2.09270848832420023082E-004    2.27602521288780947420E-004    2.45318959133179466219E-004    2.62411558837979356096E-004    2.78791074345688101675E-004    2.94601766792972129087E-004    3.09856965627588857876E-004    3.24569826762060860241E-004    3.38753331507973755483E-004    3.52419746154288666354E-004    3.65499520771452143970E-004    3.78051525008168791409E-004    3.90128208668393872995E-004    4.01741596012145508847E-004    4.12903539440037886752E-004    4.23625721604689695239E-004    4.33919658035410507613E-004    4.43796700275968605300E-004    4.53268039527373288455E-004    4.62344710779354160085E-004    4.71037597404634709574E-004    4.79357436180737549961E-004    4.87314822695211465140E-004    4.94900074592309700133E-004    5.33569049028646607766E-004    6.43561601337430872795E-004    8.73562356402899200039E-004    1.31339519426268685337E-003    2.15178413236399813588E-003    3.79737944901721927171E-003    7.48840212295618767174E-003
   7.66035508440779692660E-004    7.66489492080245663971E-004    7.66938588653864254489E-004    7.67382759365206287318E-004    7.67821970307651846185E-004    7.68256192427118440522E-004    7.68685401472098909365E-004    7.69109577932255462918E-004    7.69528706966721609724E-004    7.69942778323225661928E-004    7.70351786249029489920E-004    7.70755729394620686494E-004    7.71154610711053366268E-004    7.71548437341713780682E-004    7.71937220509265353309E-004    7.72320975398459543849E-004    7.72699721035411887793E-004    7.73073480163945052357E-004    7.73442279119485932327E-004    7.73806147701038287041E-004    7.74165119041616352387E-004    7.74519229477577228656E-004    7.74868518417193676354E-004    7.75213028208807976294E-004    7.75552804008860347494E-004    7.75887893650099077364E-004    7.76218347510180530988E-004    7.76544218380949388854E-004    7.76865561338571392752E-004    7.77182433614751161204E-004    7.77494894469205944688E-004    7.77803005063574972970E-004    7.78106828336920844889E-004    7.78406428882993722471E-004    7.78701872829366207457E-004    7.78993227718604457945E-004    7.79280562391583856915E-004    7.79563946873064158097E-004    7.79843452259634372509E-004    7.80119150610136141179E-004    7.80391114838643222898E-004    7.80659418610096409938E-004    7.80924136238670524822E-004    7.81185342588934863994E-004    7.81443112979891005634E-004    7.81697523091926470794E-004    7.81948648876744736337E-004    7.82196566470320280365E-004    8.10909728198616923042E-004    9.13361648027917146821E-004    1.14049217778683224279E-003    1.57534028562543990983E-003    2.38201155584809136367E-003    3.90363656090941943053E-003    6.91057429101685476852E-003    1.38225565694685172125E-002
   5.58729692729055321329E-004    5.64280700069452289917E-004    5.69609772907520971880E-004    5.74723039796112551529E-004    5.79626583889934201763E-004    5.84326444755907479373E-004    5.88828619962886482507E-004    5.93139066419642478276E-004    5.97263701430767748012E-004    6.01208403442823197116E-004    6.04979012454291893187E-004    6.08581330066241123038E-004    6.12021119153366021000E-004    6.15304103138387481833E-004    6.18435964857067042681E-004    6.21422345004342749353E-004    6.24268840157403480211E-004    6.26981000375444229647E-004    6.29564326380611547981E-004    6.32024266330331180308E-004    6.34366212194628761520E-004    6.36595495758716521835E-004    6.38694812410137515747E-004    6.40691779670676852046E-004    6.42592471045153176487E-004    6.44401894702790328795E-004    6.46124974618939463405E-004    6.47766545029062929158E-004    6.49331344766314951140E-004    6.50824011532177273617E-004    6.52249076152577010601E-004    6.53610956871879906702E-004    6.54913953738975730505E-004    6.56162243139214447323E-004    6.57359872525422944331E-004    6.58510755400385102386E-004    6.59618666600714025593E-004    6.60687237930479760208E-004    6.61719954189113421933E-004    6.62720149634987883147E-004    6.63691004922052456283E-004    6.64635544542280958837E-004    6.65556634801669328404E-004    6.66456982352685366015E-004    6.67339133300312060959E-004    6.68205472893289363460E-004    6.69058225806700855760E-004    6.69899457015739763915E-004    6.73021663966165352606E-004    7.27728284230444921396E-004    8.84444315003976100700E-004    1.21189072761918731347E-003    1.84884638368250169525E-003    3.09704183006303960038E-003    5.66546860845310897015E-003    1.22387534485258395178E-002
   0.00000000000000000000E+000    0.00000000000000000000E+000    0.00000000000000000000E+000    0.00000000000000000000E+000    0.00000000000000000000E+000    0.00000000000000000000E+000    0.00000000000000000000E+000    0.00000000000000000000E+000    0.00000000000000000000E+000    0.00000000000000000000E+000    0.00000000000000000000E+000    0.00000000000000000000E+000    0.00000000000000000000E+000    0.00000000000000000000E+000    0.00000000000000000000E+000    0.00000000000000000000E+000    0.00000000000000000000E+000    0.00000000000000000000E+000    0.00000000000000000000E+000    0.00000000000000000000E+000    0.00000000000000000000E+000    0.00000000000000000000E+000    0.00000000000000000000E+000    0.00000000000000000000E+000    0.00000000000000000000E+000    0.00000000000000000000E+000    0.00000000000000000000E+000    0.00000000000000000000E+000    0.00000000000000000000E+000    0.00000000000000000000E+000    0.00000000000000000000E+000    0.00000000000000000000E+000    0.00000000000000000000E+000    0.00000000000000000000E+000    0.00000000000000000000E+000    0.00000000000000000000E+000    0.00000000000000000000E+000    0.00000000000000000000E+000    0.00000000000000000000E+000    0.00000000000000000000E+000    0.00000000000000000000E+000    0.00000000000000000000E+000    0.00000000000000000000E+000    0.00000000000000000000E+000    0.00000000000000000000E+000    0.00000000000000000000E+000    0.00000000000000000000E+000    0.00000000000000000000E+000    0.00000000000000000000E+000    0.00000000000000000000E+000    0.00000000000000000000E+000    0.00000000000000000000E+000    0.00000000000000000000E+000    0.00000000000000000000E+000    0.00000000000000000000E+000    0.00000000000000000000E+000
   0.00000000000000000000E+000    0.00000000000000000000E+000    0.00000000000000000000E+000    0.00000000000000000000E+000    0.00000000000000000000E+000    0.00000000000000000000E+000    0.00000000000000000000E+000    0.00000000000000000000E+000    0.00000000000000000000E+000    0.00000000000000000000E+000    0.00000000000000000000E+000    0.00000000000000000000E+000    0.00000000000000000000E+000    0.00000000000000000000E+000    0.00000000000000000000E+000    0.00000000000000000000E+000    0.00000000000000000000E+000    0.00000000000000000000E+000    0.00000000000000000000E+000    0.00000000000000000000E+000    0.00000000000000000000E+000    0.00000000000000000000E+000    0.00000000000000000000E+000    0.00000000000000000000E+000    0.00000000000000000000E+000    0.00000000000000000000E+000    0.00000000000000000000E+000    0.00000000000000000000E+000    0.00000000000000000000E+000    0.00000000000000000000E+000    0.00000000000000000000E+000    0.00000000000000000000E+000    0.00000000000000000000E+000    0.00000000000000000000E+000    0.00000000000000000000E+000    0.00000000000000000000E+000    0.00000000000000000000E+000    0.00000000000000000000E+000    0.00000000000000000000E+000    0.00000000000000000000E+000    0.00000000000000000000E+000    0.00000000000000000000E+000    0.00000000000000000000E+000    0.00000000000000000000E+000    0.00000000000000000000E+000    0.00000000000000000000E+000    0.00000000000000000000E+000    0.00000000000000000000E+000    0.00000000000000000000E+000    0.00000000000000000000E+000    0.00000000000000000000E+000    0.00000000000000000000E+000    0.00000000000000000000E+000    0.00000000000000000000E+000    0.00000000000000000000E+000    0.00000000000000000000E+000
   6.96005210015102288371E-004    6.96680199855348610515E-004    6.97349366544128810609E-004    6.98013537392807702914E-004    6.98673464142648276143E-004    6.99329825342145266522E-004    6.99983228864726482986E-004    7.00634214552203369794E-004    7.01283256968410011710E-004    7.01930768247748426876E-004    7.02577101022463200442E-004    7.03222551413047475971E-004    7.03867362065852182097E-004    7.04511725222389849702E-004    7.05155785804951334983E-004    7.05799644503935473538E-004    7.06443360852463753466E-004    7.07086956274736912892E-004    7.07730417095288593526E-004    7.08373697497033426654E-004    7.09016722416915706230E-004    7.09659390368839863329E-004    7.10301576184661494044E-004    7.10943133664839626608E-004    7.11583898131380688731E-004    7.12223688876893463832E-004    7.12862311504326869559E-004    7.13499560153192310952E-004    7.14135219608861659783E-004    7.14769067292633135738E-004    7.15400875131000260447E-004    7.16030411303673398372E-004    7.16657441870392373715E-004    7.17281732277572298476E-004    7.17903048746486326971E-004    7.18521159545204807055E-004    7.19135836147210692933E-004    7.19746854280070352469E-004    7.20353994867966077563E-004    7.20957044872269680116E-004    7.21555798034694234437E-004    7.22150055527734932928E-004    7.22739626517332066531E-004    7.23324328642807536267E-004    7.23903988419217700456E-004    7.24478441567221235174E-004    7.25047533275609691443E-004    7.25611118401524833599E-004    7.44615487705774107066E-004    8.27143367477988378927E-004    1.02427660518640355723E-003    1.41549101791398177115E-003    2.16103440220160019497E-003    3.60615093997574982093E-003    6.55763830296645592460E-003    1.38175294451396337564E-002
   6.29978910351514987710E-004    6.32505418878370143793E-004    6.34915661645952113072E-004    6.37214371115471566245E-004    6.39406229693711448958E-004    6.41495866529687261588E-004    6.43487854065041440729E-004    6.45386704360249451214E-004    6.47196865220979987432E-004    6.48922716152204180802E-004    6.50568564169998284769E-004    6.52138639502720007975E-004    6.53637091216112127261E-004    6.55067982797411115480E-004    6.56435287735287228798E-004    6.57742885133559551658E-004    6.58994555396126427751E-004    6.60193976021667566258E-004    6.61344717545451240941E-004    6.62450239665181447000E-004    6.63513887586638317038E-004    6.64538888623029109538E-004    6.65528349080087401959E-004    6.66485251456846962068E-004    6.67412451988849599743E-004    6.68312678558179596583E-004    6.69188528991029396922E-004    6.70042469760263490960E-004    6.70876835106788780433E-004    6.71693826589952092294E-004    6.72495513072933807051E-004    6.73283831145823387365E-004    6.74060585984709846087E-004    6.74827452641602607356E-004    6.75585977756287966133E-004    6.76337581677607501546E-004    6.77083560978359992079E-004    6.77825091344961389549E-004    6.78563230820077218676E-004    6.79298923373884352972E-004    6.80033002777485624628E-004    6.80766196749948006121E-004    6.81499131348946274832E-004    6.82232335573794293829E-004    6.82966246148774343457E-004    6.83701212454185421052E-004    6.84437501572360772716E-004    6.85175303416184645205E-004    6.94355226469883335221E-004    7.58723779736445867912E-004    9.29061512534777545966E-004    1.27833001801322312246E-003    1.95434280275567180338E-003    3.27858507732777361768E-003    6.00989596098775152172E-003    1.29894779824255308248E-002
   8.34280838019454680336E-004    8.34461369192587517664E-004    8.34639997768763528332E-004    8.34816774594628182790E-004    8.34991750048360648409E-004    8.35164974019547961398E-004    8.35336495890286840835E-004    8.35506364517516614265E-004    8.35674628216530020544E-004    8.35841334745661564652E-004    8.36006531292117320564E-004    8.36170264458925040219E-004    8.36332580252971608849E-004    8.36493524074106813149E-004    8.36653140705273306796E-004    8.36811474303657569160E-004    8.36968568392798431370E-004    8.37124465855652736060E-004    8.37279208928571726939E-004    8.37432839196163773636E-004    8.37585397587013074164E-004    8.37736924370209991124E-004    8.37887459152694214284E-004    8.38037040877339842702E-004    8.38185707821781085351E-004    8.38333497597940741596E-004    8.38480447152223406018E-004    8.38626592766352147237E-004    8.38771970058820254615E-004    8.38916613986916853175E-004    8.39060558849316520495E-004    8.39203838289190838517E-004    8.39346485297813799456E-004    8.39488532218648272204E-004    8.39630010751865173829E-004    8.39770951959299574545E-004    8.39911386269779334547E-004    8.40051343484842752592E-004    8.40190852784790907781E-004    8.40329942735066346207E-004    8.40468641292933392635E-004    8.40606975814430488515E-004    8.40744973061590111091E-004    8.40882659209886266539E-004    8.41020059855904136142E-004    8.41157200025208023030E-004    8.41294104180388083863E-004    8.41430796229265354040E-004    8.78920688415388002938E-004    9.99973215920983270893E-004    1.25464325647828343728E-003    1.72623567130146321133E-003    2.57529027876257253157E-003    4.12382031495050257325E-003    7.05539014501623679143E-003    1.33573916500910397365E-002
   7.84531698093236524831E-004    7.84895483426145657534E-004    7.85254545985321827581E-004    7.85608912105325977483E-004    7.85958611038307095910E-004    7.86303674848803056674E-004    7.86644138307434920981E-004    7.86980038783768789251E-004    7.87311416138646393871E-004    7.87638312616225667873E-004    7.87960772735969163481E-004    7.88278843184796835716E-004    7.88592572709606045266E-004    7.88902012010331168783E-004    7.89207213633736021433E-004    7.89508231868074183274E-004    7.89805122638781160853E-004    7.90097943405333909273E-004    7.90386753059404024296E-004    7.90671611824418662552E-004    7.90952581156662655124E-004    7.91229723647999118145E-004    7.91503102930330749987E-004    7.91772783581882371243E-004    7.92038831035390467929E-004    7.92301311488284088803E-004    7.92560291814927353124E-004    7.92815839480989163063E-004    7.93068022460011244450E-004    7.93316909152221353373E-004    7.93562568305645533485E-004    7.93805068939574284652E-004    7.94044480270395978613E-004    7.94280871639869837965E-004    7.94514312445833816370E-004    7.94744872075388688118E-004    7.94972619840567237479E-004    7.95197624916508388759E-004    7.95419956282137794942E-004    7.95639682663360631176E-004    7.95856872478759112127E-004    7.96071593787788227975E-004    7.96283914241464278044E-004    7.96493901035513133906E-004    7.96701620865974328815E-004    7.96907139887218906454E-004    7.97110523672364549089E-004    7.97311837176042014982E-004    8.28377228789742509410E-004    9.35793528279415848421E-004    1.17030847391363262457E-003    1.61523986944191156288E-003    2.43423777472659072507E-003    3.96596092838548842235E-003    6.96024732436819650039E-003    1.37209029307712223472E-002
   0.00000000000000000000E+000    0.00000000000000000000E+000    0.00000000000000000000E+000    0.00000000000000000000E+000    0.00000000000000000000E+000    0.00000000000000000000E+000    0.00000000000000000000E+000    0.00000000000000000000E+000    0.00000000000000000000E+000    0.00000000000000000000E+000    0.00000000000000000000E+000    0.00000000000000000000E+000    0.00000000000000000000E+000    0.00000000000000000000E+000    0.00000000000000000000E+000    0.00000000000000000000E+000    0.00000000000000000000E+000    0.00000000000000000000E+000    0.00000000000000000000E+000    0.00000000000000000000E+000    0.00000000000000000000E+000    0.00000000000000000000E+000    0.00000000000000000000E+000    0.00000000000000000000E+000    0.00000000000000000000E+000    0.00000000000000000000E+000    0.00000000000000000000E+000    0.00000000000000000000E+000    0.00000000000000000000E+000    0.00000000000000000000E+000    0.00000000000000000000E+000    0.00000000000000000000E+000    0.00000000000000000000E+000    0.00000000000000000000E+000    0.00000000000000000000E+000    0.00000000000000000000E+000    0.00000000000000000000E+000    0.00000000000000000000E+000    0.00000000000000000000E+000    0.00000000000000000000E+000    0.00000000000000000000E+000    0.00000000000000000000E+000    0.00000000000000000000E+000    0.00000000000000000000E+000    0.00000000000000000000E+000    0.00000000000000000000E+000    0.00000000000000000000E+000    0.00000000000000000000E+000    0.00000000000000000000E+000    0.00000000000000000000E+000    0.00000000000000000000E+000    0.00000000000000000000E+000    0.00000000000000000000E+000    0.00000000000000000000E+000    0.00000000000000000000E+000    0.00000000000000000000E+000
   7.11800884446918652286E-004    7.12428284214497290795E-004    7.13054775190719307594E-004    7.13680480525525793786E-004    7.14305486015342052178E-004    7.14929842710044214683E-004    7.15553569490672350395E-004    7.16176655607915838009E-004    7.16799063172382424497E-004    7.17420729587883135477E-004    7.18041569920249873882E-004    7.18661479194529322079E-004    7.19280334614377098168E-004    7.19897997698262272215E-004    7.20514316327786779638E-004    7.21129126704288811803E-004    7.21742255210623836169E-004    7.22353520175792428171E-004    7.22962733540754784456E-004    7.23569702424563688387E-004    7.24174230590429409728E-004    7.24776119812219174650E-004    7.25375171142123150933E-004    7.25971186081089399182E-004    7.26563967653858140162E-004    7.27153321390987955608E-004    7.27739056220636469641E-004    7.28320985273107641272E-004    7.28898926601631645499E-004    7.29472703822838333156E-004    7.30042146680832926796E-004    7.30607091538690235806E-004    7.31167381801471312833E-004    7.31722868274773557452E-004    7.32273409462935861644E-004    7.32818871810982769809E-004    7.33359129894299468892E-004    7.33894066560030399957E-004    7.34423573023989476743E-004    7.34947548926870547308E-004    7.35465902353254433882E-004    7.35978549816896200977E-004    7.36485416215503841710E-004    7.36986434758086866002E-004    7.37481546867761045272E-004    7.37970702062702254946E-004    7.38453857817762161775E-004    7.38930979409078850587E-004    7.60414469618386334310E-004    8.47960118206678202871E-004    1.05256101839768683760E-003    1.45510444790590532348E-003    2.21776044523459272759E-003    3.68811333600392631318E-003    6.67267491566905963929E-003    1.39006807988408271487E-002
   4.27367070941608276531E-004    4.37709762263227737406E-004    4.47696267686036617015E-004    4.57334742903202275816E-004    4.66633247032371652804E-004    4.75599744521843263104E-004    4.84182148268860344711E-004    4.92431230827231015620E-004    5.00374066376992813858E-004    5.08018210158159050534E-004    5.15371135790630078947E-004    5.22440238267197088612E-004    5.29232837042353538443E-004    5.35756179184613623781E-004    5.42017442555270639697E-004    5.48023738975540828516E-004    5.53782117340598993398E-004    5.59299566637706888766E-004    5.64583018824510213425E-004    5.69639351522085784704E-004    5.74475390477923722118E-004    5.79097911753820217967E-004    5.83513643595002617741E-004    5.87729267938253883106E-004    5.91751421519439422571E-004    5.95586696543660043708E-004    5.99241640884797519863E-004    6.02722757785749060910E-004    6.06036505035401421027E-004    6.09189293603553793516E-004    6.12187485721250586150E-004    6.15037392399998589405E-004    6.17745270389828638954E-004    6.20317318583552663146E-004    6.22759673880905794199E-004    6.25078406533758094629E-004    6.27279515000596431078E-004    6.29368920345143678489E-004    6.31352460220932715576E-004    6.33235882489545202911E-004    6.35024838526567175605E-004    6.36724876274184152340E-004    6.38341433104050947310E-004    6.39879828558411866551E-004    6.41345257039936298381E-004    6.42742780523543116508E-004    6.44077321364652181229E-004    6.45353655278668660207E-004    6.46566136289203016209E-004    6.95814750585760431571E-004    8.41648798706185353319E-004    1.14848093333701239439E-003    1.74532632346118118591E-003    2.91068847108853084871E-003    5.29048139380808302157E-003    1.12811848904482564526E-002
   0.00000000000000000000E+000    0.00000000000000000000E+000    0.00000000000000000000E+000    0.00000000000000000000E+000    0.00000000000000000000E+000    0.00000000000000000000E+000    1.96109613338029340477E-005    4.37796704128086235151E-005    6.72408515884013449279E-005    9.00074526164517583994E-005    1.12092347176691526159E-004    1.33438130835837788371E-004    1.54041267676272529679E-004    1.74005483602950597943E-004    1.93328495743171925852E-004    2.11894408163512958402E-004    2.29866124886097947851E-004    2.47255711263045846373E-004    2.64046478605499022278E-004    2.80166236292958331557E-004    2.95746377115985842852E-004    3.10799075957551341771E-004    3.25336356885037110594E-004    3.39370092148409804780E-004    3.52911331392323382537E-004    3.65875277462800229181E-004    3.78351216485687689896E-004    3.90373198972689572795E-004    4.01952261266337953789E-004    4.13099289269004200150E-004    4.23825020034643284994E-004    4.34140043779816374881E-004    4.44054806316494896524E-004    4.53579611901652247387E-004    4.62724626493509817206E-004    4.71499881396801254207E-004    4.79915277272460229219E-004    4.87977405535378072100E-004    4.95626581362574604971E-004    5.02947560997893980232E-004    5.09949698306487821976E-004    5.16642241305888456383E-004    5.23034337407280629575E-004    5.29135038648488402989E-004    5.34953306842199448161E-004    5.40498018558250247455E-004    5.45777969857494989897E-004    5.50801880691653136454E-004    5.55578398884811397104E-004    5.97559644184897050846E-004    7.19956390849553679902E-004    9.76649715439352082355E-004    1.47047475605311295417E-003    2.41945299326211784099E-003    4.30511335278972642054E-003    8.67098492862165490247E-003
   0.00000000000000000000E+000    0.00000000000000000000E+000    0.00000000000000000000E+000    0.00000000000000000000E+000    0.00000000000000000000E+000    0.00000000000000000000E+000    0.00000000000000000000E+000    0.00000000000000000000E+000    0.00000000000000000000E+000    0.00000000000000000000E+000    0.00000000000000000000E+000    0.00000000000000000000E+000    0.00000000000000000000E+000    0.00000000000000000000E+000    5.25381907801474468139E-006    3.02636063417087567741E-005    5.45238010107203648026E-005    7.80486178891655416881E-005    1.00851974640953596994E-004    1.22943462474136682707E-004    1.44183167117547595456E-004    1.64747884960970362566E-004    1.84651297804226514638E-004    2.03788482758729091234E-004    2.22252356459771760249E-004    2.40102701473701024559E-004    2.57352384551399972126E-004    2.73891728638394260295E-004    2.89838722144945511779E-004    3.05231001250622535799E-004    3.20081575046534966972E-004    3.34403282421065907015E-004    3.48208486126135572693E-004    3.61462698827836258989E-004    3.74152814718526521062E-004    3.86367555213355470551E-004    3.98118823378283725242E-004    4.09418353722787377747E-004    4.20277714057238943775E-004    4.30708307844118818558E-004    4.40721377046629524989E-004    4.50328005468662254801E-004    4.59539122574453427934E-004    4.68365507765981326036E-004    4.76817795088319278541E-004    4.84906478323461848177E-004    4.92634897598809989860E-004    4.99953216655252253263E-004    5.06941385013762201885E-004    5.46211322979123811532E-004    6.58538667447409369407E-004    8.93680843729638993249E-004    1.34362077698280384802E-003    2.20267325957497310529E-003    3.89247637854966401991E-003    7.70034994799102985585E-003
   0.00000000000000000000E+000    0.00000000000000000000E+000    0.00000000000000000000E+000    0.00000000000000000000E+000    0.00000000000000000000E+000    0.00000000000000000000E+000    0.00000000000000000000E+000    0.00000000000000000000E+000    0.00000000000000000000E+000    0.00000000000000000000E+000    0.00000000000000000000E+000    0.00000000000000000000E+000    0.00000000000000000000E+000    0.00000000000000000000E+000    0.00000000000000000000E+000    0.00000000000000000000E+000    0.00000000000000000000E+000    0.00000000000000000000E+000    0.00000000000000000000E+000    0.00000000000000000000E+000    0.00000000000000000000E+000    0.00000000000000000000E+000    0.00000000000000000000E+000    0.00000000000000000000E+000    0.00000000000000000000E+000    0.00000000000000000000E+000    0.00000000000000000000E+000    0.00000000000000000000E+000    0.00000000000000000000E+000    0.00000000000000000000E+000    0.00000000000000000000E+000    0.00000000000000000000E+000    0.00000000000000000000E+000    0.00000000000000000000E+000    0.00000000000000000000E+000    0.00000000000000000000E+000    0.00000000000000000000E+000    0.00000000000000000000E+000    0.00000000000000000000E+000    0.00000000000000000000E+000    0.00000000000000000000E+000    0.00000000000000000000E+000    0.00000000000000000000E+000    0.00000000000000000000E+000    0.00000000000000000000E+000    0.00000000000000000000E+000    0.00000000000000000000E+000    5.66516474631705311887E-006    3.27549571089237644486E-005    6.13043520037942171090E-005    1.02367435473223146111E-004    1.73805828423757537842E-004    3.07029230531466099628E-004    5.63566076415882889761E-004    1.07900787713498258480E-003    2.60602670919139528180E-003
   6.23165893589574691400E-004    6.25980775672702006648E-004    6.28667425611504769763E-004    6.31230758925160765141E-004    6.33675646452435629291E-004    6.36006911674670484709E-004    6.38229327743624372075E-004    6.40347614229872462953E-004    6.42366433610243965299E-004    6.44290387516685352474E-004    6.46124012771650581277E-004    6.47871777237880234861E-004    6.49538075513697251741E-004    6.51127224506476060852E-004    6.52643458919993754881E-004    6.54090926692111793682E-004    6.55473684421255730834E-004    6.56795692820864645753E-004    6.58060812241571986558E-004    6.59272798300790624330E-004    6.60435297659329057646E-004    6.61551843983667264490E-004    6.62625854131525292637E-004    6.63660624596350170838E-004    6.64659328244768992169E-004    6.65625011378517253066E-004    6.66560591149150641517E-004    6.67468853351574462236E-004    6.68352450618309797299E-004    6.69213901033221766380E-004    6.70055587179628508489E-004    6.70879755633592140922E-004    6.71688516909413097129E-004    6.72483845859950853802E-004    6.73267582530831477580E-004    6.74041433463094634415E-004    6.74806973435215914567E-004    6.75565647631861266459E-004    6.76318774222737649666E-004    6.77067547332181585672E-004    6.77813040376584112316E-004    6.78556209744544296461E-004    6.79297898791855541897E-004    6.80038842121610397247E-004    6.80779670118161111050E-004    6.81520913702094908136E-004    6.82263009272730163238E-004    6.83006303804079657402E-004    6.91453484715631424076E-004    7.54595056440498807709E-004    9.23167420432496237462E-004    1.26963313261494879954E-003    1.94071679116805911706E-003    3.25561065052368779627E-003    5.96760664851372392425E-003    1.29053143867264644151E-002
   0.00000000000000000000E+000    0.00000000000000000000E+000    0.00000000000000000000E+000    0.00000000000000000000E+000    0.00000000000000000000E+000    0.00000000000000000000E+000    0.00000000000000000000E+000    0.00000000000000000000E+000    0.00000000000000000000E+000    0.00000000000000000000E+000    0.00000000000000000000E+000    0.00000000000000000000E+000    0.00000000000000000000E+000    0.00000000000000000000E+000    0.00000000000000000000E+000    2.45256831978119594392E-005    4.89701023866086928671E-005    7.26749264419439554340E-005    9.56541455595988007743E-005    1.17921918092588320286E-004    1.39361342230046828406E-004    1.60088523264729793577E-004    1.80150405907654183151E-004    1.99478941265394677917E-004    2.18091697425259263728E-004    2.36087189376751129021E-004    2.53478382711218525394E-004    2.70188360476150267898E-004    2.86267937454085864054E-004    3.01789177172913066285E-004    3.16765153828249990554E-004    3.31208771103811273721E-004    3.45132639249405364593E-004    3.58529819432511600349E-004    3.71330805956048492448E-004    3.83653202379601921974E-004    3.95508973421860839451E-004    4.06909914379907839722E-004    4.17867652887701735917E-004    4.28393651169692605760E-004    4.38499208793543182247E-004    4.48195465918738730846E-004    4.57493407030045849855E-004    4.66403865136649439533E-004    4.74937526408023599333E-004    4.83104935209629777603E-004    4.90916499491209665056E-004    4.98319231497981155084E-004    5.05377847855456412141E-004    5.44568358450558888569E-004    6.56589519888787142773E-004    8.91058247993002129628E-004    1.33967365879131728064E-003    2.19601257401346589004E-003    3.87999394599193320882E-003    7.67229158270054875657E-003
   6.10829958030872205953E-004    6.14198400500108490467E-004    6.17417289763871955481E-004    6.20491856316124378891E-004    6.23427291701449093862E-004    6.26226585194958589725E-004    6.28871201087793907890E-004    6.31392987541488730739E-004    6.33796924700591002115E-004    6.36087942482596005629E-004    6.38270917299267387043E-004    6.40350668488990758948E-004    6.42331954482475370530E-004    6.44219468726728132502E-004    6.46017835396391635130E-004    6.47731604923881842430E-004    6.49365249382818378841E-004    6.50923157761638254692E-004    6.52409631166139163463E-004    6.53828877991538591832E-004    6.55185009105847555172E-004    6.56482033086951588703E-004    6.57723851556282659674E-004    6.58914254651696892212E-004    6.60056916681703320128E-004    6.61155392001726511034E-004    6.62213111151759166971E-004    6.63233377292847840409E-004    6.64219362976923980747E-004    6.65174107282080827146E-004    6.66100513342004520168E-004    6.67001346294637353744E-004    6.67879231671463066862E-004    6.68736654244702971236E-004    6.69575957345509452032E-004    6.70399342661825037998E-004    6.71208870520261305370E-004    6.72006460651968233651E-004    6.72793893437934075775E-004    6.73572811625221127066E-004    6.74344722501110270182E-004    6.75111000508624007656E-004    6.75872890283196118937E-004    6.76631510086655768750E-004    6.77387855612016456276E-004    6.78142804129750701586E-004    6.78897118943842109440E-004    6.79651454124356258282E-004    6.86890302340607199032E-004    7.48045650395526631748E-004    9.13782295780025065855E-004    1.25573023128232904959E-003    1.91881265885354809937E-003    3.21836713638421444139E-003    5.89819868496852493800E-003    1.27620646816146710023E-002
   8.42813289939324593140E-004    8.42975616420489669636E-004    8.43136470710817735250E-004    8.43295897401437431068E-004    8.43453940516191813352E-004    8.43610643501948730301E-004    8.43766049219826048608E-004    8.43920199937324140398E-004    8.44073137321338200223E-004    8.44224902432003988274E-004    8.44375535717383396590E-004    8.44525077008933459759E-004    8.44673565517742655495E-004    8.44821039831514762619E-004    8.44967537912257342023E-004    8.45113097094658794438E-004    8.45257754085126239429E-004    8.45401544961449521141E-004    8.45544505173078547212E-004    8.45686669541968207529E-004    8.45828072263985560227E-004    8.45968746910837543149E-004    8.46108726432502188802E-004    8.46248043160136888263E-004    8.46386728809436056885E-004    8.46524814484419553529E-004    8.46662330681623989323E-004    8.46799307294676868209E-004    8.46935773619224502654E-004    8.47071758358209150885E-004    8.47207289627444309725E-004    8.47342394961506486031E-004    8.47477101319881105136E-004    8.47611435093379036142E-004    8.47745422110782751238E-004    8.47879087645715830666E-004    8.48012456423705780935E-004    8.48145552629438865232E-004    8.48278399914176263127E-004    8.48411021403324078563E-004    8.48543439704138114169E-004    8.48675676913553111991E-004    8.48807754626113367125E-004    8.48939693942005690029E-004    8.49071515475162408304E-004    8.49203239361441780501E-004    8.49334885266863270567E-004    8.49466472395881636720E-004    8.88060404240672814427E-004    1.01146686548300658755E-003    1.26960243273537844687E-003    1.74567685263934371971E-003    2.59948503245575933754E-003    4.14974016309025642985E-003    7.06786179753247749413E-003    1.32886210339756786342E-002
   0.00000000000000000000E+000    0.00000000000000000000E+000    0.00000000000000000000E+000    0.00000000000000000000E+000    0.00000000000000000000E+000    0.00000000000000000000E+000    0.00000000000000000000E+000    0.00000000000000000000E+000    0.00000000000000000000E+000    0.00000000000000000000E+000    0.00000000000000000000E+000    0.00000000000000000000E+000    0.00000000000000000000E+000    0.00000000000000000000E+000    0.00000000000000000000E+000    0.00000000000000000000E+000    0.00000000000000000000E+000    0.00000000000000000000E+000    0.00000000000000000000E+000    0.00000000000000000000E+000    0.00000000000000000000E+000    0.00000000000000000000E+000    0.00000000000000000000E+000    0.00000000000000000000E+000    0.00000000000000000000E+000    0.00000000000000000000E+000    0.00000000000000000000E+000    0.00000000000000000000E+000    0.00000000000000000000E+000    0.00000000000000000000E+000    0.00000000000000000000E+000    0.00000000000000000000E+000    0.00000000000000000000E+000    0.00000000000000000000E+000    0.00000000000000000000E+000    0.00000000000000000000E+000    0.00000000000000000000E+000    0.00000000000000000000E+000    0.00000000000000000000E+000    0.00000000000000000000E+000    0.00000000000000000000E+000    0.00000000000000000000E+000    0.00000000000000000000E+000    0.00000000000000000000E+000    0.00000000000000000000E+000    0.00000000000000000000E+000    0.00000000000000000000E+000    0.00000000000000000000E+000    0.00000000000000000000E+000    0.00000000000000000000E+000    0.00000000000000000000E+000    0.00000000000000000000E+000    0.00000000000000000000E+000    0.00000000000000000000E+000    0.00000000000000000000E+000    0.00000000000000000000E+000
   0.00000000000000000000E+000    0.00000000000000000000E+000    0.00000000000000000000E+000    0.00000000000000000000E+000    0.00000000000000000000E+000    0.00000000000000000000E+000    0.00000000000000000000E+000    0.00000000000000000000E+000    0.00000000000000000000E+000    0.00000000000000000000E+000    0.00000000000000000000E+000    0.00000000000000000000E+000    0.00000000000000000000E+000    0.00000000000000000000E+000    0.00000000000000000000E+000    0.00000000000000000000E+000    0.00000000000000000000E+000    0.00000000000000000000E+000    0.00000000000000000000E+000    0.00000000000000000000E+000    0.00000000000000000000E+000    0.00000000000000000000E+000    0.00000000000000000000E+000    0.00000000000000000000E+000    0.00000000000000000000E+000    0.00000000000000000000E+000    0.00000000000000000000E+000    0.00000000000000000000E+000    0.00000000000000000000E+000    0.00000000000000000000E+000    0.00000000000000000000E+000    0.00000000000000000000E+000    0.00000000000000000000E+000    0.00000000000000000000E+000    0.00000000000000000000E+000    0.00000000000000000000E+000    0.00000000000000000000E+000    0.00000000000000000000E+000    0.00000000000000000000E+000    0.00000000000000000000E+000    0.00000000000000000000E+000    0.00000000000000000000E+000    0.00000000000000000000E+000    0.00000000000000000000E+000    0.00000000000000000000E+000    0.00000000000000000000E+000    0.00000000000000000000E+000    0.00000000000000000000E+000    0.00000000000000000000E+000    0.00000000000000000000E+000    0.00000000000000000000E+000    0.00000000000000000000E+000    0.00000000000000000000E+000    0.00000000000000000000E+000    0.00000000000000000000E+000    0.00000000000000000000E+000
   0.00000000000000000000E+000    0.00000000000000000000E+000    0.00000000000000000000E+000    0.00000000000000000000E+000    0.00000000000000000000E+000    0.00000000000000000000E+000    0.00000000000000000000E+000    0.00000000000000000000E+000    0.00000000000000000000E+000    0.00000000000000000000E+000    0.00000000000000000000E+000    0.00000000000000000000E+000    0.00000000000000000000E+000    0.00000000000000000000E+000    0.00000000000000000000E+000    0.00000000000000000000E+000    0.00000000000000000000E+000    0.00000000000000000000E+000    0.00000000000000000000E+000    0.00000000000000000000E+000    0.00000000000000000000E+000    0.00000000000000000000E+000    0.00000000000000000000E+000    0.00000000000000000000E+000    0.00000000000000000000E+000    0.00000000000000000000E+000    0.00000000000000000000E+000    0.00000000000000000000E+000    0.00000000000000000000E+000    0.00000000000000000000E+000    0.00000000000000000000E+000    0.00000000000000000000E+000    0.00000000000000000000E+000    0.00000000000000000000E+000    0.00000000000000000000E+000    0.00000000000000000000E+000    0.00000000000000000000E+000    0.00000000000000000000E+000    0.00000000000000000000E+000    0.00000000000000000000E+000    0.00000000000000000000E+000    0.00000000000000000000E+000    0.00000000000000000000E+000    0.00000000000000000000E+000    0.00000000000000000000E+000    0.00000000000000000000E+000    0.00000000000000000000E+000    0.00000000000000000000E+000    0.00000000000000000000E+000    0.00000000000000000000E+000    0.00000000000000000000E+000    0.00000000000000000000E+000    0.00000000000000000000E+000    0.00000000000000000000E+000    0.00000000000000000000E+000    0.00000000000000000000E+000
   0.00000000000000000000E+000    0.00000000000000000000E+000    0.00000000000000000000E+000    0.00000000000000000000E+000    0.00000000000000000000E+000    0.00000000000000000000E+000    0.00000000000000000000E+000    0.00000000000000000000E+000    0.00000000000000000000E+000    0.00000000000000000000E+000    0.00000000000000000000E+000    0.00000000000000000000E+000    0.00000000000000000000E+000    0.00000000000000000000E+000    0.00000000000000000000E+000    0.00000000000000000000E+000    0.00000000000000000000E+000    0.00000000000000000000E+000    0.00000000000000000000E+000    0.00000000000000000000E+000    0.00000000000000000000E+000    0.00000000000000000000E+000    0.00000000000000000000E+000    0.00000000000000000000E+000    0.00000000000000000000E+000    0.00000000000000000000E+000    0.00000000000000000000E+000    0.00000000000000000000E+000    0.00000000000000000000E+000    0.00000000000000000000E+000    0.00000000000000000000E+000    0.00000000000000000000E+000    0.00000000000000000000E+000    0.00000000000000000000E+000    0.00000000000000000000E+000    0.00000000000000000000E+000    0.00000000000000000000E+000    0.00000000000000000000E+000    0.00000000000000000000E+000    0.00000000000000000000E+000    0.00000000000000000000E+000    0.00000000000000000000E+000    0.00000000000000000000E+000    0.00000000000000000000E+000    0.00000000000000000000E+000    0.00000000000000000000E+000    0.00000000000000000000E+000    0.00000000000000000000E+000    0.00000000000000000000E+000    0.00000000000000000000E+000    0.00000000000000000000E+000    0.00000000000000000000E+000    0.00000000000000000000E+000    0.00000000000000000000E+000    0.00000000000000000000E+000    0.00000000000000000000E+000
   0.00000000000000000000E+000    0.00000000000000000000E+000    0.00000000000000000000E+000    0.00000000000000000000E+000    0.00000000000000000000E+000    0.00000000000000000000E+000    0.00000000000000000000E+000    0.00000000000000000000E+000    0.00000000000000000000E+000    0.00000000000000000000E+000    0.00000000000000000000E+000    0.00000000000000000000E+000    0.00000000000000000000E+000    0.00000000000000000000E+000    0.00000000000000000000E+000    0.00000000000000000000E+000    0.00000000000000000000E+000    0.00000000000000000000E+000    0.00000000000000000000E+000    0.00000000000000000000E+000    0.00000000000000000000E+000    0.00000000000000000000E+000    0.00000000000000000000E+000    0.00000000000000000000E+000    0.00000000000000000000E+000    0.00000000000000000000E+000    0.00000000000000000000E+000    0.00000000000000000000E+000    0.00000000000000000000E+000    0.00000000000000000000E+000    0.00000000000000000000E+000    0.00000000000000000000E+000    0.00000000000000000000E+000    0.00000000000000000000E+000    0.00000000000000000000E+000    0.00000000000000000000E+000    0.00000000000000000000E+000    0.00000000000000000000E+000    0.00000000000000000000E+000    0.00000000000000000000E+000    0.00000000000000000000E+000    0.00000000000000000000E+000    0.00000000000000000000E+000    0.00000000000000000000E+000    0.00000000000000000000E+000    0.00000000000000000000E+000    0.00000000000000000000E+000    0.00000000000000000000E+000    0.00000000000000000000E+000    0.00000000000000000000E+000    0.00000000000000000000E+000    0.00000000000000000000E+000    0.00000000000000000000E+000    0.00000000000000000000E+000    0.00000000000000000000E+000    0.00000000000000000000E+000
   0.00000000000000000000E+000    0.00000000000000000000E+000    0.00000000000000000000E+000    0.00000000000000000000E+000    0.00000000000000000000E+000    0.00000000000000000000E+000    0.00000000000000000000E+000    0.00000000000000000000E+000    0.00000000000000000000E+000    0.00000000000000000000E+000    0.00000000000000000000E+000    0.00000000000000000000E+000    0.00000000000000000000E+000    0.00000000000000000000E+000    0.00000000000000000000E+000    0.00000000000000000000E+000    0.00000000000000000000E+000    0.00000000000000000000E+000    0.00000000000000000000E+000    0.00000000000000000000E+000    0.00000000000000000000E+000    0.00000000000000000000E+000    0.00000000000000000000E+000    0.00000000000000000000E+000    0.00000000000000000000E+000    0.00000000000000000000E+000    0.00000000000000000000E+000    0.00000000000000000000E+000    0.00000000000000000000E+000    0.00000000000000000000E+000    0.00000000000000000000E+000    0.00000000000000000000E+000    0.00000000000000000000E+000    0.00000000000000000000E+000    0.00000000000000000000E+000    0.00000000000000000000E+000    0.00000000000000000000E+000    0.00000000000000000000E+000    0.00000000000000000000E+000    0.00000000000000000000E+000    0.00000000000000000000E+000    0.00000000000000000000E+000    0.00000000000000000000E+000    0.00000000000000000000E+000    0.00000000000000000000E+000    0.00000000000000000000E+000    0.00000000000000000000E+000    0.00000000000000000000E+000    0.00000000000000000000E+000    0.00000000000000000000E+000    0.00000000000000000000E+000    1.89994251957372877219E-005    8.99063074179215525935E-005    2.34120088252066558231E-004    5.61159399302779519914E-004    1.85445511053946784918E-003
   0.00000000000000000000E+000    0.00000000000000000000E+000    0.00000000000000000000E+000    0.00000000000000000000E+000    0.00000000000000000000E+000    0.00000000000000000000E+000    0.00000000000000000000E+000    0.00000000000000000000E+000    0.00000000000000000000E+000    0.00000000000000000000E+000    0.00000000000000000000E+000    0.00000000000000000000E+000    0.00000000000000000000E+000    0.00000000000000000000E+000    0.00000000000000000000E+000    0.00000000000000000000E+000    1.87920964220799920736E-005    4.34711409656574591801E-005    6.74022041504294743908E-005    9.05995033579750974400E-005    1.13077301985352727978E-004    1.34752298064394780480E-004    1.55672556898194723802E-004    1.75920068251835318412E-004    1.95459732936373661730E-004    2.14241702651472349815E-004    2.32399622273088331823E-004    2.49946675800158260930E-004    2.66835037337264237116E-004    2.83055837549332073560E-004    2.98712156266357949097E-004    3.13817244926137836961E-004    3.28384181765897071280E-004    3.42425870852099134556E-004    3.55954281013190541958E-004    3.68868068375399098865E-004    3.81291228821919547885E-004    3.93242846482780273286E-004    4.04734872500240206328E-004    4.15779087270867905250E-004    4.26387102675775890148E-004    4.36570364821986425363E-004    4.46340157292805773080E-004    4.55707604897299641336E-004    4.64683677899967628906E-004    4.73279196703046869509E-004    4.81504836943743100026E-004    4.89371134960025632073E-004    4.96847020223709339576E-004    5.35611519654879421858E-004    6.45978048471410005657E-004    8.76803276944185467148E-004    1.31825611728344171091E-003    2.15995046352642936990E-003    3.81259829523813249461E-003    7.52204327177791783748E-003
   4.37734571484495150421E-004    4.47727173369197176730E-004    4.57372891745666944156E-004    4.66679728436379312722E-004    4.75655591634252397984E-004    4.84245869094187956268E-004    4.92506234731712342831E-004    5.00461213848046805770E-004    5.08118309567835236065E-004    5.15484944182100315348E-004    5.22568462087925379722E-004    5.29376132824846412639E-004    5.35915154175406146554E-004    5.42192655294604537730E-004    5.48215699830248773261E-004    5.53991288994470812250E-004    5.59526364543847984888E-004    5.64827811625549054339E-004    5.69902461444960753076E-004    5.74757093710551105088E-004    5.79398438812193244951E-004    5.83833179689553566014E-004    5.88067953349305158617E-004    5.92109351991929478559E-004    5.95963923711643117284E-004    5.99638172736594986939E-004    6.03138559180934220177E-004    6.06471498284158212072E-004    6.09643359119438820945E-004    6.12660462757451179314E-004    6.15529079878866401329E-004    6.18255427834749678867E-004    6.20845667161042092351E-004    6.23305897560049826205E-004    6.25642153368645838156E-004    6.27860398540140284170E-004    6.29966521173125413961E-004    6.31966327627411393261E-004    6.33865536273402912538E-004    6.35669770926625761660E-004    6.37384554025103417484E-004    6.39015299611204274852E-004    6.40567306183875760477E-004    6.42045749490485675309E-004    6.43455675329485500893E-004    6.44801992436933816416E-004    6.46082197136849025604E-004    6.47300306706454246439E-004    6.48469079093524848785E-004    6.97921345456684202001E-004    8.44362665489061837987E-004    1.15246657013714690586E-003    1.75187961207034885447E-003    2.92264531935343884958E-003    5.31494437005278208552E-003    1.13466993972313589384E-002
   0.00000000000000000000E+000    0.00000000000000000000E+000    0.00000000000000000000E+000    0.00000000000000000000E+000    0.00000000000000000000E+000    0.00000000000000000000E+000    0.00000000000000000000E+000    0.00000000000000000000E+000    0.00000000000000000000E+000    0.00000000000000000000E+000    0.00000000000000000000E+000    0.00000000000000000000E+000    0.00000000000000000000E+000    0.00000000000000000000E+000    0.00000000000000000000E+000    0.00000000000000000000E+000    0.00000000000000000000E+000    1.02745721183314631900E-005    3.52797864566273868805E-005    5.95264448727630301117E-005    8.30290541272544303309E-005    1.05801983188903554419E-004    1.27813320436850425205E-004    1.49007096151698844796E-004    1.69518643450590429439E-004    1.89362148710656277633E-004    2.08388550049500926231E-004    2.26780579861189250700E-004    2.44553316961870651023E-004    2.61703956455420247255E-004    2.78131318248155730982E-004    2.93986220722752724776E-004    3.09282126969027222271E-004    3.24032324015865438784E-004    3.38249921747279624733E-004    3.51947353612350687622E-004    3.65060753336526519746E-004    3.77637438000018635896E-004    3.89736076804126870855E-004    4.01368808851148152050E-004    4.12547598916136065185E-004    4.23284239603713668531E-004    4.33590354029397405822E-004    4.43477399024631488682E-004    4.52956668857902784199E-004    4.62039299454434311456E-004    4.70736273088245404245E-004    4.79058423510677190791E-004    4.87016441469001980496E-004    5.25373250194392316451E-004    6.33877038716709013608E-004    8.60592024892145070203E-004    1.29397154020220402949E-003    2.11921803649511462583E-003    3.73684339450060980584E-003    7.35561222825674432269E-003
   0.00000000000000000000E+000    0.00000000000000000000E+000    0.00000000000000000000E+000    0.00000000000000000000E+000    0.00000000000000000000E+000    0.00000000000000000000E+000    0.00000000000000000000E+000    0.00000000000000000000E+000    0.00000000000000000000E+000    0.00000000000000000000E+000    0.00000000000000000000E+000    0.00000000000000000000E+000    0.00000000000000000000E+000    0.00000000000000000000E+000    0.00000000000000000000E+000    0.00000000000000000000E+000    0.00000000000000000000E+000    0.00000000000000000000E+000    0.00000000000000000000E+000    0.00000000000000000000E+000    0.00000000000000000000E+000    0.00000000000000000000E+000    0.00000000000000000000E+000    0.00000000000000000000E+000    0.00000000000000000000E+000    0.00000000000000000000E+000    0.00000000000000000000E+000    0.00000000000000000000E+000    0.00000000000000000000E+000    0.00000000000000000000E+000    0.00000000000000000000E+000    0.00000000000000000000E+000    0.00000000000000000000E+000    0.00000000000000000000E+000    0.00000000000000000000E+000    0.00000000000000000000E+000    0.00000000000000000000E+000    0.00000000000000000000E+000    0.00000000000000000000E+000    0.00000000000000000000E+000    0.00000000000000000000E+000    0.00000000000000000000E+000    0.00000000000000000000E+000    0.00000000000000000000E+000    0.00000000000000000000E+000    0.00000000000000000000E+000    0.00000000000000000000E+000    0.00000000000000000000E+000    0.00000000000000000000E+000    0.00000000000000000000E+000    0.00000000000000000000E+000    0.00000000000000000000E+000    0.00000000000000000000E+000    0.00000000000000000000E+000    0.00000000000000000000E+000    9.07662035065391072618E-004
   0.00000000000000000000E+000    0.00000000000000000000E+000    0.00000000000000000000E+000    0.00000000000000000000E+000    0.00000000000000000000E+000    0.00000000000000000000E+000    0.00000000000000000000E+000    0.00000000000000000000E+000    0.00000000000000000000E+000    0.00000000000000000000E+000    0.00000000000000000000E+000    0.00000000000000000000E+000    0.00000000000000000000E+000    0.00000000000000000000E+000    0.00000000000000000000E+000    0.00000000000000000000E+000    0.00000000000000000000E+000    0.00000000000000000000E+000    0.00000000000000000000E+000    0.00000000000000000000E+000    0.00000000000000000000E+000    0.00000000000000000000E+000    0.00000000000000000000E+000    0.00000000000000000000E+000    0.00000000000000000000E+000    0.00000000000000000000E+000    0.00000000000000000000E+000    0.00000000000000000000E+000    0.00000000000000000000E+000    0.00000000000000000000E+000    0.00000000000000000000E+000    0.00000000000000000000E+000    1.81067627958664518573E-005    4.37059150472207709882E-005    6.84836594664498741732E-005    9.24566577748060829329E-005    1.15641808597026222636E-004    1.37906259580413781494E-004    1.59397031543702469986E-004    1.80154191740620637716E-004    2.00080298562477579011E-004    2.19251044206679039953E-004    2.37744246401027070062E-004    2.55575189061940221541E-004    2.72637944167481230395E-004    2.89041845950323977865E-004    3.04837063358559523778E-004    3.20038848302740038670E-004    3.34662235457468086597E-004    3.67439333399433173087E-004    4.50215430407986064859E-004    6.19654904943541516051E-004    9.41534017173115307664E-004    1.54313083650646628783E-003    2.70131209974870537330E-003    5.29710789142838998911E-003
   2.14206809461657711599E-004    2.31760668412332688582E-004    2.48775021929448615990E-004    2.65235998022881247407E-004    2.81066300442098129624E-004    2.96394582878983911447E-004    3.11231556706147681479E-004    3.25587810249242277927E-004    3.39473807859912504736E-004    3.52899143309200549485E-004    3.65771832310597699335E-004    3.78194872480531172655E-004    3.90191590672092256890E-004    4.01771763732105863416E-004    4.12945044398296248669E-004    4.23720962312597326533E-004    4.34108925350062632188E-004    4.44118221266332857764E-004    4.53758019663121731860E-004    4.63037374266849139411E-004    4.71965225511036085785E-004    4.80550403408194597155E-004    4.88735481602194554891E-004    4.96585915482473049497E-004    5.04122064959478194748E-004    5.11352290840090800000E-004    5.18284861889441584963E-004    5.24927958839998404228E-004    5.31289678449723269497E-004    5.37378037558148571005E-004    5.43200977084489031871E-004    5.48766365910399538629E-004    5.54082004587034973944E-004    5.59155628805639375555E-004    5.63994912569588534475E-004    5.68607471007581515010E-004    5.73000862767826741120E-004    5.77182591936358413594E-004    5.81160109425896782495E-004    5.84940813785813089505E-004    5.88532051389040167765E-004    5.91941115958735468959E-004    5.95175247403294011179E-004    5.98241629937506678646E-004    6.01147389475192124239E-004    6.03899590288252820051E-004    6.06505230936203016366E-004    6.08971239480631974447E-004    6.11304468008358860634E-004    6.57233612067173000697E-004    7.93153008005255096349E-004    1.07816905507645698255E-003    1.63065902924461412354E-003    2.70229371479393555566E-003    4.86491973664380464998E-003    1.01231550502562973881E-002
   7.28958671216793879614E-004    7.29555320322373013903E-004    7.30150237164417384786E-004    7.30743284577493683839E-004    7.31334317259634079239E-004    7.31923183224348228998E-004    7.32509725171567654609E-004    7.33093781776985252939E-004    7.33675188899843505955E-004    7.34253780709634776280E-004    7.34829390732618238473E-004    7.35401852819421745708E-004    7.35971002035360030887E-004    7.36536675475530093656E-004    7.37098713006732915443E-004    7.37656957938897205052E-004    7.38211257628583949683E-004    7.38761464017445449240E-004    7.39307434108704198718E-004    7.39849030384621790535E-004    7.40386121168272893361E-004    7.40918580932724800403E-004    7.41446290560901933447E-004    7.41969137559313207664E-004    7.42487016228827317876E-004    7.42999827795611401254E-004    7.43507480505250736326E-004    7.44009889683003061873E-004    7.44506977763032462211E-004    7.44998674289295485622E-004    7.45484915890739585978E-004    7.45965646233191651340E-004    7.46440815950308745458E-004    7.46910382555753720249E-004    7.47374310338595727009E-004    7.47832570243900634360E-004    7.48285139740175278024E-004    7.48732002675372943987E-004    7.49173149122880281496E-004    7.49608575218894458182E-004    7.50038282992417440487E-004    7.50462280189005920099E-004    7.50880580089312082634E-004    7.51293201323340693529E-004    7.51700167681274684060E-004    7.52101507921631865297E-004    7.52497255577436576293E-004    7.52887448761041500576E-004    7.76805887438676676178E-004    8.69337828470577488396E-004    1.08143482990494905691E-003    1.49505073464435201715E-003    2.27360589038325946673E-003    3.76500840058941214569E-003    6.76916896233066122529E-003    1.39238551296887117653E-002
   8.23584222419209929268E-004    8.23792969882570038677E-004    8.23999199893296965791E-004    8.24202969460153872169E-004    8.24404335406230285785E-004    8.24603354331092061082E-004    8.24800082574496384868E-004    8.24994576181642771430E-004    8.25186890869978695133E-004    8.25377081997541645932E-004    8.25565204532814080583E-004    8.25751313026107857870E-004    8.25935461582430344510E-004    8.26117703835835986460E-004    8.26298092925234722687E-004    8.26476681471634256303E-004    8.26653521556806858937E-004    8.26828664703326931922E-004    8.27002161855984420022E-004    8.27174063364527348621E-004    8.27344418967707029809E-004    8.27513277778598073386E-004    8.27680688271159700937E-004    8.27846698268007571628E-004    8.28011354929360666316E-004    8.28174704743132547059E-004    8.28336793516126768111E-004    8.28497666366307164952E-004    8.28657367716103881658E-004    8.28815941286724453679E-004    8.28973430093427878992E-004    8.29129876441725031586E-004    8.29285321924484600600E-004    8.29439807419884165066E-004    8.29593373090194586422E-004    8.29746058381347737117E-004    8.29897902023256665502E-004    8.30048942030855996244E-004    8.30199215705829823321E-004    8.30348759638982318078E-004    8.30497609713237716633E-004    8.30645801107211031317E-004    8.30793368299351329270E-004    8.30940345072591550306E-004    8.31086764519500418788E-004    8.31232659047894816180E-004    8.31378060386887352343E-004    8.31522999593336501097E-004    8.67624942851581639099E-004    9.85722496520465008008E-004    1.23603703698501351908E-003    1.70195768417570375726E-003    2.54488367997379467261E-003    4.09082889345866416997E-003    7.03843139876307588576E-003    1.34422091950819246747E-002
   0.00000000000000000000E+000    0.00000000000000000000E+000    0.00000000000000000000E+000    0.00000000000000000000E+000    0.00000000000000000000E+000    0.00000000000000000000E+000    0.00000000000000000000E+000    0.00000000000000000000E+000    0.00000000000000000000E+000    0.00000000000000000000E+000    0.00000000000000000000E+000    0.00000000000000000000E+000    0.00000000000000000000E+000    0.00000000000000000000E+000    0.00000000000000000000E+000    0.00000000000000000000E+000    0.00000000000000000000E+000    0.00000000000000000000E+000    0.00000000000000000000E+000    0.00000000000000000000E+000    0.00000000000000000000E+000    0.00000000000000000000E+000    0.00000000000000000000E+000    0.00000000000000000000E+000    0.00000000000000000000E+000    0.00000000000000000000E+000    0.00000000000000000000E+000    0.00000000000000000000E+000    0.00000000000000000000E+000    0.00000000000000000000E+000    0.00000000000000000000E+000    0.00000000000000000000E+000    0.00000000000000000000E+000    0.00000000000000000000E+000    0.00000000000000000000E+000    0.00000000000000000000E+000    0.00000000000000000000E+000    0.00000000000000000000E+000    0.00000000000000000000E+000    0.00000000000000000000E+000    0.00000000000000000000E+000    0.00000000000000000000E+000    0.00000000000000000000E+000    0.00000000000000000000E+000    0.00000000000000000000E+000    0.00000000000000000000E+000    0.00000000000000000000E+000    0.00000000000000000000E+000    0.00000000000000000000E+000    0.00000000000000000000E+000    0.00000000000000000000E+000    0.00000000000000000000E+000    0.00000000000000000000E+000    0.00000000000000000000E+000    0.00000000000000000000E+000    0.00000000000000000000E+000
   5.45535435360984663142E-004    5.51622283092282239721E-004    5.57471270836476105910E-004    5.63088732487373924002E-004    5.68480951138053739423E-004    5.73654161339555370043E-004    5.78614551203139202903E-004    5.83368264312097073096E-004    5.87921401409393284618E-004    5.92280021827862259050E-004    5.96450144631703420284E-004    6.00437749439164695706E-004    6.04248776899108785282E-004    6.07889128796426560924E-004    6.11364667764509794531E-004    6.14681216587072663804E-004    6.17844557074468791330E-004    6.20860428505123299742E-004    6.23734525626345212394E-004    6.26472496214036862240E-004    6.29079938195859487450E-004    6.31562396347139687509E-004    6.33925358574360118050E-004    6.36174251806095924014E-004    6.38314437516363810364E-004    6.40336607892438239992E-004    6.42253140432293687968E-004    6.44077377470218229334E-004    6.45814331225093448373E-004    6.47468922421846697877E-004    6.49045974431681832115E-004    6.50550207340803011806E-004    6.51986232001944472116E-004    6.53358544123903311508E-004    6.54671518455761294181E-004    6.55929403121926330421E-004    6.57136314163995604448E-004    6.58296230343985910513E-004    6.59412988261647492125E-004    6.60490277835869559094E-004    6.61531638197464418039E-004    6.62540454035991186604E-004    6.63519952440105300825E-004    6.64473200265203785969E-004    6.65403102057622619116E-004    6.66312398558798011511E-004    6.67203665807300245333E-004    6.68079314850402610805E-004    6.70332728723668585212E-004    7.23734573374148148182E-004    8.78657091266571259325E-004    1.20319367346020228947E-003    1.83482840931798027104E-003    3.07235181949587444691E-003    5.61701336458108203137E-003    1.21222149316339029151E-002
   1.87654843420854468023E-004    2.06101511067876018218E-004    2.23934179411632862909E-004    2.41218883063148991936E-004    2.57966070423587307166E-004    2.74084266985315000605E-004    2.89655141735599321994E-004    3.04726715062812519505E-004    3.19309757175455189923E-004    3.33414912300851430053E-004    3.47052330380865877487E-004    3.60180449643669557940E-004    3.72799044522448112544E-004    3.84984438175197893079E-004    3.96746574709228732886E-004    4.08095271484318128027E-004    4.19040220031445564183E-004    4.29590987293381745219E-004    4.39757017191155655592E-004    4.49547632517721153234E-004    4.58972037155579431090E-004    4.68039318609948221030E-004    4.76758450845392626419E-004    4.85111255606044343945E-004    4.93083957237702794757E-004    5.00737354408825651245E-004    5.08079938324542236885E-004    5.15120105116705583569E-004    5.21866159920545834468E-004    5.28326321019396472935E-004    5.34508724005297824848E-004    5.40421425899796571864E-004    5.46072409175892697908E-004    5.51469585620185118527E-004    5.56620799972345385934E-004    5.61533833278528662393E-004    5.66216405895675171933E-004    5.70676180084726748960E-004    5.74920762132976877028E-004    5.78957703949095256989E-004    5.82794504078567492458E-004    5.86438608092417889422E-004    5.89897408308583267277E-004    5.93178242811731961694E-004    5.96288393746142075975E-004    5.99235084863910757481E-004    6.02025478320805662591E-004    6.04666670721297309921E-004    6.07165688424613327404E-004    6.52754803080411380445E-004    7.87560736745604819155E-004    1.07027040257591998448E-003    1.61795675327585275656E-003    2.67945589270763293369E-003    4.81878032520222099322E-003    9.99851707229698800916E-003
   4.28565359744266982569E-004    4.38867651503365699059E-004    4.48814827845333750005E-004    4.58415026713600997927E-004    4.67676289804695147125E-004    4.76606564495954019515E-004    4.85144579583290556316E-004    4.93359705187596756654E-004    5.01269545839433156194E-004    5.08881641386581089204E-004    5.16203450481094068547E-004    5.23242353578390133849E-004    5.30005656029265367381E-004    5.36500591231005535646E-004    5.42734323801343497042E-004    5.48713952736271863390E-004    5.54446514510538663104E-004    5.59938986077848015015E-004    5.65198287726743084716E-004    5.70231285746932228808E-004    5.75044794861293787763E-004    5.79645580378647970292E-004    5.84040360023929910720E-004    5.88235805403935162715E-004    5.92238543069202919532E-004    5.96055155135731149982E-004    5.99692179433946519033E-004    6.03156109156670989721E-004    6.06453391982409600360E-004    6.09590428656410520704E-004    6.12573571017028628387E-004    6.15409119461724288258E-004    6.18103319853639614732E-004    6.20662359876105059441E-004    6.23092364850243553634E-004    6.25399393036922567925E-004    6.27589430452079807821E-004    6.29668385230995977277E-004    6.31642081583684979022E-004    6.33516253389829393262E-004    6.35296537487410736475E-004    6.36988466714712132065E-004    6.38597462769331832011E-004    6.40128828952412579772E-004    6.41587742868760533069E-004    6.42979249156087808575E-004    6.44308252317623729108E-004    6.45579509733048271559E-004    6.46784297446232649131E-004    6.96056155204026190224E-004    8.41959651308299265350E-004    1.14893730761706273046E-003    1.74607664187188880815E-003    2.91205767410686669483E-003    5.29328365801074156999E-003    1.12887035562422421292E-002
   6.94215006076246690311E-004    6.94900557440486814006E-004    6.95579096533927758797E-004    6.96251563485800932865E-004    6.96918818782978738945E-004    6.97581645474673129118E-004    6.98240751540050714856E-004    6.98896772404543494515E-004    6.99550273589820133073E-004    7.00201753481916847228E-004    7.00851646201593376541E-004    7.01500324560716276984E-004    7.02148103088433609385E-004    7.02795241110869533391E-004    7.03441945868280146467E-004    7.04088375653899112630E-004    7.04734642959162303072E-004    7.05380817610437821190E-004    7.06026929883180553137E-004    7.06672973579930852744E-004    7.07318909059682205363E-004    7.07964666206737400049E-004    7.08610147328225608264E-004    7.09255229970510514895E-004    7.09899769645563698782E-004    7.10543602459497766061E-004    7.11186547636585212999E-004    7.11828409932876667900E-004    7.12468981934883402798E-004    7.13108046239559765014E-004    7.13745377512862663218E-004    7.14380744425250203793E-004    7.15013911463107483188E-004    7.15644640616253926643E-004    7.16272692942238747849E-004    7.16897830008982202797E-004    7.17519815217966604008E-004    7.18138415010811091178E-004    7.18753399962537083308E-004    7.19364545765360102747E-004    7.19971634107263789952E-004    7.20574453449822046117E-004    7.21172799710198412018E-004    7.21766476852227722126E-004    7.22355297391825187242E-004    7.22939082821930220288E-004    7.23517663962281332851E-004    7.24090881239239066505E-004    7.42799194943719195104E-004    8.24736992675765981722E-004    1.02099086239816855097E-003    1.41085708254099569288E-003    2.15431037815280116560E-003    3.59618658207387469072E-003    6.54289751285617917492E-003    1.38035927237001379564E-002
   0.00000000000000000000E+000    0.00000000000000000000E+000    0.00000000000000000000E+000    0.00000000000000000000E+000    0.00000000000000000000E+000    0.00000000000000000000E+000    0.00000000000000000000E+000    0.00000000000000000000E+000    0.00000000000000000000E+000    0.00000000000000000000E+000    0.00000000000000000000E+000    0.00000000000000000000E+000    0.00000000000000000000E+000    0.00000000000000000000E+000    0.00000000000000000000E+000    0.00000000000000000000E+000    0.00000000000000000000E+000    0.00000000000000000000E+000    8.20520232049496091493E-006    3.33303054299072173136E-005    5.76909954354319301105E-005    8.13019553333701642346E-005    1.04177697360407229004E-004    1.26296329065546240238E-004    1.47581495172086421541E-004    1.68179420824317847095E-004    1.88104423042126747169E-004    2.07215941363348695814E-004    2.25679257968064802447E-004    2.43518917094286846013E-004    2.60740241494933507570E-004    2.77225344565117950112E-004    2.93134053866115251892E-004    3.08479972618952837191E-004    3.23276525395753920860E-004    3.37536957011548934861E-004    3.51273886561387219726E-004    3.64431036323966642439E-004    3.77040272149129602423E-004    3.89168484609245485077E-004    4.00827933531917651386E-004    4.12030701842561631210E-004    4.22788697761131214252E-004    4.33113657534123447715E-004    4.43017148702172188814E-004    4.52510573894868248657E-004    4.61605175135143715182E-004    4.70312038626570060994E-004    4.78642099986425703390E-004    5.16618755135746948216E-004    6.23647551492868259734E-004    8.46922650020001644387E-004    1.27355101069864915138E-003    2.08509030776967384246E-003    3.67366374105131815453E-003    7.21873301510444261714E-003
   8.01135465953881401556E-004    8.01424283061154718762E-004    8.01709185951656475369E-004    8.01990228620782499500E-004    8.02267466257951689795E-004    8.02540955162685839923E-004    8.02810752661925345133E-004    8.03076917028653974526E-004    8.03339507401927468283E-004    8.03598583708368843607E-004    8.03854206585214109762E-004    8.04106437304963252849E-004    8.04355337701705337163E-004    8.04600970099170090082E-004    8.04843397240554976439E-004    8.05082682220185550347E-004    8.05318888417031527455E-004    8.05552079430141678221E-004    8.05782319016008384202E-004    8.06009671027902081276E-004    8.06234199357202044323E-004    8.06455967876732403819E-004    8.06675040386133426762E-004    8.06891480559266652435E-004    8.07105351893674916562E-004    8.07316717662084144987E-004    8.07525640865958626267E-004    8.07732184191109221089E-004    8.07936409965326102385E-004    8.08138380118045350324E-004    8.08338156142023272870E-004    8.08535799057004574142E-004    8.08731369375354229752E-004    8.08924927069641142886E-004    8.09116531542130104637E-004    8.09306241596167638686E-004    8.09494115409416302269E-004    8.09680210508908603656E-004    8.09864583747878035401E-004    8.10047291284335456256E-004    8.10228388561341815802E-004    8.10407930288940358925E-004    8.10585970427697027375E-004    8.10762562173814255520E-004    8.10937757945756577602E-004    8.11111609372363651961E-004    8.11284167282374482806E-004    8.11455481695336710256E-004    8.44650441548375078074E-004    9.56574956117781376348E-004    1.19777067235642500388E-003    1.65166411179080898503E-003    2.48113927500395216319E-003    4.01993116505787190934E-003    6.99712374916797944652E-003    1.36105152235238748698E-002
   0.00000000000000000000E+000    0.00000000000000000000E+000    0.00000000000000000000E+000    0.00000000000000000000E+000    0.00000000000000000000E+000    0.00000000000000000000E+000    0.00000000000000000000E+000    0.00000000000000000000E+000    0.00000000000000000000E+000    0.00000000000000000000E+000    0.00000000000000000000E+000    0.00000000000000000000E+000    0.00000000000000000000E+000    0.00000000000000000000E+000    0.00000000000000000000E+000    0.00000000000000000000E+000    0.00000000000000000000E+000    0.00000000000000000000E+000    0.00000000000000000000E+000    0.00000000000000000000E+000    0.00000000000000000000E+000    0.00000000000000000000E+000    0.00000000000000000000E+000    0.00000000000000000000E+000    0.00000000000000000000E+000    0.00000000000000000000E+000    0.00000000000000000000E+000    0.00000000000000000000E+000    0.00000000000000000000E+000    0.00000000000000000000E+000    0.00000000000000000000E+000    0.00000000000000000000E+000    0.00000000000000000000E+000    0.00000000000000000000E+000    0.00000000000000000000E+000    0.00000000000000000000E+000    0.00000000000000000000E+000    0.00000000000000000000E+000    0.00000000000000000000E+000    0.00000000000000000000E+000    0.00000000000000000000E+000    0.00000000000000000000E+000    0.00000000000000000000E+000    0.00000000000000000000E+000    0.00000000000000000000E+000    0.00000000000000000000E+000    0.00000000000000000000E+000    0.00000000000000000000E+000    0.00000000000000000000E+000    0.00000000000000000000E+000    0.00000000000000000000E+000    0.00000000000000000000E+000    0.00000000000000000000E+000    0.00000000000000000000E+000    0.00000000000000000000E+000    0.00000000000000000000E+000
   6.93794418621416792564E-004    6.94482692880487640676E-004    6.95163652516787833845E-004    6.95838265060132969003E-004    6.96507417471616159521E-004    6.97171918302945847930E-004    6.97832500024067625168E-004    6.98489821504816917747E-004    6.99144470635643371786E-004    6.99796967072217044638E-004    7.00447765087674621871E-004    7.01097256516525495391E-004    7.01745773773785751388E-004    7.02393592932927632484E-004    7.03040936846537349754E-004    7.03687978293552869949E-004    7.04334843137658034654E-004    7.04981613481624473823E-004    7.05628330803259378942E-004    7.06274999059114199328E-004    7.06921587742962917456E-004    7.07568034887079552395E-004    7.08214249994946923143E-004    7.08860116895327794714E-004    7.09505496508380990341E-004    7.10150229515757089836E-004    7.10794138927456180255E-004    7.11437032539422313689E-004    7.12078705276838553120E-004    7.12718941419105637275E-004    7.13357516703509698074E-004    7.13994200305537369579E-004    7.14628756694717657064E-004    7.15260947365737296579E-004    7.15890532445432096163E-004    7.16517272176925485751E-004    7.17140928283040287802E-004    7.17761265211517814414E-004    7.18378051265395668225E-004    7.18991059622131113184E-004    7.19600069245693091044E-004    7.20204865696097385960E-004    7.20805241841093301963E-004    7.21400998475118311777E-004    7.21991944850563084450E-004    7.22577899126679431760E-004    7.23158688741417743188E-004    7.23734150711478961375E-004    7.42372531488785314738E-004    8.24171260167514546646E-004    1.02021787538717476941E-003    1.40976593663699550051E-003    2.15272439716836889653E-003    3.59382882232095728775E-003    6.53938735890229744241E-003    1.38001788051916179922E-002
   6.17724464211895428305E-004    6.20799532166296059651E-004    6.23736206130265911397E-004    6.26517291031009667529E-004    6.29164404056849701184E-004    6.31689210760044673153E-004    6.34096624206511140856E-004    6.36391508337968655508E-004    6.38578674815304977823E-004    6.40662879581152555110E-004    6.42648819162302772402E-004    6.44541126735983355665E-004    6.46344367987445613498E-004    6.48063036788698544274E-004    6.49701550731458733930E-004    6.51264246549298152743E-004    6.52755375466146435352E-004    6.54179098510082753480E-004    6.55539481832025897230E-004    6.56840492070609092111E-004    6.58085991804042850020E-004    6.59279735130075439549E-004    6.60425363414789872232E-004    6.61526401249521844167E-004    6.62586252653995871030E-004    6.63608197562109134761E-004    6.64595388623935470589E-004    6.65550848355454566403E-004    6.66477466664106943210E-004    6.67377998775105186688E-004    6.68255063579589704201E-004    6.69111142422432365884E-004    6.69948578342732282975E-004    6.70769575776584817996E-004    6.71576200726989942964E-004    6.72370381401972004760E-004    6.73153909317500322856E-004    6.73928440857766162045E-004    6.74695499281598816063E-004    6.75456477159688665514E-004    6.76212639224203011963E-004    6.76965125608543390190E-004    6.77714955452664844816E-004    6.78463030846219701878E-004    6.79210141079690651530E-004    6.79956967172072688360E-004    6.80704086641544491021E-004    6.81451978485078787781E-004    6.89351231527966117930E-004    7.51586493061484161964E-004    9.18861515925959706705E-004    1.26326271140104269726E-003    1.93069846296739728100E-003    3.23862345082727822246E-003    5.93607714323166491682E-003    1.28410169577884564207E-002
   0.00000000000000000000E+000    0.00000000000000000000E+000    0.00000000000000000000E+000    0.00000000000000000000E+000    0.00000000000000000000E+000    0.00000000000000000000E+000    0.00000000000000000000E+000    0.00000000000000000000E+000    0.00000000000000000000E+000    0.00000000000000000000E+000    0.00000000000000000000E+000    0.00000000000000000000E+000    0.00000000000000000000E+000    0.00000000000000000000E+000    0.00000000000000000000E+000    0.00000000000000000000E+000    0.00000000000000000000E+000    0.00000000000000000000E+000    0.00000000000000000000E+000    0.00000000000000000000E+000    0.00000000000000000000E+000    0.00000000000000000000E+000    0.00000000000000000000E+000    0.00000000000000000000E+000    0.00000000000000000000E+000    0.00000000000000000000E+000    0.00000000000000000000E+000    0.00000000000000000000E+000    0.00000000000000000000E+000    0.00000000000000000000E+000    0.00000000000000000000E+000    0.00000000000000000000E+000    0.00000000000000000000E+000    0.00000000000000000000E+000    0.00000000000000000000E+000    0.00000000000000000000E+000    0.00000000000000000000E+000    0.00000000000000000000E+000    0.00000000000000000000E+000    0.00000000000000000000E+000    0.00000000000000000000E+000    0.00000000000000000000E+000    0.00000000000000000000E+000    0.00000000000000000000E+000    0.00000000000000000000E+000    0.00000000000000000000E+000    0.00000000000000000000E+000    0.00000000000000000000E+000    0.00000000000000000000E+000    0.00000000000000000000E+000    0.00000000000000000000E+000    0.00000000000000000000E+000    0.00000000000000000000E+000    0.00000000000000000000E+000    0.00000000000000000000E+000    0.00000000000000000000E+000
   7.40300005491172346400E-004    7.40864779160129577340E-004    7.41426461531603624155E-004    7.41984905133150616542E-004    7.42539963617142636382E-004    7.43091492476506492414E-004    7.43639349696975952494E-004    7.44183396348014019987E-004    7.44723497114742360482E-004    7.45259520773410466705E-004    7.45791340612920127494E-004    7.46318834805121777802E-004    7.46841886726598439342E-004    7.47360385234660225609E-004    7.47874224900344809763E-004    7.48383306201154310106E-004    7.48887535676218390329E-004    7.49386826046583996892E-004    7.49881096303191860102E-004    7.50370271765095331849E-004    7.50854284110293685936E-004    7.51333071381583340355E-004    7.51806577969573721840E-004    7.52274754575041706452E-004    7.52737558152576200117E-004    7.53194951837434499044E-004    7.53646904857314578995E-004    7.54093392430755702326E-004    7.54534395653628088378E-004    7.54969901375167188641E-004    7.55399902064854042970E-004    7.55824395671307017359E-004    7.56243385474337972280E-004    7.56656879931121972155E-004    7.57064892517440054913E-004    7.57467441564804526942E-004    7.57864550094226267080E-004    7.58256245647316953241E-004    7.58642560115348543737E-004    7.59023529566820029033E-004    7.59399194074059026745E-004    7.59769597539311307942E-004    7.60134787520740659930E-004    7.60494815058723652029E-004    7.60849734502787658497E-004    7.61199603339512195083E-004    7.61544482021687713265E-004    7.61884433799002902706E-004    7.87310941996473712817E-004    8.82915544950728815171E-004    1.09972785505727845001E-003    1.52011466666714068971E-003    2.30797241374835950672E-003    3.81043528258815950710E-003    6.82029125009200355712E-003    1.39109662116341219890E-002
   1.81655408453309635255E-005    4.21092277200596325215E-005    6.53665609680489467608E-005    8.79498475771517006141E-005    1.09871200849733484124E-004    1.31100248134447168197E-004    1.51579149234940235283E-004    1.71436848622293845331E-004    1.90685264084197063968E-004    2.09196251852392084815E-004    2.27111625671349881854E-004    2.44459860784741593066E-004    2.61252115742624209990E-004    2.77360475133197259198E-004    2.92940982975237824894E-004    3.08006335642482711578E-004    3.22567998548611964329E-004    3.36637297034353259219E-004    3.50224877946308100866E-004    3.63265308914646344214E-004    3.75807769775015677351E-004    3.87905274755643658755E-004    3.99568374769868723487E-004    4.10807480966450923668E-004    4.21632865995076068760E-004    4.32054665645861585201E-004    4.42082880865950710557E-004    4.51727380152346959241E-004    4.60997902313479350316E-004    4.69904059587217368295E-004    4.78455341096804527643E-004    4.86646488184234982631E-004    4.94439885342750663766E-004    5.01908818660459755089E-004    5.09062258382973341526E-004    5.15909073499041755974E-004    5.22458036452509797659E-004    5.28717827886412581814E-004    5.34697041354097657093E-004    5.40404187928620986792E-004    5.45847700638434876926E-004    5.51035938655709866055E-004    5.55977191162443005155E-004    5.60679680819621941226E-004    5.65151566766327511163E-004    5.69400947078107415658E-004    5.73435860617618905176E-004    5.77264288216007125792E-004    5.80894153129491060128E-004    6.24520953433011622412E-004    7.52711022474087244720E-004    1.02161774585627068007E-003    1.54064278949296085998E-003    2.54197288261249956104E-003    4.54444426833641289959E-003    9.27395661142439882429E-003
   0.00000000000000000000E+000    0.00000000000000000000E+000    0.00000000000000000000E+000    0.00000000000000000000E+000    0.00000000000000000000E+000    0.00000000000000000000E+000    0.00000000000000000000E+000    0.00000000000000000000E+000    0.00000000000000000000E+000    0.00000000000000000000E+000    0.00000000000000000000E+000    0.00000000000000000000E+000    0.00000000000000000000E+000    0.00000000000000000000E+000    0.00000000000000000000E+000    0.00000000000000000000E+000    0.00000000000000000000E+000    0.00000000000000000000E+000    0.00000000000000000000E+000    0.00000000000000000000E+000    0.00000000000000000000E+000    0.00000000000000000000E+000    0.00000000000000000000E+000    0.00000000000000000000E+000    0.00000000000000000000E+000    0.00000000000000000000E+000    0.00000000000000000000E+000    0.00000000000000000000E+000    0.00000000000000000000E+000    0.00000000000000000000E+000    0.00000000000000000000E+000    0.00000000000000000000E+000    0.00000000000000000000E+000    0.00000000000000000000E+000    0.00000000000000000000E+000    0.00000000000000000000E+000    0.00000000000000000000E+000    0.00000000000000000000E+000    0.00000000000000000000E+000    0.00000000000000000000E+000    0.00000000000000000000E+000    0.00000000000000000000E+000    0.00000000000000000000E+000    0.00000000000000000000E+000    0.00000000000000000000E+000    0.00000000000000000000E+000    0.00000000000000000000E+000    0.00000000000000000000E+000    5.26314872247711246239E-006    3.37195753833432050562E-005    7.12512910308041915721E-005    1.34221156475036149406E-004    2.51578474005338312541E-004    4.79089645048112831166E-004    9.47805067873382176696E-004    2.40789933897299140639E-003
   0.00000000000000000000E+000    0.00000000000000000000E+000    0.00000000000000000000E+000    0.00000000000000000000E+000    0.00000000000000000000E+000    0.00000000000000000000E+000    0.00000000000000000000E+000    0.00000000000000000000E+000    0.00000000000000000000E+000    0.00000000000000000000E+000    0.00000000000000000000E+000    0.00000000000000000000E+000    0.00000000000000000000E+000    0.00000000000000000000E+000    0.00000000000000000000E+000    0.00000000000000000000E+000    0.00000000000000000000E+000    0.00000000000000000000E+000    0.00000000000000000000E+000    0.00000000000000000000E+000    0.00000000000000000000E+000    0.00000000000000000000E+000    0.00000000000000000000E+000    0.00000000000000000000E+000    0.00000000000000000000E+000    0.00000000000000000000E+000    0.00000000000000000000E+000    0.00000000000000000000E+000    0.00000000000000000000E+000    0.00000000000000000000E+000    0.00000000000000000000E+000    0.00000000000000000000E+000    0.00000000000000000000E+000    0.00000000000000000000E+000    0.00000000000000000000E+000    0.00000000000000000000E+000    0.00000000000000000000E+000    0.00000000000000000000E+000    0.00000000000000000000E+000    0.00000000000000000000E+000    0.00000000000000000000E+000    0.00000000000000000000E+000    0.00000000000000000000E+000    0.00000000000000000000E+000    0.00000000000000000000E+000    0.00000000000000000000E+000    0.00000000000000000000E+000    0.00000000000000000000E+000    0.00000000000000000000E+000    0.00000000000000000000E+000    0.00000000000000000000E+000    0.00000000000000000000E+000    0.00000000000000000000E+000    0.00000000000000000000E+000    0.00000000000000000000E+000    0.00000000000000000000E+000
   0.00000000000000000000E+000    0.00000000000000000000E+000    0.00000000000000000000E+000    0.00000000000000000000E+000    0.00000000000000000000E+000    0.00000000000000000000E+000    0.00000000000000000000E+000    0.00000000000000000000E+000    0.00000000000000000000E+000    0.00000000000000000000E+000    0.00000000000000000000E+000    0.00000000000000000000E+000    0.00000000000000000000E+000    0.00000000000000000000E+000    0.00000000000000000000E+000    0.00000000000000000000E+000    0.00000000000000000000E+000    0.00000000000000000000E+000    0.00000000000000000000E+000    0.00000000000000000000E+000    2.53821753073632798859E-005    5.00543755676510334555E-005    7.39665240041398731972E-005    9.71332968485285664674E-005    1.19569621012994154862E-004    1.41136825964045597515E-004    1.61994638879174357492E-004    1.82170251058419847790E-004    2.01570178686013613562E-004    2.20263427813383055485E-004    2.38324563986910061171E-004    2.55767140499310542592E-004    2.72490786330803599815E-004    2.88594151958328768489E-004    3.04126981258641285264E-004    3.19102910119494886237E-004    3.33535391638471311482E-004    3.47437490057461544068E-004    3.60789265676188979429E-004    3.73548277089446841611E-004    3.85819797040929594704E-004    3.97616275470841174997E-004    4.08949981785227474791E-004    4.19833006980811047296E-004    4.30277266318608618903E-004    4.40294502548214125928E-004    4.49896289676074390921E-004    4.59094037262290698229E-004    4.67898995220218693377E-004    5.05388185125325069963E-004    6.10434672881554813741E-004    8.29490052228627240682E-004    1.24757897448133422275E-003    2.04184028483893722020E-003    3.59396598138508925960E-003    7.04847912460294934167E-003
   7.10474737496536281126E-004    7.11104417465610854493E-004    7.11733073459609472816E-004    7.12360867920833282924E-004    7.12987922933854445691E-004    7.13614322886078986802E-004    7.14240117109044350685E-004    7.14865322489964278435E-004    7.15489926043262397179E-004    7.16113887432960226007E-004    7.16737141437094843303E-004    7.17359600346471632665E-004    7.17981156290432875368E-004    7.18601683483531951217E-004    7.19221040387481042738E-004    7.19839071783665604247E-004    7.20455610752399880012E-004    7.21070480555688754325E-004    7.21683496421235588791E-004    7.22294467225958179181E-004    7.22903197078204125432E-004    7.23509486798300130266E-004    7.24113135297942090915E-004    7.24713940859201513796E-004    7.25311702314859448396E-004    7.25906220131891351602E-004    7.26497297400596222204E-004    7.27084740732205844771E-004    7.27668361068061300169E-004    7.28247974403881592406E-004    7.28823402432713426252E-004    7.29394473110505487355E-004    7.29961021148236373531E-004    7.30522888434769488222E-004    7.31079924394531120366E-004    7.31631986284212018287E-004    7.32178939432648204569E-004    7.32720657427941802695E-004    7.33257022255884923119E-004    7.33787924393548536897E-004    7.34313262861843187544E-004    7.34832945240672234279E-004    7.35346887650123437995E-004    7.35855014701038991597E-004    7.36357259418009193336E-004    7.36853563137758959221E-004    7.37343875385639523079E-004    7.37828153732743166962E-004    7.59113066414316057552E-004    8.46252294336768962069E-004    1.05024945675201799612E-003    1.45188529103874625244E-003    2.21320104118457238948E-003    3.68166723771700234516E-003    6.66405659699857190470E-003    1.38962548111162698811E-002
   0.00000000000000000000E+000    0.00000000000000000000E+000    0.00000000000000000000E+000    0.00000000000000000000E+000    0.00000000000000000000E+000    0.00000000000000000000E+000    0.00000000000000000000E+000    0.00000000000000000000E+000    0.00000000000000000000E+000    0.00000000000000000000E+000    0.00000000000000000000E+000    0.00000000000000000000E+000    0.00000000000000000000E+000    0.00000000000000000000E+000    0.00000000000000000000E+000    0.00000000000000000000E+000    0.00000000000000000000E+000    0.00000000000000000000E+000    0.00000000000000000000E+000    0.00000000000000000000E+000    0.00000000000000000000E+000    0.00000000000000000000E+000    0.00000000000000000000E+000    0.00000000000000000000E+000    0.00000000000000000000E+000    0.00000000000000000000E+000    0.00000000000000000000E+000    0.00000000000000000000E+000    0.00000000000000000000E+000    0.00000000000000000000E+000    0.00000000000000000000E+000    0.00000000000000000000E+000    0.00000000000000000000E+000    0.00000000000000000000E+000    0.00000000000000000000E+000    0.00000000000000000000E+000    0.00000000000000000000E+000    0.00000000000000000000E+000    0.00000000000000000000E+000    0.00000000000000000000E+000    0.00000000000000000000E+000    0.00000000000000000000E+000    0.00000000000000000000E+000    0.00000000000000000000E+000    0.00000000000000000000E+000    0.00000000000000000000E+000    0.00000000000000000000E+000    0.00000000000000000000E+000    0.00000000000000000000E+000    0.00000000000000000000E+000    0.00000000000000000000E+000    0.00000000000000000000E+000    0.00000000000000000000E+000    0.00000000000000000000E+000    1.21122578991756296501E-004    1.24541544854368910374E-003
   6.44214579459219264038E-004    6.46156012387744962087E-004    6.48007826290564431342E-004    6.49774268908746063106E-004    6.51459521768329237641E-004    6.53067696274845627645E-004    6.54602829718618252353E-004    6.56068881221377004850E-004    6.57469727657056181476E-004    6.58809159579503800068E-004    6.60090877191464868619E-004    6.61318486388527151075E-004    6.62495494912598457612E-004    6.63625308648134871851E-004    6.64711228094269938535E-004    6.65756445044282663126E-004    6.66764039502774560897E-004    6.67736976868849529086E-004    6.68678105411424296596E-004    6.69590154060688866160E-004    6.70475730536762288929E-004    6.71337319833729202941E-004    6.72177283074387320501E-004    6.72997856747744953830E-004    6.73801152337677325757E-004    6.74589156348268602879E-004    6.75363730727510189894E-004    6.76126613687938883383E-004    6.76879420919137891541E-004    6.77623647184196452320E-004    6.78360668288535760377E-004    6.79091743407176360627E-004    6.79818017753353368536E-004    6.80540525568929183589E-004    6.81260193414995763456E-004    6.81977843738792977556E-004    6.82694198691542459938E-004    6.83409884170343984167E-004    6.84125434056242608810E-004    6.84841294619596349658E-004    6.85557829063695349861E-004    6.86275322177221070406E-004    6.86993985066335142824E-004    6.87713959937506389905E-004    6.88435324903082564857E-004    6.89158098782290551992E-004    6.89882245871624769605E-004    6.90607680660041117066E-004    7.01480075368408981934E-004    7.68750106757632909425E-004    9.43302182559854524198E-004    1.29922979950737507021E-003    1.98684203808317805251E-003    3.33275552014579380319E-003    6.10792255162081933889E-003    1.31750675167801381549E-002
   6.65571287929194702233E-004    6.66754947305885190163E-004    6.67891283710723092891E-004    6.68983395648761855652E-004    6.70034285942187153237E-004    6.71046858993469791214E-004    6.72023918259219530009E-004    6.72968163956730162402E-004    6.73882191023787171201E-004    6.74768487349816062544E-004    6.75629432294878244473E-004    6.76467295510093432481E-004    6.77284236071131395471E-004    6.78082301933338564559E-004    6.78863429714834823274E-004    6.79629444811051335561E-004    6.80382061841443091209E-004    6.81122885426472092843E-004    6.81853411290475478271E-004    6.82575027683255471274E-004    6.83289017110911872828E-004    6.83996558364198276730E-004    6.84698728830360398880E-004    6.85396507072633890539E-004    6.86090775659633405129E-004    6.86782324225417928690E-004    6.87471852739732170942E-004    6.88159974966414279135E-004    6.88847222087861908203E-004    6.89534046471842001526E-004    6.90220825557444524201E-004    6.90907865836104789076E-004    6.91595406904198521832E-004    6.92283625563612221680E-004    6.92972639947525776219E-004    6.93662513648940493027E-004    6.94353259830829145499E-004    6.95044845297268618252E-004    6.95737194506541823877E-004    6.96430193508172320528E-004    6.97123693787443090772E-004    6.97817516002279631879E-004    6.98511453598999257353E-004    6.99205276294973497586E-004    6.99898733417900101132E-004    7.00591557092871373980E-004    7.01283465270164437649E-004    7.01974164588188846887E-004    7.15889138944961482720E-004    7.88618610844693231424E-004    9.71190631317914209245E-004    1.33976225929198283424E-003    2.04885573287579697555E-003    3.43352663361053611277E-003    6.28333229230274969285E-003    1.34711490989585323114E-002
   0.00000000000000000000E+000    0.00000000000000000000E+000    0.00000000000000000000E+000    0.00000000000000000000E+000    0.00000000000000000000E+000    0.00000000000000000000E+000    0.00000000000000000000E+000    0.00000000000000000000E+000    0.00000000000000000000E+000    0.00000000000000000000E+000    0.00000000000000000000E+000    0.00000000000000000000E+000    0.00000000000000000000E+000    0.00000000000000000000E+000    0.00000000000000000000E+000    0.00000000000000000000E+000    0.00000000000000000000E+000    0.00000000000000000000E+000    0.00000000000000000000E+000    0.00000000000000000000E+000    0.00000000000000000000E+000    0.00000000000000000000E+000    0.00000000000000000000E+000    0.00000000000000000000E+000    0.00000000000000000000E+000    0.00000000000000000000E+000    0.00000000000000000000E+000    0.00000000000000000000E+000    0.00000000000000000000E+000    0.00000000000000000000E+000    0.00000000000000000000E+000    0.00000000000000000000E+000    0.00000000000000000000E+000    0.00000000000000000000E+000    0.00000000000000000000E+000    0.00000000000000000000E+000    0.00000000000000000000E+000    0.00000000000000000000E+000    0.00000000000000000000E+000    0.00000000000000000000E+000    0.00000000000000000000E+000    0.00000000000000000000E+000    0.00000000000000000000E+000    0.00000000000000000000E+000    0.00000000000000000000E+000    0.00000000000000000000E+000    0.00000000000000000000E+000    0.00000000000000000000E+000    0.00000000000000000000E+000    0.00000000000000000000E+000    0.00000000000000000000E+000    1.54558231419418526571E-005    8.49481229875953823593E-005    2.26627271966222597300E-004    5.49388195458546421505E-004    1.83794208913586987024E-003
   4.01661081923265794215E-004    4.12866500934292541755E-004    4.23693046586499791686E-004    4.34149252570653892015E-004    4.44243549676726968457E-004    4.53984267218992046649E-004    4.63379634713382095902E-004    4.72437783801488804178E-004    4.81139800280799530621E-004    4.89469713549554484230E-004    4.97488692688334024038E-004    5.05204446487408117931E-004    5.12624599200011158914E-004    5.19756693623112954981E-004    5.26608194284941565945E-004    5.33186490705009016357E-004    5.39498900689181783673E-004    5.45552673619887663892E-004    5.51354993698813873777E-004    5.56912983097352667049E-004    5.62233704968881429880E-004    5.67324166275911460737E-004    5.72191320384600357433E-004    5.76842069379777900792E-004    5.81283266054437633939E-004    5.85521715529222874612E-004    5.89564176460126345564E-004    5.93417361795446195866E-004    5.97087939046786237048E-004    6.00582530043545300032E-004    6.03907710145208469731E-004    6.07070006891263520138E-004    6.10075898075144161005E-004    6.12931809234421704456E-004    6.15644110557364739045E-004    6.18219113212158002772E-004    6.20663065113328388245E-004    6.22982146146770039349E-004    6.25182462882632240288E-004    6.27270042812027011497E-004    6.29250828151256373644E-004    6.31130669263223762280E-004    6.32915317752238320084E-004    6.34610419294005302128E-004    6.36221506267190244771E-004    6.37753990257526929240E-004    6.39213154508524918768E-004    6.40604146395087263414E-004    6.41931969998084449129E-004    6.90711429628198896567E-004    8.35139012199336634897E-004    1.13893430943227090546E-003    1.72963777100577377997E-003    2.88205346355263668581E-003    5.23183459408083258169E-003    1.11231034274775000825E-002
   0.00000000000000000000E+000    0.00000000000000000000E+000    0.00000000000000000000E+000    1.33278930255343425974E-005    3.75528563325674396970E-005    6.10772630067152137983E-005    8.39138456599398415260E-005    1.06075069979165301703E-004    1.27552513500700905394E-004    1.48243585533855258161E-004    1.68301268511385828395E-004    1.87737816697341639797E-004    2.06443305287330248262E-004    2.24521998307679158816E-004    2.42022898960083179820E-004    2.58957546767076744829E-004    2.75213727580010680557E-004    2.90915147485730648212E-004    3.06092151201048801989E-004    3.20756533643507099531E-004    3.34919943679250989993E-004    3.48593465928261807621E-004    3.61727895301183614320E-004    3.74339387979045600668E-004    3.86498624602282206571E-004    3.98216447071405785230E-004    4.09503551609357501016E-004    4.20370490104643760535E-004    4.30827671851235561359E-004    4.40885365688822611786E-004    4.50553702541453689970E-004    4.59842678347777112594E-004    4.68762157368928498481E-004    4.77321875854035896757E-004    4.85531446036422298547E-004    4.93332759184282793920E-004    5.00796561840716279029E-004    5.07940973887347087777E-004    5.14775088598883631512E-004    5.21307899365124841756E-004    5.27548304697331572714E-004    5.33505113192356294517E-004    5.39187048380134750433E-004    5.44602753377284752243E-004    5.49760795267471933517E-004    5.54669669128776622775E-004    5.59337801627699253600E-004    5.63773554102213383249E-004    5.67985225058438699883E-004    6.10748098573991459077E-004    7.35924615045057198270E-004    9.98492228731932829344E-004    1.50441730980260205547E-003    2.47846265433989635524E-003    4.41978782902888341078E-003    8.95622774864143593454E-003
   6.50821252862999522805E-004    6.52506585711293447816E-004    6.54115311714963554995E-004    6.55651387414384143743E-004    6.57118693800728395291E-004    6.58521032409373923734E-004    6.59862121417291252155E-004    6.61145591776450460703E-004    6.62374983415423826058E-004    6.63553741541269572445E-004    6.64685213073800502601E-004    6.65772643242881073666E-004    6.66819172379334249717E-004    6.67827832927756132909E-004    6.68801546708375736772E-004    6.69743122453160338002E-004    6.70655253638929339799E-004    6.71540516637815086860E-004    6.72401369202878652735E-004    6.73240149303918917340E-004    6.74059074324939722089E-004    6.74860240632647054651E-004    6.75645623521070820897E-004    6.76417077535101723615E-004    6.77176337172092149275E-004    6.77925017957483060267E-004    6.78664617887648102985E-004    6.79396519229954467742E-004    6.80121990667295920827E-004    6.80842189771747982770E-004    6.81558165789647820744E-004    6.82270862717971617560E-004    6.82981122650295558243E-004    6.83689689368605947595E-004    6.84397212156112122808E-004    6.85104249804897760638E-004    6.85811274791554674468E-004    6.86518677593322707714E-004    6.87226771117161101300E-004    6.87935795213928539052E-004    6.88645921250528327516E-004    6.89357256713080297772E-004    6.90069849815167749192E-004    6.90783694086170851900E-004    6.91498732915876994538E-004    6.92214864032924008172E-004    6.92931943896251453102E-004    6.93649791980206417707E-004    7.05394180595193234957E-004    7.74196691340814239016E-004    9.50995872502785242163E-004    1.31045453725059509939E-003    2.00415076657570537244E-003    3.36123346226291710992E-003    6.15845264846930345176E-003    1.32653043599906348554E-002
   5.89589954917560236415E-004    5.93859205895343818422E-004    5.97947168303506588170E-004    6.01859469438961063904E-004    6.05601699531247805557E-004    6.09179411812223810425E-004    6.12598122247318827016E-004    6.15863308912924342815E-004    6.18980411008208898302E-004    6.21954827492800493144E-004    6.24791915345643332318E-004    6.27496987444492340495E-004    6.30075310069246768453E-004    6.32512223336766186282E-004    6.34827300571647458287E-004    6.37032011335090251128E-004    6.39131367257262175685E-004    6.41130316115346311073E-004    6.43033737420520691390E-004    6.44846437771672670834E-004    6.46573146011026190887E-004    6.48218508220196713843E-004    6.49787082597794683758E-004    6.51283334261506391405E-004    6.52711630020243053010E-004    6.54076233162567883574E-004    6.55381298308870246377E-004    6.56630866374751515080E-004    6.57828859692958047879E-004    6.58979077340734152590E-004    6.60085190717203131559E-004    6.61150739414741455031E-004    6.62179127424863565518E-004    6.63173619716895179285E-004    6.64137339224221711666E-004    6.65073264269045306800E-004    6.65984226452887798781E-004    6.66872909035201057171E-004    6.67741845818224286600E-004    6.68593420551422015601E-004    6.69429866863451602903E-004    6.70253268725422984842E-004    6.71065561443416483747E-004    6.71868533174044897834E-004    6.72663826951652439427E-004    6.73452943211397063970E-004    6.74237242788185337818E-004    6.75017950367416252194E-004    6.80418461953159335771E-004    7.38636312469589787801E-004    9.00229507065340782239E-004    1.23554194495118451445E-003    1.88675157286436563295E-003    3.16319462293859071655E-003    5.79355177727062381487E-003    1.25346122693318733077E-002
   0.00000000000000000000E+000    0.00000000000000000000E+000    0.00000000000000000000E+000    0.00000000000000000000E+000    0.00000000000000000000E+000    0.00000000000000000000E+000    0.00000000000000000000E+000    0.00000000000000000000E+000    0.00000000000000000000E+000    0.00000000000000000000E+000    0.00000000000000000000E+000    0.00000000000000000000E+000    0.00000000000000000000E+000    0.00000000000000000000E+000    0.00000000000000000000E+000    0.00000000000000000000E+000    0.00000000000000000000E+000    0.00000000000000000000E+000    0.00000000000000000000E+000    0.00000000000000000000E+000    0.00000000000000000000E+000    0.00000000000000000000E+000    0.00000000000000000000E+000    0.00000000000000000000E+000    0.00000000000000000000E+000    0.00000000000000000000E+000    0.00000000000000000000E+000    0.00000000000000000000E+000    0.00000000000000000000E+000    0.00000000000000000000E+000    0.00000000000000000000E+000    0.00000000000000000000E+000    0.00000000000000000000E+000    0.00000000000000000000E+000    0.00000000000000000000E+000    0.00000000000000000000E+000    0.00000000000000000000E+000    0.00000000000000000000E+000    0.00000000000000000000E+000    0.00000000000000000000E+000    0.00000000000000000000E+000    0.00000000000000000000E+000    0.00000000000000000000E+000    0.00000000000000000000E+000    0.00000000000000000000E+000    0.00000000000000000000E+000    0.00000000000000000000E+000    0.00000000000000000000E+000    0.00000000000000000000E+000    0.00000000000000000000E+000    0.00000000000000000000E+000    0.00000000000000000000E+000    0.00000000000000000000E+000    0.00000000000000000000E+000    0.00000000000000000000E+000    0.00000000000000000000E+000
   6.81751427404381606448E-004    6.82568377968639935192E-004    6.83365399234989808093E-004    6.84144352115832288068E-004    6.84906998062551107889E-004    6.85654999293783414503E-004    6.86389919302005753129E-004    6.87113223635795584109E-004    6.87826280953501888529E-004    6.88530364341647369876E-004    6.89226652889802691125E-004    6.89916233511705576618E-004    6.90600103000834513768E-004    6.91279170307038809407E-004    6.91954259019548264392E-004    6.92626110040368532864E-004    6.93295384431134083941E-004    6.93962666415690867736E-004    6.94628466519721485435E-004    6.95293224828689342479E-004    6.95957314344687518609E-004    6.96621044422873173137E-004    6.97284664268103034773E-004    6.97948366472796654855E-004    6.98612290577171738716E-004    6.99276526633764786145E-004    6.99941118758678712010E-004    7.00606068652896620680E-004    7.01271339077808530081E-004    7.01936857270179224468E-004    7.02602518282833621646E-004    7.03268188238507954528E-004    7.03933707485537287982E-004    7.04598893645219962953E-004    7.05263544542042127364E-004    7.05927441009224980288E-004    7.06590349563229703708E-004    7.07252024942215946728E-004    7.07912212504623267542E-004    7.08570650485209913710E-004    7.09227072106984545406E-004    7.09881207548730686074E-004    7.10532785768479193539E-004    7.11181536184566872628E-004    7.11827190216557837039E-004    7.12469482689129848113E-004    7.13108153102772379835E-004    7.13742946775646771272E-004    7.30339692574648010129E-004    8.08136139281251018006E-004    9.98221347720954985117E-004    1.37855513536219481847E-003    2.10692794572680782220E-003    3.52454520984950541579E-003    6.43268914468463244571E-003    1.36807187771686190880E-002
   1.81748954838760320366E-005    4.21182987288242215466E-005    6.53753545440921812444E-005    8.79583697271959082066E-005    1.09879457616491652797E-004    1.31108186099451257600E-004    1.51586835605951696223E-004    1.71444289032158403039E-004    1.90692464240713454053E-004    2.09203159461295522909E-004    2.27118307048188283184E-004    2.44466321306837730890E-004    2.61258360624949551119E-004    2.77366457866553130316E-004    2.92946763142919229615E-004    3.08011918510183021688E-004    3.22573389292732208566E-004    3.36642500742211645340E-004    3.50229899296735627725E-004    3.63270108860953356341E-004    3.75812398837095402310E-004    3.87909737637395963823E-004    3.99572676090075419673E-004    4.10811625259924098445E-004    4.21636857713941835650E-004    4.32058509160700230777E-004    4.42086580467443272281E-004    4.51730940052767955019E-004    4.61001326648347476301E-004    4.69907352417168783405E-004    4.78458506409377558755E-004    4.86649499120966422348E-004    4.94442777540531302853E-004    5.01911595870196893150E-004    5.09064924291136836239E-004    5.15911631729873572903E-004    5.22460490570095378512E-004    5.28720181396735949657E-004    5.34699297707130782355E-004    5.40406350520188398165E-004    5.45849772812082283807E-004    5.51037923704501332069E-004    5.55979092330393721323E-004    5.60681501303210254317E-004    5.65153309715685160837E-004    5.69402615597935902146E-004    5.73437457768011097682E-004    5.77265817012999338242E-004    5.80895616545223621510E-004    6.24522518061334575880E-004    7.52712936562117572101E-004    1.02162039324172520052E-003    1.54064695474514959210E-003    2.54198021781205365718E-003    4.54445874140684772519E-003    9.27399395159902995012E-003
   0.00000000000000000000E+000    0.00000000000000000000E+000    0.00000000000000000000E+000    0.00000000000000000000E+000    0.00000000000000000000E+000    0.00000000000000000000E+000    0.00000000000000000000E+000    0.00000000000000000000E+000    0.00000000000000000000E+000    0.00000000000000000000E+000    0.00000000000000000000E+000    0.00000000000000000000E+000    0.00000000000000000000E+000    0.00000000000000000000E+000    0.00000000000000000000E+000    0.00000000000000000000E+000    0.00000000000000000000E+000    0.00000000000000000000E+000    0.00000000000000000000E+000    0.00000000000000000000E+000    0.00000000000000000000E+000    0.00000000000000000000E+000    0.00000000000000000000E+000    0.00000000000000000000E+000    0.00000000000000000000E+000    0.00000000000000000000E+000    0.00000000000000000000E+000    0.00000000000000000000E+000    0.00000000000000000000E+000    0.00000000000000000000E+000    0.00000000000000000000E+000    0.00000000000000000000E+000    0.00000000000000000000E+000    0.00000000000000000000E+000    0.00000000000000000000E+000    0.00000000000000000000E+000    0.00000000000000000000E+000    0.00000000000000000000E+000    9.05699567377678229545E-006    3.53609468760586603277E-005    6.08048752142370646490E-005    8.54066201287413282947E-005    1.09184160296157888406E-004    1.32041355101567323789E-004    1.54050554271626267402E-004    1.75293358099439238341E-004    1.95703601869012344758E-004    2.15292313141854851563E-004    2.34174394940495723743E-004    2.64689589874519915977E-004    3.32518174879919590440E-004    4.67529641212573925189E-004    7.23661590384855162028E-004    1.20114964992809993352E-003    2.11348224502771455877E-003    4.26469351819460436998E-003
   6.36071074978116152501E-004    6.38343287393394113842E-004    6.40510372518278219521E-004    6.42576875280687293338E-004    6.44547284429951685206E-004    6.46426028945623859338E-004    6.48217474258385144975E-004    6.49925918309666029830E-004    6.51555587479036506064E-004    6.53110632410135042228E-004    6.54595123768184723387E-004    6.56013047963059084053E-004    6.57368302873476703999E-004    6.58664693608010214099E-004    6.59905928339671213161E-004    6.61095614250248320154E-004    6.62237253620475297550E-004    6.63334240101133110028E-004    6.64389855199084655539E-004    6.65407265010675317771E-004    6.66389517232998055546E-004    6.67339538481261942103E-004    6.68260131937883634749E-004    6.69153975356273850519E-004    6.70023619438923283102E-004    6.70871486606461906246E-004    6.71699870170460529469E-004    6.72510933919678757613E-004    6.73306712125375955193E-004    6.74089109967982856760E-004    6.74859904383396497739E-004    6.75620745324003292923E-004    6.76373157425603447473E-004    6.77118542068368156096E-004    6.77858179816587225718E-004    6.78593233219186922622E-004    6.79324749950073643323E-004    6.80053666265163173771E-004    6.80780810750598462840E-004    6.81506908334988297307E-004    6.82232584536997970805E-004    6.82958369918351161643E-004    6.83684704711539715030E-004    6.84411943591251578992E-004    6.85140360557938204664E-004    6.85870153902568089471E-004    6.86601451221828464229E-004    6.87334314453843337953E-004    6.97209734563959313523E-004    7.62759083058637773513E-004    9.34805306769076428328E-004    1.28677895388780785813E-003    1.96752309771038372266E-003    3.30066217443243355503E-003    6.05013900169481828178E-003    1.30673051433877751570E-002
   3.20579767764373000510E-004    3.34575186964387156184E-004    3.48119508262385499425E-004    3.61160656668525889210E-004    3.73719499812789684653E-004    3.85859766777743953305E-004    3.97590784598770576562E-004    4.08921765845692334294E-004    4.19861809345899758376E-004    4.30419901184713631689E-004    4.40604915988263793475E-004    4.50425618489681085441E-004    4.59890665377022918661E-004    4.69008607417257747125E-004    4.77787891846581257074E-004    4.86177128172640216422E-004    4.94227737547972751676E-004    5.01966918857819216493E-004    5.09402675922729516154E-004    5.16542924828869345205E-004    5.23395497459738833282E-004    5.29968145106063577045E-004    5.36268542111741357455E-004    5.42304289509667396089E-004    5.48082918598898202397E-004    5.53611894412520360968E-004    5.58898619023577136050E-004    5.63950434635577873763E-004    5.68774626404037878837E-004    5.73378424935781479468E-004    5.77769008414050276416E-004    5.81953504299849455096E-004    5.85938990562389640758E-004    5.89732496395810887671E-004    5.93341002383514551886E-004    5.96771440077003005771E-004    6.00030690961810106616E-004    6.03125584790361788344E-004    6.06062897268167845299E-004    6.08849347088097478040E-004    6.11491592315099126084E-004    6.13996226132655469054E-004    6.16369771970265347555E-004    6.18618678040180349463E-004    6.20749311320208303246E-004    6.22767951027134196093E-004    6.24680781633805710246E-004    6.26493885490020494151E-004    6.28213235113966135190E-004    6.75639510947333827261E-004    8.16124282881228093472E-004    1.11121013356778580022E-003    1.68423598115022038653E-003    2.79928779990183760479E-003    5.06231809238220920033E-003    1.06612181441045582309E-002
   0.00000000000000000000E+000    0.00000000000000000000E+000    7.04924410595617441177E-006    3.14203681533351632032E-005    5.50903707057115053433E-005    7.80720424099474281324E-005    1.00377774435178235475E-004    1.22020140799749112013E-004    1.42875271089507412852E-004    1.63074367311126939553E-004    1.82651444380333647646E-004    2.01539503657373304064E-004    2.19755161571991516510E-004    2.37392018217861362414E-004    2.54461621890306004517E-004    2.70890202755723916248E-004    2.86722687270194419307E-004    3.02029383200646389922E-004    3.16822050880007153977E-004    3.31112306301827106613E-004    3.44911424895961234334E-004    3.58201666872994916972E-004    3.70934682153317024384E-004    3.83213889255939424861E-004    3.95050104932672828308E-004    4.06454001338105673762E-004    4.17436107237965990484E-004    4.28006809606483777045E-004    4.38176355618046919210E-004    4.47954855033085377631E-004    4.57352282972728265299E-004    4.66378483070822749505E-004    4.75043170985440241835E-004    4.83355938245458522165E-004    4.91275910733276230218E-004    4.98838585754899266518E-004    5.06080043891737039498E-004    5.13009356240024276194E-004    5.19635493312981780641E-004    5.25967329983017812915E-004    5.32013650405135365626E-004    5.37783152849542387362E-004    5.43284454368504299109E-004    5.48526095219912059910E-004    5.53516542968885555398E-004    5.58264196188592871223E-004    5.62777387682708183855E-004    5.67064387154617762649E-004    5.71133403251804379862E-004    6.14101878237577531762E-004    7.40001141266991274009E-004    1.00409188138091826081E-003    1.51316057317252999383E-003    2.49373984024468114962E-003    4.44965467225051300448E-003    9.03163622928915971189E-003
   6.72944201081005660171E-004    6.73932297863628860732E-004    6.74886672707158291086E-004    6.75809884664348159422E-004    6.76704391550338462021E-004    6.77572548430619477772E-004    6.78416606382702125355E-004    6.79238711542971547279E-004    6.80040904447964792735E-004    6.80825119676918143370E-004    6.81593185799947128348E-004    6.82346825633984807070E-004    6.83087656805957143570E-004    6.83817192620392376272E-004    6.84536843226213049911E-004    6.85247917075422594176E-004    6.85951622663931556874E-004    6.86649070542977714264E-004    6.87341275587652366687E-004    6.88029159507232016338E-004    6.88713553580692656314E-004    6.89395201599127998085E-004    6.90074762996111001380E-004    6.90752816145490913975E-004    6.91429861806086153327E-004    6.92106326691659784998E-004    6.92782567144591349476E-004    6.93458872891512855333E-004    6.94135470859120920321E-004    6.94812529029080797570E-004    6.95490160310947239802E-004    6.96168426413021151043E-004    6.96847341691847780784E-004    6.97526876961730084130E-004    6.98206963247223130753E-004    6.98887495462155818905E-004    6.99568336000571462836E-004    7.00249318225816910245E-004    7.00930249845825776613E-004    7.01610916163807767955E-004    7.02291083195049009938E-004    7.02970500642141702535E-004    7.03648904722124985192E-004    7.04326020840733454768E-004    7.05001566110046340614E-004    7.05675251707339116873E-004    7.06346785074174563640E-004    7.07015871955716471847E-004    7.22125096854351689393E-004    7.97082566095996315238E-004    9.82950863263858847299E-004    1.35670089007721545414E-003    2.07436803262867845016E-003    3.47393058127983380204E-003    6.35080378665077351780E-003    1.35712267205229906997E-002
   0.00000000000000000000E+000    0.00000000000000000000E+000    0.00000000000000000000E+000    0.00000000000000000000E+000    0.00000000000000000000E+000    0.00000000000000000000E+000    0.00000000000000000000E+000    0.00000000000000000000E+000    0.00000000000000000000E+000    0.00000000000000000000E+000    0.00000000000000000000E+000    0.00000000000000000000E+000    0.00000000000000000000E+000    0.00000000000000000000E+000    0.00000000000000000000E+000    0.00000000000000000000E+000    0.00000000000000000000E+000    0.00000000000000000000E+000    0.00000000000000000000E+000    0.00000000000000000000E+000    0.00000000000000000000E+000    0.00000000000000000000E+000    0.00000000000000000000E+000    0.00000000000000000000E+000    0.00000000000000000000E+000    0.00000000000000000000E+000    8.82615597621436440221E-006    3.43782153203984081622E-005    5.91302475850351877038E-005    8.30980819414700306973E-005    1.06297509076690594723E-004    1.28676279020522926419E-004    1.50218900778146846912E-004    1.71044693742707131293E-004    1.91142112802757363054E-004    2.10412135047055966685E-004    2.29018947412764771639E-004    2.46977183330377575432E-004    2.64258026866496782779E-004    2.80813069710436949943E-004    2.96770331785565512871E-004    3.12144390852860207242E-004    3.26949624651968703305E-004    3.41200209859988490106E-004    3.54909578331049052179E-004    3.68002839855712784913E-004    3.80550711173352419932E-004    3.92602735701813522658E-004    4.04171994626191240056E-004    4.39085408861881879624E-004    5.32970312035063926472E-004    7.27816768313023824098E-004    1.09785779526677543597E-003    1.79553705014380625242E-003    3.14738479313302803655E-003    6.13969611327694342329E-003
   0.00000000000000000000E+000    0.00000000000000000000E+000    0.00000000000000000000E+000    0.00000000000000000000E+000    0.00000000000000000000E+000    0.00000000000000000000E+000    0.00000000000000000000E+000    0.00000000000000000000E+000    0.00000000000000000000E+000    0.00000000000000000000E+000    0.00000000000000000000E+000    0.00000000000000000000E+000    0.00000000000000000000E+000    0.00000000000000000000E+000    0.00000000000000000000E+000    0.00000000000000000000E+000    0.00000000000000000000E+000    0.00000000000000000000E+000    0.00000000000000000000E+000    0.00000000000000000000E+000    0.00000000000000000000E+000    0.00000000000000000000E+000    0.00000000000000000000E+000    0.00000000000000000000E+000    0.00000000000000000000E+000    0.00000000000000000000E+000    0.00000000000000000000E+000    0.00000000000000000000E+000    0.00000000000000000000E+000    0.00000000000000000000E+000    0.00000000000000000000E+000    2.53404990338067447563E-005    5.06310449220799280862E-005    7.51111018424516197443E-005    9.87971198039708714067E-005    1.21684796371210142613E-004    1.43661304487776605001E-004    1.64897718507909802742E-004    1.85410273380133419976E-004    2.05059235090215418330E-004    2.24006795569263228224E-004    2.42285643699513330912E-004    2.59906011973533670502E-004    2.76739168356177056823E-004    2.92956401892124755106E-004    3.08572943514548458672E-004    3.23603811748259266503E-004    3.38063811545597262768E-004    3.51967230181174156253E-004    3.85204007077404356977E-004    4.70568171393292988824E-004    6.46162925544317766173E-004    9.79758453874118254850E-004    1.60435292481354917042E-003    2.80850753241387775944E-003    5.49439820995001413501E-003
   0.00000000000000000000E+000    0.00000000000000000000E+000    0.00000000000000000000E+000    0.00000000000000000000E+000    0.00000000000000000000E+000    0.00000000000000000000E+000    0.00000000000000000000E+000    0.00000000000000000000E+000    0.00000000000000000000E+000    0.00000000000000000000E+000    0.00000000000000000000E+000    0.00000000000000000000E+000    0.00000000000000000000E+000    0.00000000000000000000E+000    0.00000000000000000000E+000    0.00000000000000000000E+000    0.00000000000000000000E+000    0.00000000000000000000E+000    0.00000000000000000000E+000    0.00000000000000000000E+000    0.00000000000000000000E+000    0.00000000000000000000E+000    0.00000000000000000000E+000    0.00000000000000000000E+000    0.00000000000000000000E+000    0.00000000000000000000E+000    0.00000000000000000000E+000    0.00000000000000000000E+000    0.00000000000000000000E+000    0.00000000000000000000E+000    0.00000000000000000000E+000    0.00000000000000000000E+000    0.00000000000000000000E+000    0.00000000000000000000E+000    0.00000000000000000000E+000    0.00000000000000000000E+000    0.00000000000000000000E+000    0.00000000000000000000E+000    0.00000000000000000000E+000    0.00000000000000000000E+000    0.00000000000000000000E+000    0.00000000000000000000E+000    0.00000000000000000000E+000    0.00000000000000000000E+000    0.00000000000000000000E+000    0.00000000000000000000E+000    0.00000000000000000000E+000    0.00000000000000000000E+000    0.00000000000000000000E+000    0.00000000000000000000E+000    0.00000000000000000000E+000    0.00000000000000000000E+000    0.00000000000000000000E+000    0.00000000000000000000E+000    0.00000000000000000000E+000    0.00000000000000000000E+000
   0.00000000000000000000E+000    0.00000000000000000000E+000    0.00000000000000000000E+000    0.00000000000000000000E+000    0.00000000000000000000E+000    0.00000000000000000000E+000    0.00000000000000000000E+000    0.00000000000000000000E+000    0.00000000000000000000E+000    0.00000000000000000000E+000    0.00000000000000000000E+000    0.00000000000000000000E+000    0.00000000000000000000E+000    0.00000000000000000000E+000    0.00000000000000000000E+000    0.00000000000000000000E+000    0.00000000000000000000E+000    0.00000000000000000000E+000    0.00000000000000000000E+000    0.00000000000000000000E+000    0.00000000000000000000E+000    0.00000000000000000000E+000    0.00000000000000000000E+000    0.00000000000000000000E+000    0.00000000000000000000E+000    0.00000000000000000000E+000    0.00000000000000000000E+000    0.00000000000000000000E+000    0.00000000000000000000E+000    0.00000000000000000000E+000    0.00000000000000000000E+000    0.00000000000000000000E+000    0.00000000000000000000E+000    1.68199291731339823405E-005    4.25256651849412780947E-005    6.74039316320097287765E-005    9.14715777801303859488E-005    1.14745676397829226277E-004    1.37098120016796137365E-004    1.58666260780823220686E-004    1.79495658371718255775E-004    1.99492732120624250260E-004    2.18725161264110101820E-004    2.37275497753305106372E-004    2.55159194129128544856E-004    2.72273559413363898732E-004    2.88721215908126205545E-004    3.04556317819794234239E-004    3.19794272301060858183E-004    3.52152145444759913113E-004    4.32643474616398074177E-004    5.96997753051542825488E-004    9.08895430029689650742E-004    1.49110001342675230901E-003    2.61069370361653989993E-003    5.13267023401375692415E-003
   7.21313340457191962997E-004    7.21925280575676404926E-004    7.22536228291805132998E-004    7.23146113285255990807E-004    7.23754846458329816235E-004    7.24362321957024504759E-004    7.24968419117797205353E-004    7.25573004335929158323E-004    7.26175932851983287411E-004    7.26777050453771000793E-004    7.27376195091637570492E-004    7.27973198405683190326E-004    7.28567887163919102218E-004    7.29160084611246575928E-004    7.29749611729316096514E-004    7.30336288408119592951E-004    7.30919934530467022178E-004    7.31500370970955830947E-004    7.32077420511463464008E-004    7.32650908675459475693E-004    7.33220664483799828594E-004    7.33786521134895922298E-004    7.34348316612278722605E-004    7.34905894222941027255E-004    7.35459103069746578628E-004    7.36007798461486601078E-004    7.36551842264068171856E-004    7.37091103196465527100E-004    7.37625457074967717797E-004    7.38154787009300591277E-004    7.38678983554078884277E-004    7.39197944818997701270E-004    7.39711576541087867213E-004    7.40219792122186171467E-004    7.40722512634714707475E-004    7.41219666798667814293E-004    7.41711190932562661887E-004    7.42197028880993837745E-004    7.42677131921220764522E-004    7.43151458651081903671E-004    7.43619974860395692613E-004    7.44082653387774192212E-004    7.44539473964729993198E-004    7.44990423048693360675E-004    7.45435493646518106646E-004    7.45874685129837297973E-004    7.46308003043570384466E-004    7.46735458908700535340E-004    7.69596884238611580326E-004    8.59980384216438059793E-004    1.06878862905007416921E-003    1.47761446471734222280E-003    2.24939507924032259037E-003    3.73214114384402394914E-003    6.72939560044730038235E-003    1.39207509045491725080E-002
   0.00000000000000000000E+000    0.00000000000000000000E+000    0.00000000000000000000E+000    0.00000000000000000000E+000    0.00000000000000000000E+000    0.00000000000000000000E+000    0.00000000000000000000E+000    0.00000000000000000000E+000    0.00000000000000000000E+000    0.00000000000000000000E+000    0.00000000000000000000E+000    0.00000000000000000000E+000    0.00000000000000000000E+000    0.00000000000000000000E+000    0.00000000000000000000E+000    0.00000000000000000000E+000    0.00000000000000000000E+000    0.00000000000000000000E+000    0.00000000000000000000E+000    0.00000000000000000000E+000    0.00000000000000000000E+000    0.00000000000000000000E+000    0.00000000000000000000E+000    0.00000000000000000000E+000    0.00000000000000000000E+000    0.00000000000000000000E+000    0.00000000000000000000E+000    0.00000000000000000000E+000    0.00000000000000000000E+000    0.00000000000000000000E+000    0.00000000000000000000E+000    0.00000000000000000000E+000    0.00000000000000000000E+000    0.00000000000000000000E+000    0.00000000000000000000E+000    0.00000000000000000000E+000    0.00000000000000000000E+000    0.00000000000000000000E+000    0.00000000000000000000E+000    0.00000000000000000000E+000    0.00000000000000000000E+000    0.00000000000000000000E+000    0.00000000000000000000E+000    0.00000000000000000000E+000    0.00000000000000000000E+000    0.00000000000000000000E+000    0.00000000000000000000E+000    0.00000000000000000000E+000    0.00000000000000000000E+000    0.00000000000000000000E+000    0.00000000000000000000E+000    0.00000000000000000000E+000    0.00000000000000000000E+000    0.00000000000000000000E+000    0.00000000000000000000E+000    0.00000000000000000000E+000
   0.00000000000000000000E+000    7.41691216950372422015E-006    3.17312960628590346357E-005    5.53484973608243182057E-005    7.82811913191294348694E-005    1.00541650442197646217E-004    1.22142324857582292106E-004    1.42960355329426635389E-004    1.63124983342609656232E-004    1.82670813287998562739E-004    2.01532487432353087098E-004    2.19723364573187811234E-004    2.37338301110046263117E-004    2.54388740900077052736E-004    2.70802569684423495664E-004    2.86621364984090130131E-004    3.01916781076957128124E-004    3.16700479671610266117E-004    3.30983980087580238316E-004    3.44778466015935758805E-004    3.58066624292171001818E-004    3.70799160045116480908E-004    3.83079714013907660173E-004    3.94919016669138486265E-004    4.06327655727605244976E-004    4.17316077319426076420E-004    4.27894587536987005064E-004    4.38073354370307273438E-004    4.47862410029928293635E-004    4.57271653651278482677E-004    4.66310854370614294353E-004    4.74989654754570157520E-004    4.83317574560395226985E-004    4.91249942632675934417E-004    4.98829626906838077653E-004    5.06088915317942232737E-004    5.13036812172794646700E-004    5.19682222048624647796E-004    5.26033954650130617520E-004    5.32100729653277879430E-004    5.37891181466247712654E-004    5.43413863834138195601E-004    5.48677254211921497373E-004    5.53689757828456133835E-004    5.58459711364657908177E-004    5.62995386169729710758E-004    5.67304990941544995051E-004    5.71396673801278609343E-004    5.75278523696944239264E-004    6.18522586870293936828E-004    7.45385157705998968938E-004    1.01150325091235900044E-003    1.52476016628571024898E-003    2.51405804192536639491E-003    4.48949281369164995836E-003    9.13292913073431890381E-003
   0.00000000000000000000E+000    0.00000000000000000000E+000    0.00000000000000000000E+000    0.00000000000000000000E+000    0.00000000000000000000E+000    0.00000000000000000000E+000    0.00000000000000000000E+000    0.00000000000000000000E+000    0.00000000000000000000E+000    0.00000000000000000000E+000    0.00000000000000000000E+000    0.00000000000000000000E+000    0.00000000000000000000E+000    0.00000000000000000000E+000    0.00000000000000000000E+000    0.00000000000000000000E+000    0.00000000000000000000E+000    0.00000000000000000000E+000    0.00000000000000000000E+000    0.00000000000000000000E+000    0.00000000000000000000E+000    0.00000000000000000000E+000    0.00000000000000000000E+000    0.00000000000000000000E+000    0.00000000000000000000E+000    0.00000000000000000000E+000    0.00000000000000000000E+000    0.00000000000000000000E+000    0.00000000000000000000E+000    0.00000000000000000000E+000    0.00000000000000000000E+000    0.00000000000000000000E+000    0.00000000000000000000E+000    0.00000000000000000000E+000    0.00000000000000000000E+000    0.00000000000000000000E+000    0.00000000000000000000E+000    0.00000000000000000000E+000    0.00000000000000000000E+000    0.00000000000000000000E+000    0.00000000000000000000E+000    0.00000000000000000000E+000    0.00000000000000000000E+000    0.00000000000000000000E+000    0.00000000000000000000E+000    0.00000000000000000000E+000    0.00000000000000000000E+000    0.00000000000000000000E+000    0.00000000000000000000E+000    0.00000000000000000000E+000    0.00000000000000000000E+000    0.00000000000000000000E+000    0.00000000000000000000E+000    0.00000000000000000000E+000    0.00000000000000000000E+000    0.00000000000000000000E+000
   3.88299801066857640068E-004    3.99950766371427463963E-004    4.11211260961646583000E-004    4.22090012485095333796E-004    4.32595642923078627269E-004    4.42736669758343076055E-004    4.52521507402580021318E-004    4.61958468881176504296E-004    4.71055767770687475876E-004    4.79809435725381489089E-004    4.88173455966227939733E-004    4.96224354382162366299E-004    5.03969915031244946810E-004    5.11417836021179814630E-004    5.18575732636694110810E-004    5.25451140578041958618E-004    5.32051519276283829685E-004    5.38384255247291226495E-004    5.44456665443373601099E-004    5.50276000559528268713E-004    5.55849448248587956964E-004    5.61184136198163369472E-004    5.66287135021533404033E-004    5.71165460913879217790E-004    5.75826078026064436081E-004    5.80275900508218879167E-004    5.84521794178441498474E-004    5.88570577772978722857E-004    5.92429023738235338223E-004    5.96103858528519497603E-004    5.99601762377929728247E-004    6.02929368519961169856E-004    6.06093261834267631877E-004    6.09099976906043571317E-004    6.11955995490554428666E-004    6.14667743382147453365E-004    6.17241586694514837198E-004    6.19683827566926983231E-004    6.22000699318071489929E-004    6.24198361077373908672E-004    6.26282891930949377896E-004    6.28260284626302187641E-004    6.30136438886977432589E-004    6.31917154394669969460E-004    6.33608123501616291549E-004    6.35214923741936722881E-004    6.36743010213836340035E-004    6.38197707908941713924E-004    6.39584204066546762810E-004    6.88123276019872659806E-004    8.31861196765785017651E-004    1.13413635307350142353E-003    1.72176033972507524193E-003    2.86767570081547301317E-003    5.20237007644397484590E-003    1.10432342373904101435E-002
   5.17168190865155094106E-004    5.24353879017595662926E-004    5.31270214827724647673E-004    5.37923964125730036737E-004    5.44321829429589851626E-004    5.50470452671112135332E-004    5.56376417898950172830E-004    5.62046253924009930197E-004    5.67486436871800312837E-004    5.72703392604496041261E-004    5.77703498976048462725E-004    5.82493087882575031819E-004    5.87078447071513048749E-004    5.91465821673508099221E-004    5.95661415422655735573E-004    5.99671391532549734153E-004    6.03501873198426536798E-004    6.07158943697981849826E-004    6.10648646067817285447E-004    6.13976982335809069041E-004    6.17149912293962700678E-004    6.20173351801634169939E-004    6.23053170613390426037E-004    6.25795189731533823066E-004    6.28405178288614731964E-004    6.30888849970962450019E-004    6.33251858999918653022E-004    6.35499795693260610512E-004    6.37638181634652464330E-004    6.39672464484627827097E-004    6.41608012471488577469E-004    6.43445234128559723219E-004    6.45178704591036064273E-004    6.46829706847021584752E-004    6.48403195493112995650E-004    6.49904015788395090364E-004    6.51336897315566440772E-004    6.52706447697945198530E-004    6.54017146433894425335E-004    6.55273338909918086521E-004    6.56479230653098468941E-004    6.57638881881619048395E-004    6.58756202410220887550E-004    6.59834946964069535454E-004    6.60878710951005475180E-004    6.61890926737667014378E-004    6.62874860470377279438E-004    6.63833609475857327337E-004    6.64770100271361167113E-004    7.16032887963881587226E-004    8.67769045150372595604E-004    1.18689200897859991994E-003    1.80841057316147735962E-003    3.02538554458692569502E-003    5.52376448999313592741E-003    1.18912602531583491694E-002
   0.00000000000000000000E+000    0.00000000000000000000E+000    0.00000000000000000000E+000    0.00000000000000000000E+000    0.00000000000000000000E+000    0.00000000000000000000E+000    0.00000000000000000000E+000    0.00000000000000000000E+000    0.00000000000000000000E+000    0.00000000000000000000E+000    0.00000000000000000000E+000    0.00000000000000000000E+000    0.00000000000000000000E+000    0.00000000000000000000E+000    0.00000000000000000000E+000    0.00000000000000000000E+000    0.00000000000000000000E+000    0.00000000000000000000E+000    0.00000000000000000000E+000    0.00000000000000000000E+000    0.00000000000000000000E+000    0.00000000000000000000E+000    0.00000000000000000000E+000    0.00000000000000000000E+000    0.00000000000000000000E+000    0.00000000000000000000E+000    0.00000000000000000000E+000    0.00000000000000000000E+000    0.00000000000000000000E+000    0.00000000000000000000E+000    0.00000000000000000000E+000    0.00000000000000000000E+000    0.00000000000000000000E+000    0.00000000000000000000E+000    0.00000000000000000000E+000    0.00000000000000000000E+000    0.00000000000000000000E+000    0.00000000000000000000E+000    0.00000000000000000000E+000    0.00000000000000000000E+000    0.00000000000000000000E+000    0.00000000000000000000E+000    0.00000000000000000000E+000    0.00000000000000000000E+000    0.00000000000000000000E+000    0.00000000000000000000E+000    0.00000000000000000000E+000    0.00000000000000000000E+000    0.00000000000000000000E+000    0.00000000000000000000E+000    0.00000000000000000000E+000    0.00000000000000000000E+000    0.00000000000000000000E+000    0.00000000000000000000E+000    0.00000000000000000000E+000    0.00000000000000000000E+000
   3.90340724078756242874E-004    4.01923756152378118880E-004    4.13118080874482591306E-004    4.23932396392450675654E-004    4.34375295587767235733E-004    4.44455267283257171845E-004    4.54180697708954025666E-004    4.63559872223942809159E-004    4.72600977289043956524E-004    4.81285871690555048553E-004    4.89597239789849687439E-004    4.97596990065060965601E-004    5.05292882116694644021E-004    5.12692590269617719766E-004    5.19803706711980707811E-004    5.26633744739839660017E-004    5.33190142072211535097E-004    5.39480264198439769113E-004    5.45511407716486591661E-004    5.51290803618760473677E-004    5.56825620479662599868E-004    5.62122967497937094626E-004    5.67189897345709843728E-004    5.72033408776013801121E-004    5.76660448941086018967E-004    5.81077915374448054561E-004    5.85292657591966291979E-004    5.89311478269382345990E-004    5.93141133957105978758E-004    5.96788335296945379391E-004    6.00259746710177970533E-004    6.03561985531342044646E-004    6.06701620568134603224E-004    6.09685170074334824991E-004    6.12519099128689260662E-004    6.15209816420895323416E-004    6.17763670452159516407E-004    6.20186945166159857463E-004    6.22485855033366470429E-004    6.24666539619540307771E-004    6.26735057676206376402E-004    6.28697380798736403518E-004    6.30559386703479613466E-004    6.32326852182412313570E-004    6.34005445798795541808E-004    6.35600720392650426170E-004    6.37118105468628941751E-004    6.38562899542392250693E-004    6.39940262523592683259E-004    6.88515565181167061778E-004    8.32357714844022991522E-004    1.13486270536667646289E-003    1.72295248148242427684E-003    2.86985138938539380629E-003    5.20682903520662890284E-003    1.10553373282652623449E-002
   3.80579311884815529865E-004    3.92486861772958057180E-004    4.03997296091546424183E-004    4.15119453647218728930E-004    4.25862066134131804235E-004    4.36233759153690765862E-004    4.46243053495958723938E-004    4.55898366682877303948E-004    4.65208014770510656141E-004    4.74180214403609819225E-004    4.82784633105334858375E-004    4.91028867830467876700E-004    4.98962192008931145447E-004    5.06592393885726597312E-004    5.13927176320380565272E-004    5.20974159994883230518E-004    5.27740886720484215014E-004    5.34234822807107029470E-004    5.40463362455814201601E-004    5.46433831131561717313E-004    5.52153488871653659424E-004    5.57629533483041512319E-004    5.62869103580173539385E-004    5.67879281414770584711E-004    5.72667095448408953323E-004    5.77239522619409453109E-004    5.81603490257084909665E-004    5.85765877598116817271E-004    5.89733516862782662302E-004    5.93513193852028770117E-004    5.97111648030888603374E-004    6.00535572068113389192E-004    6.03791610808042823050E-004    6.06886359656124709482E-004    6.09826362366443219809E-004    6.12618108226690842068E-004    6.15268028643049173614E-004    6.17782493135236301582E-004    6.20167804759755173297E-004    6.22430194986883832467E-004    6.24575818064839003579E-004    6.26610744911908191211E-004    6.28540956584465199813E-004    6.30372337375548533710E-004    6.32110667604769281731E-004    6.33761616165926053995E-004    6.35330732903227287690E-004    6.36823440891424075345E-004    6.38245028697389908678E-004    6.86648568226547076181E-004    8.29995677206494262071E-004    1.13140876330393024170E-003    1.71728506519478038225E-003    2.85950911950272595313E-003    5.18563295584297759971E-003    1.09977577459781459407E-002
   0.00000000000000000000E+000    0.00000000000000000000E+000    0.00000000000000000000E+000    0.00000000000000000000E+000    0.00000000000000000000E+000    0.00000000000000000000E+000    0.00000000000000000000E+000    0.00000000000000000000E+000    0.00000000000000000000E+000    0.00000000000000000000E+000    0.00000000000000000000E+000    0.00000000000000000000E+000    0.00000000000000000000E+000    0.00000000000000000000E+000    0.00000000000000000000E+000    0.00000000000000000000E+000    0.00000000000000000000E+000    0.00000000000000000000E+000    0.00000000000000000000E+000    0.00000000000000000000E+000    0.00000000000000000000E+000    0.00000000000000000000E+000    0.00000000000000000000E+000    0.00000000000000000000E+000    0.00000000000000000000E+000    0.00000000000000000000E+000    0.00000000000000000000E+000    0.00000000000000000000E+000    0.00000000000000000000E+000    0.00000000000000000000E+000    0.00000000000000000000E+000    0.00000000000000000000E+000    0.00000000000000000000E+000    0.00000000000000000000E+000    0.00000000000000000000E+000    0.00000000000000000000E+000    0.00000000000000000000E+000    0.00000000000000000000E+000    0.00000000000000000000E+000    0.00000000000000000000E+000    0.00000000000000000000E+000    0.00000000000000000000E+000    0.00000000000000000000E+000    0.00000000000000000000E+000    0.00000000000000000000E+000    0.00000000000000000000E+000    0.00000000000000000000E+000    0.00000000000000000000E+000    0.00000000000000000000E+000    0.00000000000000000000E+000    1.24211772814713228410E-005    5.95030798695635412972E-005    1.46638490395579763198E-004    3.20000968981139059539E-004    6.96521205085368251553E-004    2.04527722281703117774E-003
   4.69156139621671461944E-004    4.78068618914517296827E-004    4.86595551299464127402E-004    4.94814348723873341680E-004    5.02732408395862250504E-004    5.10357047206024590918E-004    5.17695504411293098458E-004    5.24754944436469240171E-004    5.31542459765794962287E-004    5.38065073893769256139E-004    5.44329744302152326516E-004    5.50343365427421625166E-004    5.56112771580982473592E-004    5.61644739782601095518E-004    5.66945992466685454343E-004    5.72023200019682303424E-004    5.76882983107248519319E-004    5.81531914749567366112E-004    5.85976522104575598716E-004    5.90223287919939480599E-004    5.94278651616807988139E-004    5.98149009971194194242E-004    6.01840717361708959533E-004    6.05360085556504146607E-004    6.08713383016529284257E-004    6.11906833696774761847E-004    6.14946615332856070212E-004    6.17838857205592535161E-004    6.20589637382375236031E-004    6.23204979440304500382E-004    6.25690848682247994193E-004    6.28053147863865627448E-004    6.30297712455559649460E-004    6.32430305469878465026E-004    6.34456611891330720353E-004    6.36382232750618372953E-004    6.38212678891757461547E-004    6.39953364484603594471E-004    6.41609600340584552286E-004    6.43186587092525003870E-004    6.44688956474217134823E-004    6.46105442758649196715E-004    6.47458097716523627539E-004    6.48751579810632052030E-004    6.49990404497086246213E-004    6.51178938039473332276E-004    6.52321391656108238478E-004    6.53421816063363210432E-004    6.54484096474217493834E-004    7.04592452266251446404E-004    8.52972609227361719397E-004    1.16512602252188545056E-003    1.77269452124205820209E-003    2.96058035490236745937E-003    5.39239037088860666269E-003    1.15520501802132205538E-002
   0.00000000000000000000E+000    0.00000000000000000000E+000    0.00000000000000000000E+000    0.00000000000000000000E+000    0.00000000000000000000E+000    0.00000000000000000000E+000    0.00000000000000000000E+000    0.00000000000000000000E+000    0.00000000000000000000E+000    0.00000000000000000000E+000    0.00000000000000000000E+000    0.00000000000000000000E+000    0.00000000000000000000E+000    0.00000000000000000000E+000    0.00000000000000000000E+000    0.00000000000000000000E+000    0.00000000000000000000E+000    0.00000000000000000000E+000    0.00000000000000000000E+000    0.00000000000000000000E+000    0.00000000000000000000E+000    0.00000000000000000000E+000    0.00000000000000000000E+000    0.00000000000000000000E+000    0.00000000000000000000E+000    0.00000000000000000000E+000    0.00000000000000000000E+000    0.00000000000000000000E+000    0.00000000000000000000E+000    0.00000000000000000000E+000    0.00000000000000000000E+000    0.00000000000000000000E+000    0.00000000000000000000E+000    0.00000000000000000000E+000    2.49721939342411475022E-005    5.04593594168714268790E-005    7.51209211193552416248E-005    9.89738675914147151462E-005    1.22007169849986559494E-004    1.44121437920591592349E-004    1.65482576654946204843E-004    1.86107379277690063949E-004    2.05845079008154638236E-004    2.24879974934968164578E-004    2.43235198348056252775E-004    2.60912041289934767095E-004    2.77799852614406771450E-004    2.94062278503655620977E-004    3.09714973928699403155E-004    3.41800769532720220747E-004    4.20743370252563587009E-004    5.81575890857942618718E-004    8.86893498685752666201E-004    1.45611047406749125228E-003    2.55000042765737757605E-003    5.02368649609743339601E-003
   0.00000000000000000000E+000    0.00000000000000000000E+000    0.00000000000000000000E+000    0.00000000000000000000E+000    0.00000000000000000000E+000    0.00000000000000000000E+000    0.00000000000000000000E+000    0.00000000000000000000E+000    0.00000000000000000000E+000    0.00000000000000000000E+000    0.00000000000000000000E+000    0.00000000000000000000E+000    0.00000000000000000000E+000    0.00000000000000000000E+000    0.00000000000000000000E+000    0.00000000000000000000E+000    1.41586308597822871047E-006    2.66530353902803707352E-005    5.11293006894183153267E-005    7.48592414243230474874E-005    9.78570899396038687426E-005    1.20137322360101833499E-004    1.41562915948915995145E-004    1.62290508298536744576E-004    1.82347395350191814360E-004    2.01643961447637047255E-004    2.20241631517439478407E-004    2.38217355901568022484E-004    2.55584299893721941105E-004    2.72246039563695007343E-004    2.88293285933173798041E-004    3.03778518318814779679E-004    3.18715011056267081158E-004    3.33115863272927411037E-004    3.46993785841042442619E-004    3.60328039963674550891E-004    3.73077547113578053897E-004    3.85345954769919258210E-004    3.97145398997158507407E-004    4.08487842360983884147E-004    4.19385075857954937959E-004    4.29848721361135682577E-004    4.39890234583563259109E-004    4.49520908555295036803E-004    4.58751877600456308120E-004    4.67594121791853453620E-004    4.76058471851684096490E-004    4.84155614456634663875E-004    4.91896097896430458535E-004    5.30432088683443136654E-004    6.39852593218124686587E-004    8.68591500215770326819E-004    1.30594550047217431571E-003    2.13928152798868080955E-003    3.77410974392655392332E-003    7.43716584046954110737E-003
   7.69398928249412036341E-004    7.69836586521912397650E-004    7.70269306252925438361E-004    7.70697063079625599435E-004    7.71119837248040551451E-004    7.71537613547999497933E-004    7.71950381238810357486E-004    7.72358133966719018725E-004    7.72760869674999056195E-004    7.73158590507609200064E-004    7.73551302707155600223E-004    7.73939016507914682129E-004    7.74321746024587173433E-004    7.74699509137405308186E-004    7.75072327374143983311E-004    7.75440225789579920014E-004    7.75803232842854195023E-004    7.76161380273181363519E-004    7.76514702974297329682E-004    7.76863238868026519807E-004    7.77207028777265754652E-004    7.77546116298722658419E-004    7.77880547675670222345E-004    7.78210371670984453474E-004    7.78535639440682165902E-004    7.78856404408203835746E-004    7.79172722139614992200E-004    7.79484650219937021988E-004    7.79792248130765789163E-004    7.80095577129339507946E-004    7.80394700129221317864E-004    7.80689681582720702326E-004    7.80980587365195347456E-004    7.81267484661353570768E-004    7.81550441853670944080E-004    7.81829528413037662393E-004    7.82104814791722202302E-004    7.82376372318760557496E-004    7.82644273097842608708E-004    7.82908589907790387376E-004    7.83169396105683852591E-004    7.83426765532713653348E-004    7.83680772422814652528E-004    7.83931491314131929059E-004    7.84178996963361650552E-004    7.84423364263014521319E-004    7.84664668161623056128E-004    7.84902983586926181539E-004    8.14043244771078160563E-004    9.17395198259566961065E-004    1.14586698263405566307E-003    1.58256180315652318288E-003    2.39153665676423900915E-003    3.91519784700149631879E-003    6.92041051943067826030E-003    1.38060740392018203859E-002
   3.45751568002113270073E-004    3.58881537541996776478E-004    3.71510035580705888069E-004    3.83721310084702118062E-004    3.95524578539616458207E-004    4.06928946429876991792E-004    4.17943407871058101363E-004    4.28576846509906019770E-004    4.38838036696762425013E-004    4.48735644932656506639E-004    4.58278231590285637081E-004    4.67474252903985680423E-004    4.76332063220761354940E-004    4.84808700156235978119E-004    4.92938033331739118223E-004    5.00756106579897130628E-004    5.08270836786397996361E-004    5.15490054018345636271E-004    5.22421504924363623058E-004    5.29072856222189183938E-004    5.35451698233816732707E-004    5.41565548424777849952E-004    5.47421854901605537021E-004    5.53027999819176983333E-004    5.58391302647408532128E-004    5.63519023246586902784E-004    5.68418364699032805341E-004    5.73096475845878911351E-004    5.77560453478450719703E-004    5.81817344135152222061E-004    5.85874145458015215850E-004    5.89737807065760909903E-004    5.93415230904693392390E-004    5.96913271043327778483E-004    6.00238732882473575644E-004    6.03398371758440436527E-004    6.06398890923960328693E-004    6.09246938898420301728E-004    6.11949106187145751637E-004    6.14511921376879725366E-004    6.16941846623124878421E-004    6.19245272553177223025E-004    6.21428512616973866695E-004    6.23497796925381354838E-004    6.25459265624359397884E-004    6.27318961859417282591E-004    6.29082824392743840576E-004    6.30756679940632771983E-004    6.32346235304772187960E-004    6.80166921756738163292E-004    8.21816494683543863689E-004    1.11947987879284648234E-003    1.69774489134416487271E-003    2.82387943000763936424E-003    5.11263716533840936740E-003    1.07987582057671831215E-002
   5.32156944689367956622E-004    5.38779676663241795589E-004    5.45149087299862090093E-004    5.51271716766670960390E-004    5.57154048559959898593E-004    5.62802512061134213583E-004    5.68223485002245041336E-004    5.73423295805519932407E-004    5.78408225761294840332E-004    5.83184511008536204772E-004    5.87758344282737809142E-004    5.92135876396543046028E-004    5.96323217420533240214E-004    6.00326437532546310950E-004    6.04151567507025784656E-004    6.07804598818610674650E-004    6.11291483337043049795E-004    6.14618132594766156639E-004    6.17790416612388581900E-004    6.20814162271860359860E-004    6.23695151231716126035E-004    6.26439117384319289240E-004    6.29051743859675833136E-004    6.31538659586206680904E-004    6.33905435424082135468E-004    6.36157579892337424372E-004    6.38300534515836496922E-004    6.40339668824126801404E-004    6.42269757841710067260E-004    6.44095791620189015575E-004    6.45834363439199495190E-004    6.47490462855794838767E-004    6.49068979348050830239E-004    6.50574696180679845278E-004    6.52012284259090215549E-004    6.53386296029918075927E-004    6.54701159486925990394E-004    6.55961172341085890780E-004    6.57170496413026351649E-004    6.58333152304829975938E-004    6.59453014405458328925E-004    6.60533806282150243519E-004    6.61579096505842192966E-004    6.62592294955324312769E-004    6.63576649639897463324E-004    6.64535244075357208089E-004    6.65470995242514631700E-004    6.66386652151956825930E-004    6.67810412930798947412E-004    7.19982367756741487887E-004    8.73222321971218779120E-004    1.19501935989228878603E-003    1.82162121928266000290E-003    3.04899168232295684350E-003    5.57087804462526921950E-003    1.20090932731263307781E-002
   3.65348261357139258380E-004    3.77760203483821902816E-004    3.89762035949530773193E-004    4.01362814722224306441E-004    4.12571486111231919801E-004    4.23396887497953094970E-004    4.33847748329881739617E-004    4.43932691381349650139E-004    4.53660234282176710700E-004    4.63038791311210873401E-004    4.72076675449342492326E-004    4.80765311976116566789E-004    4.89068462371558738445E-004    4.97057781170479181729E-004    5.04741144834186159472E-004    5.12126342669386907039E-004    5.19221080080482875335E-004    5.26032981928554262303E-004    5.32569595960043565275E-004    5.38838396265138032913E-004    5.44846786722468618379E-004    5.50602104384647923069E-004    5.56111622757012925324E-004    5.61382554920164316900E-004    5.66422056446476960591E-004    5.71237228060317205752E-004    5.75835117992153501347E-004    5.80222723978258123935E-004    5.84406994859181785559E-004    5.88394831733594220191E-004    5.92193088626897785713E-004    5.95808572638822616166E-004    5.99248043538609057729E-004    6.02518212782417899621E-004    6.05625741933536461230E-004    6.08577240472627607401E-004    6.11379262992672021550E-004    6.14038305780425304643E-004    6.16560802794409554446E-004    6.18953121056846833001E-004    6.21221555485583021641E-004    6.23372323199203044568E-004    6.25411557336915638512E-004    6.27345300441573818992E-004    6.29179497461498211074E-004    6.30919988433038510592E-004    6.32572500911361300033E-004    6.34142642222202258633E-004    6.35635891610933367879E-004    6.83778756222143727604E-004    8.26370090844670752463E-004    1.12611476291378932550E-003    1.70860622342302757512E-003    2.84367739117535314394E-003    5.15318977633349648015E-003    1.09094247020945327165E-002
   6.51173780096719434334E-004    6.52845861971208482090E-004    6.54442039074812809303E-004    6.55966250939240755335E-004    6.57422361031425412856E-004    6.58814152854829784313E-004    6.60145326060038997382E-004    6.61419492596383501101E-004    6.62640172936777025262E-004    6.63810792408153879825E-004    6.64934677658435171858E-004    6.66015053291619868112E-004    6.67055038700246297895E-004    6.68057645123742950208E-004    6.69025772959443154608E-004    6.69962209350639763261E-004    6.70869626074447320853E-004    6.71750577748995167729E-004    6.72607500377535934451E-004    6.73442710243627373420E-004    6.74258403168877251677E-004    6.75056654141404071517E-004    6.75839417320243268129E-004    6.76608526417629306191E-004    6.77365695457699760335E-004    6.78112519907551176100E-004    6.78850478172928818200E-004    6.79580933448381790778E-004    6.80305135908774874856E-004    6.81024225226333260706E-004    6.81739233395291699576E-004    6.82451087843857122708E-004    6.83160614811434115448E-004    6.83868542967285518441E-004    6.84575507245728477265E-004    6.85282052871478519589E-004    6.85988639548483838948E-004    6.86695645784724060384E-004    6.87403373325287626525E-004    6.88112051666441145933E-004    6.88821842623257569842E-004    6.89532844924384768180E-004    6.90245098808007486943E-004    6.90958590594412222670E-004    6.91673257211516370919E-004    6.92388990651272764193E-004    6.93105642336381416735E-004    6.93823027378284305951E-004    7.05615643441918926650E-004    7.74503665489746379730E-004    9.51428639068372695997E-004    1.31108454214982276913E-003    2.00511919498702574291E-003    3.36281895267732510585E-003    6.16124460232961562028E-003    1.32701781419050941074E-002
   7.35687318173310891498E-004    7.36266469223167551068E-004    7.36843077895430386900E-004    7.37416991701140655917E-004    7.37988056344222875804E-004    7.38556116709456356856E-004    7.39121017777485348615E-004    7.39682605468113658041E-004    7.40240727413834869418E-004    7.40795233665512433373E-004    7.41345977332472897033E-004    7.41892815159473197409E-004    7.42435608043097916217E-004    7.42974221490322046628E-004    7.43508526022033369371E-004    7.44038397524437772508E-004    7.44563717551193654000E-004    7.45084373579322340429E-004    7.45600259221701846570E-004    7.46111274399146023190E-004    7.46617325474863082098E-004    7.47118325354102666251E-004    7.47614193551684514706E-004    7.48104856230048537863E-004    7.48590246210294922927E-004    7.49070302958643207715E-004    7.49544972550593327325E-004    7.50014207614903153157E-004    7.50477967259465710351E-004    7.50936216980945263517E-004    7.51388928559971504273E-004    7.51836079943534732126E-004    7.52277655116105549611E-004    7.52713643960895581811E-004    7.53144042112551263986E-004    7.53568850802456189318E-004    7.53988076697748011400E-004    7.54401731735011588792E-004    7.54809832949563655133E-004    7.55212402301131649658E-004    7.55609466496663423514E-004    7.56001056810946207160E-004    7.56387208905627897448E-004    7.56767962647181789693E-004    7.57143361924321727646E-004    7.57513454465307423807E-004    7.57878291655551946868E-004    7.58237928355898270320E-004    7.83058136897199301950E-004    8.77426183208545717312E-004    1.09234083285773050237E-003    1.51001547811024016896E-003    2.29418546965122482906E-003    3.79238270451828177882E-003    6.80052336141817419246E-003    1.39184920654192960388E-002
   4.65407922878045669530E-004    4.74459743307140439580E-004    4.83132826914597283789E-004    4.91471867994642034293E-004    4.99506818529865019921E-004    5.07245048369269879024E-004    5.14693848306781794218E-004    5.21860432858005265748E-004    5.28751943138888215457E-004    5.35375449816005775754E-004    5.41737956096383413938E-004    5.47846400721391560938E-004    5.53707660927815694014E-004    5.59328555336780896406E-004    5.64715846729925896250E-004    5.69876244671505363150E-004    5.74816407934425192307E-004    5.79542946688202278809E-004    5.84062424407843388575E-004    5.88381359463647558329E-004    5.92506226353909813340E-004    5.96443456544620137505E-004    6.00199438883998090920E-004    6.03780519562536924054E-004    6.07193001594077096106E-004    6.10443143797552542802E-004    6.13537159264568050104E-004    6.16481213303606868925E-004    6.19281420857005775356E-004    6.21943843393844798470E-004    6.24474485287450603414E-004    6.26879289693317077493E-004    6.29164133949474866335E-004    6.31334824527704572932E-004    6.33397091570506230555E-004    6.35356583054458995408E-004    6.37218858626594571344E-004    6.38989383165225856634E-004    6.40673520121769353962E-004    6.42276524703758633535E-004    6.43803536963119776675E-004    6.45253613368557371426E-004    6.46626842618965133776E-004    6.47939263036243114080E-004    6.49195453189104171136E-004    6.50399843905552174118E-004    6.51556712265996583813E-004    6.52670175973805565678E-004    6.53744188164221448449E-004    7.03770917709321992828E-004    8.51911236762437572810E-004    1.16356462387678873290E-003    1.77012790424246760704E-003    2.95590748913727476010E-003    5.38286739291149798903E-003    1.15269873129826838642E-002
