   1.04693896382970341036E-002    1.04856643935413891555E-002    1.05031926165644832333E-002    1.05220272904073038761E-002    1.05422231925926899315E-002    1.05653831162267793087E-002    1.05999845292629527038E-002    1.06554645354361970239E-002    1.07303953089882882915E-002    1.08154363646520389197E-002    1.09031835958833638045E-002    1.09906746746608243587E-002    1.10758724843072059452E-002    1.11546449110646542918E-002    1.12192298747081087296E-002    1.12710517620730633209E-002    1.13184023108321499262E-002    1.13673696299935664267E-002    1.14201244556062526253E-002    1.14772550736303973612E-002    1.15376909499555185129E-002    1.16002100798907933216E-002    1.16648703495518691470E-002    1.17317294870944721641E-002    1.18008448936135525165E-002    1.18722871851406897026E-002    1.19461828093020468872E-002    1.20226621176967966853E-002    1.21017392872346356281E-002    1.21833786646438051865E-002    1.22675830323354505963E-002    1.23543886489730636580E-002    1.24438533179600571005E-002    1.25360401355488031150E-002    1.26309913944884291692E-002    1.27287465702634727122E-002    1.28293420644613655884E-002    1.29328109493471680308E-002    1.30391827156077239752E-002    1.31484830253263719479E-002    1.32614639608064285858E-002    1.33991594058575150261E-002    1.35933703462419661068E-002    1.37659609381459192845E-002    1.39072582728559709236E-002    1.40471304081385521545E-002    1.41913379930445338051E-002    1.43500490451355169896E-002    1.32119427785265166481E-002    8.51650334279333356968E-003    4.71441653862107734607E-003    2.35190849520204190923E-003    1.04152301112234407614E-003    3.89067537501079337495E-004    1.09637065988608953184E-004    2.07962212487876373437E-005
   2.17182785802165732869E-002    2.18095766521102900348E-002    2.19000111650735386493E-002    2.19895722467133361566E-002    2.20782502486389087260E-002    2.21660357514840006266E-002    2.22529195694042870868E-002    2.23388927540686503537E-002    2.24239465981705930753E-002    2.25080726384918432259E-002    2.25912626585569632776E-002    2.26735086909220819040E-002    2.27548030191468582395E-002    2.28351381795016475373E-002    2.29145069624661912311E-002    2.29929024140774936058E-002    2.30703178371871146790E-002    2.31467467926881158291E-002    2.32221831007719953233E-002    2.32966208422747227125E-002    2.33700543601690555184E-002    2.34424782612576432239E-002    2.35138874181172845279E-002    2.35842769713409949883E-002    2.36536423321191090208E-002    2.37219791851946588956E-002    2.37892834922226494021E-002    2.38555514955555540701E-002    2.39207797224706142369E-002    2.39849649898467541520E-002    2.40481044092918615218E-002    2.41101953927128596911E-002    2.41712356583138193722E-002    2.42312232369995099457E-002    2.42901564791541020594E-002    2.43480340617580823248E-002    2.44048549957992695625E-002    2.44606186339270427477E-002    2.45153246782938566417E-002    2.45689731885218726193E-002    2.46215645897282092713E-002    2.46730996805380291270E-002    2.47235796410117565636E-002    2.47730060404091692594E-002    2.48213808447122867562E-002    2.48687064238272310945E-002    2.49149855583852136709E-002    2.40541964514114359197E-002    1.94951620012942111737E-002    1.35939097296812125282E-002    8.71493905040021145381E-003    5.30711742950691969800E-003    3.11374091257848742767E-003    1.76056498331714239049E-003    9.11960397612581819340E-004    2.92476799582194301862E-004
   2.27382029889462121408E-002    2.28100382077371377498E-002    2.28809716691785042242E-002    2.29509982313702148859E-002    2.30201129752739645784E-002    2.30883112068292137287E-002    2.31555884592503230524E-002    2.32219404955319730366E-002    2.32873633111870849410E-002    2.33518531372372481481E-002    2.34154064434718041376E-002    2.34780199419871438149E-002    2.35396905910135977036E-002    2.36004155990318965908E-002    2.36601924291770064623E-002    2.37190188039216633131E-002    2.37768927100274335418E-002    2.38338124037460949434E-002    2.38897764162492240447E-002    2.39447835592597503551E-002    2.39988329308544121043E-002    2.40519239214020789930E-002    2.41040562195993547656E-002    2.41552298185609380654E-002    2.42054450219195554928E-002    2.42547024498872658416E-002    2.43030030452280158826E-002    2.43503480790891874141E-002    2.43967391566388309976E-002    2.44421782224544803519E-002    2.44866675656087891266E-002    2.45302098243980332137E-002    2.45728079906595182902E-002    2.46144654136257676202E-002    2.46551858032645898611E-002    2.46949732330566176786E-002    2.47338321421642880205E-002    2.47717673369494788271E-002    2.48087839918002886486E-002    2.48448876492313903974E-002    2.48800842192264531905E-002    2.49143799777956885533E-002    2.49477815647260181553E-002    2.49802959805065921683E-002    2.50119305824172272201E-002    2.50426930797723046318E-002    2.50725915283187203442E-002    2.38886202309897370533E-002    1.92364958212455118558E-002    1.34265709152897629031E-002    8.64513492264267803533E-003    5.29982702208738228056E-003    3.13675136685511498497E-003    1.79090857825564748508E-003    9.34311036885714703976E-004    2.97712596795379660485E-004
   1.93459491469875587144E-002    1.94678940402801363418E-002    1.95892156802135626592E-002    1.97098979143587003937E-002    1.98299245498832939216E-002    1.99492793640999449556E-002    2.00679461159771720113E-002    2.01859085585734052137E-002    2.03031504523422147435E-002    2.04196555792467600299E-002    2.05354090812155352930E-002    2.06504133344137079387E-002    2.07646371071512764184E-002    2.08780588528248572944E-002    2.09906627312594212809E-002    2.11024330202671736578E-002    2.12133541328387610625E-002    2.13234106343266893724E-002    2.14325872594977144547E-002    2.15408689293315989965E-002    2.16482407674455264168E-002    2.17546881160277962020E-002    2.18601965511702502065E-002    2.19647518974964844896E-002    2.20683402419920710047E-002    2.21709479469542197760E-002    2.22725616619902228033E-002    2.23731683350076385186E-002    2.24727552221538062760E-002    2.25713098966776187781E-002    2.26688202567018950995E-002    2.27652745319115654143E-002    2.28606612891783037012E-002    2.29549694371586482378E-002    2.30481882299176828177E-002    2.31403072696449337020E-002    2.32313165085428589840E-002    2.33212062499798533644E-002    2.34099671490111856109E-002    2.34975902123798000010E-002    2.35840667981157998956E-002    2.36693886148593990448E-002    2.37535477210346762655E-002    2.38365365240025793570E-002    2.39183477793210967632E-002    2.39989745902366539976E-002    2.40784104075263578892E-002    2.38427930318952548128E-002    1.94652768162527738116E-002    1.34918901218696613703E-002    8.55297516218824285805E-003    5.12838202751223631859E-003    2.94865149817066275750E-003    1.62784185315908731112E-003    8.25443847893197091455E-004    2.65053325418383657792E-004
   2.27642448826823502739E-002    2.28354942851690112526E-002    2.29058419517899486406E-002    2.29752828739577703854E-002    2.30438122659104120682E-002    2.31114255669205570509E-002    2.31781184436980168539E-002    2.32438867930106173032E-002    2.33087267445451565284E-002    2.33726346640262851173E-002    2.34356071566069606993E-002    2.34976410705397230350E-002    2.35587335011331368284E-002    2.36188817949935757345E-002    2.36780835545470809411E-002    2.37363366428314480350E-002    2.37936391885440884364E-002    2.38499895913259762903E-002    2.39053865272578699996E-002    2.39598289545402132195E-002    2.40133161193242516962E-002    2.40658475616577008371E-002    2.41174231215048641419E-002    2.41680429447978031843E-002    2.42177074894724918275E-002    2.42664175314410181239E-002    2.43141741704493569154E-002    2.43609788357685881632E-002    2.44068332916660933607E-002    2.44517396426031236034E-002    2.44957003381049802371E-002    2.45387181772500871657E-002    2.45807963127257465830E-002    2.46219382543995356227E-002    2.46621478723569875768E-002    2.47014293993591121934E-002    2.47397874326753496044E-002    2.47772269352515978058E-002    2.48137532361758124388E-002    2.48493720304080560612E-002    2.48840893777459229441E-002    2.49179117010008416289E-002    2.49508457833654412328E-002    2.49828987649571114538E-002    2.50140781385280522309E-002    2.50443917443369384879E-002    2.50738477641829042575E-002    2.38806014590408101361E-002    1.92259071209171100714E-002    1.34192266252809219024E-002    8.64132673057896143198E-003    5.29841172543360321157E-003    3.13662964660473431860E-003    1.79128299696564908562E-003    9.34660446264917407246E-004    2.97756717144596243577E-004
   2.34984849886955698972E-002    2.35497305725787184350E-002    2.36001160194133155490E-002    2.36496409876080712631E-002    2.36983053894537290529E-002    2.37461093956530290561E-002    2.37930534398039482402E-002    2.38391382228034971746E-002    2.38843647171379409866E-002    2.39287341710244585991E-002    2.39722481123687790328E-002    2.40149083525028582409E-002    2.40567169896666391282E-002    2.40976764121984508848E-002    2.41377893013987217252E-002    2.41770586340332889475E-002    2.42154876844428816607E-002    2.42530800262277523860E-002    2.42898395334773808951E-002    2.43257703815176716533E-002    2.43608770471501097366E-002    2.43951643083598727901E-002    2.44286372434724882718E-002    2.44613012297414736396E-002    2.44931619413526618922E-002    2.45242253468334406308E-002    2.45544977058591885888E-002    2.45839855654516881156E-002    2.46126957555683097134E-002    2.46406353840837831493E-002    2.46678118311697662512E-002    2.46942327430810203148E-002    2.47199060253597939496E-002    2.47448398354739376725E-002    2.47690425749065822048E-002    2.47925228807186169566E-002    2.48152896166079217632E-002    2.48373518634918792614E-002    2.48587189096419677869E-002    2.48794002404017916552E-002    2.48994055275213663214E-002    2.49187446181427553482E-002    2.49374275234731969386E-002    2.49554644071834225150E-002    2.49728655735694839157E-002    2.49896414555176304972E-002    2.50058026023115900771E-002    2.35032446030611838483E-002    1.87679679397426205090E-002    1.30903492530486977030E-002    8.45431756664143281566E-003    5.21061946985314477371E-003    3.10585286154967023936E-003    1.78661626263032329021E-003    9.36254600518948666352E-004    2.95783399190358595003E-004
   1.11117080973123678878E-002    1.11569192991254530906E-002    1.12008741939624047179E-002    1.12474489107782221059E-002    1.12978382539468055756E-002    1.13516437107761495456E-002    1.14072161193162907589E-002    1.14646031182266405768E-002    1.15238523163576564445E-002    1.15850111747465862183E-002    1.16481268808163833384E-002    1.17132593954813457593E-002    1.17805110019223585605E-002    1.18499902261942659243E-002    1.19217273160631461598E-002    1.19956941214261238182E-002    1.20718790383225506313E-002    1.21503038606757176460E-002    1.22310178847856842327E-002    1.23140747355717904837E-002    1.23995101892371700769E-002    1.24873579328149564988E-002    1.25776493777163943938E-002    1.26704134736739769396E-002    1.27656765243159327911E-002    1.28634620056703972979E-002    1.29637903889477622277E-002    1.30750962539483480546E-002    1.32185461067077947989E-002    1.33847773654404075816E-002    1.35341725081770964528E-002    1.36645952727454649683E-002    1.37924113250436786854E-002    1.39307587799164089154E-002    1.40891305877752157083E-002    1.42657273830291905781E-002    1.44487467406725234725E-002    1.46333809601016714280E-002    1.48181563127457206763E-002    1.50028566410042030199E-002    1.51876065901915685563E-002    1.53725624570723497925E-002    1.55574857432151363729E-002    1.57422224692723260187E-002    1.59267783013199576425E-002    1.61113532839163992039E-002    1.62959452547067722150E-002    1.64802946972638260370E-002    1.47086965027765220748E-002    9.90401436532791813738E-003    5.75650821202526759290E-003    3.04947765269669886223E-003    1.47424985253231249915E-003    6.39254519499039830510E-004    2.40072716696067918387E-004    6.20487892724643473347E-005
   1.04211231700645744203E-002    1.04237018070724753172E-002    1.04270177587409765274E-002    1.04311066437676198265E-002    1.04360056693667876265E-002    1.04417536904978843632E-002    1.04483912696457514890E-002    1.04559607369141011751E-002    1.04645062501560002360E-002    1.04740738548244408102E-002    1.04847115431820642889E-002    1.04964693124606333469E-002    1.05093992215091053266E-002    1.05235554454129517227E-002    1.05389943275073887097E-002    1.05557744281433128763E-002    1.05739565694970543558E-002    1.05936038756437572034E-002    1.06147818070398691770E-002    1.06380509803657152812E-002    1.06687165186763154023E-002    1.07192545982949527517E-002    1.07935945599792332272E-002    1.08826294046568006896E-002    1.09765631868899010692E-002    1.10709910314109264556E-002    1.11646806857188495010E-002    1.12563564124528361216E-002    1.13345066058151752036E-002    1.13943214344526689424E-002    1.14456825499225992027E-002    1.14976693214970168005E-002    1.15535243111640033298E-002    1.16140082578983384193E-002    1.16794706934723081793E-002    1.17480664583248829713E-002    1.18191488849073884915E-002    1.18927890182635581651E-002    1.19690574920140093557E-002    1.20480370231940137060E-002    1.21298948473107896795E-002    1.22147887302490668060E-002    1.23026885002138434283E-002    1.23935595818199413565E-002    1.24874308827296887081E-002    1.25843556809863647145E-002    1.26844029335906743894E-002    1.27876454466239811159E-002    1.22238010711348734499E-002    7.64223861324752565954E-003    4.06182394287722767917E-003    1.92375557061221251140E-003    7.90601074282723027299E-004    2.60860479383826979454E-004    5.54240976998698312191E-005    1.03029223383628121074E-007
   1.24424560394546974973E-002    1.25263155902384862306E-002    1.26121745742223748121E-002    1.27091043564031558333E-002    1.28312509192758071597E-002    1.29692407271631872379E-002    1.31001859973166566442E-002    1.32183165316980214682E-002    1.33329862792275766203E-002    1.34560295592382212632E-002    1.36016685737301284281E-002    1.37613827824689810564E-002    1.39274253127009868536E-002    1.40938538084230714775E-002    1.42605269196890687561E-002    1.44272109375018862260E-002    1.45938998790961817209E-002    1.47606975019615657696E-002    1.49276040713707501550E-002    1.50944405402221107360E-002    1.52611316921295123855E-002    1.54278204252068385643E-002    1.55945615222091975988E-002    1.57612036594785079324E-002    1.59276348620608770856E-002    1.60938887522671728036E-002    1.62599605391008476818E-002    1.64258265276069001515E-002    1.65914980765679599684E-002    1.67570049547456981220E-002    1.69222601902357314141E-002    1.70871774713832781656E-002    1.72517657364179496926E-002    1.74160009037451907199E-002    1.75798587793823783698E-002    1.77433150454707790067E-002    1.79063452483877033616E-002    1.80689247865966004514E-002    1.82310288983957777265E-002    1.83926326497492013956E-002    1.85537109224050353329E-002    1.87142384025280293647E-002    1.88742048152304060793E-002    1.90336155397132535116E-002    1.91924088522322407180E-002    1.93505452737746212744E-002    1.95079984521373886452E-002    1.96647417961158636757E-002    1.68662669982062585206E-002    1.17044173030124033091E-002    7.14785584447077612658E-003    4.03504491170793636035E-003    2.13230889931374919741E-003    1.05131030294670804563E-003    4.67020543227744753395E-004    1.34341016531731340111E-004
   1.99528769483804241380E-002    2.00682901292827328699E-002    2.01830282215926491707E-002    2.02970646600606416388E-002    2.04103755894790746261E-002    2.05229457975516123291E-002    2.06347601340237281342E-002    2.07458035254205128139E-002    2.08560609900947449558E-002    2.09655176534881346195E-002    2.10741587635043040039E-002    2.11819697058899664155E-002    2.12889360195193423630E-002    2.13950434114776322225E-002    2.15002777718404404494E-002    2.16046251880501367915E-002    2.17080719587943553328E-002    2.18106046072985178264E-002    2.19122098939512240101E-002    2.20128748281912325901E-002    2.21125866795938291753E-002    2.22113329881063296944E-002    2.23091015733938476118E-002    2.24058805432694012338E-002    2.25016583011958017091E-002    2.25964235528595333569E-002    2.26901653118310904500E-002    2.27828729043389258124E-002    2.28745359731975274331E-002    2.29651444809421886872E-002    2.30546887122346083610E-002    2.31431592756140003253E-002    2.32305471046777775590E-002    2.33168434587835080030E-002    2.34020399233708688291E-002    2.34861284100067978231E-002    2.35691011562605204355E-002    2.36509507255167200634E-002    2.37316700068349074881E-002    2.38112522149611025024E-002    2.38896908905945962176E-002    2.39669799010070426470E-002    2.40431134411047235655E-002    2.41180860350164900929E-002    2.41918925382805793944E-002    2.42645281406925414358E-002    2.43359883698655264650E-002    2.39483227604744310091E-002    1.95281945059597276948E-002    1.35612804125518088966E-002    8.62285897044766033726E-003    5.19099235574447745445E-003    3.00024120565198617119E-003    1.66682086850970562382E-003    8.50337198897451406431E-004    2.73421142777184535307E-004
   1.08912336379905633210E-002    1.08783214787206723023E-002    1.08655413929820959112E-002    1.08529024764263334890E-002    1.08404143017896172074E-002    1.08280869450303289525E-002    1.08159310129458795940E-002    1.08039576723511603074E-002    1.07921786809049933403E-002    1.07806064196745918227E-002    1.07692539275326352316E-002    1.07581349374852863754E-002    1.07472639150339704245E-002    1.07366560986777263842E-002    1.07263275426668948376E-002    1.07162951621232894334E-002    1.07065767806452365879E-002    1.06971911805199201839E-002    1.06881581556684587125E-002    1.06794985674520427621E-002    1.06712344034697991652E-002    1.06633888394808088590E-002    1.06559863045835260392E-002    1.06490525497858531251E-002    1.06426147200980869556E-002    1.06367014302783547547E-002    1.06313428443560783337E-002    1.06265707590532457183E-002    1.06224186912150884293E-002    1.06189219693511114478E-002    1.06161178293740533773E-002    1.06140455146075431136E-002    1.06127463801122794845E-002    1.06122640013560018413E-002    1.06126442872219103886E-002    1.06139355973151605639E-002    1.06161888634844717855E-002    1.06194577154271746489E-002    1.06237986101885562018E-002    1.06292709653004850689E-002    1.06359372952280224062E-002    1.06438633507062070660E-002    1.06531182604497551281E-002    1.06637746746066890829E-002    1.06759089092002597970E-002    1.06896010906619466641E-002    1.07049352993997884398E-002    1.07219997111706443621E-002    1.07408867348306596989E-002    7.06107974000239144857E-003    3.65255325356247809512E-003    1.64254163322499150551E-003    6.26751426755153178208E-004    1.84211360223923811992E-004    3.14350290209971868654E-005    0.00000000000000000000E+000
   1.08465418440094642227E-002    1.08341531037490605704E-002    1.08219150943794015229E-002    1.08098377745932811012E-002    1.07979316237395150946E-002    1.07862076701972491727E-002    1.07746775213363003842E-002    1.07633533951492499359E-002    1.07522481536446203043E-002    1.07413753380946001142E-002    1.07307492062343225181E-002    1.07203847715135469620E-002    1.07102978445054401041E-002    1.07005050765805725249E-002    1.06910240059577277272E-002    1.06818731062462337483E-002    1.06730718375974524548E-002    1.06646407005853566252E-002    1.06566012929381667002E-002    1.06489763692442784837E-002    1.06417899037561328873E-002    1.06350671564155452309E-002    1.06288347422221832184E-002    1.06231207040644367451E-002    1.06179545891274436376E-002    1.06133675289869500169E-002    1.06093923234896244517E-002    1.06060635285099343766E-002    1.06034175476601329191E-002    1.06014927280138407384E-002    1.06003294598831857010E-002    1.05999702806656229126E-002    1.06004599827472668211E-002    1.06018457254157937725E-002    1.06041771506953722004E-002    1.06075065029696252034E-002    1.06118887522041599469E-002    1.06173817205174932793E-002    1.06240462117777028500E-002    1.06319461438199626413E-002    1.06411486827871909489E-002    1.06517243789909874657E-002    1.06637473035715371616E-002    1.06772951851030837439E-002    1.06924495451437596982E-002    1.07092958315653640627E-002    1.07279235483180163113E-002    1.07484263800876160555E-002    1.07709023100878466261E-002    7.03217331166895980726E-003    3.63733595543348905629E-003    1.63837772421769611864E-003    6.26830903832367009564E-004    1.85060755856572176862E-004    3.18852644321165814168E-005    0.00000000000000000000E+000
   1.16650335659942080979E-002    1.16471276633266489914E-002    1.16292043296308926503E-002    1.16112659869206796825E-002    1.15933151914320888010E-002    1.15753546410877691808E-002    1.15573871834096543465E-002    1.15394158239088568535E-002    1.15214437349834900037E-002    1.15034742653572601145E-002    1.14855109500937562633E-002    1.14675575212239040657E-002    1.14496179190264699838E-002    1.14316963040042365862E-002    1.14137970696014477007E-002    1.13959248557110766342E-002    1.13780845630239383498E-002    1.13602813682751151159E-002    1.13425207404469208239E-002    1.13248084579917925041E-002    1.13071506271426747842E-002    1.12895537013831068901E-002    1.12720245021541778940E-002    1.12545702408806992667E-002    1.12371985424045348068E-002    1.12199174699189295479E-002    1.12027355515041393552E-002    1.11856618083711594619E-002    1.11687057849277262406E-002    1.11518775807882639800E-002    1.11351878848574056130E-002    1.11186480116254194500E-002    1.11022699398227973899E-002    1.10860663535907802424E-002    1.10700506863347179071E-002    1.10542371674376589674E-002    1.10386408720227965907E-002    1.10232777739649890486E-002    1.10081648023636971545E-002    1.09933199017025369504E-002    1.09787620959336112980E-002    1.09645115567386774308E-002    1.09505896762328597954E-002    1.09370191443914060309E-002    1.09238240314941132542E-002    1.09110298758970519772E-002    1.08986637774557311442E-002    1.08867544969382685355E-002    1.08753325617812236781E-002    7.83704592068910910196E-003    4.08209121756069291675E-003    1.81601041871670481828E-003    6.80281423151128314397E-004    1.93915581955558168027E-004    3.09759758399022930536E-005    0.00000000000000000000E+000
   2.32080045990805915179E-002    2.32681757997828392304E-002    2.33274580804223030661E-002    2.33858489508884936914E-002    2.34433461549261798473E-002    2.34999476743863455752E-002    2.35556517336710721788E-002    2.36104568043563889379E-002    2.36643616099741875558E-002    2.37173651309301770918E-002    2.37694666095320528143E-002    2.38206655550989715442E-002    2.38709617491202480410E-002    2.39203552504290255232E-002    2.39688464003542413272E-002    2.40164358278121409240E-002    2.40631244542971536871E-002    2.41089134987305594993E-002    2.41538044821244038407E-002    2.41977992320177651142E-002    2.42408998866419402030E-002    2.42831088987719156957E-002    2.43244290392213152741E-002    2.43648633999397415395E-002    2.44044153966721799609E-002    2.44430887711423010245E-002    2.44808875927230371050E-002    2.45178162595606659313E-002    2.45538794991209015361E-002    2.45890823681288728242E-002    2.46234302518774893220E-002    2.46569288628827425203E-002    2.46895842388676657608E-002    2.47214027400608250817E-002    2.47523910457987696143E-002    2.47825561504262173451E-002    2.48119053584916135491E-002    2.48404462792401019289E-002    2.48681868204095254948E-002    2.48951351813397510349E-002    2.49212998454091602674E-002    2.49466895718161961459E-002    2.49713133867274748867E-002    2.49951805738176519034E-002    2.50183006642295743815E-002    2.50406834259861051095E-002    2.50623388528883918325E-002    2.36966266784576808091E-002    1.89956657622898580917E-002    1.32559318234448178520E-002    8.55142626019149247607E-003    5.25920801741399258217E-003    3.12590485302933302966E-003    1.79282159575101297279E-003    9.37973408988828521483E-004    2.97473259073233653373E-004
   2.28527324116787368402E-002    2.29219456812306508764E-002    2.29902577967162971562E-002    2.30576642110448017109E-002    2.31241606002772666362E-002    2.31897428661980292697E-002    2.32544071391113174596E-002    2.33181497808814010286E-002    2.33809673882296141512E-002    2.34428567962979908512E-002    2.35038150824845963605E-002    2.35638395705510227118E-002    2.36229278349984021801E-002    2.36810777057032371962E-002    2.37382872727996858953E-002    2.37945548917908832054E-002    2.38498791888669472994E-002    2.39042590664032758574E-002    2.39576937086087675410E-002    2.40101825872895413561E-002    2.40617254676905693855E-002    2.41123224143741446412E-002    2.41619737970914030822E-002    2.42106802966007769728E-002    2.42584429103851091647E-002    2.43052629582176348000E-002    2.43511420875260099772E-002    2.43960822785026093529E-002    2.44400858489095540449E-002    2.44831554585269520197E-002    2.45252941131935131569E-002    2.45665051683901999868E-002    2.46067923323191502238E-002    2.46461596684321368467E-002    2.46846115973655584608E-002    2.47221528982416276221E-002    2.47587887092992932347E-002    2.47945245278213752260E-002    2.48293662093288583503E-002    2.48633199660175906176E-002    2.48963923644165072147E-002    2.49285903222519582279E-002    2.49599211045068367087E-002    2.49903923186687131064E-002    2.50200119091653454262E-002    2.50487881509919504963E-002    2.50767296425386670977E-002    2.38513909967010759305E-002    1.91878635736513064591E-002    1.33926872058419219741E-002    8.62734585706167317332E-003    5.29297304676834903803E-003    3.13585387329889768437E-003    1.79235170070388529287E-003    9.35736139091344508098E-004    2.97862571194794779721E-004
   1.04905605822344615008E-002    1.04865822783457036255E-002    1.04830803017312082503E-002    1.04800793957106775506E-002    1.04776055065307106828E-002    1.04756858394689945230E-002    1.04743489170223188361E-002    1.04736246391745630585E-002    1.04735443457273248030E-002    1.04741408806596925790E-002    1.04754486584652684728E-002    1.04775037323935494432E-002    1.04803438644986909867E-002    1.04840085973715250317E-002    1.04885393273999611569E-002    1.04939793793683757567E-002    1.05003740821678747536E-002    1.05077708453462682903E-002    1.05162192361785596095E-002    1.05257710568859210593E-002    1.05364804215724427311E-002    1.05484038323852089697E-002    1.05616002543329687291E-002    1.05761311881226883341E-002    1.05920607402909573713E-002    1.06094556898185324312E-002    1.06283855503215667049E-002    1.06489226268120656949E-002    1.06711420659138089134E-002    1.06951888478646756075E-002    1.07233844360092433340E-002    1.07747488880073766238E-002    1.08545123919796780709E-002    1.09496674663832303798E-002    1.10491455759496592925E-002    1.11489849953588012615E-002    1.12482160069858651286E-002    1.13459214416247906876E-002    1.14335396395051098334E-002    1.14979912404131797560E-002    1.15516993690986356780E-002    1.16066313818250499423E-002    1.16659964367104990179E-002    1.17303139278936048584E-002    1.17999242894389205771E-002    1.18739768065740849273E-002    1.19508249901385567304E-002    1.20305516232406834592E-002    1.18065655497644559496E-002    7.29819332170176474778E-003    3.81320925835198273196E-003    1.76707065571812403822E-003    7.04801097141345006536E-004    2.22168435346007119057E-004    4.35248664031800334669E-005    0.00000000000000000000E+000
   2.03524612573508026370E-002    2.04631756051714373823E-002    2.05731505984536461318E-002    2.06823717574602349012E-002    2.07908246921226884385E-002    2.08984951162009061076E-002    2.10053688615289661790E-002    2.11114318922537569367E-002    2.12166703189728342305E-002    2.13210704126783091861E-002    2.14246186184154918664E-002    2.15273015685681010090E-002    2.16291060956867141341E-002    2.17300192447822185238E-002    2.18300282850136875834E-002    2.19291207207076739583E-002    2.20272843016549937922E-002    2.21245070326412558714E-002    2.22207771821778705956E-002    2.23160832904114279918E-002    2.24104141762012827599E-002    2.25037589433665329020E-002    2.25961069861160580852E-002    2.26874479936865700025E-002    2.27777719542249998397E-002    2.28670691579626536583E-002    2.29553301997384301414E-002    2.30425459809374885700E-002    2.31287077109203556557E-002    2.32138069080240656838E-002    2.32978354002226287212E-002    2.33807853255389337666E-002    2.34626491323023760038E-002    2.35434195793485720460E-002    2.36230897362570205211E-002    2.37016529837208375642E-002    2.37791030141403757214E-002    2.38554338325268101839E-002    2.39306397577970716983E-002    2.40047154245338380252E-002    2.40776557852756742384E-002    2.41494561133941548769E-002    2.42201120066035426037E-002    2.42896193911381723385E-002    2.43579745266213204546E-002    2.44251740116369041311E-002    2.44912147900038686121E-002    2.40013868086894552323E-002    1.95518108188147618498E-002    1.35929820788917819774E-002    8.65971157634615879006E-003    5.22683748149747624129E-003    3.03128298403133010497E-003    1.69095444394975341629E-003    8.65898851539498456108E-004    2.78503417246903897577E-004
   1.04154103731089880958E-002    1.04212722947386749600E-002    1.04279999322505340098E-002    1.04356338005866522423E-002    1.04442161281411514256E-002    1.04537909108598607577E-002    1.04644039656008516065E-002    1.04761029823760652008E-002    1.04889375750480615124E-002    1.05029593300061362127E-002    1.05182218522931088256E-002    1.05347808085978662807E-002    1.05526939664693404641E-002    1.05720212290456201665E-002    1.05928246645270972282E-002    1.06158647946533509637E-002    1.06471481405326171693E-002    1.06978003094959205760E-002    1.07708362578689334499E-002    1.08579050294738115728E-002    1.09498196512669478814E-002    1.10422222223690077308E-002    1.11338334307172180659E-002    1.12232794039868136876E-002    1.12984695407872606787E-002    1.13558697997693577170E-002    1.14057236547183207809E-002    1.14565236381493351647E-002    1.15111584107102631752E-002    1.15703237353784564589E-002    1.16343587995421122311E-002    1.17009954170017513309E-002    1.17700095950200502720E-002    1.18414682809727857954E-002    1.19154380522541545467E-002    1.19919961467722189369E-002    1.20712879008933078595E-002    1.21534760221055689738E-002    1.22385515733218833145E-002    1.23264735896594767456E-002    1.24172599454025183591E-002    1.25109586169170287212E-002    1.26076333221480773455E-002    1.27073561673586368781E-002    1.28101750397068923221E-002    1.29161342890801843913E-002    1.30252744007141214866E-002    1.31376316700817733635E-002    1.24245772251719930473E-002    7.80213079101851111202E-003    4.17610417386636394166E-003    1.99621534416133394885E-003    8.31072601544604683613E-004    2.79747877723428176131E-004    6.15620584709346686629E-005    3.74333218767617008504E-007
   1.17467582762632062610E-002    1.18139362561924428363E-002    1.18830537524876201499E-002    1.19541163867284746386E-002    1.20271601091414669787E-002    1.21022355201018567972E-002    1.21793733083624070718E-002    1.22586025951406472206E-002    1.23399507954423028749E-002    1.24234434792977032486E-002    1.25091042337134340789E-002    1.25969545261825251192E-002    1.26870135706309630774E-002    1.27792981967048951270E-002    1.28850442728620177141E-002    1.30204155246482645297E-002    1.31695810966734189185E-002    1.33066080821667414441E-002    1.34301130160093071947E-002    1.35513509101889816771E-002    1.36822228824136100239E-002    1.38360715309824803404E-002    1.40038669718564254274E-002    1.41776930414632511279E-002    1.43519035104194437463E-002    1.45262861741534063387E-002    1.47006315640443845777E-002    1.48750223778314188267E-002    1.50495811333540008281E-002    1.52241667390442328434E-002    1.53986084810089872421E-002    1.55728890647434548705E-002    1.57472069990594182309E-002    1.59215538822376455330E-002    1.60957188213282295641E-002    1.62696296247457350415E-002    1.64433462008100675367E-002    1.66168421370451249719E-002    1.67900909535982252596E-002    1.69631183234643587165E-002    1.71359336049666591273E-002    1.73084248754835842710E-002    1.74805327356608031231E-002    1.76522557451473244283E-002    1.78235668832877128254E-002    1.79944389776497230826E-002    1.81648446889615192146E-002    1.83347564957129331720E-002    1.59779586592635712561E-002    1.09938668681144186001E-002    6.59621075572631911793E-003    3.63792078481247130317E-003    1.86188439829542361735E-003    8.78251528550943278903E-004    3.69345249415452357017E-004    1.02310301340299136938E-004
   1.32382068797166161517E-002    1.33697447893662019897E-002    1.35201539517210787139E-002    1.36781367405188480912E-002    1.38388051608102410212E-002    1.39997905531208857027E-002    1.41609371219673235709E-002    1.43220774639944876949E-002    1.44832646385779032633E-002    1.46446083881892220174E-002    1.48060068110176263484E-002    1.49672969424388714599E-002    1.51284656320335320762E-002    1.52896932109760404911E-002    1.54509519460383475814E-002    1.56120796375705597758E-002    1.57730080437314124087E-002    1.59337888536668637052E-002    1.60944002711689883311E-002    1.62548204562487468017E-002    1.64151048739401353438E-002    1.65752276668388945358E-002    1.67350661460366582911E-002    1.68946116059731504810E-002    1.70538522368072625879E-002    1.72127658705272627848E-002    1.73713302435477764951E-002    1.75295229871414506850E-002    1.76873216175249155235E-002    1.78447035257056803303E-002    1.80016459672144267523E-002    1.81581260518649603708E-002    1.83141207337011967249E-002    1.84696182470966349665E-002    1.86246371633767421327E-002    1.87791093518111552874E-002    1.89329995749897492252E-002    1.90862839457906253993E-002    1.92389383750978387733E-002    1.93909385686928011083E-002    1.95422600260254791804E-002    1.96928780410851669846E-002    1.98427677055798210026E-002    1.99919039146170367249E-002    2.01402613750594865205E-002    2.02878146167024472901E-002    2.04345380063914311419E-002    2.05804057651637513360E-002    1.74629888818810079243E-002    1.21525405886086235174E-002    7.49526926897428787122E-003    4.29033948791423484087E-003    2.31042135337065001818E-003    1.16878799826647069605E-003    5.35636308319611302922E-004    1.58047558750440880542E-004
   1.04201307967237213892E-002    1.04229663379978038790E-002    1.04265493186702952466E-002    1.04309157554078844876E-002    1.04361032648788189248E-002    1.04421511227360801904E-002    1.04491003230624702330E-002    1.04569936380276059390E-002    1.04658756774691254210E-002    1.04757929480687461687E-002    1.04867939117488460227E-002    1.04989290428661331128E-002    1.05122508837262266385E-002    1.05268140978860644946E-002    1.05426755206506645585E-002    1.05598942061058426872E-002    1.05785314699608171823E-002    1.05986509274027581456E-002    1.06203185250910905196E-002    1.06446723724347054596E-002    1.06810243112891323919E-002    1.07401845640460492926E-002    1.08204478038600292872E-002    1.09115379906860807124E-002    1.10056364363375416837E-002    1.10996976082935652069E-002    1.11926571019304518795E-002    1.12825034888959438439E-002    1.13542672423852745306E-002    1.14089320076522626052E-002    1.14591951418494750192E-002    1.15120964071628549552E-002    1.15693245402413123768E-002    1.16313045934088084982E-002    1.16981180918619472736E-002    1.17673615769820442273E-002    1.18391058841514178190E-002    1.19134215973326143545E-002    1.19903788123423872547E-002    1.20700701342409122407E-002    1.21527140982413042053E-002    1.22383820619633831156E-002    1.23270237014773496181E-002    1.24186299270943479450E-002    1.25132414595270739788E-002    1.26109128776046176129E-002    1.27117231143048323855E-002    1.28157329549425970383E-002    1.22398034609458618294E-002    7.65507705248944306242E-003    4.07100618882343806559E-003    1.92955462038907365509E-003    7.93814532752484705407E-004    2.62341749475263183358E-004    5.58961682785307328023E-005    1.18234987403700103514E-007
   1.32335253514890126975E-002    1.33637606172223085549E-002    1.35135322036424362219E-002    1.36712102921255369142E-002    1.38318919364841998870E-002    1.39928958044211893680E-002    1.41540714997603744169E-002    1.43152404942269231847E-002    1.44764522109827285801E-002    1.46378230154853312267E-002    1.47992566896886206668E-002    1.49605838365120622641E-002    1.51217798669361757485E-002    1.52830347094388419027E-002    1.54443290476296343078E-002    1.56054967743778725403E-002    1.57664619579681759831E-002    1.59272804900166334297E-002    1.60879305661804639094E-002    1.62483903385413248899E-002    1.64087105029700995595E-002    1.65688715555524224143E-002    1.67287549047402742119E-002    1.68883437726838891990E-002    1.70476286999159329372E-002    1.72065875122464420621E-002    1.73651979402571002287E-002    1.75234376097412360151E-002    1.76812840317933650525E-002    1.78387145926541500207E-002    1.79957065434347800170E-002    1.81522369898621284412E-002    1.83082828822039266059E-002    1.84638292235373563388E-002    1.86189003987001812368E-002    1.87734264539304550323E-002    1.89273713760162408393E-002    1.90807112750636560794E-002    1.92334220591905309672E-002    1.93854794313382122750E-002    1.95368588879554425097E-002    1.96875357197750025517E-002    1.98374850148928145999E-002    1.99866816643436626122E-002    2.01351003703474605577E-002    2.02827156573753795976E-002    2.04295018861548084710E-002    2.05754332706991824309E-002    1.74597883641145756872E-002    1.21502090327738048597E-002    7.49346488941534695505E-003    4.28900119339032520616E-003    2.30947607543933227520E-003    1.16815570132113564529E-003    5.35261230099385817462E-004    1.57915012502265832660E-004
   1.06946095757717209856E-002    1.06845098320678434656E-002    1.06746458383658645447E-002    1.06650314876230827010E-002    1.06556813879023683928E-002    1.06466109002078344187E-002    1.06378361782947985364E-002    1.06293742105436610917E-002    1.06212428639889371745E-002    1.06134609305960948833E-002    1.06060481758797880286E-002    1.05990253899573803886E-002    1.05924144411313585212E-002    1.05862383320932881836E-002    1.05805212588398287604E-002    1.05752886723884421960E-002    1.05705673433760926477E-002    1.05663854296185744097E-002    1.05627725467007781840E-002    1.05597598416589631698E-002    1.05573800698048007179E-002    1.05556676747269959776E-002    1.05546588714898331718E-002    1.05543917330281310230E-002    1.05549062797148322096E-002    1.05562445720501687368E-002    1.05584508063895701757E-002    1.05615714135909258969E-002    1.05656551604194764993E-002    1.05707532535004918722E-002    1.05769194455548141282E-002    1.05842101435903498258E-002    1.05926845186518989866E-002    1.06024046166533769675E-002    1.06134354697278530250E-002    1.06258452074326388559E-002    1.06397051670383459981E-002    1.06550900020100022814E-002    1.06720777876576113086E-002    1.06907501227890763817E-002    1.07111922260430796755E-002    1.07334930254109599951E-002    1.07577452392769341849E-002    1.07840454471140774484E-002    1.08124941477719897082E-002    1.08743297106022734910E-002    1.09673896425576018754E-002    1.10727620712285732690E-002    1.11808032336969970927E-002    7.04132813382425237075E-003    3.63497330504656494116E-003    1.64706427471620502935E-003    6.36398072143741651806E-004    1.90973697155806299052E-004    3.40488718768125784653E-005    0.00000000000000000000E+000
   2.04066291419060415191E-002    2.05166742003904632730E-002    2.06259740641907586556E-002    2.07345143828737733804E-002    2.08422809032382735928E-002    2.09492594833857181946E-002    2.10554361068224088482E-002    2.11607968965006609796E-002    2.12653281287071803385E-002    2.13690162467075200903E-002    2.14718478740586853071E-002    2.15738098275056605635E-002    2.16748891293824449966E-002    2.17750730194452013500E-002    2.18743489660718701262E-002    2.19727046767716274744E-002    2.20701281079567178389E-002    2.21666074739395140003E-002    2.22621312551281695657E-002    2.23566882054062401886E-002    2.24502673586922732452E-002    2.25428580346877759089E-002    2.26344498438333582846E-002    2.27250326915039262132E-002    2.28145967814852058952E-002    2.29031326187836073438E-002    2.29906310118310579227E-002    2.30770830741551455367E-002    2.31624802255919436111E-002    2.32468141931252737786E-002    2.33300770114409881939E-002    2.34122610232883679449E-002    2.34933588797424652839E-002    2.35733635404624421172E-002    2.36522682740390594036E-002    2.37300666585229906580E-002    2.38067525822212092135E-002    2.38823202448439006473E-002    2.39567641590775100291E-002    2.40300791526522720953E-002    2.41022603709636559777E-002    2.41733032802975492115E-002    2.42432036716986633318E-002    2.43119576655104162322E-002    2.43795617166029793266E-002    2.44460126202947249097E-002    2.45113075189594478709E-002    2.40074716498165537104E-002    1.95538180263038971485E-002    1.35963433167972085752E-002    8.66409257777653839250E-003    5.23133334246719903377E-003    3.03529101000355990350E-003    1.69411946649940009686E-003    8.67950028294681196275E-004    2.79163124041489180919E-004
   1.89879471373560169967E-002    1.91134244703216014949E-002    1.92383210401287432778E-002    1.93626203913683410385E-002    1.94863059954248733774E-002    1.96093612580410178725E-002    1.97317695279768390293E-002    1.98535141067611442534E-002    1.99745782595205506604E-002    2.00949452268599192128E-002    2.02145982377548091846E-002    2.03335205234047924905E-002    2.04516953319833112712E-002    2.05691059442086598974E-002    2.06857356896482658115E-002    2.08015687522893170935E-002    2.09166041591152263024E-002    2.10308165611667631512E-002    2.11441813822872588802E-002    2.12566824955100000527E-002    2.13683039293522877844E-002    2.14790298860240286283E-002    2.15888447593903520794E-002    2.16977331525559057057E-002    2.18056798949414071265E-002    2.19126700587294748201E-002    2.20186889745645417160E-002    2.21237222464018036538E-002    2.22277557654109482466E-002    2.23307757228549015605E-002    2.24327686218771041315E-002    2.25337212881479009852E-002    2.26336208793364197789E-002    2.27324548933926472161E-002    2.28302111756415494759E-002    2.29268779247094149631E-002    2.30224436973200975720E-002    2.31168974120159811947E-002    2.32102283518749105684E-002    2.33024261663088774754E-002    2.33934808720449825825E-002    2.34833828534001601285E-002    2.35721228619722306119E-002    2.36596920158774308429E-002    2.37460817986710932825E-002    2.38312840580914148125E-002    2.39152910047680175576E-002    2.37680190957636310045E-002    1.94144176254808231707E-002    1.34401468021060292030E-002    8.50470182832590779198E-003    5.08735040518510685248E-003    2.91603041375869181592E-003    1.60373607616301656897E-003    8.10171712843053728852E-004    2.59802886711952077392E-004
   1.30479305907986418978E-002    1.31581500743808924719E-002    1.32738462735800376996E-002    1.34062323423893396679E-002    1.35577460110863669274E-002    1.37168805160790552300E-002    1.38788231624544667470E-002    1.40410829550359148032E-002    1.42034959797987768437E-002    1.43659008150844834384E-002    1.45283565348260593902E-002    1.46909675184512169416E-002    1.48536237274984467271E-002    1.50161664877134053142E-002    1.51785921810895854667E-002    1.53410756391424898254E-002    1.55035819956762903338E-002    1.56659490989483826673E-002    1.58281146993547519597E-002    1.59901275897424734185E-002    1.61519655539701795233E-002    1.63136063300966908940E-002    1.64751069727601846815E-002    1.66364393259570836348E-002    1.67974773820179432149E-002    1.69582155809341536545E-002    1.71186408050592840657E-002    1.72787304463176000224E-002    1.74384617962718493911E-002    1.75978120360929801702E-002    1.77567582261849502001E-002    1.79152772955795298870E-002    1.80733460312359102418E-002    1.82309410673978308792E-002    1.83880388751796811087E-002    1.85446216066306353298E-002    1.87007163855225436166E-002    1.88562532105796612503E-002    1.90111942134846521879E-002    1.91655149856039576373E-002    1.93191909083780810619E-002    1.94721971505147431469E-002    1.96245086672069100897E-002    1.97761002016051401498E-002    1.99269462887613491020E-002    2.00770212622428598226E-002    2.02262992635929492180E-002    2.03747542547859303297E-002    1.73302328001650914058E-002    1.20551432423319053455E-002    7.41985891273436344584E-003    4.23453009671534257030E-003    2.27111559971959926785E-003    1.14258203830956434760E-003    5.20146034717413490757E-004    1.52600899762067988927E-004
   2.25402172389268379282E-002    2.26163270911594778412E-002    2.26915370142884327553E-002    2.27658408818888560732E-002    2.28392327920682244868E-002    2.29117070691206951849E-002    2.29832582652413110191E-002    2.30538811623401951323E-002    2.31235707739952424389E-002    2.31923223475790328540E-002    2.32601313665930647945E-002    2.33269935532385321031E-002    2.33929048712492974882E-002    2.34578615290082885536E-002    2.35218599829638864984E-002    2.35848969413580307475E-002    2.36469693682725655426E-002    2.37080744879950566784E-002    2.37682097897002099496E-002    2.38273730324368507305E-002    2.38855622504059762756E-002    2.39427757585094075354E-002    2.39990121581435192355E-002    2.40542703432077079051E-002    2.41085495062924107246E-002    2.41618491450071304349E-002    2.42141690684048657700E-002    2.42655094034554853766E-002    2.43158706015177659976E-002    2.43652534447566133935E-002    2.44136590524499617894E-002    2.44610888871280851564E-002    2.45075447604867595330E-002    2.45530288390152263978E-002    2.45975436492795150600E-002    2.46410920828024626594E-002    2.46836774004826828288E-002    2.47253032364963369616E-002    2.47659736016273349102E-002    2.48056928859750058791E-002    2.48444658609904313329E-002    2.48822976807968852808E-002    2.49191938827534806289E-002    2.49551603872257901640E-002    2.49902034965314122361E-002    2.50243298930340890562E-002    2.50575466363647247903E-002    2.39418886140008065067E-002    1.93089107024346368080E-002    1.34761907768867813390E-002    8.66999672639720032896E-003    5.30810939676538105780E-003    3.13624925907393312108E-003    1.78725804868331747920E-003    9.31212558994793434403E-004    2.97201396901503446610E-004
   1.43617039687819261773E-002    1.45179776962734603807E-002    1.46742767265550955874E-002    1.48304716930067678748E-002    1.49866034101918520899E-002    1.51427987042247382682E-002    1.52989936388350459412E-002    1.54550528723378759188E-002    1.56109462554870886269E-002    1.57667038622650787505E-002    1.59223055230998840337E-002    1.60777399437627838141E-002    1.62330724128010375762E-002    1.63882410564771124895E-002    1.65431272075805373134E-002    1.66977524767673267403E-002    1.68520964515102636416E-002    1.70061386454538436552E-002    1.71598584907830600810E-002    1.73132353302157988850E-002    1.74662484086873341649E-002    1.76188768648089730262E-002    1.77710997221975225413E-002    1.79228958807855012769E-002    1.80742441082362773064E-002    1.82251828642206008257E-002    1.83756452961290339676E-002    1.85255937344949057899E-002    1.86750053027478490897E-002    1.88238580560109829143E-002    1.89721298757397419110E-002    1.91197984663031665675E-002    1.92668413530126328426E-002    1.94132358817780924232E-002    1.95589592205651502388E-002    1.97039883628162514062E-002    1.98483001329856252604E-002    1.99918711943199121917E-002    2.01346780589961894814E-002    2.02766971007041774122E-002    2.04179045697323695296E-002    2.05582766105872304097E-002    2.06977892821415716818E-002    2.08364185802732831965E-002    2.09741404629186882491E-002    2.11109308774276270559E-002    2.12467657900692434569E-002    2.13816212175001636731E-002    1.79718850080729103391E-002    1.25119698247700451843E-002    7.77282205712507851675E-003    4.49826491798981271952E-003    2.45922686141779485436E-003    1.26976867916012235021E-003    5.96450332326279230796E-004    1.79966245168121770576E-004
   2.32202968332501646920E-002    2.32208410908235074466E-002    2.32212708827138764045E-002    2.32215891991861232702E-002    2.32217989653645089099E-002    2.32219030416860282295E-002    2.32219042243975853923E-002    2.32218052460946185189E-002    2.32216087762984642329E-002    2.32213174220703699735E-002    2.32209337286593264782E-002    2.32204601801818781570E-002    2.32198992003311080468E-002    2.32192531531130522127E-002    2.32185243436079935542E-002    2.32177150187548655969E-002    2.32168273681564590882E-002    2.32158635249036064685E-002    2.32148255664164880618E-002    2.32137155153010130149E-002    2.32125353402187796503E-002    2.32112869567686584682E-002    2.32099722283785198096E-002    2.32085929672055935047E-002    2.32071509350436945562E-002    2.32056478442361664716E-002    2.32040853585930295644E-002    2.32024650943110852253E-002    2.32007886208955987906E-002    2.31990574620826693619E-002    2.31972730967608641028E-002    2.31954369598911767925E-002    2.31935504434244293970E-002    2.31916148972149370466E-002    2.31896316299298188568E-002    2.31876019099529068201E-002    2.31855269662825103083E-002    2.31834079894224602547E-002    2.31812461322655136153E-002    2.31790425109688197347E-002    2.31767982058203349249E-002    2.31745142620963309743E-002    2.31721916909088700154E-002    2.31698314700431555468E-002    2.31674345447842738865E-002    2.31650018287328264555E-002    2.31625342046092204396E-002    2.04513931002006377202E-002    1.55090171582055215416E-002    1.06375675118489665394E-002    6.88492198287458338074E-003    4.29447513887569031626E-003    2.60419590008324894001E-003    1.52300510853304303140E-003    8.02047293339155226155E-004    2.45535743742280720275E-004
   1.63492453215113298093E-002    1.64952427238828289169E-002    1.66409793275198551743E-002    1.67864372578493056820E-002    1.69315985726978257553E-002    1.70764452562224937349E-002    1.72209592126451108141E-002    1.73651222598512171291E-002    1.75089161229233479522E-002    1.76523950360807091453E-002    1.77954716960833751738E-002    1.79381213274544121239E-002    1.80803252168267175604E-002    1.82220645878394434114E-002    1.83633205357246025169E-002    1.85040740230557332335E-002    1.86443058762700980546E-002    1.87839967830893336820E-002    1.89231272909637683599E-002    1.90616778066627252930E-002    1.91996285971294047834E-002    1.93369597917126857800E-002    1.94736513858788304332E-002    1.96096832464964683507E-002    1.97450351187744010950E-002    1.98796866349171957866E-002    2.00136173245462449521E-002    2.01468066269153180115E-002    2.02792339049286014785E-002    2.04108784609480509165E-002    2.05417195543529315649E-002    2.06717364207913839591E-002    2.08009082930394571809E-002    2.09292144233587558422E-002    2.10566341072207577345E-002    2.11831467082427907234E-002    2.13087316841597956829E-002    2.14333686136365282604E-002    2.15570372237080531974E-002    2.16797174176222157138E-002    2.18013893028466583524E-002    2.19220332189959260516E-002    2.20416297654302019426E-002    2.21601598282778096405E-002    2.22776046066383050237E-002    2.23939456377318449332E-002    2.25091648207736451381E-002    2.26232444393693644946E-002    1.87256011898787842751E-002    1.29930168165059492513E-002    8.14237568324835403466E-003    4.78570744225097557956E-003    2.67491437296216421488E-003    1.42320263985215252935E-003    6.92940858973890242561E-004    2.16238920448002050218E-004
   1.14298975935549444044E-002    1.14876367873084847537E-002    1.15471774928809795685E-002    1.16085650741545552689E-002    1.16718733141166850636E-002    1.17372159043200863238E-002    1.18046616089475305683E-002    1.18741936592966883246E-002    1.19457820294785500848E-002    1.20194324548824425097E-002    1.20951773836671400836E-002    1.21730766522174620181E-002    1.22531635809237510193E-002    1.23354697549161625159E-002    1.24200248662104852787E-002    1.25068565556779934256E-002    1.25959902557946142737E-002    1.26874490351763530988E-002    1.27812534459509977158E-002    1.28774213750496944325E-002    1.29889182535714818589E-002    1.31335537042799634089E-002    1.32892946659252317310E-002    1.34288288270008829978E-002    1.35552188161719433523E-002    1.36806523854973698801E-002    1.38166515672453211333E-002    1.39760041229729375933E-002    1.41487077793028201422E-002    1.43271023115724097791E-002    1.45058638847060973609E-002    1.46847430452450942312E-002    1.48635799754623324637E-002    1.50424869023732393769E-002    1.52215576690753699035E-002    1.54006003848486776320E-002    1.55794737285530251331E-002    1.57582108947603161120E-002    1.59369845594182525661E-002    1.61157386779931556531E-002    1.62942720972885472797E-002    1.64725460860737360491E-002    1.66506025238497973318E-002    1.68284132870074355781E-002    1.70059501713965902092E-002    1.71832472572180372516E-002    1.73603049059816959276E-002    1.75369882840402842306E-002    1.54356696163823747803E-002    1.05382323845412545493E-002    6.24376153058425319847E-003    3.38854119841078315137E-003    1.69549615051386255368E-003    7.74522603438671788587E-004    3.12477323093873023043E-004    8.43921935370847697833E-005
   2.39839365304536505930E-002    2.40059624811490984753E-002    2.40273918300779494583E-002    2.40482313977180423015E-002    2.40684881536330531893E-002    2.40881692100087009545E-002    2.41072818149579877478E-002    2.41258333456130583117E-002    2.41438313010222845023E-002    2.41612832948715008929E-002    2.41781970480493303699E-002    2.41945803810767953723E-002    2.42104412064218232903E-002    2.42257875207193933143E-002    2.42406273969186548956E-002    2.42549689763777338858E-002    2.42688204609273414092E-002    2.42821901049240403136E-002    2.42950862073136007735E-002    2.43075171037244776306E-002    2.43194911586111818524E-002    2.43310167574666037782E-002    2.43421022991217178566E-002    2.43527561881502555008E-002    2.43629868273955059454E-002    2.43728026106351143565E-002    2.43822119153992190876E-002    2.43912230959560903665E-002    2.43998444764785410444E-002    2.44080843444034328860E-002    2.44159509439953598120E-002    2.44234524701247741885E-002    2.44305970622697189720E-002    2.44373927987491038061E-002    2.44438476911944917169E-002    2.44499696792665685563E-002    2.44557666256208887379E-002    2.44612463111271265237E-002    2.44664164303444661708E-002    2.44712845872553513837E-002    2.44758582912584579661E-002    2.44801449534211915116E-002    2.44841518829908948163E-002    2.44878862841634674374E-002    2.44913552531070347063E-002    2.44945657752378247174E-002    2.44975247227444646592E-002    2.25118373235293281476E-002    1.76753487946140659670E-002    1.22761139811372321784E-002    7.94643455037513657402E-003    4.92635263169630133184E-003    2.96002489815778459248E-003    1.71626740695523432104E-003    9.02151368230919622343E-004    2.81000566567127577338E-004
   1.04300751142694676094E-002    1.04409026109234803759E-002    1.04527849187941775794E-002    1.04657691080923490740E-002    1.04799040601635407716E-002    1.04952405061720030477E-002    1.05118310626665257407E-002    1.05297302634463595117E-002    1.05489945870927363109E-002    1.05696824794775604689E-002    1.05932604343805230468E-002    1.06284393594961324575E-002    1.06849438119956067356E-002    1.07613456610002929809E-002    1.08482267246758929541E-002    1.09380740231658085682E-002    1.10278068977229526393E-002    1.11156811466054435827E-002    1.11979211186038936365E-002    1.12653027936908036594E-002    1.13185651842731722916E-002    1.13670215209755124525E-002    1.14172808436219311301E-002    1.14714904858105194024E-002    1.15301995400312017048E-002    1.15927670513094431548E-002    1.16575324541217054813E-002    1.17245578819699085987E-002    1.17939052848102972348E-002    1.18656362390568929227E-002    1.19398291976605067793E-002    1.20166338027049707238E-002    1.20961725913256486903E-002    1.21784375393509496088E-002    1.22633965585455476793E-002    1.23510650658960278309E-002    1.24414863319393803609E-002    1.25347252056441753332E-002    1.26308444176174913820E-002    1.27298884708929391923E-002    1.28318986879119804195E-002    1.29369129222060563755E-002    1.30449652720376896298E-002    1.31560857983416355094E-002    1.32703002494210554885E-002    1.33945201288361605274E-002    1.35614893654257637895E-002    1.37698005385898415709E-002    1.28277003892584093997E-002    8.11215759530553234824E-003    4.38825287758469375493E-003    2.12538962748459693206E-003    9.01513618185593806030E-004    3.14855228430193495853E-004    7.68505008006804910675E-005    5.86944600344819666964E-006
   1.10333925366885455405E-002    1.10191002395187906404E-002    1.10048928018952624913E-002    1.09907771467728961057E-002    1.09767605633538101184E-002    1.09628507273730625010E-002    1.09490557225646323314E-002    1.09353840633773062574E-002    1.09218447190142647907E-002    1.09084471388740892467E-002    1.08952012794754204278E-002    1.08821176329516652176E-002    1.08692072572070860120E-002    1.08564818078300956428E-002    1.08439535718647395157E-002    1.08316355035462351386E-002    1.08195412621118272622E-002    1.08076852518032735795E-002    1.07960826641827663253E-002    1.07847495228895230712E-002    1.07737027309693714217E-002    1.07629601209154063951E-002    1.07525405075624431311E-002    1.07424637439834207153E-002    1.07327507805403104396E-002    1.07234237272464290325E-002    1.07145059196008338859E-002    1.07060219880586778712E-002    1.06979979313033893296E-002    1.06904611934880780511E-002    1.06834407456135177528E-002    1.06769671712083815546E-002    1.06710727564743469015E-002    1.06657915850531699598E-002    1.06611596375650007074E-002    1.06572148960561979142E-002    1.06539974534808398049E-002    1.06515496283218127210E-002    1.06499160844344287896E-002    1.06491439561675633324E-002    1.06492829787830471655E-002    1.06503856241530279331E-002    1.06525072416660676611E-002    1.06557062042149635478E-002    1.06600440590715692807E-002    1.06655856833746866957E-002    1.06723994438657193012E-002    1.06805573604011761618E-002    1.06901352726502026774E-002    7.17102058769896778812E-003    3.71172173437773035912E-003    1.66245482492403278720E-003    6.30180446317623742421E-004    1.83182469857120518554E-004    3.05193126048741733103E-005    0.00000000000000000000E+000
   1.68371569161232907674E-002    1.69799666870045252998E-002    1.71224556943136915765E-002    1.72646064070021733328E-002    1.74064206752552984303E-002    1.75479173010096405061E-002    1.76890230829209425811E-002    1.78297171114342942189E-002    1.79699814190880415021E-002    1.81097979233204205152E-002    1.82491484218065373735E-002    1.83880145883657669659E-002    1.85263779695508355727E-002    1.86642199820322568504E-002    1.88015219108912737256E-002    1.89382649089332340264E-002    1.90744299971300004803E-002    1.92099980662948435772E-002    1.93449498800860736347E-002    1.94792660794268629454E-002    1.96129271884174852247E-002    1.97459136218035118115E-002    1.98782056940489740282E-002    2.00097836300467263326E-002    2.01406275774809219448E-002    2.02707176208369241333E-002    2.04000337970339194749E-002    2.05285561126346029204E-002    2.06562645625647522962E-002    2.07831391502539264415E-002    2.09091599090874477596E-002    2.10343069250390271585E-002    2.11585603603341998458E-002    2.12819004779765882929E-002    2.14043076669527820854E-002    2.15257624679181525096E-002    2.16462455991545989209E-002    2.17657379825828035946E-002    2.18842207696072731105E-002    2.20016753665700538767E-002    2.21180834595920833285E-002    2.22334270385863772002E-002    2.23476884202371550714E-002    2.24608502697523221281E-002    2.25728956212133298476E-002    2.26838078963667692800E-002    2.27935709217253201775E-002    2.29021774106966183315E-002    1.88866544149730898605E-002    1.30849235053785394045E-002    8.21276997141296566385E-003    4.84337105098824483723E-003    2.72071444592530443940E-003    1.45741493285906362556E-003    7.15260379078333074360E-004    2.24792900085505611626E-004
   1.16894356258993720177E-002    1.16714312749433175853E-002    1.16534072933011361578E-002    1.16353660138626066600E-002    1.16173098991813449760E-002    1.15992415486823024356E-002    1.15811637063023883248E-002    1.15630792685918956653E-002    1.15449912933064426090E-002    1.15269030085212251940E-002    1.15088178223012958107E-002    1.14907393329641508567E-002    1.14726713399731852783E-002    1.14546178555032067414E-002    1.14365831167222258002E-002    1.14185715988364151069E-002    1.14005880289486417889E-002    1.13826374007842782976E-002    1.13647249903416572986E-002    1.13468563725285520594E-002    1.13290374388501612068E-002    1.13112744162186581315E-002    1.12935738869590629463E-002    1.12759428100912707099E-002    1.12583885439737508422E-002    1.12409188703998224462E-002    1.12235420202440247528E-002    1.12062667007623486398E-002    1.11891021246573376530E-002    1.11720580410262955440E-002    1.11551447683189523807E-002    1.11383732294391239737E-002    1.11217549891340066609E-002    1.11053022938238724060E-002    1.10890281140351310701E-002    1.10729461896100656731E-002    1.10570710778775359306E-002    1.10414182049806686159E-002    1.10260039205695992148E-002    1.10108455560800032325E-002    1.09959614868315094099E-002    1.09813711981935728523E-002    1.09670953560808519256E-002    1.09531558820544650673E-002    1.09395760333205194215E-002    1.09263804879324976510E-002    1.09135954355191397425E-002    1.09012486738748106546E-002    1.08893697117641297112E-002    7.86595099726839289134E-003    4.09834993549593358531E-003    1.82310467285051822778E-003    6.82825019512932904556E-004    1.94589699595579794121E-004    3.10674807284645626711E-005    0.00000000000000000000E+000
   2.32160439892792648531E-002    2.32759907523391353090E-002    2.33350491057766687431E-002    2.33932166115500862758E-002    2.34504910659129768569E-002    2.35068705036963788990E-002    2.35623532027806510680E-002    2.36169376887405101095E-002    2.36706227396437755839E-002    2.37234073909800141644E-002    2.37752909406929342773E-002    2.38262729542869436394E-002    2.38763532699755934297E-002    2.39255320038370862534E-002    2.39738095549401515616E-002    2.40211866104011115275E-002    2.40676641503320756788E-002    2.41132434526384609175E-002    2.41579260976235270231E-002    2.42017139723569342513E-002    2.42446092747644476040E-002    2.42866145173959470382E-002    2.43277325308298431050E-002    2.43679664666727642530E-002    2.44073198001150092062E-002    2.44457963320039960153E-002    2.44834001903996428817E-002    2.45201358315788216224E-002    2.45560080404578495727E-002    2.45910219304056251732E-002    2.46251829424230274379E-002    2.46584968436674295544E-002    2.46909697253053575516E-002    2.47226079996795480853E-002    2.47534183967810794691E-002    2.47834079600208548322E-002    2.48125840412991016670E-002    2.48409542953754794437E-002    2.48685266735466092847E-002    2.48953094166415589417E-002    2.49213110473501357756E-002    2.49465403619025145876E-002    2.49710064211221931252E-002    2.49947185408781330507E-002    2.50176862819650250302E-002    2.50399194394436315492E-002    2.50614280314762453983E-002    2.36922640797703545901E-002    1.89904096643619645091E-002    1.32521447078994113883E-002    8.54925588263453009596E-003    5.25817213686624075619E-003    3.12552466063228777393E-003    1.79274601962318242895E-003    9.37977357248494345195E-004    2.97446325676035223592E-004
   2.20804458367825848231E-002    2.21654810213632522120E-002    2.22496317298859734579E-002    2.23328896812212407408E-002    2.24152468236201544982E-002    2.24966953372908486097E-002    2.25772276366686848459E-002    2.26568363724233487466E-002    2.27355144332493340487E-002    2.28132549474888840502E-002    2.28900512846379119991E-002    2.29658970567870705792E-002    2.30407861200504146537E-002    2.31147125760331369204E-002    2.31876707733895924546E-002    2.32596553095202017436E-002    2.33306610324535874945E-002    2.34006830429568934981E-002    2.34697166969133827474E-002    2.35377576080018774407E-002    2.36048016507074479020E-002    2.36708449636875845057E-002    2.37358839535118729125E-002    2.37999152987872705789E-002    2.38629359546745495324E-002    2.39249431577947986594E-002    2.39859344315184810914E-002    2.40459075916225027691E-002    2.41048607522946316262E-002    2.41627923324576471265E-002    2.42197010623798857087E-002    2.42755859905324049286E-002    2.43304464906481943132E-002    2.43842822689327061447E-002    2.44370933713713919810E-002    2.44888801910748722668E-002    2.45396434755996394050E-002    2.45893843341784615331E-002    2.46381042447930097283E-002    2.46858050610192780727E-002    2.47324890185752419014E-002    2.47781587415004840580E-002    2.48228172478973177495E-002    2.48664679551645791122E-002    2.49091146846565567041E-002    2.49507616657026684570E-002    2.49914135389257829889E-002    2.40228199667502397008E-002    1.94321377579633261523E-002    1.35567784345718405498E-002    8.70488136675529565467E-003    5.31347482020504569694E-003    3.12707688634148795251E-003    1.77425873511931971212E-003    9.21517649525965517124E-004    2.95004616199876792092E-004
   1.21243004757678879413E-002    1.22010310546087994560E-002    1.22797619689449608732E-002    1.23605163659769312634E-002    1.24433155828301000856E-002    1.25281790274384234596E-002    1.26151240617158114099E-002    1.27049271974937223045E-002    1.28105496086866870592E-002    1.29447889649876041879E-002    1.30877232132617822569E-002    1.32164481867231460577E-002    1.33342220161331449085E-002    1.34536544809951124496E-002    1.35845399852325444956E-002    1.37388922164620921190E-002    1.39034859129146103757E-002    1.40729055375608709533E-002    1.42426756841589393504E-002    1.44126055601335803513E-002    1.45825092040859152775E-002    1.47524652789910674239E-002    1.49225862375740661592E-002    1.50927362429495465906E-002    1.52627501328802973185E-002    1.54326223643069734837E-002    1.56025437970151482914E-002    1.57724845561133114602E-002    1.59422584177997157806E-002    1.61118000959648635662E-002    1.62811629002886162909E-002    1.64503220293179125422E-002    1.66192526231575161966E-002    1.67879951549087975959E-002    1.69565419958215730933E-002    1.71247706977063311740E-002    1.72926494293364242660E-002    1.74601703357080799417E-002    1.76273080967677790720E-002    1.77940372618083687828E-002    1.79603322364520305576E-002    1.81261672692859879263E-002    1.82915164383253350810E-002    1.84563536375037633153E-002    1.86206525634192848750E-002    1.87843867025858646258E-002    1.89475293194652921747E-002    1.91100680745549290906E-002    1.64984907872629468772E-002    1.14160247358128588702E-002    6.92393572061455846167E-003    3.87280476828823303631E-003    2.02095129229466069498E-003    9.79343949944814790715E-004    4.25950522496470324312E-004    1.20648461242371920414E-004
   2.39839205229339692826E-002    2.40059589624651431583E-002    2.40274006109715172752E-002    2.40482522870097102652E-002    2.40685209583724850357E-002    2.40882137356279966978E-002    2.41073378654277047095E-002    2.41259007236005185160E-002    2.41439098080516723055E-002    2.41613727314854281891E-002    2.41782972139713767112E-002    2.41946910753746344258E-002    2.42105622276703631723E-002    2.42259186671638405974E-002    2.42407684666367286008E-002    2.42551197674407172100E-002    2.42689807715598011850E-002    2.42823597336614786790E-002    2.42952649531578794562E-002    2.43077047662966089225E-002    2.43196875383011115734E-002    2.43312216555797607154E-002    2.43423155180217745674E-002    2.43529775313981351748E-002    2.43632160998841634791E-002    2.43730396187198279645E-002    2.43824564670233334684E-002    2.43914750007718471314E-002    2.44001035459629096736E-002    2.44083503919687305750E-002    2.44162237850945214312E-002    2.44237319223512758248E-002    2.44308829454519295388E-002    2.44376849350390092097E-002    2.44441459051508609701E-002    2.44502737979324126505E-002    2.44560764785952504397E-002    2.44615617306311768087E-002    2.44667372512820981145E-002    2.44716106472680494655E-002    2.44761894307747619737E-002    2.44804810157006474958E-002    2.44844927141627255462E-002    2.44882317332599901138E-002    2.44917051720919577706E-002    2.44949200190295243718E-002    2.44978831492345186516E-002    2.25124383703689465164E-002    1.76759930119800082182E-002    1.22765986654410023254E-002    7.94674406171773199670E-003    4.92653270716797257733E-003    2.96012305635737216214E-003    1.71631880647959088847E-003    9.02177666317116166289E-004    2.81010695859577799144E-004
   1.85849262973810901156E-002    1.87141255904919000252E-002    1.88427922153935056837E-002    1.89709094822108070844E-002    1.90984606029522864523E-002    1.92254286954147840527E-002    1.93517967881852645529E-002    1.94775478267787370557E-002    1.96026646809410870498E-002    1.97271301531345387426E-002    1.98509269882115348127E-002    1.99740378842700530559E-002    2.00964455046701608032E-002    2.02181324911776504061E-002    2.03390814781870821193E-002    2.04592751079621867905E-002    2.05786960468183378892E-002    2.06973270021582438083E-002    2.08151507402599376950E-002    2.09321501047041863552E-002    2.10483080353182881728E-002    2.11636082268116705596E-002    2.12780551662051786721E-002    2.13916103882722738461E-002    2.15042564913482496525E-002    2.16159772254729022622E-002    2.17267565530488530878E-002    2.18365786673955127040E-002    2.19454280106708629616E-002    2.20532892910292772914E-002    2.21601474988934246668E-002    2.22659879222299392221E-002    2.23707961607331091980E-002    2.24745581388356430175E-002    2.25772601174836773374E-002    2.26788887046306154860E-002    2.27794308644242993189E-002    2.28788739250813770443E-002    2.29772055854630292970E-002    2.30744139203860262888E-002    2.31704873847225455152E-002    2.32654148163607896183E-002    2.33591854381160271559E-002    2.34517888586972117482E-002    2.35432150728494306302E-002    2.36334544608034907709E-002    2.37224977871752298886E-002    2.36737951675918961714E-002    1.93460013935647934247E-002    1.33730963924558448469E-002    8.44463314674077925037E-003    5.03785271972028575460E-003    2.87756562305064873125E-003    1.57573622103343992211E-003    7.92536255692481337275E-004    2.53650930372735299804E-004
   1.06634364580330907174E-002    1.06539471566778429917E-002    1.06447169819436221472E-002    1.06357609041926974569E-002    1.06270946607740727347E-002    1.06187347962187397105E-002    1.06106987044857908886E-002    1.06030046733465582731E-002    1.05956719309948099728E-002    1.05887206949712223136E-002    1.05821722234901334503E-002    1.05760488692554621010E-002    1.05703741358507876530E-002    1.05651727367857359990E-002    1.05604706572767718248E-002    1.05562952188350926697E-002    1.05526751467275373142E-002    1.05496406403676017127E-002    1.05472234466832594929E-002    1.05454569364950498378E-002    1.05443761839227965332E-002    1.05440180488205782761E-002    1.05444212622180562983E-002    1.05456265147210251354E-002    1.05476765477943521671E-002    1.05506162478168213914E-002    1.05544927427580464280E-002    1.05593555012832261697E-002    1.05652564340405572679E-002    1.05722499968288630862E-002    1.05803932952779379539E-002    1.05897461906016825822E-002    1.06003714059024999050E-002    1.06123346324152566245E-002    1.06257046349789927020E-002    1.06405533559139325178E-002    1.06569560163605556863E-002    1.06749912140054175475E-002    1.06947410159747291480E-002    1.07162910455226283862E-002    1.07397305609750054467E-002    1.07651525252138672434E-002    1.07926536638011643515E-002    1.08433761711208415113E-002    1.09263014848541544638E-002    1.10273073162723070362E-002    1.11336359771653150424E-002    1.12407611851273424308E-002    1.13475935576490983420E-002    7.06018959902885313157E-003    3.63848479657588293537E-003    1.65053920275264921769E-003    6.39145690925240449187E-004    1.92510466344239657924E-004    3.45885677242788514333E-005    0.00000000000000000000E+000
   1.11947725100103763485E-002    1.11792729211102788434E-002    1.11638199388342778534E-002    1.11484187515804387264E-002    1.11330748246398283929E-002    1.11177939156194682119E-002    1.11025820907782128005E-002    1.10874457423316991750E-002    1.10723916067859105838E-002    1.10574267843626325436E-002    1.10425587595838394644E-002    1.10277954230861667539E-002    1.10131450947408178476E-002    1.09986165481589636544E-002    1.09842190366671033086E-002    1.09699623208421789822E-002    1.09558566977010825999E-002    1.09419130316449880053E-002    1.09281427872642833421E-002    1.09145580641160644397E-002    1.09011716335920862131E-002    1.08879969780014754233E-002    1.08750483319991729514E-002    1.08623407264975251757E-002    1.08498900352055963059E-002    1.08377130239476170137E-002    1.08258274029189704296E-002    1.08142518820453763934E-002    1.08030062296177488401E-002    1.07921113343822563241E-002    1.07815892712715809959E-002    1.07714633709698765635E-002    1.07617582935095480040E-002    1.07525001061033360916E-002    1.07437163654193219148E-002    1.07354362045099134548E-002    1.07276904246077289806E-002    1.07205115920016007952E-002    1.07139341402043685586E-002    1.07079944776199767476E-002    1.07027311009105733502E-002    1.06981847142542385587E-002    1.06943983546693745235E-002    1.06914175235634182487E-002    1.06892903246388285693E-002    1.06880676082590757997E-002    1.06878031223390963789E-002    1.06885536697788555843E-002    1.06903792724023730815E-002    7.32011764437521302712E-003    3.79351099602626357435E-003    1.69398881993834769105E-003    6.38912165653552559068E-004    1.84167395471518949767E-004    3.01273641176644235706E-005    0.00000000000000000000E+000
   2.28038607289822205237E-002    2.28742074780615284313E-002    2.29436526520276733165E-002    2.30121914471870595009E-002    2.30798192827265657989E-002    2.31465318030770299262E-002    2.32123248804858295369E-002    2.32771946178210384359E-002    2.33411373516249388838E-002    2.34041496554312257461E-002    2.34662283433558077617E-002    2.35273704739664100971E-002    2.35875733544319426960E-002    2.36468345449473774100E-002    2.37051518634256996876E-002    2.37625233904433276477E-002    2.38189474744208082302E-002    2.38744227370163049351E-002    2.39289480787047426080E-002    2.39825226845114432284E-002    2.40351460298651453673E-002    2.40868178865317195125E-002    2.41375383285868244654E-002    2.41873077383823048558E-002    2.42361268124594055051E-002    2.42839965673593422002E-002    2.43309183452800475989E-002    2.43768938195274183223E-002    2.44219249997078106940E-002    2.44660142366093930066E-002    2.45091642267191746341E-002    2.45513780163244717258E-002    2.45926590051478502486E-002    2.46330109494669324821E-002    2.46724379646726214854E-002    2.47109445272215670630E-002    2.47485354759421731508E-002    2.47852160126566488374E-002    2.48209917020854146930E-002    2.48558684710041485899E-002    2.48898526066284354885E-002    2.49229507542052287905E-002    2.49551699137952227858E-002    2.49865174362354190707E-002    2.50170010182756419326E-002    2.50466286968884475905E-002    2.50754088427566322606E-002    2.38679083998884766782E-002    1.92092792610932955322E-002    1.34076550718217613056E-002    8.63527121987521864566E-003    5.29610000448655499072E-003    3.13635315449099522783E-003    1.79180123258269700937E-003    9.35163821673673793973E-004    2.97812701626271026344E-004
   2.02457572895005204205E-002    2.03577695587398681265E-002    2.04690541157334301992E-002    2.05795962395352825813E-002    2.06893812838770327356E-002    2.07983946914097779513E-002    2.09066220081411124898E-002    2.10140488979735397257E-002    2.11206611572486227524E-002    2.12264447292003638479E-002    2.13313857182213587049E-002    2.14354704038475091243E-002    2.15386852543697007722E-002    2.16410169399856404382E-002    2.17424523454106434495E-002    2.18429785818730730351E-002    2.19425829984286752117E-002    2.20412531925367957686E-002    2.21389770198518465172E-002    2.22357426031945908107E-002    2.23315383406788789400E-002    2.24263529129817180963E-002    2.25201752897570238454E-002    2.26129947352051059728E-002    2.27048008128228548386E-002    2.27955833893706862059E-002    2.28853326381040673987E-002    2.29740390413277761894E-002    2.30616933923405847962E-002    2.31482867968469084585E-002    2.32338106739191120609E-002    2.33182567566002744985E-002    2.34016170922418699496E-002    2.34838840426738193479E-002    2.35650502843063464065E-002    2.36451088082624237552E-002    2.37240529206388280070E-002    2.38018762429902108746E-002    2.38785727131262011380E-002    2.39541365863057235941E-002    2.40285624369052583371E-002    2.41018451606293607203E-002    2.41739799773224434132E-002    2.42449624344297544332E-002    2.43147884111450177103E-002    2.43834541232697127322E-002    2.44509561287969585941E-002    2.39886030943395993364E-002    1.95469992345120996413E-002    1.35856888708652794734E-002    8.65064008022965215405E-003    5.21771988085535046858E-003    3.02324339846070985066E-003    1.68464257411724905103E-003    8.61815904785103326785E-004    2.77182807004447157723E-004
   2.33202577421584254791E-002    2.33214578525023537303E-002    2.33225223067172748870E-002    2.33234545911390513118E-002    2.33242581218485837968E-002    2.33249362448495443922E-002    2.33254922363090276549E-002    2.33259293028581643492E-002    2.33262505819498422444E-002    2.33264591422706057955E-002    2.33265579842038238423E-002    2.33265500403414191566E-002    2.33264381760413738731E-002    2.33262251900280687122E-002    2.33259138150331592210E-002    2.33255067184739081632E-002    2.33250065031667640214E-002    2.33244157080734794418E-002    2.33237368090773132534E-002    2.33229722197870852074E-002    2.33221242923666340074E-002    2.33211953183873957340E-002    2.33201875297021007927E-002    2.33191030993373793478E-002    2.33179441424031692887E-002    2.33167127170172336359E-002    2.33154108252425808223E-002    2.33140404140362682284E-002    2.33126033762076703693E-002    2.33111015513846851765E-002    2.33095367269862407955E-002    2.33079106391995277692E-002    2.33062249739606798526E-002    2.33044813679374081261E-002    2.33026814095123775694E-002    2.33008266397658862779E-002    2.32989185534571152658E-002    2.32969586000023980155E-002    2.32949481844497222061E-002    2.32928886684483776870E-002    2.32907813712130290495E-002    2.32886275704810748188E-002    2.32864285034627693793E-002    2.32841853677831084335E-002    2.32818993224150477817E-002    2.32795714886032262259E-002    2.32772029507776166690E-002    2.06217822951509054119E-002    1.56863765299441529355E-002    1.07720561182384523546E-002    6.97266108652392496703E-003    4.34726803308927659680E-003    2.63435099408218867389E-003    1.53960486887628079239E-003    8.10633238397385764810E-004    2.48422878605965421692E-004
   2.39333174933229406167E-002    2.39468964986403638762E-002    2.39600274762959107588E-002    2.39727178229361265194E-002    2.39849749688637002565E-002    2.39968063715004856218E-002    2.40082195089012032096E-002    2.40192218733320840551E-002    2.40298209649283008027E-002    2.40400242854434571804E-002    2.40498393321038200776E-002    2.40592735915792985124E-002    2.40683345340824902947E-002    2.40770296076065030977E-002    2.40853662323112678589E-002    2.40933517950677779373E-002    2.41009936441682580399E-002    2.41082990842101524409E-002    2.41152753711605175035E-002    2.41219297076070669783E-002    2.41282692382007307730E-002    2.41343010452946329925E-002    2.41400321447827921617E-002    2.41454694821418083817E-002    2.41506199286774247970E-002    2.41554902779777640187E-002    2.41600872425738952276E-002    2.41644174508080233910E-002    2.41684874439086240516E-002    2.41723036732717985742E-002    2.41758724979469173666E-002    2.41792001823244902259E-002    2.41822928940238698892E-002    2.41851567019771632183E-002    2.41877975747062864964E-002    2.41902213787889841523E-002    2.41924338775096059440E-002    2.41944407296899310911E-002    2.41962474886952688680E-002    2.41978596016105482192E-002    2.41992824085810916135E-002    2.42005211423125185521E-002    2.42015809277239847541E-002    2.42024667817488312038E-002    2.42031836132769531678E-002    2.42037362232325053979E-002    2.42041293047810732175E-002    2.20350099434155309586E-002    1.71677511845324676232E-002    1.18934521728595397200E-002    7.70077458672215227342E-003    4.78220375314321061860E-003    2.88046267786143308370E-003    1.67397840009102195566E-003    8.80358616193383132498E-004    2.72831503325891345547E-004
   1.04374703064441833045E-002    1.04374455606965448051E-002    1.04380549502892192720E-002    1.04393299305129642202E-002    1.04413034128456247429E-002    1.04440098251121684519E-002    1.04474851729927792343E-002    1.04517671027447873328E-002    1.04568949649758956288E-002    1.04629098792752370933E-002    1.04698547994737361372E-002    1.04777745792671260483E-002    1.04867160378924705044E-002    1.04967280255028865693E-002    1.05078614878341518313E-002    1.05201695297020923064E-002    1.05337074768095378258E-002    1.05485329352775960426E-002    1.05647058482465742990E-002    1.05822885488184598862E-002    1.06013458085346193305E-002    1.06219448805001965425E-002    1.06441555361805502422E-002    1.06690253451687221131E-002    1.07067703100862891136E-002    1.07686531685849181533E-002    1.08518646244501436315E-002    1.09453753689371380275E-002    1.10415447563310727824E-002    1.11376105313993369050E-002    1.12327451206720180937E-002    1.13258347539447815078E-002    1.13982558879977702998E-002    1.14528831768677848146E-002    1.15041052198282967717E-002    1.15585277103200326915E-002    1.16174652281429164474E-002    1.16812911894183159983E-002    1.17502654376602302944E-002    1.18217868275115167015E-002    1.18959304987546511667E-002    1.19727712866385151147E-002    1.20523834591511787295E-002    1.21348665295503751332E-002    1.22204947791266227419E-002    1.23092754132521683269E-002    1.24011443962757303416E-002    1.24961147276874406931E-002    1.20593978824408733230E-002    7.50912998900543984804E-003    3.96633340884882962946E-003    1.86353138285575065970E-003    7.57394512837442643663E-004    2.45687217170221388913E-004    5.06559177957903851528E-005    0.00000000000000000000E+000
   2.33012124716256083246E-002    2.33587132079931328321E-002    2.34153317824227630295E-002    2.34710663300139454890E-002    2.35259152253317962988E-002    2.35798770869606218181E-002    2.36329507821940211498E-002    2.36851354318388142295E-002    2.37364304151064069159E-002    2.37868353745630325968E-002    2.38363502211070867054E-002    2.38849751389403758273E-002    2.39327105904971609851E-002    2.39795573212938442631E-002    2.40255163646606213768E-002    2.40705890463150246061E-002    2.41147769887370931607E-002    2.41580821153052384409E-002    2.42005066541518543133E-002    2.42420531416982255879E-002    2.42827244258289366707E-002    2.43225236686670058528E-002    2.43614543489124452114E-002    2.43995202637085975561E-002    2.44367255300027425013E-002    2.44730745853696911307E-002    2.45085721882699232588E-002    2.45432234177164129707E-002    2.45770336723275910351E-002    2.46100086687472685565E-002    2.46421544394155693503E-002    2.46734773296788008345E-002    2.47039839942299020714E-002    2.47336813928746672431E-002    2.47625767856231894515E-002    2.47906777271097514270E-002    2.48179920603478522401E-002    2.48445279098315312261E-002    2.48702936739973907987E-002    2.48952980170654356029E-002    2.49195498602805716459E-002    2.49430583725794088878E-002    2.49658329607107404291E-002    2.49878832588403369808E-002    2.50092191176739010727E-002    2.50298505931340134478E-002    2.50497879346292876002E-002    2.36430656642648562293E-002    1.89315796532972327459E-002    1.32096266700903342689E-002    8.52470146901081714252E-003    5.24626335709840914412E-003    3.12096632391667318934E-003    1.79165221913651635625E-003    9.37861497863077164978E-004    2.97100139047003686168E-004
   1.67808901926870222832E-002    1.69240809338541790818E-002    1.70669577733426058863E-002    1.72095031443603371790E-002    1.73516993958315116076E-002    1.74935855397447305448E-002    1.76351065176319522776E-002    1.77762233628966821730E-002    1.79169171338776113400E-002    1.80571697237396425195E-002    1.81969629070457897257E-002    1.83362783353599699543E-002    1.84750975334885061963E-002    1.86134018964743720714E-002    1.87511726874589439162E-002    1.88883910365254745201E-002    1.90250379406356022460E-002    1.91610942647660840998E-002    1.92965407443468246751E-002    1.94313579890922003002E-002    1.95655264883085044936E-002    1.96990266177471638753E-002    1.98318386480600024335E-002    1.99639427548965707471E-002    2.00953190306662268783E-002    2.02259474979688096130E-002    2.03558081246777433648E-002    2.04848808406380596125E-002    2.06131455559209197936E-002    2.07405821805536454139E-002    2.08671706456231287330E-002    2.09928909256290527341E-002    2.11177230619431326175E-002    2.12416471872116652264E-002    2.13646435505217731354E-002    2.14866925431360586418E-002    2.16077747245888920902E-002    2.17278708489272234794E-002    2.18469618908725300710E-002    2.19650290716780736966E-002    2.20820538844554159486E-002    2.21980181187496142248E-002    2.23129038841497727430E-002    2.24266936327342271407E-002    2.25393701801649033734E-002    2.26509167252649419588E-002    2.27613168679354077595E-002    2.28705546252925204231E-002    1.88685894366899531427E-002    1.30748612630104208560E-002    8.20506959023824949950E-003    4.83698188088972115539E-003    2.71557455348393891534E-003    1.45353699277647806058E-003    7.12713918230519632990E-004    2.23815670744373845314E-004
   1.29459173257079340758E-002    1.30641615638428416901E-002    1.31749284201990880111E-002    1.32910937907140241226E-002    1.34237116609897452063E-002    1.35756920872656828420E-002    1.37353664391516392534E-002    1.38979562271445110377E-002    1.40608640131128191653E-002    1.42239225941080647819E-002    1.43869719532342451446E-002    1.45500736111307225895E-002    1.47133302121250902211E-002    1.48766284867759140953E-002    1.50398109770439394883E-002    1.52028771138535325619E-002    1.53660003985781543068E-002    1.55291436651370344524E-002    1.56921441858009803882E-002    1.58549415532938282880E-002    1.60175837385419170267E-002    1.61800483096543878947E-002    1.63423127879113901095E-002    1.65044342528041197704E-002    1.66663844422102157272E-002    1.68280362771641919806E-002    1.69893845162938025850E-002    1.71504157504310840443E-002    1.73111071454743296882E-002    1.74714357645079018666E-002    1.76313785575332310218E-002    1.77909123508546984649E-002    1.79500138362403277581E-002    1.81086595599968327996E-002    1.82668259121174722526E-002    1.84244891156803390631E-002    1.85816277538383284318E-002    1.87382740473517328539E-002    1.88943569812874724578E-002    1.90498371290295648306E-002    1.92046898140389270260E-002    1.93588901457623606406E-002    1.95124130169815855618E-002    1.96652331032624305696E-002    1.98173248647390241872E-002    1.99686625504539548570E-002    2.01192202054566622593E-002    2.02689716808373485146E-002    1.72616443504539120168E-002    1.20042851414012084060E-002    7.38045550274784613320E-003    4.20546314871325221246E-003    2.25073264510339265954E-003    1.12905902199393354951E-003    5.12195773298630870063E-004    1.49827167079460998357E-004
   1.22374315121756629954E-002    1.23167941871640002766E-002    1.23981624222801369711E-002    1.24815557182993107366E-002    1.25669916199187305106E-002    1.26544856051750871651E-002    1.27533125178693491214E-002    1.28780535655347201651E-002    1.30187477400018711965E-002    1.31518258642088943511E-002    1.32716958648635401791E-002    1.33878630267247333840E-002    1.35124853077254521855E-002    1.36595995594312683702E-002    1.38212624058448099729E-002    1.39893630941872963019E-002    1.41578560603357467285E-002    1.43265828082082390810E-002    1.44953093302606032117E-002    1.46640464934535124514E-002    1.48329021984493839015E-002    1.50018541133242304386E-002    1.51707211860729520442E-002    1.53394364685391863118E-002    1.55081560642760969693E-002    1.56769258948109731222E-002    1.58455796189707724675E-002    1.60140100945732680171E-002    1.61822589992014938265E-002    1.63503166387393358838E-002    1.65181585980891561249E-002    1.66857976030978204240E-002    1.68532606109474021594E-002    1.70204579007614369146E-002    1.71873047851251840867E-002    1.73538090262636765515E-002    1.75199457877565287212E-002    1.76856901117136249002E-002    1.78510169064150167606E-002    1.80159009335549569197E-002    1.81803167952460931200E-002    1.83442389209639566960E-002    1.85076415546379206833E-002    1.86704987421180447493E-002    1.88327843192695049135E-002    1.89944770837782300754E-002    1.91555969970535235058E-002    1.93160806512968387383E-002    1.66355882022594797620E-002    1.15245373282020623779E-002    7.00819697669817845420E-003    3.93363438469843378770E-003    2.06257715713841069047E-003    1.00612434824991995447E-003    4.41154736945537171572E-004    1.25676684058251145540E-004
   1.04906806976235722484E-002    1.05091569226835671036E-002    1.05289639137954860182E-002    1.05514775214316548768E-002    1.05839741450556561880E-002    1.06357446844139447162E-002    1.07071890328415287447E-002    1.07901516903458737778E-002    1.08768337885762639977E-002    1.09636082120671881496E-002    1.10484211361148425973E-002    1.11277694739176299943E-002    1.11938827231671724632E-002    1.12465294611808937220E-002    1.12935260345882436395E-002    1.13415316313279779248E-002    1.13931292803865266000E-002    1.14490068531178934563E-002    1.15083752629749243301E-002    1.15697780232723868021E-002    1.16332715579137591783E-002    1.16989121652657668965E-002    1.17667558577131958764E-002    1.18368653796278051199E-002    1.19093473251000881580E-002    1.19843496384602465205E-002    1.20619108786424455992E-002    1.21419915087609114196E-002    1.22245826992480512846E-002    1.23097155096495124160E-002    1.23974401684997515005E-002    1.24878249649252887760E-002    1.25809117928648052376E-002    1.26767398881531892507E-002    1.27753455825330361484E-002    1.28767620583736096956E-002    1.29810191059217781839E-002    1.30881428850060741592E-002    1.31981556931919305486E-002    1.33259777957668648640E-002    1.35026537008135685131E-002    1.36830498148147218507E-002    1.38310072799101933111E-002    1.39693289032158871055E-002    1.41072137971265925555E-002    1.42590218351376554068E-002    1.44345267522247317632E-002    1.46239531727893664476E-002    1.34129655902982432292E-002    8.71227065892077670584E-003    4.85890266834703397902E-003    2.44599290994345752032E-003    1.09753089603306804543E-003    4.19271226054923401225E-004    1.24235350795872485571E-004    2.61404872686530901824E-005
   2.00432790267242484650E-002    2.01576821137893387459E-002    2.02713800215771240698E-002    2.03843576195340096813E-002    2.04965998234182822380E-002    2.06080916093629232244E-002    2.07188180283389318526E-002    2.08287642209294514284E-002    2.09379154323196918497E-002    2.10462570274042824747E-002    2.11537745059111187418E-002    2.12604535174391907904E-002    2.13662798763087462273E-002    2.14712395761232806290E-002    2.15753188039462841241E-002    2.16785039539998565516E-002    2.17807816407988089069E-002    2.18821387116405856321E-002    2.19825622583804183852E-002    2.20820396284305067724E-002    2.21805584349329537597E-002    2.22781065660674487683E-002    2.23746721934677539334E-002    2.24702437797324947044E-002    2.25648100850302339715E-002    2.26583601728109033935E-002    2.27508834146488599093E-002    2.28423694942559638021E-002    2.29328084107143261028E-002    2.30221904809902490341E-002    2.31105063418009272491E-002    2.31977469509147549154E-002    2.32839035879739385260E-002    2.33689678549347072678E-002    2.34529316762252769413E-002    2.35357872987250263397E-002    2.36175272916704440118E-002    2.36981445465930043448E-002    2.37776322773927545340E-002    2.38559840206480390512E-002    2.39331936362570697752E-002    2.40092553085006280011E-002    2.40841635476072013500E-002    2.41579131918933133483E-002    2.42304994105412389860E-002    2.43019177070649960992E-002    2.43721639235042475402E-002    2.39615458324582801530E-002    1.95348507496823364793E-002    1.35694834766867632181E-002    8.63187358456863652878E-003    5.19950189247944064702E-003    3.00748390967095404619E-003    1.67239760513394983971E-003    8.53921715938477446373E-004    2.74603163163816550545E-004
   1.22220966179608456909E-002    1.23011088621285714917E-002    1.23821263339301476658E-002    1.24651690309721570327E-002    1.25502550132100126890E-002    1.26374002911267269145E-002    1.27331743986445443395E-002    1.28519417085545661211E-002    1.29908456216885227069E-002    1.31271153277373285595E-002    1.32490343125315213069E-002    1.33636668829345151704E-002    1.34851850549220012021E-002    1.36273168370033229829E-002    1.37875489225598810844E-002    1.39554044022175034734E-002    1.41239723181342050062E-002    1.42928128045368488253E-002    1.44617026247021059071E-002    1.46305897199755733512E-002    1.47995723370567110883E-002    1.49686754512570272674E-002    1.51377315114372898441E-002    1.53066415637917174752E-002    1.54755087154804273075E-002    1.56444264291125990918E-002    1.58132724199939143916E-002    1.59819144119879401333E-002    1.61503592389414044050E-002    1.63186177054012448995E-002    1.64866653527756083786E-002    1.66544926480188017204E-002    1.68221538445504949222E-002    1.69895841875849461233E-002    1.71566567223864901992E-002    1.73233912569051434760E-002    1.74897629217188946282E-002    1.76557467279933426318E-002    1.78213175551621798298E-002    1.79864501381799893331E-002    1.81511190544986142359E-002    1.83152987109432598134E-002    1.84789633306905280719E-002    1.86420869405743323821E-002    1.88046433589686354249E-002    1.89666061845165101474E-002    1.91279956600411311929E-002    1.92887610256346729576E-002    1.66174414016410261496E-002    1.15102414916585966964E-002    6.99709613250453464628E-003    3.92560886888252118937E-003    2.05707459795260181115E-003    1.00257613454242909545E-003    4.39135022586326366663E-004    1.25006043490506242458E-004
   1.97099996590515205708E-002    1.98281131184862846606E-002    1.99455606404047233737E-002    2.00623265112094863183E-002    2.01783951916981382779E-002    2.02937548706878349847E-002    2.04084094776567637197E-002    2.05223187553053784682E-002    2.06354671715666439236E-002    2.07478392668434957757E-002    2.08594196696248006251E-002    2.09701931123709127414E-002    2.10801444475626972852E-002    2.11892586638040454627E-002    2.12975209018667552274E-002    2.14049164705652529561E-002    2.15114308623509629947E-002    2.16170497685181962899E-002    2.17217590939181928733E-002    2.18255449710838926591E-002    2.19283937736758846593E-002    2.20302921291685438465E-002    2.21312269307060854873E-002    2.22311853480696708374E-002    2.23301548377093823927E-002    2.24281231518079007814E-002    2.25250783463572697152E-002    2.26210087882438778961E-002    2.27159031613520488724E-002    2.28097504717100184324E-002    2.29025400517174661241E-002    2.29942615635060840229E-002    2.30849050014982938583E-002    2.31744606942401940031E-002    2.32629193055959027081E-002    2.33502718353992069766E-002    2.34365096196659482286E-002    2.35216243304765780520E-002    2.36056079756424078142E-002    2.36884528982712547207E-002    2.37701517763484158896E-002    2.38506976224479583237E-002    2.39300837836852187124E-002    2.40083039420172610068E-002    2.40853521149902577436E-002    2.41612226570252462687E-002    2.42359102613232436918E-002    2.39094892890688859310E-002    1.95067225649977228630E-002    1.35364241720227936050E-002    8.59679549603361778387E-003    5.16704801998534284796E-003    2.98019450863067645111E-003    1.65153076329649915223E-003    8.40540531247529663049E-004    2.70159484142751076235E-004
   2.31731350578369132975E-002    2.31734155873073686960E-002    2.31735903965207129529E-002    2.31736622621860691162E-002    2.31736338985977612104E-002    2.31735079581779218616E-002    2.31732870320555395249E-002    2.31729736506793675133E-002    2.31725702844626721411E-002    2.31720793444574572895E-002    2.31715031830559865800E-002    2.31708440947177192470E-002    2.31701043167192761996E-002    2.31692860299256633838E-002    2.31683913595808824160E-002    2.31674223761159162049E-002    2.31663810959723340255E-002    2.31652694824398021345E-002    2.31640894465058380658E-002    2.31628428477162681687E-002    2.31615314950446467279E-002    2.31601571477693633783E-002    2.31587215163569434817E-002    2.31572262633501918527E-002    2.31556730042599655250E-002    2.31540633084590767587E-002    2.31523987000776323986E-002    2.31506806588982448625E-002    2.31489106212503722992E-002    2.31470899809025111582E-002    2.31452200899517311627E-002    2.31433022597091302142E-002    2.31413377615808414645E-002    2.31393278279435551936E-002    2.31372736530139448685E-002    2.31351763937111473690E-002    2.31330371705119504366E-002    2.31308570682977714117E-002    2.31286371371932086838E-002    2.31263783933952603300E-002    2.31240818199931197352E-002    2.31217483677780000217E-002    2.31193789560424634022E-002    2.31169744733690368799E-002    2.31145357784078228636E-002    2.31120637006426606075E-002    2.31095590411457933733E-002    2.03728617959443997210E-002    1.54273305477965975291E-002    1.05756163485604577634E-002    6.84448795180124525128E-003    4.27013013576821916922E-003    2.59027952324719082031E-003    1.51534106181136995171E-003    7.98087273592558172491E-004    2.44211173737655809837E-004
   1.04324203922880037049E-002    1.04330205719420053556E-002    1.04342797384501025787E-002    1.04362303673050053204E-002    1.04389064245616856874E-002    1.04423434270335194207E-002    1.04465785036663531826E-002    1.04516504579318988272E-002    1.04575998310518260281E-002    1.04644689658300055896E-002    1.04723020708333870721E-002    1.04811452846209386680E-002    1.04910467396753248615E-002    1.05020566256427937135E-002    1.05142272514336717476E-002    1.05276131056780252598E-002    1.05422709149687529595E-002    1.05582596992580025896E-002    1.05756408237014428581E-002    1.05944780461696176632E-002    1.06148375595664819226E-002    1.06367880280119203595E-002    1.06612674656879694024E-002    1.06971685484016140050E-002    1.07561959232753308335E-002    1.08372675022527283767E-002    1.09297205500290903896E-002    1.10253432796118995551E-002    1.11209913874019145769E-002    1.12157949960481635038E-002    1.13088659236721695428E-002    1.13827716012724622363E-002    1.14383744428227900058E-002    1.14894119525940328896E-002    1.15431678558093244596E-002    1.16013227385239319628E-002    1.16643050858159652572E-002    1.17324476355182907850E-002    1.18032255344242137385E-002    1.18765910266217539909E-002    1.19526179761389149403E-002    1.20313797207481660428E-002    1.21129718663092311032E-002    1.21976390170473181218E-002    1.22854318376593284884E-002    1.23762916525030422510E-002    1.24702185844490810729E-002    1.25672600343497906095E-002    1.20991859304883375703E-002    7.54156521563823477317E-003    3.98965877106020275905E-003    1.87823080680210086936E-003    7.65472246839056361979E-004    2.49355790146292620284E-004    5.17972128336383397565E-005    1.42252326631755765225E-008
   1.12544306338662226941E-002    1.12385515301321094878E-002    1.12227077445841757347E-002    1.12069039615961679734E-002    1.11911451163922270186E-002    1.11754364090321262754E-002    1.11597833192277340331E-002    1.11441916220423563322E-002    1.11286674045277152179E-002    1.11132170833569427632E-002    1.10978474235154250804E-002    1.10825655581152492796E-002    1.10673790094031453818E-002    1.10522957110359091454E-002    1.10373240317021316381E-002    1.10224728001734433025E-002    1.10077513318738873932E-002    1.09931694570610874462E-002    1.09787375507184436357E-002    1.09644665642635273650E-002    1.09503680591837362912E-002    1.09364542427168066896E-002    1.09227380057001464964E-002    1.09092329627199779996E-002    1.08959534946982978393E-002    1.08829147940628524066E-002    1.08701329126529577795E-002    1.08576248125214543799E-002    1.08454084198009847312E-002    1.08335026818104276231E-002    1.08219276275851074287E-002    1.08107044320222746986E-002    1.07998554838405324413E-002    1.07894044575593175267E-002    1.07793763897111299216E-002    1.07697977595054249222E-002    1.07606965741681558785E-002    1.07521024591855467178E-002    1.07440467536831386203E-002    1.07365626111728621611E-002    1.07296851058998870404E-002    1.07234513450178703398E-002    1.07179005868152828207E-002    1.07130743652058008780E-002    1.07090166206820699979E-002    1.07057738379137418888E-002    1.07033951901462868334E-002    1.07019326905263556515E-002    1.07014413504408698041E-002    7.38002848350010655365E-003    3.82665090657496181903E-003    1.70739846941379358816E-003    6.43074349567082518067E-004    1.84939266344452392333E-004    3.01021430608585670893E-005    0.00000000000000000000E+000
   1.05409614548186338773E-002    1.05347936349447710014E-002    1.05290149804418975421E-002    1.05236463749098889398E-002    1.05187097409419078736E-002    1.05142280912191785069E-002    1.05102255818249872704E-002    1.05067275678249732324E-002    1.05037606611538738427E-002    1.05013527908405252670E-002    1.04995332655928533955E-002    1.04983328387529082498E-002    1.04977837756177489609E-002    1.04979199231058518277E-002    1.04987767817296146627E-002    1.05003915798127563791E-002    1.05028033498662295292E-002    1.05060530070075694442E-002    1.05101834292761642936E-002    1.05152395396599269983E-002    1.05212683896073137119E-002    1.05283192437521638113E-002    1.05364436655266818788E-002    1.05456956032798799400E-002    1.05561314764548632578E-002    1.05678102613072262550E-002    1.05807935755691424895E-002    1.05951457613788265627E-002    1.06109339657022017089E-002    1.06282282173735965342E-002    1.06471014997742818159E-002    1.06676298180524466164E-002    1.06898922596651239220E-002    1.07139710468933738174E-002    1.07405231127579124661E-002    1.07863490752877055207E-002    1.08613435468204559686E-002    1.09555780856480759755E-002    1.10566187192703054704E-002    1.11588615428927992457E-002    1.12607695061973083622E-002    1.13618295001427661167E-002    1.14625673258017656692E-002    1.15318213309617886159E-002    1.15857619155655192089E-002    1.16409600243579137990E-002    1.17008294205001080884E-002    1.17657130491584192150E-002    1.16712451965065074772E-002    7.18018529781590426897E-003    3.72573121144518116382E-003    1.71176448478160304900E-003    6.74896338298606817373E-004    2.09042726666693772560E-004    3.96509710159252673684E-005    0.00000000000000000000E+000
   1.04404723752368668727E-002    1.04401157535062624054E-002    1.04403800522512996141E-002    1.04412961799502709143E-002    1.04428964823580737453E-002    1.04452148025798406683E-002    1.04482865425773018692E-002    1.04521487259861874802E-002    1.04568400620960021835E-002    1.04624010108134192498E-002    1.04688738483974166232E-002    1.04763027337169255943E-002    1.04847337747411891579E-002    1.04942150949279677102E-002    1.05047968991255052246E-002    1.05165315385504602730E-002    1.05294735743457629207E-002    1.05436798391592388702E-002    1.05592094961159867900E-002    1.05761240944850353624E-002    1.05944876212634483265E-002    1.06143665478194530738E-002    1.06358298706504521974E-002    1.06591334479997357221E-002    1.06876023160633482761E-002    1.07362372167806412182E-002    1.08110858061410200492E-002    1.09019732229114520161E-002    1.09980246059589205354E-002    1.10946350288988141580E-002    1.11905914426196108347E-002    1.12846816621577309553E-002    1.13678327753977091719E-002    1.14311976792384334400E-002    1.14840065662451078221E-002    1.15369280167104161505E-002    1.15937877368420417384E-002    1.16553728811466614929E-002    1.17220324852723035286E-002    1.17925597685567904588E-002    1.18656873461360588135E-002    1.19414907939364330069E-002    1.20200452449640386721E-002    1.21014367832495625676E-002    1.21858484352692555269E-002    1.22734470192456483068E-002    1.23641824876653955156E-002    1.24580249802839597428E-002    1.20381919870259628674E-002    7.49178795969646441066E-003    3.95384386933020533228E-003    1.85566265761733591340E-003    7.53077431720526407032E-004    2.43732509442967523955E-004    5.00510142095389942360E-005    0.00000000000000000000E+000
   1.04866054126626362386E-002    1.04828393286364278392E-002    1.04795580453303331658E-002    1.04767866759619930617E-002    1.04745515517425946683E-002    1.04728802783648766717E-002    1.04718017945511585737E-002    1.04713464326518495423E-002    1.04715459812705150022E-002    1.04724337498746031261E-002    1.04740446353317768341E-002    1.04764151902897676566E-002    1.04795836932926045293E-002    1.04835902204978865387E-002    1.04884767188277976818E-002    1.04942870803508472161E-002    1.05010672176512904336E-002    1.05088651398988295466E-002    1.05177310292817027121E-002    1.05277173174118734988E-002    1.05388787612511799358E-002    1.05512725180417175908E-002    1.05649582186521893978E-002    1.05799980386744908734E-002    1.05964567665211058939E-002    1.06144018676839931026E-002    1.06339035442198602543E-002    1.06550347884248781949E-002    1.06778714295551347552E-002    1.07030431097218797776E-002    1.07398103256032117353E-002    1.08021231969910348758E-002    1.08878517714100057912E-002    1.09845756880986786252E-002    1.10840230141777927597E-002    1.11834374908991503877E-002    1.12820848279782479789E-002    1.13796201631510239538E-002    1.14567605479589610523E-002    1.15145265298514758168E-002    1.15678440824902722950E-002    1.16242366700641842903E-002    1.16852961944579562120E-002    1.17514215988465606233E-002    1.18229607513888734099E-002    1.18978411277068339691E-002    1.19755357682689873161E-002    1.20561267907826879381E-002    1.18199543020343425526E-002    7.30961071796905163811E-003    3.82158660311222343753E-003    1.77235575964449615892E-003    7.07666997304847019898E-004    2.23434851328948176066E-004    4.39022264587307154467E-005    0.00000000000000000000E+000
   1.04489520392581081154E-002    1.04627498951918793124E-002    1.04777121416424062739E-002    1.04938892449114602040E-002    1.05113334890609318173E-002    1.05300990015828339202E-002    1.05502417744007641331E-002    1.05729761970586502023E-002    1.06053872671293160368E-002    1.06570821591067572964E-002    1.07290303358722315802E-002    1.08131935798605489235E-002    1.09014916535365401218E-002    1.09900509243632798356E-002    1.10770866387490275057E-002    1.11596149680867427062E-002    1.12285940845212577760E-002    1.12826768376216059198E-002    1.13304965158267066661E-002    1.13793696435849130827E-002    1.14319481009461307308E-002    1.14888933904478598297E-002    1.15498509976161688878E-002    1.16129296933081722909E-002    1.16781891884773208340E-002    1.17456890578208107689E-002    1.18154885641713978256E-002    1.18876554614868075455E-002    1.19623077280334270955E-002    1.20395982452593287848E-002    1.21195514386462765283E-002    1.22021255863113929629E-002    1.22873201367710987997E-002    1.23751719887124234792E-002    1.24657360252627812808E-002    1.25590814866955776535E-002    1.26552521553605756138E-002    1.27542888949521340120E-002    1.28562293804776739403E-002    1.29611078293469586531E-002    1.30689547356786298082E-002    1.31797966100297096054E-002    1.32936557268395674075E-002    1.34301792518468354753E-002    1.36290478081012144534E-002    1.38063844726413562786E-002    1.39494278771499068820E-002    1.40911041675720136862E-002    1.30161652841568487721E-002    8.29924181609582867214E-003    4.54449112266749975092E-003    2.24006426018044440748E-003    9.76504802034595205049E-004    3.55560321936504789009E-004    9.48185368757387163829E-005    1.43868234922944448871E-005
   1.21418454492133731648E-002    1.22189913560561847633E-002    1.22981388360120184183E-002    1.23793104742198050577E-002    1.24625270215756311920E-002    1.25478072768431640760E-002    1.26351679712410104595E-002    1.27285705651689999562E-002    1.28423774312406441950E-002    1.29806598803313393703E-002    1.31194180038828704660E-002    1.32423928634209878835E-002    1.33584813920567552908E-002    1.34807746695151855348E-002    1.36190323735634489372E-002    1.37775028033736389454E-002    1.39436064662920040230E-002    1.41129441874224981907E-002    1.42825883754119850599E-002    1.44523286039463134955E-002    1.46220556933017910989E-002    1.47918604847141563902E-002    1.49618042574058349170E-002    1.51317321578177607644E-002    1.53015171182901872637E-002    1.54712160499428930116E-002    1.56409647326344811158E-002    1.58106794115837161196E-002    1.59802042397020754860E-002    1.61495153987619502467E-002    1.63186418281733199021E-002    1.64875587791279802630E-002    1.66562414427809286910E-002    1.68247563566610303099E-002    1.69930636643694094046E-002    1.71610120238950697447E-002    1.73286192117259874035E-002    1.74958630761969900769E-002    1.76627183350907997206E-002    1.78291595730147300891E-002    1.79951612283590911545E-002    1.81606975799511252689E-002    1.83257427335837830285E-002    1.84902706086254899065E-002    1.86542549249417745350E-002    1.88176691903843423814E-002    1.89804866891239917837E-002    1.91427107444407038073E-002    1.65202536049811679608E-002    1.14333277279653148378E-002    6.93737151103723543449E-003    3.88249077245132441852E-003    2.02756708419132977358E-003    9.83590931107020376850E-004    4.28355626345788115771E-004    1.21440774237653877185E-004
   1.68965733333777297365E-002    1.70389769473147448253E-002    1.71810525646374362418E-002    1.73227826909647802944E-002    1.74642090474799970001E-002    1.76052717900951338770E-002    1.77459343396399460424E-002    1.78861780979057104213E-002    1.80259851238422676156E-002    1.81653373599226439228E-002    1.83042166277752119119E-002    1.84426046244312753786E-002    1.85804829192998018084E-002    1.87178329519811052772E-002    1.88546360310312514919E-002    1.89908733337863788737E-002    1.91265259073520078881E-002    1.92615746708565439838E-002    1.93960004190603940710E-002    1.95297838274020724159E-002    1.96629054585512920428E-002    1.97953457705253854648E-002    1.99270851264100046230E-002    2.00581038057087712723E-002    2.01883820173275295440E-002    2.03178999141802318906E-002    2.04466376093827111038E-002    2.05745751939796391039E-002    2.07016927561291322335E-002    2.08279704016478446615E-002    2.09533882757990674861E-002    2.10779265861861554721E-002    2.12015656265955483584E-002    2.13242858016158103041E-002    2.14460676518453130512E-002    2.15668918794876818268E-002    2.16867393741250816253E-002    2.18055912384521738412E-002    2.19234288137506831695E-002    2.20402337048841504008E-002    2.21559878045964851745E-002    2.22706733169049583831E-002    2.23842727793898479960E-002    2.24967690841969547577E-002    2.26081454975877171876E-002    2.27183856778925136188E-002    2.28274809601403949610E-002    2.29354164303930269098E-002    1.89055809148542600107E-002    1.30953927609775561125E-002    8.22078224851320420175E-003    4.85004371580459447966E-003    2.72610184289424862733E-003    1.46149085470039614629E-003    7.17941535150391817524E-004    2.25822048146133761391E-004
   1.20565219692860721434E-002    1.21316232830362483175E-002    1.22087186204163661990E-002    1.22878332833097070331E-002    1.23689908621223733365E-002    1.24522131123020081411E-002    1.25375198323897426439E-002    1.26249287443648931795E-002    1.27144553770624311323E-002    1.28183760996712463320E-002    1.29518345982488625179E-002    1.30967967506932757293E-002    1.32284732446715513898E-002    1.33479038833908998651E-002    1.34674483535579588706E-002    1.35972335989543498952E-002    1.37508597774479157660E-002    1.39158052131838298054E-002    1.40859513509095386069E-002    1.42564577010418774838E-002    1.44271325608269010421E-002    1.45977785544969870107E-002    1.47684731813113832855E-002    1.49393350062314283350E-002    1.51102303484618744750E-002    1.52809894575773146108E-002    1.54515983014491195546E-002    1.56222541532640094714E-002    1.57929362874336086386E-002    1.59634516178384783247E-002    1.61337293006891743796E-002    1.63038262656374152715E-002    1.64737174474467000518E-002    1.66433777212434998172E-002    1.68128424753950199422E-002    1.69821102136872605082E-002    1.71510630331230089218E-002    1.73196596533367816462E-002    1.74878946972375111379E-002    1.76557425688848856904E-002    1.78231775387085664142E-002    1.79901737301763169075E-002    1.81567051061114932697E-002    1.83227454548396569145E-002    1.84882683763727545534E-002    1.86532472688651328185E-002    1.88176553156015127777E-002    1.89814654728001422357E-002    1.64126044954102760787E-002    1.13474430014397775768E-002    6.87068446261166441980E-003    3.83446498813839325992E-003    1.99480928998069934055E-003    9.62596189749590847376E-004    4.16488012487639355005E-004    1.17542206600831759550E-004
   1.04215163255673998882E-002    1.04304044769970172962E-002    1.04402744155883686616E-002    1.04511707794728379156E-002    1.04631399928702233104E-002    1.04762303118157099752E-002    1.04904918677428595636E-002    1.05059767084157932443E-002    1.05227388356527243318E-002    1.05408342392285785810E-002    1.05603209262885647246E-002    1.05812589455462451038E-002    1.06050944172706249763E-002    1.06409622941520919104E-002    1.06987202710412520473E-002    1.07764458618316589372E-002    1.08644123937444627565E-002    1.09551875261617616408E-002    1.10458147195185100303E-002    1.11346645017738592881E-002    1.12179684862442445581E-002    1.12858348248943002323E-002    1.13392863561276053402E-002    1.13881724326706061656E-002    1.14390885612857991227E-002    1.14940525596102221390E-002    1.15535785346778975546E-002    1.16170977023807627665E-002    1.16828646235891484700E-002    1.17509432152520798542E-002    1.18213971929287311319E-002    1.18942898712361671415E-002    1.19697037447867860038E-002    1.20478039736000592380E-002    1.21287015619473310946E-002    1.22123756799370295628E-002    1.22987989117926722893E-002    1.23879935439319271984E-002    1.24800058493905845214E-002    1.25749046241004566737E-002    1.26727512244797762414E-002    1.27735909422450454737E-002    1.28774657196795670744E-002    1.29844138475950533762E-002    1.30944696656948664920E-002    1.32076632678564485218E-002    1.33240202149697475192E-002    1.34534923153378019323E-002    1.26380815684321284181E-002    7.98598929095573929759E-003    4.30561773116268885209E-003    2.07534984269478871982E-003    8.73069983827926324703E-004    2.97858584524787045871E-004    6.73460583448910000753E-005    6.91736992453353334507E-007
   1.12607319144608832712E-002    1.13132177609832542536E-002    1.13674029229070307212E-002    1.14233326004445912005E-002    1.14810519669212938304E-002    1.15406060601940634036E-002    1.16020396670149603807E-002    1.16654076043117352346E-002    1.17308021084853667665E-002    1.17983311823718871325E-002    1.18680358860174146873E-002    1.19398912247887477311E-002    1.20138794373451703729E-002    1.20900167327196040451E-002    1.21683473208995911186E-002    1.22489250319810644152E-002    1.23317841857665932287E-002    1.24169571867211447902E-002    1.25044743528311894099E-002    1.25943637446376075634E-002    1.26866509955307939228E-002    1.27813591444515175372E-002    1.28785084721868021279E-002    1.29823553403960543356E-002    1.31124784383701269846E-002    1.32732654515281805335E-002    1.34242487944846947828E-002    1.35536862851279808068E-002    1.36794997938521744468E-002    1.38130855547297735214E-002    1.39623032020069117592E-002    1.41329913362765059032E-002    1.43109277678626946317E-002    1.44923769285021011161E-002    1.46740655813602533658E-002    1.48557347946097484392E-002    1.50374071587001112427E-002    1.52192169504787623568E-002    1.54010987325710266282E-002    1.55828568841157016206E-002    1.57644300651757322818E-002    1.59459681882203677117E-002    1.61275494747375493232E-002    1.63089728479330238475E-002    1.64901223170183762468E-002    1.66710355516707410539E-002    1.68517043331754823310E-002    1.70320993952630742041E-002    1.50893522066117211078E-002    1.02393205780213353284E-002    6.01360868357650631133E-003    3.22757213536778138699E-003    1.58954528453243443958E-003    7.09478135531850973190E-004    2.77415669368457783097E-004    7.35279844159738020688E-005
   1.48714518731772951665E-002    1.50254297849870318421E-002    1.51794480733917838688E-002    1.53333602147336291871E-002    1.54870992313400311635E-002    1.56407140772394509520E-002    1.57941852794063371246E-002    1.59474933299323037850E-002    1.61007044505020804892E-002    1.62537797967772790209E-002    1.64065970211874703755E-002    1.65591640845784808522E-002    1.67114664811795383959E-002    1.68634844551069466856E-002    1.70151981769438506720E-002    1.71665877364574892550E-002    1.73176331350029695522E-002    1.74683142776820843345E-002    1.76186109653391383134E-002    1.77685028864878781507E-002    1.79179696092762637261E-002    1.80670492041301866681E-002    1.82156783235694549883E-002    1.83638188859729413471E-002    1.85114486656761667582E-002    1.86585465803786355876E-002    1.88050913868646543681E-002    1.89510616771274356673E-002    1.90964358757236343789E-002    1.92411922385242392664E-002    1.93853088530227465891E-002    1.95287636403552559983E-002    1.96715343591757040043E-002    1.98135986115168596933E-002    1.99549338507503705442E-002    2.00955173917397970917E-002    2.02353264232574478476E-002    2.03743380227105856661E-002    2.05125291731943909523E-002    2.06498767828589314954E-002    2.07863577065457265369E-002    2.09219487696160090506E-002    2.10566267938597992404E-002    2.11903686253403049367E-002    2.13231511639958536131E-002    2.14549513947893018273E-002    2.15857464201652145264E-002    2.17155134935482808933E-002    1.81793977169616462197E-002    1.26513601105604257813E-002    7.88007599020517507382E-003    4.58003892684945811131E-003    2.51907149817369056463E-003    1.31133531374306240742E-003    6.22059634914263418631E-004    1.89438036850158583258E-004
   2.36722037662313276873E-002    2.37169239698651057591E-002    2.37608174297118529550E-002    2.38038854889662185310E-002    2.38461297553225169688E-002    2.38875521041742588935E-002    2.39281546815611964596E-002    2.39679399068330675759E-002    2.40069104749999866211E-002    2.40450693587406366669E-002    2.40824198100399421152E-002    2.41189653614297325190E-002    2.41547098268075667582E-002    2.41896573018102918617E-002    2.42238121637213844883E-002    2.42571790708930069835E-002    2.42897629616662114049E-002    2.43215690527752714800E-002    2.43526028372246135245E-002    2.43828700816296345399E-002    2.44123768230156031056E-002    2.44411293650714268877E-002    2.44691342738583700323E-002    2.44963983729763849773E-002    2.45229287381937728629E-002    2.45487326915487941159E-002    2.45738177949345396045E-002    2.45981918431811968917E-002    2.46218628566525175871E-002    2.46448390733756614313E-002    2.46671289407260872772E-002    2.46887411066912913771E-002    2.47096844107394138235E-002    2.47299678743203715792E-002    2.47496006910289632896E-002    2.47685922164609904905E-002    2.47869519577944182054E-002    2.48046895631287948880E-002    2.48218148106171751510E-002    2.48383375974249344387E-002    2.48542679285506037945E-002    2.48696159055440020602E-002    2.48843917151566271229E-002    2.48986056179593545634E-002    2.49122679369618085787E-002    2.49253890462670935069E-002    2.49379793597950746853E-002    2.33348769618214602062E-002    1.85759287156549227071E-002    1.29489903144144203467E-002    8.36880767366073551050E-003    5.16527105114266554819E-003    3.08471446108198477792E-003    1.77792297921511321425E-003    9.32583420339311167449E-004    2.93759209432125820670E-004
   2.34932613980235564799E-002    2.34960100563310313182E-002    2.34985756302303339105E-002    2.35009626093485753107E-002    2.35031754086591181119E-002    2.35052183678013289214E-002    2.35070957505047056779E-002    2.35088117441142677166E-002    2.35103704592142734309E-002    2.35117759293468654713E-002    2.35130321108226146565E-002    2.35141428826194029411E-002    2.35151120463665611049E-002    2.35159433264104586470E-002    2.35166403699586593068E-002    2.35172067472986419390E-002    2.35176459520880475063E-002    2.35179614017129133552E-002    2.35181564377103767549E-002    2.35182343262526245831E-002    2.35181982586886335895E-002    2.35180513521405024080E-002    2.35177966501510654629E-002    2.35174371233795274916E-002    2.35169756703421245492E-002    2.35164151181946404212E-002    2.35157582235538953341E-002    2.35150076733551087471E-002    2.35141660857425306708E-002    2.35132360109902988077E-002    2.35122199324511657603E-002    2.35111202675302582987E-002    2.35099393686814608917E-002    2.35086795244240018277E-002    2.35073429603769520901E-002    2.35059318403093436833E-002    2.35044482672037875759E-002    2.35028942843315408195E-002    2.35012718763370591357E-002    2.34995829703301753466E-002    2.34978294369839850464E-002    2.34960130916370447951E-002    2.34941356953977838196E-002    2.34921989562501647153E-002    2.34902045301585808701E-002    2.34881540221710434502E-002    2.34860489875192146592E-002    2.09337709213772357741E-002    1.60116276596778996100E-002    1.10186020795569848685E-002    7.13334626625451891091E-003    4.44380985918088004111E-003    2.68939589349116107281E-003    1.56986852151214583903E-003    8.26314254185017086490E-004    2.53752787438175420910E-004
   1.07502005161872870448E-002    1.07391507062998201039E-002    1.07283007836778930544E-002    1.07176629834322533624E-002    1.07072501747443645653E-002    1.06970758948705321756E-002    1.06871543849770128665E-002    1.06775006278963593975E-002    1.06681303878982600142E-002    1.06590602525706516085E-002    1.06503076769093596443E-002    1.06418910297167816636E-002    1.06338296424117115246E-002    1.06261438603538690972E-002    1.06188550967873020919E-002    1.06119858895069984345E-002    1.06055599603521628904E-002    1.05996022776280451883E-002    1.05941391215551884708E-002    1.05891981528409995922E-002    1.05848084844626516565E-002    1.05810007567430832548E-002    1.05778072157920767504E-002    1.05752617953729158295E-002    1.05734002022402091142E-002    1.05722600049772876701E-002    1.05718807263402193863E-002    1.05723039390909750307E-002    1.05735733652725424209E-002    1.05757349788450898814E-002    1.05788371115619755924E-002    1.05829305619193035637E-002    1.05880687069593859562E-002    1.05943076166490728063E-002    1.06017061704850694415E-002    1.06103261759015864846E-002    1.06202324879682008518E-002    1.06314931297686529610E-002    1.06441794127420420735E-002    1.06583660561472056555E-002    1.06741313046771740120E-002    1.06915570431037384308E-002    1.07107289066709753661E-002    1.07317363857821305995E-002    1.07546729233346828603E-002    1.07796360028558566024E-002    1.08067272253745544353E-002    1.08370577502364777434E-002    1.09059039926691168226E-002    6.99968837396278305285E-003    3.62099205083659661172E-003    1.63830224643061387983E-003    6.31229903775025707850E-004    1.88489674165014033536E-004    3.31855329660058501347E-005    0.00000000000000000000E+000
   1.83500020708277124248E-002    1.84812556277925421622E-002    1.86120045946417643490E-002    1.87422321778672740233E-002    1.88719214771578928935E-002    1.90010554872262656112E-002    1.91296171006696269501E-002    1.92575891119241664196E-002    1.93849542223643797612E-002    1.95116950465894917199E-002    1.96377941199285810381E-002    1.97632339071836596323E-002    1.98879968126181305710E-002    2.00120651911840259640E-002    2.01354213609673954322E-002    2.02580476168170084406E-002    2.03799262451061086177E-002    2.05010395395629312076E-002    2.06213698180903841350E-002    2.07408994404818455837E-002    2.08596108269264238211E-002    2.09774864771844968270E-002    2.10945089903039895152E-002    2.12106610847375906537E-002    2.13259258694012132640E-002    2.14403005883318752145E-002    2.15537612597615398091E-002    2.16662832189692226847E-002    2.17778501231079731071E-002    2.18884458686738857247E-002    2.19980546100943738508E-002    2.21066607775023959981E-002    2.22142490935677179575E-002    2.23208045892692788503E-002    2.24263126185076377972E-002    2.25307588714730028245E-002    2.26341293867032451737E-002    2.27364105617851620933E-002    2.28375891626732795137E-002    2.29376523316216461568E-002    2.30365875937452203870E-002    2.31343828622484377899E-002    2.32310264423800719169E-002    2.33265070341921627872E-002    2.34208137341999911296E-002    2.35139360360568094865E-002    2.36058638303717933937E-002    2.36142693604760103843E-002    1.93009589976083813234E-002    1.33299336822239357370E-002    8.40696767336119102354E-003    5.00747393645154057623E-003    2.85434632688572704692E-003    1.55902614368301278489E-003    7.82061776328473747498E-004    2.49958787695720113884E-004
   1.46793843920405408382E-002    1.48341611390172909563E-002    1.49889412259473775446E-002    1.51437872002640333546E-002    1.52985824310470554938E-002    1.54532150126408668322E-002    1.56077076735145134356E-002    1.57620624019785722514E-002    1.59162594475016176687E-002    1.60703219615114314966E-002    1.62242694692347859398E-002    1.63780126943251017058E-002    1.65314899154777421308E-002    1.66847066847063685291E-002    1.68376430100635604559E-002    1.69902788269641648322E-002    1.71425939908224841957E-002    1.72945682693438490540E-002    1.74461813345375832407E-002    1.75974127545314266985E-002    1.77482419852806848348E-002    1.78986483622783007497E-002    1.80486347818467757209E-002    1.81982037936042964632E-002    1.83472907877621771444E-002    1.84958683632345036174E-002    1.86439152005669628309E-002    1.87914098170422032286E-002    1.89383305623443028154E-002    1.90846556154424702723E-002    1.92303629828661712398E-002    1.93754304985410616413E-002    1.95198358253478795876E-002    1.96635564585569480589E-002    1.98065697312777809491E-002    1.99488528220465415053E-002    2.00903827646547739061E-002    2.02311364602996909823E-002    2.03710906921103149236E-002    2.05102221420756132553E-002    2.06485074103693599934E-002    2.07859230370340403171E-002    2.09224455259517452821E-002    2.10580513709949686263E-002    2.11927170842148952790E-002    2.13264192258901565113E-002    2.14591344362253765021E-002    2.15908394684571000588E-002    1.81022678931835774574E-002    1.26000881648675126107E-002    7.84065241681046638800E-003    4.54986263538184349670E-003    2.49688047780432294948E-003    1.29584740318320896894E-003    6.12474991334200171735E-004    1.85877557020823545690E-004
   1.67941188148337007535E-002    1.69372203062474226132E-002    1.70800062816055843451E-002    1.72224591826094161617E-002    1.73645613661749728673E-002    1.75063606122354657735E-002    1.76477845384166165399E-002    1.77888022891366445744E-002    1.79293954023080105709E-002    1.80695457768548402300E-002    1.82092351928148307727E-002    1.83484453070120109852E-002    1.84871576493785064188E-002    1.86253536200389965827E-002    1.87630144872725293514E-002    1.89001213864651608498E-002    1.90366553201643216864E-002    1.91725971593412480853E-002    1.93079276459611100247E-002    1.94426273969523361052E-002    1.95766769096559559160E-002    1.97100565688234641293E-002    1.98427466552176315351E-002    1.99747273558545969385E-002    2.01059787759080496605E-002    2.02364809522772616524E-002    2.03662138688009176912E-002    2.04951574730773411481E-002    2.06232916948303236782E-002    2.07505964657381594685E-002    2.08770517406215612433E-002    2.10026375198654260967E-002    2.11273338729289460181E-002    2.12511209627804648070E-002    2.13739790710758131853E-002    2.14958886238848650985E-002    2.16168302177583322721E-002    2.17367846459179357710E-002    2.18557329243468656532E-002    2.19736563175549452775E-002    2.20905363637936835719E-002    2.22063548995016478427E-002    2.23210940827684688192E-002    2.24347364156188312789E-002    2.25472647649330067143E-002    2.26586623818405656638E-002    2.27689129194454664695E-002    2.28780004487673278846E-002    1.88728489658148423924E-002    1.30772398645334509554E-002    8.20688984636174130582E-003    4.83849014634521717299E-003    2.71678630041316798022E-003    1.45445029967104918697E-003    7.13313254255377852432E-004    2.24045650734761920197E-004
   2.27379031182592325488E-002    2.28097450486179874340E-002    2.28806852217591401299E-002    2.29507184942535115424E-002    2.30198399455344669684E-002    2.30880448800128319775E-002    2.31553288293728336267E-002    2.32216875550762362479E-002    2.32871170510988954871E-002    2.33516135469196313423E-002    2.34151735107778757872E-002    2.34777936532114712975E-002    2.35394709308819512217E-002    2.36002025506896716267E-002    2.36599859741761196774E-002    2.37188189222062861816E-002    2.37766993799185463732E-002    2.38336256019249480287E-002    2.38895961177401430775E-002    2.39446097374121820434E-002    2.39986655573246367157E-002    2.40517629661347979997E-002    2.41039016508092993063E-002    2.41550816027149804766E-002    2.42053031237193516656E-002    2.42545668322529488214E-002    2.43028736692830690802E-002    2.43502249041468374346E-002    2.43966221401903556043E-002    2.44420673201595356483E-002    2.44865627312882971900E-002    2.45301110100295607919E-002    2.45727151463757537142E-002    2.46143784877160889946E-002    2.46551047421801131088E-002    2.46948979814188701587E-002    2.47337626427776430260E-002    2.47717035308177083164E-002    2.48087258181470260432E-002    2.48448350455250342728E-002    2.48800371212092412410E-002    2.49143383195172297973E-002    2.49477452785811758262E-002    2.49802649972778179066E-002    2.50119048313211210510E-002    2.50426724885107268581E-002    2.50725760231338100359E-002    2.38887111006294144966E-002    1.92366162085037505081E-002    1.34266543009712059631E-002    8.64517799570189114655E-003    5.29984284828141031382E-003    3.13675249742405466702E-003    1.79090411439783892163E-003    9.34306929791936351115E-004    2.97712055626100024434E-004
   1.19890622569596341090E-002    1.20625025547198561071E-002    1.21379281008757323318E-002    1.22153663088522893010E-002    1.22948429869155131250E-002    1.23763822109904577523E-002    1.24600061982299316343E-002    1.25457351820865703473E-002    1.26335872896695088075E-002    1.27235784221894181190E-002    1.28271769130479679905E-002    1.29596915271344183263E-002    1.31051334905233265310E-002    1.32386391569724818501E-002    1.33593654821532702159E-002    1.34788489066455657861E-002    1.36080720185895280572E-002    1.37606421694970067204E-002    1.39258649746568010513E-002    1.40967488386681480406E-002    1.42680058207462438086E-002    1.44394438437152865945E-002    1.46108552617789065609E-002    1.47823077641711653207E-002    1.49539191459006383378E-002    1.51255735014561593782E-002    1.52970980668513389933E-002    1.54684654716026742660E-002    1.56398724920611374711E-002    1.58113161733465339143E-002    1.59825943434791610531E-002    1.61536282729407877634E-002    1.63244799562488225597E-002    1.64951240571138066371E-002    1.66655351784685649974E-002    1.68357421259848274997E-002    1.70057512097968391296E-002    1.71754511509175332440E-002    1.73447880306042030718E-002    1.75137598470442787391E-002    1.76823407216156920641E-002    1.78505046391471237921E-002    1.80182254342641165468E-002    1.81854767773778694395E-002    1.83522321605032352754E-002    1.85184648831208178987E-002    1.86841480383256215714E-002    1.88492544995310061517E-002    1.63241405323521250603E-002    1.12763206632473696189E-002    6.81544505435212593508E-003    3.79477647741275963753E-003    1.96782228357668224905E-003    9.45363247010198165521E-004    4.06787329235194046115E-004    1.14375522528456784492E-004
   2.37924461690247994461E-002    2.38002984655532739966E-002    2.38078303948290048719E-002    2.38150485339530953999E-002    2.38219594181988819637E-002    2.38285695369989079795E-002    2.38348853300872215444E-002    2.38409131838007437576E-002    2.38466594275424624561E-002    2.38521303304091887576E-002    2.38573320979854792967E-002    2.38622708693052507090E-002    2.38669527139818253569E-002    2.38713836295066268722E-002    2.38755695387165671473E-002    2.38795162874292261901E-002    2.38832296422449817663E-002    2.38867152885143853303E-002    2.38899788284690287044E-002    2.38930257795136706533E-002    2.38958615726768165699E-002    2.38984915512171595953E-002    2.39009209693825074028E-002    2.39031549913176107058E-002    2.39051986901175073097E-002    2.39070570470222287796E-002    2.39087349507488833300E-002    2.39102371969568058829E-002    2.39115684878414176684E-002    2.39127334318522052903E-002    2.39137365435303263228E-002    2.39145822434610501317E-002    2.39152748583362773083E-002    2.39158186211224539630E-002    2.39162176713290236529E-002    2.39164760553725042058E-002    2.39165977270316583436E-002    2.39165865479886302625E-002    2.39164462884517564634E-002    2.39161806278549229909E-002    2.39157931556292051301E-002    2.39152873720421613180E-002    2.39146666891001148658E-002    2.39139344315095515869E-002    2.39130938376927656974E-002    2.39121480608541180091E-002    2.39111001700926077695E-002    2.15782802484868717341E-002    1.66862831295171466783E-002    1.15295020218209309792E-002    7.46540535385523638945E-003    4.64247710564353373991E-003    2.80205712254028363462E-003    1.63152277386024915223E-003    8.58329409242959630484E-004    2.64898409945479808205E-004
   1.04909254649643863405E-002    1.04869279739773554189E-002    1.04834060442923794609E-002    1.04803843857425530578E-002    1.04778889097180399198E-002    1.04759467852347035177E-002    1.04745864970885171896E-002    1.04738379060925930475E-002    1.04737323113799941920E-002    1.04743025147394901858E-002    1.04755828869331005238E-002    1.04776094359234055869E-002    1.04804198769144815001E-002    1.04840537040833715887E-002    1.04885522638483632413E-002    1.04939588294858440060E-002    1.05003186768690224412E-002    1.05076791610587399334E-002    1.05160897934288826566E-002    1.05256023189559157205E-002    1.05362707932439344377E-002    1.05481516587925261419E-002    1.05613038199450053056E-002    1.05757887158785691267E-002    1.05916703909156462854E-002    1.06090155613473378221E-002    1.06278936778650377748E-002    1.06483769825954990851E-002    1.06705405596283255110E-002    1.06944871966873009117E-002    1.07219042097757791959E-002    1.07722717085934234504E-002    1.08514905753438091474E-002    1.09465012470375631232E-002    1.10459808443885577206E-002    1.11458576996465580367E-002    1.12451406276543371815E-002    1.13428586744239931483E-002    1.14314298566402013785E-002    1.14964912265989871454E-002    1.15502360257868606774E-002    1.16050364230157569689E-002    1.16642486982073221441E-002    1.17284030475257820131E-002    1.17978391528161131313E-002    1.18718164842814815491E-002    1.19485877726465457987E-002    1.20282358598169762665E-002    1.18053566409641718521E-002    7.29716051557721852305E-003    3.81245088240539159105E-003    1.76659223227684748433E-003    7.04541805757410272669E-004    2.22053955468216342563E-004    4.34907890352355172158E-005    0.00000000000000000000E+000
   2.27221454238127826275E-002    2.27943389604838390905E-002    2.28656307588360890870E-002    2.29360155952762385934E-002    2.30054884691216349202E-002    2.30740446046621659748E-002    2.31416794533951912516E-002    2.32083886964621829985E-002    2.32741682473124426866E-002    2.33390142546153617209E-002    2.34029231054389795508E-002    2.34658914287078045058E-002    2.35279160989487930167E-002    2.35889942403292064699E-002    2.36491232309854193527E-002    2.37083007076368812438E-002    2.37665245704741269483E-002    2.38237929883052673707E-002    2.38801044039402485253E-002    2.39354575397875725395E-002    2.39898514036337613675E-002    2.40432852945715314075E-002    2.40957588090388516444E-002    2.41472718469271513397E-002    2.41978246177140914053E-002    2.42474176465732188523E-002    2.42960517804104506046E-002    2.43437281937754282368E-002    2.43904483945944841605E-002    2.44362142296705858735E-002    2.44810278898956422411E-002    2.45248919151201429101E-002    2.45678091986261497304E-002    2.46097829911501100875E-002    2.46508169044042067808E-002    2.46909149140464335981E-002    2.47300813620524410907E-002    2.47683209584448477125E-002    2.48056387823394897119E-002    2.48420402822713444480E-002    2.48775312757673235098E-002    2.49121179481372884146E-002    2.49458068504593566406E-002    2.49786048967406068555E-002    2.50105193602391112639E-002    2.50415578689383716560E-002    2.50717284001709256325E-002    2.38934398947205361985E-002    1.92428937418433441964E-002    1.34309987377899658217E-002    8.64741685700664945713E-003    5.30065962444412584753E-003    3.13680334920401777260E-003    1.79066473117670422327E-003    9.34088465250098014953E-004    2.97682570414609386396E-004
   1.98920444378496603932E-002    2.00081441077846304555E-002    2.01235587936585622049E-002    2.02382919107169795270E-002    2.03523123424693037908E-002    2.04655986458695746122E-002    2.05781355420594155858E-002    2.06899078203127591291E-002    2.08009003530739665366E-002    2.09110981112737952248E-002    2.10204861798217040869E-002    2.11290497731713780571E-002    2.12367742508528974110E-002    2.13436451328650675374E-002    2.14496481148223165636E-002    2.15547690827527331503E-002    2.16589941274479107214E-002    2.17623095582706732598E-002    2.18647019163338181269E-002    2.19661579869709668034E-002    2.20666648114305231909E-002    2.21662096977341543935E-002    2.22647802306533068584E-002    2.23623642807690876932E-002    2.24589500125947291731E-002    2.25545258917530314080E-002    2.26490806912147089880E-002    2.27426034966176186802E-002    2.28350837107002685444E-002    2.29265110568955543524E-002    2.30168755821433153319E-002    2.31061676589915630797E-002    2.31943779870662954157E-002    2.32814975939988517972E-002    2.33675178359072678591E-002    2.34524303975343594020E-002    2.35362272921488015209E-002    2.36189008613193543451E-002    2.37004437746717207258E-002    2.37808490297382393863E-002    2.38601099520064328929E-002    2.39382201952695189417E-002    2.40151737423747770050E-002    2.40909649064591675771E-002    2.41655883327522615078E-002    2.42390390010160938772E-002    2.43113122286812144424E-002    2.39390423149575190531E-002    1.95233011129091957314E-002    1.35554352388049057648E-002    8.61657985672232250296E-003    5.18514095878267085304E-003    2.99529925534991556951E-003    1.66303239425703505705E-003    8.47905693110056687956E-004    2.72615758101278833105E-004
   1.18982025682339582345E-002    1.18794190751309539783E-002    1.18605998037330483130E-002    1.18417464539734285101E-002    1.18228608232694744340E-002    1.18039448119174467111E-002    1.17850004288108968498E-002    1.17660297975037183432E-002    1.17470351626401091349E-002    1.17280188967753412621E-002    1.17089835076128172958E-002    1.16899316456847077172E-002    1.16708661125052293173E-002    1.16517898692278538270E-002    1.16327060458396684683E-002    1.16136179509286445455E-002    1.15945290820619172772E-002    1.15754431368158827720E-002    1.15563640245019104424E-002    1.15372958786342863502E-002    1.15182430701906059894E-002    1.14992102217180286461E-002    1.14802022223429653347E-002    1.14612242437454308480E-002    1.14422817571640175749E-002    1.14233805515017525917E-002    1.14045267526083991122E-002    1.13857268438198946936E-002    1.13669876878413900201E-002    1.13483165500665467845E-002    1.13297211234322237061E-002    1.13112095549146810664E-002    1.12927904737809593760E-002    1.12744730217170935349E-002    1.12562668849632927653E-002    1.12381823285953655334E-002    1.12202302331013709785E-002    1.12024221334128329386E-002    1.11847702605607883519E-002    1.11672875861386442647E-002    1.11499878697662105353E-002    1.11328857097624748379E-002    1.11159965972483891494E-002    1.10993369739157358295E-002    1.10829242937136290131E-002    1.10667770887202306790E-002    1.10509150394843356363E-002    1.10353590501393750839E-002    1.10201313286105648248E-002    8.11844607442875620951E-003    4.24070791376704534642E-003    1.88572398923564756371E-003    7.05579351290046979939E-004    2.00773014953587423947E-004    3.19656252516965240897E-005    0.00000000000000000000E+000
   2.38325411859093595768E-002    2.38695816917834022219E-002    2.39058510005437097057E-002    2.39413525103307003872E-002    2.39760898781169566607E-002    2.40100670198128869626E-002    2.40432881099592876684E-002    2.40757575809915115583E-002    2.41074801220619618081E-002    2.41384606774096011073E-002    2.41687044442676877976E-002    2.41982168703025711520E-002    2.42270036505797363435E-002    2.42550707240546600807E-002    2.42824242695890042676E-002    2.43090707014952840670E-002    2.43350166646148363681E-002    2.43602690289370024668E-002    2.43848348837695447222E-002    2.44087215314723882109E-002    2.44319364807692764041E-002    2.44544874396536611461E-002    2.44763823079077041944E-002    2.44976291692543951539E-002    2.45182362831651012858E-002    2.45382120763460373492E-002    2.45575651339289269259E-002    2.45763041903919246534E-002    2.45944381202384231011E-002    2.46119759284617913020E-002    2.46289267408252646185E-002    2.46452997939863097110E-002    2.46611044254955100175E-002    2.46763500637000553206E-002    2.46910462175816969310E-002    2.47052024665593873698E-002    2.47188284502858242331E-002    2.47319338584673364956E-002    2.47445284207352157735E-002    2.47566218965963417975E-002    2.47682240654898168375E-002    2.47793447169751997194E-002    2.47899936410770314887E-002    2.48001806188088980143E-002    2.48099154128989182744E-002    2.48192077587375443948E-002    2.48280673555663702889E-002    2.31038490843465046942E-002    1.83182180204553464453E-002    1.27577305638955536271E-002    8.25072696331210359011E-003    5.10034316511059383770E-003    3.05239026225754715368E-003    1.76301872097688527505E-003    9.25594054550932200318E-004    2.90513430590545913834E-004
   1.36055054536697132839E-002    1.37643301357953957292E-002    1.39234815970984537187E-002    1.40828290114737540717E-002    1.42421847185706176853E-002    1.44015693927098727828E-002    1.45610940563155651789E-002    1.47207046183866450961E-002    1.48802321825120716092E-002    1.50396243763593860654E-002    1.51990645329602193370E-002    1.53585647480180831348E-002    1.55179566109682441633E-002    1.56771462179099950462E-002    1.58361970203961255343E-002    1.59950884584977200131E-002    1.61537992860286069852E-002    1.63123716909321231361E-002    1.64707979906355446442E-002    1.66289690993250798001E-002    1.67868537565161110581E-002    1.69444472878045870878E-002    1.71017281475861794571E-002    1.72586747020573930134E-002    1.74152652203174510004E-002    1.75714778651163520962E-002    1.77272906833422609629E-002    1.78826815963583213298E-002    1.80376283903147839605E-002    1.81921087065787905057E-002    1.83461122270606249995E-002    1.84996582010893209636E-002    1.86526773854463374935E-002    1.88051364173106791422E-002    1.89570121536235570991E-002    1.91082812607263827220E-002    1.92589202107209811476E-002    1.94089052794948896397E-002    1.95582125466187556340E-002    1.97068178973143492971E-002    1.98546970266793819382E-002    2.00018254463385711239E-002    2.01481784936691776799E-002    2.02937313437241452496E-002    2.04384590239466597261E-002    2.05823364317366704068E-002    2.07253383548935306291E-002    2.08674394949191037429E-002    1.76469037078286900000E-002    1.22850951196222142603E-002    7.59777666611387465789E-003    4.36662460814537991410E-003    2.36454436366820199694E-003    1.20517090409281383417E-003    5.57333587715695038048E-004    1.65770802248384375869E-004
   1.04777070393071453785E-002    1.04948765060723266107E-002    1.05133310740870462852E-002    1.05331245638374624424E-002    1.05554636543282939765E-002    1.05870356129238001042E-002    1.06371707878979444156E-002    1.07072921295486150894E-002    1.07898580799850891260E-002    1.08768022775767338184E-002    1.09640856401909698309E-002    1.10497540935199662498E-002    1.11307596376911590447E-002    1.11988664440699336317E-002    1.12526040494903209477E-002    1.12998668470587499552E-002    1.13478612954913161970E-002    1.13994059964438090166E-002    1.14552279008103656543E-002    1.15148637926689792477E-002    1.15765525269352163168E-002    1.16403513906559331198E-002    1.17063175545429609681E-002    1.17745079094536565095E-002    1.18449840898959598418E-002    1.19178492124887829701E-002    1.19932609541578243106E-002    1.20712623616624423195E-002    1.21518111424105575147E-002    1.22348970875935329078E-002    1.23205516765349278041E-002    1.24088239799622999243E-002    1.24997849899031437254E-002    1.25934772952300873955E-002    1.26899407786075883731E-002    1.27892123643149318440E-002    1.28913257667399149681E-002    1.29963112414281534851E-002    1.31041953406743055116E-002    1.32150006757227999471E-002    1.33433955280360047602E-002    1.35216160750643854538E-002    1.37039459754510536266E-002    1.38523635472192329504E-002    1.39914358189095998364E-002    1.41297883954928475692E-002    1.42823619387679040527E-002    1.44586039635109728230E-002    1.32929230343920012913E-002    8.59781734048177537222E-003    4.77434800644171812578E-003    2.39076980187719924376E-003    1.06437541796474939917E-003    4.00996350474389616231E-004    1.14972749053874709227E-004    2.30033436379594539707E-005
   1.19595374586338992068E-002    1.19405428142103486183E-002    1.19215083978296831901E-002    1.19024357598474204989E-002    1.18833265405659041503E-002    1.18641824752045484809E-002    1.18450053991681104881E-002    1.18257972536322166629E-002    1.18065600914667688526E-002    1.17872960835191178952E-002    1.17680075252806250197E-002    1.17486968439616413368E-002    1.17293666060017971048E-002    1.17100195250444370776E-002    1.16906584704058527646E-002    1.16712864760722453278E-002    1.16519067502597155339E-002    1.16325226855748774246E-002    1.16131378698165529245E-002    1.15937560974616240411E-002    1.15743813818815072247E-002    1.15550179683386843033E-002    1.15356703478163291621E-002    1.15163432717380435910E-002    1.14970417676384991518E-002    1.14777711558502887312E-002    1.14585370672768936673E-002    1.14393454623267325221E-002    1.14202026510885935873E-002    1.14011153148343494235E-002    1.13820905289413500105E-002    1.13631357873330545577E-002    1.13442590285439300068E-002    1.13254686635218121404E-002    1.13067736052894010634E-002    1.12881833005947489895E-002    1.12697077636903335296E-002    1.12513576123896043291E-002    1.12331441065609636404E-002    1.12150791892297752722E-002    1.11971755304714065682E-002    1.11794465742906436873E-002    1.11619065886964189543E-002    1.11445707191949947013E-002    1.11274550459398765406E-002    1.11105766447927075541E-002    1.10939536525660811805E-002    1.10776053367369568120E-002    1.10615521699379340537E-002    8.19411004963373212906E-003    4.28346650060230059454E-003    1.90467308965690251821E-003    7.12548540486931925551E-004    2.02708378862748097183E-004    3.22622749704540502007E-005    0.00000000000000000000E+000
   1.19084436427476653142E-002    1.19798468054774197300E-002    1.20532213192393357348E-002    1.21285970643991124207E-002    1.22060024537061113936E-002    1.22854643016310979831E-002    1.23670076934882990777E-002    1.24506558550739193647E-002    1.25364300235915673842E-002    1.26243493206675272411E-002    1.27144306282844475608E-002    1.28141934563286239573E-002    1.29391608985416021321E-002    1.30838832078214867272E-002    1.32232742978980275655E-002    1.33474979984147899131E-002    1.34647497246077017807E-002    1.35896513220250276383E-002    1.37359446786142567337E-002    1.39001304868556999766E-002    1.40718116355259340033E-002    1.42439290549118240115E-002    1.44162932232291870344E-002    1.45886633048878597285E-002    1.47610385149286524320E-002    1.49335292477495544528E-002    1.51061177080859081190E-002    1.52786211994714350715E-002    1.54509653455531578009E-002    1.56232921647898766182E-002    1.57956662397384338392E-002    1.59679249643722986907E-002    1.61399518831571373023E-002    1.63117787291195796839E-002    1.64834014665536619793E-002    1.66547943743209810041E-002    1.68259569408872218521E-002    1.69969297442789830932E-002    1.71676372730243560760E-002    1.73379667407897522513E-002    1.75079326204717160287E-002    1.76775087108660411417E-002    1.78466686735849096312E-002    1.80153860191004204505E-002    1.81836340923840940331E-002    1.83513860583298556162E-002    1.85186148871776326552E-002    1.86852933401838450234E-002    1.62141483661809790440E-002    1.11873196356849155531E-002    6.74633245075897079734E-003    3.74519341984814015459E-003    1.93421187659274817529E-003    9.23979278486039687021E-004    3.94799703321641254957E-004    1.10486239562125100350E-004
   2.32654203324821097498E-002    2.33239647816960195270E-002    2.33816242482445708906E-002    2.34383966213336583650E-002    2.34942800273530080779E-002    2.35492728343297506866E-002    2.36033736565434103249E-002    2.36565813592813714572E-002    2.37088950637114499742E-002    2.37603141518449370584E-002    2.38108382715603306146E-002    2.38604673416558422938E-002    2.39092015568962354410E-002    2.39570413930174190564E-002    2.40039876116506477322E-002    2.40500412651265711717E-002    2.40952037011186899484E-002    2.41394765670845494465E-002    2.41828618144631253550E-002    2.42253617025864620427E-002    2.42669788022643988235E-002    2.43077159990016493374E-002    2.43475764958076580646E-002    2.43865638155614065929E-002    2.44246818028945426871E-002    2.44619346255590779105E-002    2.44983267752475787626E-002    2.45338630678369612470E-002    2.45685486430297882199E-002    2.46023889633703099489E-002    2.46353898126154685633E-002    2.46675572934452816409E-002    2.46988978245002779865E-002    2.47294181367376207648E-002    2.47591252691015777099E-002    2.47880265635078284037E-002    2.48161296591450711291E-002    2.48434424861014614694E-002    2.48699732583270889663E-002    2.48957304659478510789E-002    2.49207228669493380258E-002    2.49449594782531723636E-002    2.49684495662115674142E-002    2.49912026365489252366E-002    2.50132284237822681561E-002    2.50345368801551879101E-002    2.50551381641218838536E-002    2.36644296744881604821E-002    1.89570298494785953458E-002    1.32280484326638414494E-002    8.53538083545962028564E-003    5.25148360891754695939E-003    3.12300424859576547174E-003    1.79217938165865354680E-003    9.37946456356853180275E-004    2.97259611983261831311E-004
   1.04285037587397554776E-002    1.04390218247887214126E-002    1.04505831239679828487E-002    1.04632343494706764320E-002    1.04770240027193504984E-002    1.04920024332533952383E-002    1.05082218756563892936E-002    1.05257364829530863232E-002    1.05446023558531994796E-002    1.05648775671649680641E-002    1.05874746253447581112E-002    1.06184442626907193236E-002    1.06678717389429751627E-002    1.07385527920127732404E-002    1.08230162530379443037E-002    1.09125013945659196657E-002    1.10025463025774632858E-002    1.10917009519262213524E-002    1.11782331733684490299E-002    1.12510801053936383698E-002    1.13068236615244017973E-002    1.13551409751493654482E-002    1.14043670300435773246E-002    1.14573442506045973521E-002    1.15147292823447686821E-002    1.15767688918673849335E-002    1.16409945865579879387E-002    1.17074687931345688269E-002    1.17762538089736350233E-002    1.18474116147418897377E-002    1.19210109504437975630E-002    1.19971702917889104512E-002    1.20760593823918162271E-002    1.21576996220666075366E-002    1.22420447878039389406E-002    1.23290971578845325041E-002    1.24188969703471797923E-002    1.25114998417314854384E-002    1.26069788751772444979E-002    1.27053796338824388779E-002    1.28067445653248807719E-002    1.29111127106973453543E-002    1.30185194156580870406E-002    1.31289960447235534019E-002    1.32425697017527869981E-002    1.33605721247094522131E-002    1.35058900616750621887E-002    1.37161909492736090038E-002    1.28054355236553243924E-002    8.09678092923328714126E-003    4.37757448212585092290E-003    2.11878589380408259568E-003    8.96670170475412559898E-004    3.11608350858080004712E-004    7.49794467973418694460E-005    4.89805879460988826595E-006
   2.07129969873019841031E-002    2.08191181223314897286E-002    2.09244620725868996081E-002    2.10290153070243138189E-002    2.11327644330218389346E-002    2.12356962093646906009E-002    2.13377975589744382778E-002    2.14390555813032367138E-002    2.15394575643180000157E-002    2.16389909960046956938E-002    2.17376435753288028974E-002    2.18354032225955459190E-002    2.19322580891613029552E-002    2.20281965664564198526E-002    2.21232072942892515899E-002    2.22172791684109478816E-002    2.23104013473312198790E-002    2.24025632583853689939E-002    2.24937546030638778338E-002    2.25839653616258483060E-002    2.26731857970280496761E-002    2.27614064582106617740E-002    2.28486181827900654284E-002    2.29348120992173033772E-002    2.30199796284678709357E-002    2.31041124853352923540E-002    2.31872026794058098964E-002    2.32692425157957905046E-002    2.33502245957360222983E-002    2.34301418170886448233E-002    2.35089873748825055333E-002    2.35867547619517149704E-002    2.36634377697593975554E-002    2.37390304894851029982E-002    2.38135273134492155001E-002    2.38869229369417859776E-002    2.39592123605156803734E-002    2.40303908927964569864E-002    2.41004541538519419241E-002    2.41693980791551354947E-002    2.42372189241638821833E-002    2.43039132695305019893E-002    2.43694780269429582542E-002    2.44339104455891902024E-002    2.44972081192244631187E-002    2.45593689938110905369E-002    2.46203913756896097809E-002    2.40364797530080546994E-002    1.95593716998289091080E-002    1.36108135691786810012E-002    8.68588392703229135450E-003    5.25498736346954441884E-003    3.05697472296547747769E-003    1.71148925277793211540E-003    8.79258268887276868246E-004    2.82751013566659599712E-004
   2.15411289087389136443E-002    2.16352894290196447191E-002    2.17285989208609413292E-002    2.18210467753005427083E-002    2.19126225998598281319E-002    2.20033162250812090732E-002    2.20931177104891351970E-002    2.21820173499765425917E-002    2.22700056766261672569E-002    2.23570734669837692388E-002    2.24432117448082994737E-002    2.25284117843302621187E-002    2.26126651130570503756E-002    2.26959635141692449289E-002    2.27782990285580605461E-002    2.28596639565581301323E-002    2.29400508594341419333E-002    2.30194525606824719477E-002    2.30978621472112712054E-002    2.31752729704634390095E-002    2.32516786475470138562E-002    2.33270730624370627171E-002    2.34014503673107693293E-002    2.34748049840753474082E-002    2.35471316061444113643E-002    2.36184252005142321373E-002    2.36886810101861085276E-002    2.37578945569749955258E-002    2.38260616447384283856E-002    2.38931783630522628914E-002    2.39592410913526364380E-002    2.40242465035556095054E-002    2.40881915731577835038E-002    2.41510735788131591928E-002    2.42128901103730795330E-002    2.42736390753680864041E-002    2.43333187059024125265E-002    2.43919275659237738685E-002    2.44494645588244109702E-002    2.45059289353215005447E-002    2.45613203015591190226E-002    2.46156386273678473575E-002    2.46688842546126246846E-002    2.47210579055555761119E-002    2.47721606911558249464E-002    2.48221941192258259423E-002    2.48711601023617924489E-002    2.40612097965784837994E-002    1.95172072173223146163E-002    1.36052509842974952287E-002    8.71534434212948433407E-003    5.30126868704073120342E-003    3.10564125950049327307E-003    1.75297850075855883925E-003    9.06789944010616714640E-004    2.91028037790120783744E-004
   1.04482514013991122787E-002    1.04619546296124514562E-002    1.04768188026341056013E-002    1.04928942848805436400E-002    1.05102332589045027733E-002    1.05288897515180938924E-002    1.05489196552972282900E-002    1.05713846242892900440E-002    1.06026861338080705816E-002    1.06524618930648601323E-002    1.07227848623983462728E-002    1.08062208752089262270E-002    1.08943942564469729850E-002    1.09830370249567668695E-002    1.10704281608024826533E-002    1.11540687852124675850E-002    1.12245514375901092596E-002    1.12793905362985596302E-002    1.13272182815440970727E-002    1.13758170484333752392E-002    1.14280559377954674810E-002    1.14846353430083075037E-002    1.15454489256973606010E-002    1.16083803947596812811E-002    1.16734895380119739483E-002    1.17408360212544402024E-002    1.18104792133507680713E-002    1.18824841736801314895E-002    1.19569610450124229339E-002    1.20340739825199171537E-002    1.21138560968795661044E-002    1.21962625262944327625E-002    1.22812889374138162896E-002    1.23689712052182879815E-002    1.24593616035966660988E-002    1.25525322280710446149E-002    1.26485271397778469699E-002    1.27473874984154692674E-002    1.28491512916657276561E-002    1.29538530655718998885E-002    1.30615236579660776856E-002    1.31721899371493623987E-002    1.32858745481170981845E-002    1.34205596684000734442E-002    1.36149453528095643745E-002    1.37955202968290460697E-002    1.39403690930987467916E-002    1.40819673133749465738E-002    1.30094722496762790070E-002    8.29184300134567370266E-003    4.53804846513474868103E-003    2.23565856835526753990E-003    9.73960380836915557388E-004    3.54260316270476943376E-004    9.42486347668021733764E-005    1.41317837111138198898E-005
   1.65055251959070198309E-002    1.66505298380244179390E-002    1.67952543526042677446E-002    1.69396809833858123795E-002    1.70837919004597806050E-002    1.72275691941176194166E-002    1.73709948685827966774E-002    1.75140760544695121836E-002    1.76568190970026669961E-002    1.77991566507669646269E-002    1.79410671869741772388E-002    1.80825322422575318626E-002    1.82235332311545053519E-002    1.83640514414350440597E-002    1.85040680300847283635E-002    1.86435640200630116381E-002    1.87825202979579712614E-002    1.89209176126584124877E-002    1.90587365751615153697E-002    1.91959576596299787143E-002    1.93325612058059329024E-002    1.94685274228804765240E-002    1.96038363949067213909E-002    1.97384680878317439467E-002    1.98724023582074992011E-002    2.00056189636246689600E-002    2.01380975748942578352E-002    2.02698177899822452874E-002    2.04007591496807930143E-002    2.05309011549775211058E-002    2.06602232860613431453E-002    2.07887050228797477802E-002    2.09163258671397865596E-002    2.10430653656217409031E-002    2.11689031346534647926E-002    2.12938188855726594217E-002    2.14177924509863434888E-002    2.15408038116205007018E-002    2.16628331235400040100E-002    2.17838607455081052777E-002    2.19038672662485098264E-002    2.20228335313700541997E-002    2.21407406697141165286E-002    2.22575701188907210115E-002    2.23733036497774234741E-002    2.24879233897685541776E-002    2.26014118445791584167E-002    2.27137519184285353868E-002    1.87782743205344715420E-002    1.30235999326325738862E-002    8.16581094075704422286E-003    4.80473232979338783777E-003    2.68988682892666499530E-003    1.43430502136297831177E-003    7.00148231073607018281E-004    2.18997845954091950853E-004
   1.32111014006198821541E-002    1.33350879705050537338E-002    1.34817895630299656312E-002    1.36379945950102863389E-002    1.37987390403705653674E-002    1.39598307651062521206E-002    1.41211453753594569360E-002    1.42824765778876983102E-002    1.44438237580712912356E-002    1.46052911037652111137E-002    1.47668603404268929807E-002    1.49283610347607648139E-002    1.50897263678957532784E-002    1.52511139639915534183E-002    1.54125595095446453475E-002    1.55739098754519248585E-002    1.57350617555951054205E-002    1.58960606104995641474E-002    1.60568955072385062544E-002    1.62175445596958525685E-002    1.63780356163004056635E-002    1.65383794668332063937E-002    1.66984774477399525172E-002    1.68582739442997044110E-002    1.70177707656641481748E-002    1.71769457077795076327E-002    1.73357764730155579358E-002    1.74942406606483878695E-002    1.76523157569702417169E-002    1.78099791251289975291E-002    1.79672079948180324349E-002    1.81239794519552077645E-002    1.82802704285071650203E-002    1.84360576926317944191E-002    1.85913732243959024804E-002    1.87461555399776429176E-002    1.89003622895711036189E-002    1.90539679960681149207E-002    1.92069485543346386847E-002    1.93592796537549911851E-002    1.95109367765006792850E-002    1.96618951978584088902E-002    1.98121299888308170789E-002    1.99616160212090255899E-002    2.01103279752964866911E-002    2.02582403504399238825E-002    2.04053274784937767328E-002    2.05515635403115681790E-002    1.74444181306338194637E-002    1.21390003887627134782E-002    7.48478997511592154118E-003    4.28256913217125480264E-003    2.30493484351970007173E-003    1.16511951468601239294E-003    5.33461093635089747197E-004    1.57279332274406471927E-004
   2.09526475758409838623E-002    2.10555240742558193168E-002    2.11575998498529198322E-002    2.12588621160894573892E-002    2.13592982536826361817E-002    2.14588958221209047394E-002    2.15576425707418584121E-002    2.16555264493161758743E-002    2.17525356180841115961E-002    2.18486584571974985780E-002    2.19438835755289551877E-002    2.20381998188179072107E-002    2.21315962771328166026E-002    2.22240622916378659235E-002    2.23155874606622561807E-002    2.24061616450801429079E-002    2.24957749730185577186E-002    2.25844178439201202779E-002    2.26720809319966923323E-002    2.27587551891180843444E-002    2.28444318471880056243E-002    2.29291024200665750910E-002    2.30127587051043823452E-002    2.30953927843587369928E-002    2.31769970255663419756E-002    2.32575640829497908013E-002    2.33370868979366867524E-002    2.34155586998711362501E-002    2.34929730067961299589E-002    2.35693236263837084532E-002    2.36446046570866902359E-002    2.37188104895812920669E-002    2.37919358085650484158E-002    2.38639755949677373481E-002    2.39349251286261749394E-002    2.40047799914657362941E-002    2.40735360712226523217E-002    2.41411895657321733111E-002    2.42077369877979481361E-002    2.42731751706479689790E-002    2.43375012739726892530E-002    2.44007127905301914039E-002    2.44628075532936674341E-002    2.45237837431067882965E-002    2.45836398968021438427E-002    2.46423749157300142620E-002    2.46999880746351895000E-002    2.40522871693491062384E-002    1.95563597397991097149E-002    1.36163780445046570661E-002    8.69913749931254184911E-003    5.27122853239480552295E-003    3.07267118863120127989E-003    1.72438766717457271811E-003    8.87722379343610853986E-004    2.85374793620419620922E-004
   1.92052451790602381199E-002    1.93286050755051529160E-002    1.94513583764243415397E-002    1.95734887971538290552E-002    1.96949799985803898628E-002    1.98158155965748976335E-002    1.99359791724549838265E-002    2.00554542844512996569E-002    2.01742244801401265919E-002    2.02922733097928090218E-002    2.04095843405813527627E-002    2.05261411715678757095E-002    2.06419285842070615589E-002    2.07569482082159556535E-002    2.08711698823116076351E-002    2.09845715016817625787E-002    2.10971371068984538122E-002    2.12088508710752583764E-002    2.13196971175018817890E-002    2.14296603371802382720E-002    2.15387252061343958953E-002    2.16468766023683520383E-002    2.17540996223496707618E-002    2.18603795969019853995E-002    2.19657021063972106301E-002    2.20700529951475057922E-002    2.21734183849072591377E-002    2.22757846874087894751E-002    2.23771386158680418710E-002    2.24774671954123123063E-002    2.25767577723970762349E-002    2.26749980225959373026E-002    2.27721759582641368469E-002    2.28682799340930061061E-002    2.29632986520891986537E-002    2.30572211654292633098E-002    2.31500368813545298607E-002    2.32417355631866703880E-002    2.33323073315565461539E-002    2.34217426649508779490E-002    2.35100323996908985857E-002    2.35971677294654347268E-002    2.36831402045460902295E-002    2.37679417308168314249E-002    2.38515645687513606898E-002    2.39340013324711060883E-002    2.40152449890144378819E-002    2.38144501142492567847E-002    1.94464423993279018898E-002    1.34724629430019691989E-002    8.53459452583322022989E-003    5.11259832695098222904E-003    2.93601213625554026757E-003    1.61845859761605551964E-003    8.19488834048270929980E-004    2.63015425792093005507E-004
   1.10556665636897793331E-002    1.10411887430757228723E-002    1.10267896953482082145E-002    1.10124760653779740771E-002    1.09982548499981333534E-002    1.09841334175205234541E-002    1.09701195283909477135E-002    1.09562213570511199356E-002    1.09424475150789856509E-002    1.09288070756832049468E-002    1.09153095996317103800E-002    1.09019651626988470228E-002    1.08887843847200512654E-002    1.08757784603479047691E-002    1.08629591916083734215E-002    1.08503390223610145932E-002    1.08379310747723466013E-002    1.08257491879168825377E-002    1.08138079586257897929E-002    1.08021227847087415014E-002    1.07907099106800928590E-002    1.07795864761260733189E-002    1.07687705668552662769E-002    1.07582812689799335593E-002    1.07481387260810450773E-002    1.07383641996146774605E-002    1.07289801327218794341E-002    1.07200102176081939198E-002    1.07114794666621545444E-002    1.07034142874844837717E-002    1.06958425620011180618E-002    1.06887937298332565822E-002    1.06822988760960305848E-002    1.06763908237941154006E-002    1.06711042309770662989E-002    1.06664756928088917676E-002    1.06625438486951679834E-002    1.06593494945963120774E-002    1.06569357006365047352E-002    1.06553479340941448239E-002    1.06546341878303515993E-002    1.06548451141765965905E-002    1.06560341642594567230E-002    1.06582577326898141762E-002    1.06615753074831929453E-002    1.06660496250072459740E-002    1.06717468296697419461E-002    1.06787366379648297060E-002    1.06870925063845770980E-002    7.19027974850312053684E-003    3.72221360817923292708E-003    1.66632387962286688567E-003    6.31126011022171647981E-004    1.83204119067898596592E-004    3.04312933956748415173E-005    0.00000000000000000000E+000
   2.22359928092280383083E-002    2.23181448852003729011E-002    2.23994057151109399184E-002    2.24797677302782210329E-002    2.25592235905241328409E-002    2.26377661861232454266E-002    2.27153886395695253642E-002    2.27920843072077286551E-002    2.28678467807772213549E-002    2.29426698889172893392E-002    2.30165476986826308958E-002    2.30894745171173788878E-002    2.31614448929340528693E-002    2.32324536183425960079E-002    2.33024957310711024194E-002    2.33715665166169851708E-002    2.34396615107633037034E-002    2.35067765023907089550E-002    2.35729075366101423206E-002    2.36380509182366332910E-002    2.37022032156187917318E-002    2.37653612648323873946E-002    2.38275221742408581382E-002    2.38886833294189721011E-002    2.39488423984298010039E-002    2.40079973374389861462E-002    2.40661463966440059004E-002    2.41232881264904566732E-002    2.41794213841411455290E-002    2.42345453401592025866E-002    2.42886594853602769128E-002    2.43417636377852124319E-002    2.43938579497398159990E-002    2.44449429148448048321E-002    2.44950193750358979905E-002    2.45440885274513381775E-002    2.45921519311424335852E-002    2.46392115135410198767E-002    2.46852695766173017844E-002    2.47303288026613048156E-002    2.47743922596220210453E-002    2.48174634059392974772E-002    2.48595460948054895745E-002    2.49006445777964699473E-002    2.49407635078146040775E-002    2.49799079412897154229E-002    2.50180833395887182447E-002    2.40012339363262147685E-002    1.93965371163841854285E-002    1.35342187246473254214E-002    8.69618727360056339992E-003    5.31354774698096238988E-003    3.13127089345934146725E-003    1.77927346754413822326E-003    9.25139793494114659987E-004    2.95887957002684287306E-004
   1.36055589100555849452E-002    1.37643834924339979187E-002    1.39235348171612115242E-002    1.40828820135990816220E-002    1.42422374628817585696E-002    1.44016219207191535634E-002    1.45611464327286277420E-002    1.47207567828661449461E-002    1.48802840726584544723E-002    1.50396759787917323054E-002    1.51991159221005756041E-002    1.53586159232023053423E-002    1.55180075092357198929E-002    1.56771968058983732219E-002    1.58362473229811014097E-002    1.59951384685515438089E-002    1.61538489964833768819E-002    1.63124211318280802618E-002    1.64708471423100424880E-002    1.66290179110684735453E-002    1.67869022395639201639E-002    1.69444954353941759639E-002    1.71017759530021212777E-002    1.72587221586289960018E-002    1.74153123214161667520E-002    1.75715246041530520626E-002    1.77273370537647245726E-002    1.78827275916485783913E-002    1.80376740039866340082E-002    1.81921539321754296981E-002    1.83461570838760468227E-002    1.84997026614194329253E-002    1.86527214374818325893E-002    1.88051800547233069483E-002    1.89570553701063383711E-002    1.91083240499933110224E-002    1.92589625665073350957E-002    1.94089471955581141516E-002    1.95582540167400231734E-002    1.97068589153008254244E-002    1.98547375863672506680E-002    2.00018655415968721334E-002    2.01482181184043443456E-002    2.02937704918855141289E-002    2.04384976895327259705E-002    2.05823746088020856360E-002    2.07253760375569612284E-002    2.08674766773718906032E-002    1.76469274228250871950E-002    1.22851120267463281843E-002    7.59778973066305499118E-003    4.36663436457849010730E-003    2.36455131745682113967E-003    1.20517560221662049097E-003    5.57336404411687370494E-004    1.65771811956388567550E-004
   1.09540380663076739043E-002    1.10302036659730168938E-002    1.10949639928923857179E-002    1.11468948923854928312E-002    1.11920880105772276719E-002    1.12371614338364032848E-002    1.12852767011057189550E-002    1.13373641481856329838E-002    1.13925623042444631311E-002    1.14495885701374148363E-002    1.15084923625482157816E-002    1.15693230351834198261E-002    1.16321297515884700124E-002    1.16969613496246595957E-002    1.17638891756185557519E-002    1.18330387768420860345E-002    1.19045013650864121152E-002    1.19782729048795270888E-002    1.20543239938969305031E-002    1.21326587918507214359E-002    1.22133081826423309235E-002    1.22963334058154485223E-002    1.23817799677874793712E-002    1.24696841377296731290E-002    1.25600799148871660610E-002    1.26529988306788385849E-002    1.27484697517122082255E-002    1.28465186850829672649E-002    1.29471685873926104643E-002    1.30504391789673795943E-002    1.31725543043610029276E-002    1.33361242466110592464E-002    1.35026759207470311436E-002    1.36450614397045210530E-002    1.37769172128532502858E-002    1.39102121118941865485E-002    1.40556853160448847612E-002    1.42251173083161475824E-002    1.44066271425859378230E-002    1.45932266887184476645E-002    1.47801267494221851007E-002    1.49670377359471806766E-002    1.51539230077655934226E-002    1.53409333636681209645E-002    1.55280471908589654678E-002    1.57150399098840570788E-002    1.59018336797987595854E-002    1.60885398975801896526E-002    1.44371318088117317480E-002    9.66074402482672636716E-003    5.57108649659353825923E-003    2.92239373208098450127E-003    1.39302764388948580737E-003    5.90196695739324630504E-004    2.14301571768699437382E-004    5.41473958562759899666E-005
   2.04379370176573336992E-002    2.05475919827466518841E-002    2.06564984006570376285E-002    2.07646419978133635331E-002    2.08720086022195633335E-002    2.09785841574635888163E-002    2.10843547367224326550E-002    2.11893065566756723384E-002    2.12934259912367362944E-002    2.13966995850123214984E-002    2.14991140664044164121E-002    2.16006563602722974349E-002    2.17013136000787157376E-002    2.18010731394501222624E-002    2.18999225630893169792E-002    2.19978496969869471989E-002    2.20948426178885250215E-002    2.21908896619834282438E-002    2.22859794327935067937E-002    2.23801008082502861374E-002    2.24732429469609341910E-002    2.25653952936751486802E-002    2.26565475839760298304E-002    2.27466898482297751050E-002    2.28358124148387679753E-002    2.29239059128533567700E-002    2.30109612740059914227E-002    2.30969697342399381268E-002    2.31819228348113769156E-002    2.32658124230495574891E-002    2.33486306528640497060E-002    2.34303699850910811253E-002    2.35110231877722723748E-002    2.35905833364596570489E-002    2.36690438146388154594E-002    2.37463983143596478464E-002    2.38226408371598960545E-002    2.38977656953609056412E-002    2.39717675138082890463E-002    2.40446412321226633824E-002    2.41163821075160954288E-002    2.41869857182204738011E-002    2.42564479675635158440E-002    2.43247650887165461908E-002    2.43919336501272933371E-002    2.44579505616383634237E-002    2.45228130812806949246E-002    2.40108616326540451336E-002    1.95548417929093387713E-002    1.35981792288826144194E-002    8.66655449160728952318E-003    5.23389023731043057791E-003    3.03758453102536372936E-003    1.69593642118092422302E-003    8.69128763419776658242E-004    2.79541060997745712501E-004
   1.57290014346768286524E-002    1.58786185757207008729E-002    1.60281339977584071088E-002    1.61774544617280628678E-002    1.63265349344908980433E-002    1.64753773488214225185E-002    1.66239631351954575411E-002    1.67722736622059956368E-002    1.69202902303974313247E-002    1.70679940657887697919E-002    1.72153663131365194938E-002    1.73623880289980707381E-002    1.75090401746672182093E-002    1.76553036090637653632E-002    1.78012137367156569878E-002    1.79467170242200609043E-002    1.80917725169275657449E-002    1.82363591168097118056E-002    1.83804571280055117910E-002    1.85240467140059261730E-002    1.86671078933227860275E-002    1.88096205360787152583E-002    1.89515643616596264620E-002    1.90929189375699699671E-002    1.92336636796277549166E-002    1.93737778536299844190E-002    1.95132405786109901225E-002    1.96520308318049452545E-002    1.97901274554103494274E-002    1.99275091652379270080E-002    2.00641545613051419661E-002    2.02000421404194795139E-002    2.03351503107697326178E-002    2.04694574085203563618E-002    2.06029417163772834987E-002    2.07355814840669283594E-002    2.08673549506421807109E-002    2.09982403685014182293E-002    2.11282160289793068120E-002    2.12572602893408429958E-002    2.13853516009862056058E-002    2.15124685386498815109E-002    2.16385898303577302315E-002    2.17636943878879128567E-002    2.18877613374682672420E-002    2.20107700504325563828E-002    2.21327001735530694282E-002    2.22535316587661180510E-002    1.85067526620876464383E-002    1.28610832014459386397E-002    8.04121545478833459064E-003    4.70507168595156455293E-003    2.61267332845715755801E-003    1.37778943178688026254E-003    6.63797989595185135292E-004    2.05134074728050073803E-004
   1.32876227810584668365E-002    1.34282047529044740175E-002    1.35821689195516469989E-002    1.37423682500956000768E-002    1.39029119305608250129E-002    1.40637234431937631352E-002    1.42245973039073457522E-002    1.43854697900862166238E-002    1.45464269972861697661E-002    1.47075172458242808826E-002    1.48685865262256199787E-002    1.50295314350347049281E-002    1.51904446425559450790E-002    1.53514169210958277556E-002    1.55123431877685000191E-002    1.56730977156462961131E-002    1.58336830837790161486E-002    1.59941121179588523205E-002    1.61543630968604932929E-002    1.63144377067323161079E-002    1.64743814854357815969E-002    1.66341194462085312233E-002    1.67935515634687303199E-002    1.69526926529818995626E-002    1.71115206927636119560E-002    1.72700135712828585499E-002    1.74281490782215997548E-002    1.75859048948391015477E-002    1.77432585840360569629E-002    1.79001875802314268371E-002    1.80566691791821734570E-002    1.82126805278937271837E-002    1.83681986147854608982E-002    1.85232416612528191791E-002    1.86777740060829963720E-002    1.88317450068469227631E-002    1.89851263356818969474E-002    1.91378941310956958433E-002    1.92900243297057412406E-002    1.94414926638825022454E-002    1.95922746613412905592E-002    1.97423456468958508081E-002    1.98916807465743632199E-002    2.00402548942813334143E-002    2.01880428411666396071E-002    2.03350191678365287140E-002    2.04811582995102700600E-002    2.06264345241911617457E-002    1.74925922919299571545E-002    1.21740670104878226376E-002    7.51192639402859050485E-003    4.30270099806519951136E-003    2.31915927177941526977E-003    1.17463775254894424449E-003    5.39109556478713225491E-004    1.59276506069012133236E-004
   2.18564972554828769458E-002    2.19454739552235496280E-002    2.20335783230938483945E-002    2.21208010817579847629E-002    2.22071331814008739169E-002    2.22925658036843485355E-002    2.23770903652461793099E-002    2.24606985207723014453E-002    2.25433821656786242960E-002    2.26251334384435474900E-002    2.27059447226370079986E-002    2.27858086486959141026E-002    2.28647180954984069468E-002    2.29426661917921867473E-002    2.30196463175335076790E-002    2.30956521051940665001E-002    2.31706774410929128294E-002    2.32447164668095340723E-002    2.33177635807324222517E-002    2.33898134397947099483E-002    2.34608609614453227088E-002    2.35309013258997584694E-002    2.35999299787098097692E-002    2.36679426336865728064E-002    2.37349352762046723886E-002    2.38009041669096435556E-002    2.38658458458436729954E-002    2.39297571369978569200E-002    2.39926351532917317422E-002    2.40544773019742766373E-002    2.41152812904322430554E-002    2.41750451323852789953E-002    2.42337671544398183809E-002    2.42914460029670167818E-002    2.43480806512632666494E-002    2.44036704069459826905E-002    2.44582149195312348322E-002    2.45117141881352404442E-002    2.45641685692362388149E-002    2.46155787844302559320E-002    2.46659459281101424433E-002    2.47152714749952796824E-002    2.47635572874367049234E-002    2.48108056224224729491E-002    2.48570191382061107810E-002    2.49022009004829410206E-002    2.49463543880390353769E-002    2.40450911225396669890E-002    1.94741303762103259989E-002    1.35820831440713191141E-002    8.71265205343069865096E-003    5.31048572835546902476E-003    3.11937348159441229026E-003    1.76609754839897304356E-003    9.15778728405124207816E-004    2.93514015802528809539E-004
   1.15346464341060748332E-002    1.15955064018030164219E-002    1.16582642317637052293E-002    1.17230253595420209206E-002    1.17898452727281406044E-002    1.18587057028487832810E-002    1.19295811346576425410E-002    1.20024792324305174668E-002    1.20774364019591746999E-002    1.21545068989578480823E-002    1.22337229736716075756E-002    1.23151151898026906678E-002    1.23987122736048099164E-002    1.24845409629043870015E-002    1.25726258569517738983E-002    1.26629892680520956399E-002    1.27556510759647100117E-002    1.28506285860906128982E-002    1.29614730704338265710E-002    1.31052682304231317423E-002    1.32588761969709926364E-002    1.33960750710690693760E-002    1.35208504230920744521E-002    1.36456922771023021063E-002    1.37812100731370019979E-002    1.39403825293141648417E-002    1.41118219058453866349E-002    1.42886403547083564586E-002    1.44658152785164684923E-002    1.46431073841907389427E-002    1.48203627018056519060E-002    1.49976887053350077528E-002    1.51751737370792519344E-002    1.53526356792975555987E-002    1.55299334320374207014E-002    1.57071015522955645394E-002    1.58843088551183508894E-002    1.60614956179614722098E-002    1.62384686926639945637E-002    1.64151897186667200534E-002    1.65916993795947459445E-002    1.67679701575350718901E-002    1.69439744581744364260E-002    1.71197510529842028548E-002    1.72952948977302366218E-002    1.74704684295353303292E-002    1.76452430978621226110E-002    1.78196077225487269080E-002    1.56284902084324710259E-002    1.07020161399796129298E-002    6.37023458804204193578E-003    3.47761510959452299976E-003    1.75466025122168918504E-003    8.11173441147149403181E-004    3.32435140500119145814E-004    9.06322901234371243549E-005
   1.13195263231978312385E-002    1.13738696904605550431E-002    1.14299506455647539166E-002    1.14878135346715547910E-002    1.15475025324693475470E-002    1.16090615273176499950E-002    1.16725532865458222348E-002    1.17380857434139611317E-002    1.18057507126742185222E-002    1.18755577767729308264E-002    1.19474774887812721508E-002    1.20215042034676825033E-002    1.20976611545251279412E-002    1.21760033425111213745E-002    1.22565737418654160940E-002    1.23394055366065034940E-002    1.24245299904000971319E-002    1.25119762802066453872E-002    1.26017713304091942550E-002    1.26939396484845295338E-002    1.27885031633306178039E-002    1.28854810674035643453E-002    1.29935079018430477832E-002    1.31315331811576677806E-002    1.32901446348584056922E-002    1.34366267063020690398E-002    1.35657538767053314349E-002    1.36894871182453112951E-002    1.38229171864818409232E-002    1.39777292476134379351E-002    1.41504814440589245239E-002    1.43301767621380055084E-002    1.45106901737206712283E-002    1.46913781140348871646E-002    1.48720104791324678195E-002    1.50526798441349314583E-002    1.52335229836287645855E-002    1.54143814453440684831E-002    1.55950814990406458338E-002    1.57756003970686183024E-002    1.59561367691282464387E-002    1.61367122133480589419E-002    1.63170761129146496549E-002    1.64971568550546197895E-002    1.66770193402729638432E-002    1.68566347657788037639E-002    1.70359742457063360888E-002    1.72150463510700284242E-002    1.52151413912245039167E-002    1.03486252663758052789E-002    6.09764252025405024960E-003    3.28617579919698778873E-003    1.62792709202488720954E-003    7.32981481484781577547E-004    2.90032442029039582484E-004    7.74250612898737548741E-005
   1.04615275574993053798E-002    1.04593361679715026596E-002    1.04576924885301843909E-002    1.04566243462853331742E-002    1.04561608931152179996E-002    1.04563326644188849673E-002    1.04571716396955755046E-002    1.04587113048938817189E-002    1.04609867164530655204E-002    1.04640345669363525605E-002    1.04678932521300605690E-002    1.04726029394534136258E-002    1.04782056374915482494E-002    1.04847452664276977879E-002    1.04922677291105891778E-002    1.05008209824481776179E-002    1.05104551087699428502E-002    1.05212223867459306326E-002    1.05331773613915949395E-002    1.05463769126235007434E-002    1.05608803217611280784E-002    1.05767493352952410973E-002    1.05940482251625292531E-002    1.06128438446807665807E-002    1.06332056792076412588E-002    1.06552058904908243664E-002    1.06791929583218685867E-002    1.07097527710748475355E-002    1.07626129632000886588E-002    1.08415547719521113829E-002    1.09350424106316561346E-002    1.10327962063074408450E-002    1.11308805435076235701E-002    1.12282857028611834926E-002    1.13240719394949746618E-002    1.14067327230753454148E-002    1.14688248625474647352E-002    1.15218741196988650605E-002    1.15761333995974113192E-002    1.16346683952874389856E-002    1.16980748095737354525E-002    1.17666950096855134344E-002    1.18391672877458820762E-002    1.19143399124866690431E-002    1.19922917889475830200E-002    1.20731012968495893256E-002    1.21568618111968940881E-002    1.22438149276792602321E-002    1.19204119048809554365E-002    7.39448300871934846579E-003    3.88351677780003493382E-003    1.81138162454087749305E-003    7.28874002368874425797E-004    2.32851333668326269510E-004    4.67263331442954613169E-005    0.00000000000000000000E+000
   1.12157260597977714162E-002    1.12649897114889385036E-002    1.13176416880636596801E-002    1.13720061547369910571E-002    1.14281289718759799384E-002    1.14860559846440765663E-002    1.15458329127331189162E-002    1.16075052328348613667E-002    1.16711259915085689004E-002    1.17367837935529271270E-002    1.18045924931778241362E-002    1.18746016922464947552E-002    1.19467868486426136848E-002    1.20211271804047600820E-002    1.20976376872286087161E-002    1.21763600333584121743E-002    1.22573515054712929573E-002    1.23406470404699448312E-002    1.24262796336041259071E-002    1.25142801632571760290E-002    1.26046772158359861316E-002    1.26974969118845218419E-002    1.27927627345993492891E-002    1.28904953619737722148E-002    1.29941808755361307148E-002    1.31238165505602414479E-002    1.32864814320956363403E-002    1.34391986054521479083E-002    1.35694939492086510957E-002    1.36959004830511203721E-002    1.38295682015468889697E-002    1.39782319176549475054E-002    1.41492592518236721261E-002    1.43277869306455279963E-002    1.45100712968248869716E-002    1.46926014462116817649E-002    1.48751157528451000145E-002    1.50576299587364108995E-002    1.52402808799774521636E-002    1.54230061873513023957E-002    1.56056078139316916492E-002    1.57880223351169850232E-002    1.59703947022946414480E-002    1.61528096836610658704E-002    1.63350690838424857099E-002    1.65170523201877382513E-002    1.66987942331647855332E-002    1.68802885708623784389E-002    1.49848504204542036511E-002    1.01479075300738297294E-002    5.94333857609398354821E-003    3.17873943296688140150E-003    1.55772147249327321504E-003    6.90049254826388268509E-004    2.67030866735884476158E-004    7.03287238564173329894E-005
   2.35272671305041120027E-002    2.35775124078918922599E-002    2.36269019357690061856E-002    2.36754356246846389689E-002    2.37231136412068450980E-002    2.37699364123375583846E-002    2.38159046298484534943E-002    2.38610192545042690271E-002    2.39052815201394631972E-002    2.39486929375532058006E-002    2.39912552981878628156E-002    2.40329706775555089482E-002    2.40738414383778256966E-002    2.41138702334049784270E-002    2.41530600078799506658E-002    2.41914140016162501623E-002    2.42289357506579559887E-002    2.42656290884929216889E-002    2.43014981467920346270E-002    2.43365473556494162077E-002    2.43707814433008797261E-002    2.44042054353006861167E-002    2.44368246531392468990E-002    2.44686447122875010141E-002    2.44996715196566725026E-002    2.45299112704652072514E-002    2.45593704445080836252E-002    2.45880558018269114451E-002    2.46159743777824083222E-002    2.46431334775343950649E-002    2.46695406699374980564E-002    2.46952037808640945116E-002    2.47201308859691590292E-002    2.47443303029145043881E-002    2.47678105830731951076E-002    2.47905805027371466120E-002    2.48126490538539933028E-002    2.48340254343211684629E-002    2.48547190378678971301E-002    2.48747394435571041182E-002    2.48940964049414945047E-002    2.49127998389093267828E-002    2.49308598142564327715E-002    2.49482865400224365637E-002    2.49650903536295584728E-002    2.49812817088627923956E-002    2.49968711637307827722E-002    2.34789688932370357866E-002    1.87399924335117096241E-002    1.30698310333717399034E-002    8.44202966830213084870E-003    5.20421863707331601445E-003    3.10297257744077733393E-003    1.78551281767875451648E-003    9.35824101302481841866E-004    2.95516073961641723492E-004
   1.09524965173544101132E-002    1.09389430535930705368E-002    1.09254993318704963362E-002    1.09121734174384855259E-002    1.08989738002554029106E-002    1.08859094183856152521E-002    1.08729896827418313909E-002    1.08602245032471747543E-002    1.08476243164981542288E-002    1.08352001150136285218E-002    1.08229634781593503368E-002    1.08109266048419406375E-002    1.07991023480707194759E-002    1.07875042514903995289E-002    1.07761465879921934652E-002    1.07650444005157833877E-002    1.07542135451588558720E-002    1.07436707367159524351E-002    1.07334335967724636002E-002    1.07235207044841379664E-002    1.07139516501764710255E-002    1.07047470919019154650E-002    1.06959288150964351716E-002    1.06875197954792566096E-002    1.06795442653420027262E-002    1.06720277833744110751E-002    1.06649973081739748992E-002    1.06584812755857079314E-002    1.06525096800156853644E-002    1.06471141598575517323E-002    1.06423280871647020496E-002    1.06381866616920839341E-002    1.06347270094196630352E-002    1.06319882856547431177E-002    1.06300117827914358121E-002    1.06288410427824980137E-002    1.06285219743506714751E-002    1.06291029749328511111E-002    1.06306350573101889706E-002    1.06331719808299331870E-002    1.06367703870689795514E-002    1.06414899397243821466E-002    1.06473934684411779966E-002    1.06545471162010976784E-002    1.06630204897971200134E-002    1.06728868128056937625E-002    1.06842230803406226802E-002    1.06971102147280280187E-002    1.07116332210796111335E-002    7.10543945824765842134E-003    3.67624185413092594010E-003    1.65000833133856022149E-003    6.27618055913897569809E-004    1.83492551699003319469E-004    3.09562265663431603470E-005    0.00000000000000000000E+000
   1.34108679026742009383E-002    1.35642876959252943470E-002    1.37238603609855930321E-002    1.38837741107151208669E-002    1.40439564368285210727E-002    1.42042042209368155059E-002    1.43644505032667502836E-002    1.45247798478835409702E-002    1.46852437323367595451E-002    1.48456902291071949490E-002    1.50060143533536707872E-002    1.51663055404945741611E-002    1.53266564733614083643E-002    1.54869650592575174020E-002    1.56471052310272681907E-002    1.58070776737695185832E-002    1.59668962289739244098E-002    1.61265393810557863818E-002    1.62860086234394955962E-002    1.64453500898024025656E-002    1.66044892194441608135E-002    1.67633260451230635402E-002    1.69218755615021393401E-002    1.70801159599849802784E-002    1.72380253445192331563E-002    1.73955817225727345232E-002    1.75527629957173032793E-002    1.77095469499114893663E-002    1.78659112455910353001E-002    1.80218334076925335019E-002    1.81772908157529777817E-002    1.83322606942439118860E-002    1.84867649082279365824E-002    1.86407620196644904786E-002    1.87942034691969059312E-002    1.89470619713367482984E-002    1.90993139190154988249E-002    1.92509355070407846278E-002    1.94019027295914761599E-002    1.95521913795922257229E-002    1.97017770501766442681E-002    1.98506351384359451540E-002    1.99987408516338442677E-002    2.01460692160475643431E-002    2.02925950885697141401E-002    2.04382931711758510096E-002    2.05831380283294056166E-002    2.07271041073576710312E-002    1.75571926385935175863E-002    1.22207914762376759765E-002    7.54806845839714208451E-003    4.32956752453489499693E-003    2.33819243617197029123E-003    1.18741139200036790839E-003    5.46713975098470279269E-004    1.61977020989706932061E-004
   1.08198655139338760500E-002    1.08078157314314641374E-002    1.07959289438768844122E-002    1.07842156778356224739E-002    1.07726870090354993198E-002    1.07613545921830585511E-002    1.07502306924322412612E-002    1.07393282185925947880E-002    1.07286607581680813739E-002    1.07182426143212928410E-002    1.07080888448611456082E-002    1.06982153033558079896E-002    1.06886386824758834041E-002    1.06793765596759279712E-002    1.06704474453253438798E-002    1.06618708334020994427E-002    1.06536672548648639336E-002    1.06458583338207395108E-002    1.06384668466064803011E-002    1.06315167839014738244E-002    1.06250334159896965558E-002    1.06190433612860218177E-002    1.06135746582389570158E-002    1.06086568407170560302E-002    1.06043210169797924580E-002    1.06005999523247091548E-002    1.05975281554918365767E-002    1.05951419688924304563E-002    1.05934796627119229284E-002    1.05925815329165617928E-002    1.05924900031682707457E-002    1.05932497306230801598E-002    1.05949077155536378059E-002    1.05975134146960945497E-002    1.06011188581742951675E-002    1.06057787698000897253E-002    1.06115506904858377529E-002    1.06184951044338005133E-002    1.06266755676856904794E-002    1.06361588385234604598E-002    1.06470150091085048738E-002    1.06593176376298098135E-002    1.06731438801014461015E-002    1.06885746208048425937E-002    1.07056946002115488392E-002    1.07245925390459777987E-002    1.07453612569551326672E-002    1.07680977840432859360E-002    1.07929034633035478286E-002    7.01651150271238605721E-003    3.62920168254891786080E-003    1.63648685928278634846E-003    6.27211300233514504852E-004    1.85721429955028116210E-004    3.22023396370823346583E-005    0.00000000000000000000E+000
   1.63683460342654990560E-002    1.65142235063603336209E-002    1.66598378104917607678E-002    1.68051710869622852873E-002    1.69502054077397719400E-002    1.70949227703731700123E-002    1.72393050917213075390E-002    1.73833342015562095084E-002    1.75270030800881680688E-002    1.76703449768667135433E-002    1.78132805191879885209E-002    1.79557867211860081036E-002    1.80978449384872411287E-002    1.82394364027602430556E-002    1.83805422169153916123E-002    1.85211433509698160382E-002    1.86612206387011293762E-002    1.88007547752147945175E-002    1.89397263155491150932E-002    1.90781156744398334990E-002    1.92159031273613709057E-002    1.93530688129553221644E-002    1.94895927369481344882E-002    1.96254547776484530863E-002    1.97606346931019985491E-002    1.98951121299660513286E-002    2.00288666341487918421E-002    2.01618776632393158221E-002    2.02941246007337407209E-002    2.04255867720407949251E-002    2.05562434622267933837E-002    2.06860739354368904086E-002    2.08150574559049159062E-002    2.09431733104401968104E-002    2.10704008322569122380E-002    2.11967194259882786567E-002    2.13221085937081965278E-002    2.14465479617629399545E-002    2.15700173081996779412E-002    2.16924965905647831876E-002    2.18139659738343857920E-002    2.19344058582327181006E-002    2.20537969066908132176E-002    2.21721200716992437874E-002    2.22893566213132367226E-002    2.24054881640787170727E-002    2.25204966726607717920E-002    2.26343645059738744763E-002    1.87320933679136873706E-002    1.29968127314236039233E-002    8.14528457667159505595E-003    4.78806065274859325720E-003    2.67675961508836816882E-003    1.42456688184233412099E-003    6.93824684701049550564E-004    2.16577029294153281490E-004
   1.78983916958434241540E-002    1.80333878288190981032E-002    1.81679333194499983972E-002    1.83020112030231954514E-002    1.84356044022836139396E-002    1.85686957257431214940E-002    1.87012678667986473324E-002    1.88333034037478225242E-002    1.89647848007862412922E-002    1.90956944100662273645E-002    1.92260144748900088651E-002    1.93557271341026522482E-002    1.94848144277406550018E-002    1.96132583039811507486E-002    1.97410406274251791492E-002    1.98681431887344772669E-002    1.99945477156275273900E-002    2.01202358852251225740E-002    2.02451893377197829349E-002    2.03693896913271291216E-002    2.04928185584604335978E-002    2.06154575630532570230E-002    2.07372883589387116410E-002    2.08582926491781284195E-002    2.09784522062175689261E-002    2.10977488927363392157E-002    2.12161646830406648567E-002    2.13336816848446707284E-002    2.14502821612726699008E-002    2.15659485529113917335E-002    2.16806634997368033457E-002    2.17944147372161611820E-002    2.19071959851460384971E-002    2.20189744207132179210E-002    2.21297337281215998617E-002    2.22394578918966856484E-002    2.23481312144799722230E-002    2.24557383326020251757E-002    2.25622642323283703614E-002    2.26676942626925434499E-002    2.27720141478510856858E-002    2.28752099977185749391E-002    2.29772683170638390704E-002    2.30781760130725002722E-002    2.31779204014051984362E-002    2.32764892108045899632E-002    2.33738705863268045326E-002    2.34700530912949449636E-002    1.92002880052554690538E-002    1.32469577414893180389E-002    8.33698637847981281757E-003    4.95084619173418501864E-003    2.81061054051200132076E-003    1.52720035030892275357E-003    7.61871419019445345749E-004    2.42676253950018557936E-004
   1.04996573240333530147E-002    1.04952187542704071521E-002    1.04912381443422412369E-002    1.04877394323794562864E-002    1.04847477262377218599E-002    1.04822893587066638676E-002    1.04803919448475182929E-002    1.04790844414679555630E-002    1.04783972087303632603E-002    1.04783620738753708440E-002    1.04790123970261005865E-002    1.04803831390193075840E-002    1.04825109311879466345E-002    1.04854341469947549836E-002    1.04891929753881153753E-002    1.04938294957199196311E-002    1.04993877540288712419E-002    1.05059138404529350819E-002    1.05134559674895638332E-002    1.05220645487727540446E-002    1.05317922779807372768E-002    1.05426942074276445288E-002    1.05548278258255773254E-002    1.05682531346310334269E-002    1.05830327223103391743E-002    1.05992318357731336170E-002    1.06169184481309138157E-002    1.06361633218388616784E-002    1.06570400661745289667E-002    1.06796251878959452125E-002    1.07042152128985820075E-002    1.07356470567019288143E-002    1.07917107003712431368E-002    1.08745886147126116783E-002    1.09710489746808279726E-002    1.10710996525845845051E-002    1.11713403725701293512E-002    1.12709227601490973719E-002    1.13692189201653331976E-002    1.14535857769239579618E-002    1.15156381379620167266E-002    1.15693827309352233884E-002    1.16252399024826917617E-002    1.16856897315663448012E-002    1.17511726039677896760E-002    1.18220332411380513876E-002    1.18970201072528189434E-002    1.19748444570152243888E-002    1.17776484380358800741E-002    7.27339805347497914828E-003    3.79497931587067854550E-003    1.75557114021139093300E-003    6.98573759265198965945E-004    2.19422684131417790494E-004    4.27089045908417383902E-005    0.00000000000000000000E+000
   1.63890520892932267660E-002    1.65347991107222085094E-002    1.66802803980377022108E-002    1.68254781075381013022E-002    1.69703743263889782200E-002    1.71149510665243552443E-002    1.72591902583708531327E-002    1.74030737444578025019E-002    1.75466077280372403924E-002    1.76897996553789273178E-002    1.78325817300682837319E-002    1.79749320251330231557E-002    1.81168319053121480711E-002    1.82582626109130709280E-002    1.83992052531227988366E-002    1.85396408100012392850E-002    1.86795501232797471480E-002    1.88189138960894418451E-002    1.89577126917424565455E-002    1.90959269336870192391E-002    1.92335369067520578490E-002    1.93705227597903532899E-002    1.95068645098198829857E-002    1.96425420477521379958E-002    1.97775351457821074730E-002    1.99118234664998616790E-002    2.00453865737655022305E-002    2.01782039453705513976E-002    2.03102549874878170189E-002    2.04415190508895928956E-002    2.05719754488911492352E-002    2.07016034769528477211E-002    2.08303824338499365965E-002    2.09582916442957248315E-002    2.10853104828804989446E-002    2.12114183991663866891E-002    2.13365949437582941295E-002    2.14608197951520716928E-002    2.15840727871454210463E-002    2.17063339365835862582E-002    2.18275834712022727413E-002    2.19478018573238363442E-002    2.20669698271599747097E-002    2.21850684054765052988E-002    2.23020789353805745647E-002    2.24179831030016062099E-002    2.25327629608507613856E-002    2.26464009496618982886E-002    1.87391141449036666145E-002    1.30009094696887667758E-002    8.14842393850197764527E-003    4.79060285053976679659E-003    2.67875513235295032582E-003    1.42604348670681752888E-003    6.94781871345422682301E-004    2.16943272824262272736E-004
   1.62908009645449970704E-002    1.64371629134864756516E-002    1.65832713254147959270E-002    1.67291082795288890972E-002    1.68746557896624627126E-002    1.70198957982675008749E-002    1.71648101701749045134E-002    1.73093806861892435256E-002    1.74535890365844457983E-002    1.75974525931279976443E-002    1.77409562815034269057E-002    1.78840424623692671735E-002    1.80266897691043793961E-002    1.81688794003967181434E-002    1.83105924276991648136E-002    1.84518097906351888349E-002    1.85925122931303136997E-002    1.87326806003959601965E-002    1.88722952368921073618E-002    1.90113365853941188033E-002    1.91497848872858381086E-002    1.92876202441952596112E-002    1.94248226210817637183E-002    1.95613718508735393020E-002    1.96972476407422693312E-002    1.98324295800870291362E-002    1.99668971502837688803E-002    2.01006297362377843452E-002    2.02336066397565718378E-002    2.03658070947389142902E-002    2.04972102841530223749E-002    2.06277953587527540513E-002    2.07575414574565700332E-002    2.08864277292894091886E-002    2.10144333567635899218E-002    2.11415375805512548157E-002    2.12677197252790113613E-002    2.13929592262546604264E-002    2.15172356569182966768E-002    2.16405287567935714077E-002    2.17628184597036464232E-002    2.18840849220061292590E-002    2.20043085505968009918E-002    2.21234700304305045848E-002    2.22415503513103823829E-002    2.23585308337040135351E-002    2.24743931533565484415E-002    2.25891193644869522905E-002    1.87056430289653068122E-002    1.29813021325042091125E-002    8.13339808759903915014E-003    4.77845877776496893302E-003    2.66924184768306451548E-003    1.41901569749639487605E-003    6.90231467956035600955E-004    2.15202842733925155333E-004
   1.04576869229899751396E-002    1.04726027295011809432E-002    1.04887234003540833621E-002    1.05061005737042308106E-002    1.05247876981454917961E-002    1.05448400528510791846E-002    1.05675072196207316122E-002    1.05998982430705844526E-002    1.06515241836549982152E-002    1.07232505302143604070E-002    1.08070563441656167930E-002    1.08949310746745530593E-002    1.09830407020699155618E-002    1.10695289834409366786E-002    1.11512746254523332362E-002    1.12196033542663123339E-002    1.12733899652860160290E-002    1.13210173015936173269E-002    1.13696584027024854419E-002    1.14219695313774686346E-002    1.14786238143527279110E-002    1.15391698660904529899E-002    1.16018146668098540847E-002    1.16666170867391148086E-002    1.17336358634161849746E-002    1.18029294300676795837E-002    1.18745641311942158602E-002    1.19486545272957413177E-002    1.20253529254253799935E-002    1.21046879411388728226E-002    1.21866180761693622403E-002    1.22711404213283366282E-002    1.23582903721632057087E-002    1.24481215088131456220E-002    1.25407029762103199716E-002    1.26360780916518165851E-002    1.27342873226850023666E-002    1.28353680233132885768E-002    1.29393541712011575506E-002    1.30462761079024221200E-002    1.31561602842418263332E-002    1.32690290130639577948E-002    1.34032586331770831728E-002    1.35958984074305583994E-002    1.37746909549752265256E-002    1.39190400371647926558E-002    1.40597623839521686240E-002    1.42027887304292770032E-002    1.30943449600703799157E-002    8.39345922189898424604E-003    4.62038219534240124364E-003    2.29128656472993644244E-003    1.00617408511887015607E-003    3.70788521098688872435E-004    1.01530749582352174077E-004    1.73394893102259953135E-005
   1.72654908220191034840E-002    1.74053582383354929486E-002    1.75448533797296010728E-002    1.76839561926630181588E-002    1.78226493385743069153E-002    1.79609153725087747344E-002    1.80987367385110099749E-002    1.82360957654888362900E-002    1.83729746636496077405E-002    1.85093555216118040019E-002    1.86452203042960507062E-002    1.87805508516988017842E-002    1.89153288786502379870E-002    1.90495359756542408103E-002    1.91831536109026770665E-002    1.93161631335495367900E-002    1.94485457783212661864E-002    1.95802826715295065496E-002    1.97113548385398074103E-002    1.98417432127365282735E-002    1.99714286460085342634E-002    2.01003919207639741851E-002    2.02286137634647734951E-002    2.03560748596529304810E-002    2.04827558704214832130E-002    2.06086374502639398110E-002    2.07337002662163066846E-002    2.08579250181867605074E-002    2.09812924603500240706E-002    2.11037834234658050470E-002    2.12253788379651413265E-002    2.13460597576341955250E-002    2.14658073837134776018E-002    2.15846030892202639384E-002    2.17024284432960450075E-002    2.18192652353761083750E-002    2.19350954989782805094E-002    2.20499015349097902960E-002    2.21636659336976703238E-002    2.22763715970566225644E-002    2.23880022100499155580E-002    2.24985575817932825782E-002    2.26080044412691888445E-002    2.27163271574865807678E-002    2.28235104970889099429E-002    2.29295396370032579514E-002    2.30344001753333450788E-002    2.31380781404819518832E-002    1.90195822226433414182E-002    1.31567599534534902805E-002    8.26776637810157366548E-003    4.88975810423813127270E-003    2.75862361765152799137E-003    1.48635743699556603474E-003    7.34405668784608787851E-004    2.32144125100397101438E-004
   1.11886182795986784122E-002    1.12352885689209220504E-002    1.12858012800454866192E-002    1.13391515004765582042E-002    1.13942388895002730265E-002    1.14511097552743787431E-002    1.15098103610059981916E-002    1.15703868110049630513E-002    1.16328849293615491090E-002    1.16973661328213917460E-002    1.17639356345719953145E-002    1.18326940063863718378E-002    1.19036622294716679799E-002    1.19768121189383607711E-002    1.20521348973758272299E-002    1.21296529526650990333E-002    1.22094180726820423361E-002    1.22914793008063200769E-002    1.23758713283104327535E-002    1.24626268259587485304E-002    1.25517762659609899423E-002    1.26433477443674991553E-002    1.27373668050698770488E-002    1.28338562666272266305E-002    1.29328360531842465747E-002    1.30429676683317691960E-002    1.31844706519373792986E-002    1.33474716229676718809E-002    1.34957170962403932152E-002    1.36258166456592784421E-002    1.37517893372808702734E-002    1.38880226087147642250E-002    1.40450899167103241544E-002    1.42201998694661303768E-002    1.44019853473437778324E-002    1.45849431530028390835E-002    1.47680542461181302932E-002    1.49510977350528016100E-002    1.51341870828947989980E-002    1.53174699327775984403E-002    1.55007385058788804688E-002    1.56838306475067003343E-002    1.58667426296693545029E-002    1.60496740755948323620E-002    1.62326296849173747072E-002    1.64153549212768153087E-002    1.65977909207182146301E-002    1.67799967442455594258E-002    1.49157221773774523177E-002    1.00871934518666495073E-002    5.89675170004862539419E-003    3.14638699352507615961E-003    1.53669611889193139485E-003    6.77256633441810826889E-004    2.60215305104617570294E-004    6.82324742199868263795E-005
   1.20978713407411675451E-002    1.21739713102866336375E-002    1.22520694460524631753E-002    1.23321897387928744450E-002    1.24143544066462434283E-002    1.24985837742442387754E-002    1.25848961538186487202E-002    1.26733077290653410596E-002    1.27716281356564324151E-002    1.28947125171313299596E-002    1.30364097097353109911E-002    1.31729584024558397243E-002    1.32952673543393525002E-002    1.34113770722393589596E-002    1.35350338462739087225E-002    1.36802837926101716198E-002    1.38425435835776676485E-002    1.40120954514695878618E-002    1.41820421200207127249E-002    1.43522399380507474642E-002    1.45224532584584276745E-002    1.46926703124049175958E-002    1.48629971626325525780E-002    1.50334291114790612881E-002    1.52037872894684282510E-002    1.53739923711707932724E-002    1.55441794934649650528E-002    1.57144157080538679483E-002    1.58845492735509435933E-002    1.60544618719930497208E-002    1.62241810938694649979E-002    1.63937054886477591442E-002    1.65630101179097856401E-002    1.67320960149999718725E-002    1.69010035162891897320E-002    1.70696556247976957699E-002    1.72379443930156771303E-002    1.74058837137281777196E-002    1.75734482081195894643E-002    1.77406123705445908922E-002    1.79073505555669733325E-002    1.80736369645887740010E-002    1.82394456322355381916E-002    1.84047504126910767275E-002    1.85695249662015116066E-002    1.87337427459935354501E-002    1.88973769858763011864E-002    1.90604006888163875211E-002    1.64653483229123126508E-002    1.13896157932864630635E-002    6.90342956015986899954E-003    3.85803141933523975615E-003    2.01086959394801900389E-003    9.72878751538978339339E-004    4.22293552269340844753E-004    1.19445926531290444158E-004
   2.39839882842158257092E-002    2.40043298489899491199E-002    2.40241011102526741405E-002    2.40433091239774174297E-002    2.40619610742082157273E-002    2.40800642662518764314E-002    2.40976261196948031429E-002    2.41146541612631687412E-002    2.41311560175455804000E-002    2.41471394075977834059E-002    2.41626121354492039150E-002    2.41775820825313701723E-002    2.41920572000482170250E-002    2.42060455013083791753E-002    2.42195550540394398398E-002    2.42325939727036331062E-002    2.42451704108346127731E-002    2.42572925534139463566E-002    2.42689686093060796868E-002    2.42802068037693344338E-002    2.42910153710604766186E-002    2.43014025471490757724E-002    2.43113765625575378726E-002    2.43209456353416821062E-002    2.43301179642259196578E-002    2.43389017219060380115E-002    2.43473050485319211789E-002    2.43553360453812213493E-002    2.43630027687343209131E-002    2.43703132239598274644E-002    2.43772753598186196766E-002    2.43838970629938374401E-002    2.43901861528529398382E-002    2.43961503764469553324E-002    2.44017974037514448482E-002    2.44071348231521476069E-002    2.44121701371778666856E-002    2.44169107584821243329E-002    2.44213640060741317417E-002    2.44255371017988338889E-002    2.44294371670652939177E-002    2.44330712198214256015E-002    2.44364461717728326251E-002    2.44395688258427293271E-002    2.44424458738691369186E-002    2.44450838945352022513E-002    2.44474893515280282397E-002    2.24284758664143116236E-002    1.75861230012387889654E-002    1.22089560958003814917E-002    7.90350203355099159563E-003    4.90133043727960984043E-003    2.94634996085142144770E-003    1.70908391830007673484E-003    8.98469955305168568177E-004    2.79590262964421096790E-004
   1.59560666710232418319E-002    1.61044749993789690357E-002    1.62526437696910754094E-002    1.64005827717269014876E-002    1.65482737467462469316E-002    1.66956983773654081549E-002    1.68428382816936741961E-002    1.69896750071582107455E-002    1.71361900240628306502E-002    1.72823647189363181764E-002    1.74281803877357407973E-002    1.75736182289799487688E-002    1.77187065276489530419E-002    1.78634069004152025439E-002    1.80076719587859632177E-002    1.81514804271999570517E-002    1.82948129755726648926E-002    1.84376501386753384459E-002    1.85799723116741553886E-002    1.87217597465077524588E-002    1.88629925492383651586E-002    1.90036506785114800433E-002    1.91437139452563000186E-002    1.92831620137545595162E-002    1.94219744041978815974E-002    1.95601304968443696908E-002    1.96976095378732576902E-002    1.98343906470216276017E-002    1.99704528270709356919E-002    2.01057749752314614267E-002    2.02403358964526949859E-002    2.03741143186641007756E-002    2.05070889099268453826E-002    2.06392382974517202276E-002    2.07705410884122462778E-002    2.09009758924554797654E-002    2.10305213457869129290E-002    2.11591561366799504884E-002    2.12868590322362848111E-002    2.14136089062004729422E-002    2.15393847676116391432E-002    2.16641657900572930096E-002    2.17879313412796087046E-002    2.19106610128736896403E-002    2.20323346498098836255E-002    2.21529323795101214245E-002    2.22724346402096047559E-002    2.23908222083416819093E-002    1.85886699064589031027E-002    1.29113313885265423853E-002    8.07975906757673820180E-003    4.73554615948860654906E-003    2.63598686035570453287E-003    1.39466936893868848416E-003    6.74568433341491335495E-004    2.09227029707846596358E-004
   1.81264499615743784888E-002    1.82595842110204326092E-002    1.83922405981744724324E-002    1.85244022433880446699E-002    1.86560521556321211312E-002    1.87871732324844387119E-002    1.89177482610538016949E-002    1.90477599199173758260E-002    1.91771907821408106598E-002    1.93060233194436471627E-002    1.94342399075635302585E-002    1.95618228328630523738E-002    1.96887543002114730195E-002    1.98150164421610000542E-002    1.99405913294241031453E-002    2.00654609826438970477E-002    2.01896073854347379850E-002    2.03130124986544390031E-002    2.04356582758543799117E-002    2.05575266798374567401E-002    2.06785997002390913024E-002    2.07988593720311448765E-002    2.09182877948348132369E-002    2.10368671529158821065E-002    2.11545797357236657621E-002    2.12714079588256395337E-002    2.13873343850813357747E-002    2.15023418140675680321E-002    2.16164236175674998042E-002    2.17295630700066084995E-002    2.18417321366873341815E-002    2.19529144678129797819E-002    2.20630939830368244525E-002    2.21722548897002012802E-002    2.22803817000531596826E-002    2.23874592473374961488E-002    2.24934727006291558526E-002    2.25984075783544346994E-002    2.27022497604143919103E-002    2.28049854988728942229E-002    2.29066014271857749940E-002    2.30070845679708237130E-002    2.31064223393412336571E-002    2.32046025598476798879E-002    2.33016134520954848464E-002    2.33974436451246450841E-002    2.34920821756589952300E-002    2.35546339003681742819E-002    1.92547118019848854942E-002    1.32861802319242817277E-002    8.36938346094096875805E-003    4.97756418863137990727E-003    2.83172974683674550170E-003    1.54287404322216441417E-003    7.71971619606875991693E-004    2.46379123009662643739E-004
   1.61413155908290140150E-002    1.62885934926250454391E-002    1.64356365194532859364E-002    1.65824266274630614804E-002    1.67289457130422036801E-002    1.68751756069858462050E-002    1.70210980683803518587E-002    1.71666947782503388764E-002    1.73119473330264651845E-002    1.74568372379006603312E-002    1.76013614137201547527E-002    1.77455438922437848392E-002    1.78893096495926669232E-002    1.80326352725002601873E-002    1.81755017692547087005E-002    1.83178900191456814350E-002    1.84597807676823155720E-002    1.86011546225409718502E-002    1.87419920503727674421E-002    1.88822733746010877620E-002    1.90219787743388414614E-002    1.91610882845512538186E-002    1.92995817975852093640E-002    1.94374390661778626010E-002    1.95746397080476183805E-002    1.97111632121582010246E-002    1.98469889467316439047E-002    1.99820961690696449753E-002    2.01164640372233777255E-002    2.02500716235317589076E-002    2.03828979300253176898E-002    2.05149219056693574159E-002    2.06461224653958323738E-002    2.07764785108475215358E-002    2.09059689527334516268E-002    2.10345727346688340931E-002    2.11622688583489523828E-002    2.12890364098832635120E-002    2.14148545870947552838E-002    2.15397027275703312199E-002    2.16635603372325354077E-002    2.17864071191887741230E-002    2.19082230026056076766E-002    2.20289881713494686832E-002    2.21486830921340284439E-002    2.22672885419171705246E-002    2.23847856342981529898E-002    2.25011558446769864561E-002    1.86539596918280994875E-002    1.29506562883803383324E-002    8.10990920172770593521E-003    4.75958762834770114647E-003    2.65455149914768954653E-003    1.40821979804914027695E-003    6.83266901382882370190E-004    2.12542609174541430100E-004
   2.09658644515152148280E-002    2.10685572394077591518E-002    2.11704480506396605644E-002    2.12715241422994846832E-002    2.13717729402055495180E-002    2.14711820503224494472E-002    2.15697392697360816605E-002    2.16674325971276948710E-002    2.17642502426950851246E-002    2.18601806374750066986E-002    2.19552124420300392993E-002    2.20493345544712469886E-002    2.21425361177973040183E-002    2.22348065265398804613E-002    2.23261354327152564125E-002    2.24165127510913206321E-002    2.25059286637888898708E-002    2.25943736242454167040E-002    2.26818383605783581436E-002    2.27683138783935264116E-002    2.28537914630913240044E-002    2.29382626817309989709E-002    2.30217193845185900958E-002    2.31041537059893872796E-002    2.31855580659594343040E-002    2.32659251703234565278E-002    2.33452480117778068958E-002    2.34235198705478528391E-002    2.35007343151976202944E-002    2.35768852035980677750E-002    2.36519666841266233692E-002    2.37259731971665929762E-002    2.37988994769692992215E-002    2.38707405539357320201E-002    2.39414917573670567308E-002    2.40111487187252871378E-002    2.40797073754368852472E-002    2.41471639752627691144E-002    2.42135150812484781224E-002    2.42787575772584370004E-002    2.43428886740883060336E-002    2.44059059161389584058E-002    2.44678071886260777024E-002    2.45285907252891337282E-002    2.45882551165545124028E-002    2.46467993180982773704E-002    2.47042226597457940940E-002    2.40529704047495740404E-002    1.95559927379479470133E-002    1.36165279178095070117E-002    8.69976482105973107639E-003    5.27206221714225566760E-003    3.07350194386041188771E-003    1.72507986186920406549E-003    8.88178531819158690805E-004    2.85514492485083968155E-004
   2.37748384714136923312E-002    2.38149271021486676203E-002    2.38542201723553615178E-002    2.38927202630628485180E-002    2.39304302195916078488E-002    2.39673531530428703118E-002    2.40034924414218968358E-002    2.40388517303726408081E-002    2.40734349335025438199E-002    2.41072462322784973610E-002    2.41402900754765607771E-002    2.41725711781703433978E-002    2.42040945202449085671E-002    2.42348653444258849143E-002    2.42648891538153853309E-002    2.42941717089291131515E-002    2.43227190242316614055E-002    2.43505373641693632913E-002    2.43776332387028657478E-002    2.44040133983442035503E-002    2.44296848287055903826E-002    2.44546547445697107226E-002    2.44789305834940580653E-002    2.45025199989636795206E-002    2.45254308531095421841E-002    2.45476712090115824216E-002    2.45692493226075947543E-002    2.45901736342310321681E-002    2.46104527598025694946E-002    2.46300954817016172493E-002    2.46491107393457982433E-002    2.46675076195069752083E-002    2.46852953463941073020E-002    2.47024832715335082578E-002    2.47190808634777832442E-002    2.47350976973755194710E-002    2.47505434444335523092E-002    2.47654278613038889012E-002    2.47797607794272498061E-002    2.47935520943647173808E-002    2.48068117551487436756E-002    2.48195497536837055008E-002    2.48317761142257328877E-002    2.48435008829703575517E-002    2.48547341177755981567E-002    2.48654858780467113988E-002    2.48757662148074952524E-002    2.32001594049736220571E-002    1.84249947637358801877E-002    1.28371506484904439327E-002    8.30002779998784828708E-003    5.12770775790936939043E-003    3.06623419489932035401E-003    1.76956293928244405567E-003    9.28723845670542712608E-004    2.91916547878098386719E-004
   1.72199239988080933517E-002    1.73601012293136125475E-002    1.74999332088527671802E-002    1.76393791433191622631E-002    1.77784208344479374708E-002    1.79170408170774876633E-002    1.80552215160721570009E-002    1.81929452419674550501E-002    1.83301941871543451479E-002    1.84669504227058037249E-002    1.86031958959503550266E-002    1.87389124288975632282E-002    1.88740817176187014592E-002    1.90086853326829757771E-002    1.91427047207444987753E-002    1.92761212073693406766E-002    1.94089160011832288777E-002    1.95410701994103638834E-002    1.96725647948626444772E-002    1.98033806844246824952E-002    1.99334986790652805844E-002    2.00628995153898335990E-002    2.01915638687306352173E-002    2.03194723677535549200E-002    2.04466056105406072951E-002    2.05729441820881528424E-002    2.06984686731411064720E-002    2.08231597002637956739E-002    2.09469979270296181861E-002    2.10699640861934656133E-002    2.11920390026944620299E-002    2.13132036173217243036E-002    2.14334390108628959626E-002    2.15527264285446801262E-002    2.16710473045668115810E-002    2.17883832865257975886E-002    2.19047162595232061677E-002    2.20200283697542104067E-002    2.21343020473770794865E-002    2.22475200284726164213E-002    2.23596653759135302608E-002    2.24707274604664941631E-002    2.25806948562902523592E-002    2.26895404334348585462E-002    2.27972487756553481020E-002    2.29038048753722189854E-002    2.30091941452019062286E-002    2.31134024277009283987E-002    1.90058367498685265584E-002    1.31495239452441552847E-002    8.26222377678463397455E-003    4.88501454430454676997E-003    2.75469430526156539712E-003    1.48332783460687991396E-003    7.32389747110264452759E-004    2.31370011062472500686E-004
