   2.18262040567031752325E-002    2.18099166062170717051E-002    2.17924717590727672067E-002    2.17738213323217695561E-002    2.17539155205010055483E-002    2.17327122928844505834E-002    2.17103680044976876662E-002    2.16873380665566217740E-002    2.16640898321414678007E-002    2.16408114382312978530E-002    2.16174244464922074571E-002    2.15937288984021959204E-002    2.15137301050066231944E-002    2.14271823442720339703E-002    2.13385775599819922654E-002    2.12475135849072849226E-002    2.11537981689499665627E-002    2.10574179945042481987E-002    2.09584273456351818932E-002    2.08794149457370847855E-002    2.08202946488801228508E-002    2.07592198801223246085E-002    2.06961353440184396557E-002    2.06309857181131220405E-002    2.05637157962459821148E-002    2.04942706940504301705E-002    2.04225969402921717077E-002    2.03486430176899671385E-002    2.02723574118048796566E-002    2.01936878265302210966E-002    2.01125821983055633191E-002    2.00288424823574853773E-002    1.99423613738667106221E-002    1.98532993808640777222E-002    1.97616126295198923923E-002    1.96672595131422642267E-002    1.95702009182621601557E-002    1.94704004507386119194E-002    1.93678246602624927475E-002    1.92624432615475828234E-002    1.91542302626833693679E-002    1.90431958819298821628E-002    1.89295869986750679714E-002    1.88131303337699534728E-002    1.86935840984075660187E-002    1.85709024260159068220E-002    1.84416766234559437176E-002    1.82263730543021987285E-002    1.80667696081950081288E-002    1.78716301865495842682E-002    1.76464683914977320256E-002    1.74220076249557709325E-002    1.71982582182024883177E-002    1.69752307021604903481E-002    1.67529358115491300296E-002    1.65313844890990491177E-002
   5.48316190172378706974E-003    5.38448900116642210911E-003    5.28662356276014995526E-003    5.18957354813523365905E-003    5.09334691336530472755E-003    4.99795160330135379567E-003    4.90339554563001128740E-003    4.80968664465118538043E-003    4.71683277477091041779E-003    4.62484177370452598926E-003    4.53372143538783266281E-003    4.44347950259262654965E-003    4.35412365924492915370E-003    4.26566152244536086341E-003    4.17810063419039607463E-003    4.09144845279620170825E-003    4.00571234402645210554E-003    3.92089957192732607022E-003    3.83701728937394653807E-003    3.75407252833375414125E-003    3.67207218985398384584E-003    3.59102303378172615922E-003    3.51093166822660047652E-003    3.43180453877807130694E-003    3.35364791749044122496E-003    3.27646789165148607376E-003    3.20027035235131464275E-003    3.12506098287105953115E-003    3.05084524691222672144E-003    2.97762837669009010344E-003    2.90541536091611964088E-003    2.83421093269688000038E-003    2.76401955737895456064E-003    2.69484542037075770066E-003    2.62669241497541505748E-003    2.55956413026991579790E-003    2.49346383906777838146E-003    2.42839448600494934444E-003    2.36435867578968896344E-003    2.30135866165935391858E-003    2.23939633408807604875E-003    2.17847320979107231601E-003    2.11859042107194646409E-003    2.05974870556092405638E-003    2.00194839639199814035E-003    1.94518941286769006874E-003    1.88947125166038869780E-003    1.83479297859871206752E-003    1.78115322108744972632E-003    1.72855016120807610663E-003    1.67698152954646280063E-003    1.62644459979237191241E-003    1.57693618415369937041E-003    1.52845262962622943127E-003    1.48098981515699078260E-003    1.43454314973634434668E-003
   3.86098098070379721833E-003    3.78173477028165630487E-003    3.70334042467381115149E-003    3.62580388334585558899E-003    3.54913096621574429904E-003    3.47332736526162304258E-003    3.39839863594628430535E-003    3.32435018846928120179E-003    3.25118727885720121967E-003    3.17891499990522342217E-003    3.10753827198384036459E-003    3.03706183372615297344E-003    2.96749023261246675995E-003    2.89882781547032590194E-003    2.83107871890966910147E-003    2.76424685971436582058E-003    2.69833592521226406369E-003    2.63334936364777432577E-003    2.56929037458273083414E-003    2.50616189935137009120E-003    2.44396661159818713235E-003    2.38270690792736572830E-003    2.32238489869431886936E-003    2.26300239897083170157E-003    2.20456091971611397098E-003    2.14706165918706129436E-003    2.09050549462166685571E-003    2.03489297423028797293E-003    1.98022430952951491306E-003    1.92649936805391126977E-003    1.87371766648105936466E-003    1.82187836420467409726E-003    1.77098025739085636505E-003    1.72102177355137799658E-003    1.67200096666750568260E-003    1.62391551289672300337E-003    1.57676270689321930581E-003    1.53053945877179228829E-003    1.48524229174294328769E-003    1.44086734044476783533E-003    1.39741034999544015346E-003    1.35486667578712171797E-003    1.31323128403985499475E-003    1.27249875313087141421E-003    1.23266327571190984456E-003    1.19371866162360906055E-003    1.15565834161297851905E-003    1.11847537185612538706E-003    1.08216243928511111905E-003    1.04671186771376528886E-003    1.01211562475395848264E-003    9.78365329509574060615E-004    9.45452261032158833287E-004    9.13367367518197513857E-004    8.82101276224378375371E-004    8.51644304073840359599E-004
   8.90256345046406931398E-003    8.77209653228613016329E-003    8.64231923704848227497E-003    8.51323995554595022717E-003    8.38486717320461108494E-003    8.25720946939378398766E-003    8.13027551660028616198E-003    8.00407407945704155172E-003    7.87861401361674047739E-003    7.75390426446262350652E-003    7.62995386564638451710E-003    7.50677193744420448440E-003    7.38436768492073489917E-003    7.26275039589131029411E-003    7.14192943867146632503E-003    7.02191425960336547407E-003    6.90271438034819988239E-003    6.78433939493267544607E-003    6.66679896653891469749E-003    6.55010282402534917828E-003    6.43426075816691880882E-003    6.31928261760237967859E-003    6.20517830447672291000E-003    6.09195776976575488482E-003    5.97963100827101409068E-003    5.86820805327240100496E-003    5.75769897082590784154E-003    5.64811385369451413041E-003    5.53946281490009032056E-003    5.43175598088422011828E-003    5.32500348426678035002E-003    5.21921545619082570544E-003    5.11440201824342813297E-003    5.01057327394234877649E-003    4.90773929977928596857E-003    4.80591013581138475075E-003    4.70509577579306462192E-003    4.60530615684230995588E-003    4.50655114863606105768E-003    4.40884054213040114251E-003    4.31218403780402135400E-003    4.21659123342369747400E-003    4.12207161133318084750E-003    4.02863452526872316967E-003    3.93628918670660323670E-003    3.84504465075013448713E-003    3.75490980156668657450E-003    3.66589333738738748850E-003    3.57800375508521804890E-003    3.49124933435039207924E-003    3.40563812148485462253E-003    3.32117791284115273717E-003    3.23787623793442237360E-003    3.15574034225972249387E-003    3.07477716985071021158E-003    2.99499334561932357285E-003
   3.81689738317379052487E-003    3.73823965749194237276E-003    3.66043449476014534985E-003    3.58348774509546037434E-003    3.50740513524814894949E-003    3.43219226016916803546E-003    3.35785457440151806352E-003    3.28439738330613562739E-003    3.21182583413418074741E-003    3.14014490695918449883E-003    3.06935940548342355016E-003    2.99947394773455175768E-003    2.93049295666975235033E-003    2.86242065070649569919E-003    2.79526103419968589142E-003    2.72901788788707617625E-003    2.66369475932584295896E-003    2.59929495334486164448E-003    2.53582152253826933336E-003    2.47327725782755473288E-003    2.41166467912045648023E-003    2.35098602609610509914E-003    2.29124324914729013761E-003    2.23243800051113909164E-003    2.17457162562102127717E-003    2.11764515471301586688E-003    2.06165929472062981961E-003    2.00661442149251871905E-003    1.95251057236766668336E-003    1.89934743914332740226E-003    1.84712436147014928689E-003    1.79584032070930887243E-003    1.74549393428589309611E-003    1.69608345057157129492E-003    1.64760674432978706898E-003    1.60006131275402304487E-003    1.55344427212987133344E-003    1.50775235514885824588E-003    1.46298190890081021738E-003    1.41912889356898786961E-003    1.37618888185036224170E-003    1.33415705912034521577E-003    1.29302822435912708257E-003    1.25279679185326463069E-003    1.21345679368347670636E-003    1.17500188300602177033E-003    1.13742533813203437580E-003    1.10072006740501854294E-003    1.06487861487378232019E-003    1.02989316675388895006E-003    9.95755558667333175518E-004    9.62457283646154311725E-004    9.29989500882218069616E-004    8.98343045201658186444E-004    8.67508437238891268184E-004    8.37475894281775328117E-004
   2.45770019847416131345E-003    2.39939812584575532656E-003    2.34193686759752483020E-003    2.28531812334798302769E-003    2.22954334987969212192E-003    2.17461375438012145811E-003    2.12053028786749787893E-003    2.06729363882540619762E-003    2.01490422707021428136E-003    1.96336219787635523834E-003    1.91266741638360842151E-003    1.86281946231129421493E-003    1.81381762500398249945E-003    1.76566089883263923656E-003    1.71834797897571847636E-003    1.67187725760291621031E-003    1.62624682048481401624E-003    1.58145444404997640928E-003    1.53749759291037495917E-003    1.49437341787514031861E-003    1.45207875447073988216E-003    1.41061012198493243054E-003    1.36996372304971024934E-003    1.33013544377699765610E-003    1.29112085445907335927E-003    1.25291521084354233982E-003    1.21551345599049329116E-003    1.17891022271781080108E-003    1.14309983663752560284E-003    1.10807631978453299468E-003    1.07383339483590588975E-003    1.04036448991718559823E-003    1.00766274398880056884E-003    9.75721012804141025858E-004    9.44531875427533822512E-004    9.14087641298253817702E-004    8.84380357824417380475E-004    8.55401818487842380626E-004    8.27143571439112410687E-004    7.99596928559469840442E-004    7.72752974964594440375E-004    7.46602578922913912192E-004    7.21136402159627473707E-004    6.96344910515935976332E-004    6.72218384931406337003E-004    6.48746932716412851895E-004    6.25920499080131033723E-004    6.03728878879141329233E-004    5.82161728550672358251E-004    5.61208578194288885792E-004    5.40858843765502092862E-004    5.21101839344733741392E-004    5.01926789445290367012E-004    4.83322841324320274636E-004    4.65279077261345570728E-004    4.47784526769688640511E-004
   2.08031225091892674195E-002    2.07166073168978878694E-002    2.06276597636633161892E-002    2.05362990256632987895E-002    2.04554614401669734858E-002    2.04024855888049888586E-002    2.03478403155916386102E-002    2.02914799122578676238E-002    2.02333585754866651651E-002    2.01734305079588303877E-002    2.01116500263755493272E-002    2.00479717450831353143E-002    1.99823513439036926087E-002    1.99147460619593652531E-002    1.98451135495666050601E-002    1.97734108411309235376E-002    1.96995947898930962028E-002    1.96234658892161135946E-002    1.95449569621208296688E-002    1.94642126459032040187E-002    1.93811959424269632246E-002    1.92958715540881287076E-002    1.92082060496934041438E-002    1.91181680306883941545E-002    1.90257282967003366059E-002    1.89308600093033886635E-002    1.88335388528675061470E-002    1.87337565916193271587E-002    1.86315985848792275981E-002    1.85270963626864085261E-002    1.84200538244440707725E-002    1.83103136026001381276E-002    1.81978178353039352078E-002    1.80394583113142534248E-002    1.78575362765982306734E-002    1.77189894901908090441E-002    1.75071761987415641659E-002    1.72953040711397929008E-002    1.70840698399227670923E-002    1.68734824908174201041E-002    1.66635511750280081167E-002    1.64542852124958394189E-002    1.62456940952041099802E-002    1.60377874905254062810E-002    1.58305752446106159925E-002    1.56240673858168699351E-002    1.54182741281722272136E-002    1.52132058748745777749E-002    1.50088732218216190650E-002    1.48052869611687721446E-002    1.46024580849110612729E-002    1.44003977884853331254E-002    1.41991174743872697328E-002    1.39986287557994793646E-002    1.37989434602237889121E-002    1.36000736331125127859E-002
   2.25317508630059198937E-002    2.25281213406258069842E-002    2.25238090585915505526E-002    2.25187817575536845804E-002    2.25130057609449658884E-002    2.25064459228622101850E-002    2.24990655754639494457E-002    2.24908264760871647037E-002    2.24816887543176011088E-002    2.24716108592818465672E-002    2.24605495074663118193E-002    2.24484596314084433599E-002    2.24352943296482268409E-002    2.24210048183747061301E-002    2.24055403852514919971E-002    2.23888483459579110124E-002    2.23708740040377239422E-002    2.23515606147058377984E-002    2.23308493533238908157E-002    2.23086810561559933941E-002    2.22851064498605817843E-002    2.22605246840447169865E-002    2.22354892216838073704E-002    2.22102960515966653399E-002    2.21849091056774104513E-002    2.21591179141479716064E-002    2.21132618873526066994E-002    2.20215808020514901278E-002    2.19278192891631910910E-002    2.18314402885626014650E-002    2.17321428677612685232E-002    2.16298789029799598538E-002    2.15247011713043147341E-002    2.14166824207219289034E-002    2.13403940685321404092E-002    2.12738009542361300452E-002    2.12048935305370785109E-002    2.11336042499782571225E-002    2.10598656924047694661E-002    2.09836108024736116284E-002    2.09047746022058347770E-002    2.08232944457611944544E-002    2.07391067764144988728E-002    2.06521474298128823732E-002    2.05623532388771491919E-002    2.04695101490005200440E-002    2.03734987572512446508E-002    2.02744797456407797875E-002    2.01715245653463458309E-002    2.00178615885327725044E-002    1.98244420193534089114E-002    1.96041369986697973371E-002    1.93671862591840229784E-002    1.91221356649568692554E-002    1.87972975980013161379E-002    1.92283150843469002877E-002
   1.83723993417539907536E-002    1.82903029129207438108E-002    1.82062601800862464141E-002    1.81202736035593163499E-002    1.80323983474256974158E-002    1.79426356168887850273E-002    1.78508717181396596441E-002    1.77569838273809940676E-002    1.76609015370738711703E-002    1.74918755220128119277E-002    1.73566824528536903238E-002    1.72132378907279386115E-002    1.70206542049564958641E-002    1.68286066974284408138E-002    1.66371023410998679359E-002    1.64461482273735269677E-002    1.62557515682492520481E-002    1.60659196985019868398E-002    1.58766600778861254051E-002    1.56879802933645277896E-002    1.54998880613618911228E-002    1.53123912300410468246E-002    1.51254977816003607222E-002    1.49392158345907754419E-002    1.47535536462512304606E-002    1.45685196148599375304E-002    1.43841222820991643944E-002    1.42003703354320227892E-002    1.40172726104878259817E-002    1.38348380934531674236E-002    1.36530759234663994633E-002    1.34719953950107902002E-002    1.32916059603038639453E-002    1.31119172316780212284E-002    1.29329389839485126706E-002    1.27546811567635851037E-002    1.25771538569318715867E-002    1.24003673607214100205E-002    1.22243321161240349471E-002    1.20490587450791716145E-002    1.18745580456490387039E-002    1.17008409941386920528E-002    1.15279187471520883079E-002    1.13558026435760135719E-002    1.11845042064819127914E-002    1.10140351449360684999E-002    1.08444073557073857733E-002    1.06756329248608779897E-002    1.05077241292253868721E-002    1.03406934377216208620E-002    1.01745535125374545610E-002    1.00093172101352045900E-002    9.84499758207486169725E-003    9.68160787563785395216E-003    9.51916153423192773486E-003    9.35767219755972122497E-003
   8.05086766723360144904E-003    7.92751418462680004784E-003    7.80487836605401122392E-003    7.68296871461397919145E-003    7.56179381491107766716E-003    7.44136233148162250933E-003    7.32168300704391736972E-003    7.20276466056327113741E-003    7.08461618512259798386E-003    6.96724654558905642787E-003    6.85066477606677791401E-003    6.73487997712589932936E-003    6.61990131279729769609E-003    6.50573800732311829931E-003    6.39239934165180580250E-003    6.27989464966759603631E-003    6.16823331414309995041E-003    6.05742476240428949497E-003    5.94747846169681182449E-003    5.83840391424290949818E-003    5.73021065197747321573E-003    5.62290823095325329600E-003    5.51650622540367490537E-003    5.41101422145346278719E-003    5.30644181046680592923E-003    5.20279858202297735420E-003    5.10009411651046826869E-003    4.99833797733071402009E-003    4.89753970270320315022E-003    4.79770879706422487265E-003    4.69885472205353645764E-003    4.60098688708201856989E-003    4.50411463947677625369E-003    4.40824725419977549862E-003    4.31339392313753646618E-003    4.21956374396202388982E-003    4.12676570856274158722E-003    4.03500869105338170334E-003    3.94430143535681298345E-003    3.85465254237530750500E-003    3.76607045675455241740E-003    3.67856345325225835355E-003    3.59213962272481642651E-003    3.50680685774778675909E-003    3.42257283788938637334E-003    3.33944501465776363153E-003    3.25743059614707610935E-003    3.17653653140997568882E-003    3.09676949458685376107E-003    3.01813586882617671675E-003    2.94064173003311590468E-003    2.86429283048721334062E-003    2.78909458237304192646E-003    2.71505204127118126775E-003    2.64216988966047656648E-003    2.57045242048548581992E-003
   2.39289638626836304036E-002    2.39395085988704584001E-002    2.39499242023016728487E-002    2.39602023920806664337E-002    2.39703344620113417696E-002    2.39803112577268440209E-002    2.39901231525491906438E-002    2.39997600220110129943E-002    2.40092112169671897948E-002    2.40184655352211652579E-002    2.40275111915872301160E-002    2.40363357863068380360E-002    2.40449262717337408635E-002    2.40532689171994822075E-002    2.40613492719675102494E-002    2.40691521261812667321E-002    2.40766614697085074015E-002    2.40838604487816250466E-002    2.40907313203311580774E-002    2.40972554039079120414E-002    2.41034130310871647085E-002    2.41091834922477626924E-002    2.41145449806184596075E-002    2.41194745334841996465E-002    2.41239479704466047716E-002    2.41279398286355813152E-002    2.41314232947725734735E-002    2.41343701339918406679E-002    2.41367506153330815821E-002    2.41385334338282929456E-002    2.41396856291175819498E-002    2.41401725005428620385E-002    2.41399575186866041654E-002    2.41390022333436357616E-002    2.41372661779394349912E-002    2.41347067704386075704E-002    2.41312792108218480969E-002    2.41269363752509811982E-002    2.41216287070886263588E-002    2.41153041049938579587E-002    2.41079078083771616847E-002    2.40993822805694209166E-002    2.40896670901399427567E-002    2.40786987908896341071E-002    2.40664108011473393267E-002    2.40527332831115409073E-002    2.40375930231066479992E-002    2.40209133137630308219E-002    2.40026138392848385761E-002    2.38798726565183395965E-002    2.35888552474916579627E-002    2.31670586454922888819E-002    2.26356745041858056777E-002    2.20066214950789262872E-002    2.12793263119172224029E-002    2.01708625870221647247E-002
   2.38482389403624345237E-002    2.38583121647503552942E-002    2.38682392211067816168E-002    2.38780110489140683094E-002    2.38876181236242560169E-002    2.38970504318347619355E-002    2.39062974451039016166E-002    2.39153480923346081766E-002    2.39241907306515719234E-002    2.39328131146940813190E-002    2.39412023642437445103E-002    2.39493449301031897936E-002    2.39572265581393280265E-002    2.39648322514014605611E-002    2.39721462302223235763E-002    2.39791518902076339348E-002    2.39858317580176512440E-002    2.39921674448424840365E-002    2.39981395974717542918E-002    2.40037278468583914481E-002    2.40089107540763305182E-002    2.40136657535725793478E-002    2.40179690936159762060E-002    2.40217957738473528173E-002    2.40251194798404218989E-002    2.40279125145876903957E-002    2.40301457268334815731E-002    2.40317884361850968300E-002    2.40328083549450066680E-002    2.40331715066209282428E-002    2.40328421410880427311E-002    2.40317826463980928342E-002    2.40299534572544874755E-002    2.40273129602014551276E-002    2.40238173956085869498E-002    2.40194207565712809782E-002    2.40140746848925244750E-002    2.40077283643631046728E-002    2.40003284116162736439E-002    2.39918187649000511086E-002    2.39821405711861737609E-002    2.39712320721200446150E-002    2.39590284894119383285E-002    2.39454619103762790522E-002    2.39304611744445387689E-002    2.39139517616078454976E-002    2.38958556838894699281E-002    2.38760913811037547849E-002    2.38545736223287549449E-002    2.37288784672831584710E-002    2.34427636786337656449E-002    2.30312702981245454037E-002    2.25145962859852506732E-002    2.19040718140353918297E-002    2.11989400892208627869E-002    2.01087538723384376405E-002
   2.50914481906316377824E-002    2.51063834750312186994E-002    2.51213254380900988250E-002    2.51362718307173646504E-002    2.51512202835621756503E-002    2.51661683004587820311E-002    2.51811132514852993591E-002    2.51960523656120510827E-002    2.52109827229135344262E-002    2.52259012463165316342E-002    2.52408046928547756538E-002    2.52556896443989487011E-002    2.52705524978285196724E-002    2.52853894546096850948E-002    2.53001965097415237871E-002    2.53149694400296235153E-002    2.53297037916439884975E-002    2.53443948669152020747E-002    2.53590377103194153374E-002    2.53736270935998181608E-002    2.53881574999686616956E-002    2.54026231073300537422E-002    2.54170177704599736801E-002    2.54313350020756792635E-002    2.54455679527221881320E-002    2.54597093893988296598E-002    2.54737516728437418667E-002    2.54876867333888902645E-002    2.55015060452924956225E-002    2.55152005994498144725E-002    2.55287608743766450403E-002    2.55421768053535475085E-002    2.55554377516113949420E-002    2.55685324614314986313E-002    2.55814490350258841311E-002    2.55941748850547143301E-002    2.56066966946295430929E-002    2.56190003726420312269E-002    2.56310710062481912630E-002    2.56428928103288392149E-002    2.56544490737366619182E-002    2.56657221021300806230E-002    2.56766931571835270443E-002    2.56873423919530795290E-002    2.56976487821655823207E-002    2.57075900531884837807E-002    2.57171426024271794486E-002    2.57262814168861125852E-002    2.57349799856201287562E-002    2.56563645062731701674E-002    2.53270638815511761610E-002    2.48126672167313898354E-002    2.41458254375719084950E-002    2.33456290922008230515E-002    2.24147888373697756759E-002    2.11210893150593700951E-002
   3.03005977142223022550E-003    2.96260833601775207258E-003    2.89601262098270698792E-003    2.83027643934394149486E-003    2.76540340941729611765E-003    2.70139694646500099634E-003    2.63826025435239149008E-003    2.57599631722391694127E-003    2.51460789122074724125E-003    2.45409749626185422905E-003    2.39446740791319015451E-003    2.33571964936872761634E-003    2.27785598356951236518E-003    2.22087790548648311012E-003    2.16478663459481043482E-003    2.10958310756656020404E-003    2.05526797121039373623E-003    2.00184157568673772726E-003    1.94930396802695752451E-003    1.89765488598570854738E-003    1.84689375225507556449E-003    1.79701966906944715814E-003    1.74803141322906526595E-003    1.69992743157027035444E-003    1.65270583690940156205E-003    1.60636440448649105844E-003    1.56090056893375106993E-003    1.51631142179286127619E-003    1.47259370960315045043E-003    1.42974383258153391052E-003    1.38775784391304631178E-003    1.34663144966884864087E-003    1.30636000936650486723E-003    1.26693853718489119267E-003    1.22836170384365553007E-003    1.19062383915483093778E-003    1.15371893525091184611E-003    1.11764065049160094510E-003    1.08238231404797469702E-003    1.04793693116020337694E-003    1.01429718906188349493E-003    9.81455463561000350514E-004    9.49403826264594752522E-004    9.18134052431205131481E-004    8.87637629432359029705E-004    8.57905765801321505519E-004    8.28929400844834922760E-004    8.00699214790780633075E-004    7.73205639442326570464E-004    7.46438869306683804722E-004    7.20388873164731682180E-004    6.95045406045471589329E-004    6.70398021567865549930E-004    6.46436084610986093531E-004    6.23148784272201019391E-004    6.00525147072000493702E-004
   3.66565690788783152959E-003    3.58904753020434326080E-003    3.51329276896632453422E-003    3.43839814958855341173E-003    3.36436906079591547744E-003    3.29121074608125464486E-003    3.21892829501303680967E-003    3.14752663440506438852E-003    3.07701051936237063300E-003    3.00738452421844479345E-003    2.93865303338058892965E-003    2.87082023210087329892E-003    2.80389009719278796059E-003    2.73786638771334085718E-003    2.67275263563340921558E-003    2.60855213651951150025E-003    2.54526794025114249873E-003    2.48290284180072888878E-003    2.42145937210222397112E-003    2.36093978903752351947E-003    2.30134606856969648261E-003    2.24267989605338646450E-003    2.18494265775417669320E-003    2.12813543260824454897E-003    2.07225898425563879665E-003    2.01731375337992329538E-003    1.96329985038810146333E-003    1.91021704846422034525E-003    1.85806477703046230877E-003    1.80684211564944197277E-003    1.75654778840034393739E-003    1.70718015876184024508E-003    1.65873722503327692378E-003    1.61121661632469825864E-003    1.56461558914513902685E-003    1.51893102461700185354E-003    1.47415942634269601583E-003    1.43029691894752523408E-003    1.38733924732108095286E-003    1.34528177657647677289E-003    1.30411949274475478903E-003    1.26384700421828177416E-003    1.22445854395501329409E-003    1.18594797245124791187E-003    1.14830878148813593335E-003    1.11153409865357203322E-003    1.07561669263732937775E-003    1.04054897929425557712E-003    1.00632302846662504726E-003    9.72930571552767567943E-004    9.40363009806362043670E-004    9.08611423346265953058E-004    8.77666580854236382143E-004    8.47518949933810227665E-004    8.18158708100887423556E-004    7.89575754373297378566E-004
   2.29717650127699672680E-002    2.29741669696422734503E-002    2.29761250994132866510E-002    2.29776169899863803858E-002    2.29786191582523301180E-002    2.29791070009930202545E-002    2.29790547440019768399E-002    2.29784353894266699103E-002    2.29772206613499188621E-002    2.29753809496409042157E-002    2.29728852521221930949E-002    2.29697011151168556387E-002    2.29657945724602192972E-002    2.29611300830834669240E-002    2.29556704673023470598E-002    2.29493768419728738639E-002    2.29422085547085902180E-002    2.29341231173895432338E-002    2.29250761392330928978E-002    2.29150212597407226811E-002    2.29039100818830068662E-002    2.28916921059378643266E-002    2.28783146644550121340E-002    2.28637228588813266883E-002    2.28478594984496408138E-002    2.28306650420055622097E-002    2.28120775435236150530E-002    2.27920326021461179533E-002    2.27704633176636604686E-002    2.27473003736995069146E-002    2.27225031006961265823E-002    2.26965398502399669234E-002    2.26700771589905571146E-002    2.26434120896303152370E-002    2.26164623513453837134E-002    2.25889802426976274430E-002    2.25568715913673015216E-002    2.24606660621501780239E-002    2.23622900760941413500E-002    2.22611015836900912046E-002    2.21567393329295120319E-002    2.20491629789401830108E-002    2.19384342280031299777E-002    2.18246305408144151972E-002    2.17268937398865033539E-002    2.16553893680078851647E-002    2.15813004692398807682E-002    2.15045487742609314763E-002    2.14247062703647773996E-002    2.12596189487598806467E-002    2.10151571487615859701E-002    2.07057375416310543437E-002    2.03420612269211674439E-002    1.99303947703446358852E-002    1.94415030556776592674E-002    1.94930691296372679555E-002
   7.48417476782319100043E-003    7.36580602172754849571E-003    7.24817439423762217149E-003    7.13128841078937425468E-003    7.01515666622741854153E-003    6.89978782251408212511E-003    6.78519060623510462255E-003    6.67137380589327960018E-003    6.55834626898046599286E-003    6.44611689881745015401E-003    6.33469465115337783401E-003    6.22408853051332772860E-003    6.11430758628520379383E-003    6.00536090853505052922E-003    5.89725762354154862260E-003    5.79000688903871709584E-003    5.68361788915771205116E-003    5.57809982905725296187E-003    5.47346192923320404994E-003    5.36971341949792069226E-003    5.26686353261989967378E-003    5.16492149761509783401E-003    5.06389653268153952514E-003    4.96379783776892177100E-003    4.86463458677658007467E-003    4.76641591937241714677E-003    4.66915093242761727182E-003    4.57284867106146075688E-003    4.47751811929305437721E-003    4.38316819029628632759E-003    4.28980771625696918198E-003    4.19744543783107625090E-003    4.10608999320609836109E-003    4.01574990676739282391E-003    3.92643357737402533270E-003    3.83814926625097949803E-003    3.75090508450490233219E-003    3.66470898027460240468E-003    3.57956872552829021006E-003    3.49549190252248197230E-003    3.41248588994034389790E-003    3.33055784872874401786E-003    3.24971470765736489966E-003    3.16996314862491622780E-003    3.09130959174077485363E-003    3.01376018021356833695E-003    2.93732076508080013760E-003    2.86199688981690321746E-003    2.78779377486007779244E-003    2.71471630210140969092E-003    2.64276899938261462461E-003    2.57195602505178380626E-003    2.50228115262959198775E-003    2.43374775564055402868E-003    2.36635879266727930034E-003    2.30011679268737759610E-003
   2.23446316519664185674E-002    2.23379738942955201331E-002    2.23305156184853553780E-002    2.23222201112404441958E-002    2.23130491275966881537E-002    2.23029628430166868003E-002    2.22919198060931612881E-002    2.22798768921815097677E-002    2.22667892583206968038E-002    2.22526102998434199831E-002    2.22372916091197886379E-002    2.22207829369255593921E-002    2.22030321569743824273E-002    2.21839852342049191625E-002    2.21635861974661431406E-002    2.21417800783818216614E-002    2.21186424319481066136E-002    2.20945655672652625789E-002    2.20700697266488880810E-002    2.20454388773615068964E-002    2.20206450274807209733E-002    2.19954892385438097180E-002    2.19435298564874432803E-002    2.18535081284592994089E-002    2.17614500680296980850E-002    2.16668288758711108377E-002    2.15693648320662706430E-002    2.14690199665719359812E-002    2.13658487450108652839E-002    2.12599224102599411446E-002    2.11924178080774329447E-002    2.11275994863298934023E-002    2.10605628606524465651E-002    2.09912441441189867586E-002    2.09195796614061874097E-002    2.08455060689253686423E-002    2.07689616774808273603E-002    2.06898872650854229183E-002    2.06082230939336613629E-002    2.05239086097506497064E-002    2.04368839341247665597E-002    2.03469626577454584804E-002    2.02539827458352583722E-002    2.01581278187128627721E-002    2.00593480712788936604E-002    1.99575965208150588048E-002    1.98528292931628852491E-002    1.97450059084204217197E-002    1.96331966062371493509E-002    1.94861463286249772531E-002    1.93157813878943249164E-002    1.91347123014656943230E-002    1.89540379697501065737E-002    1.87848605245192375179E-002    1.85335784159403570148E-002    1.89370785624541834724E-002
   1.94710397640305184208E-002    1.94055747948748656684E-002    1.93382654369703387010E-002    1.92689657623732191194E-002    1.91975320974336963187E-002    1.91241495953300040533E-002    1.90487866399067819201E-002    1.89714129035758044539E-002    1.88919994717234550341E-002    1.88105189676579694080E-002    1.87269456774172594893E-002    1.86412556737199294754E-002    1.85534269383103439521E-002    1.84634394819222259765E-002    1.83712958676724887053E-002    1.82770741489411830960E-002    1.81807597604287697612E-002    1.80822021972180842220E-002    1.79812744987625124093E-002    1.78779138208413866662E-002    1.77015312377943948019E-002    1.75558243661238025379E-002    1.74039928941734575729E-002    1.72030214430025293892E-002    1.70026260675310222914E-002    1.68028145160046861462E-002    1.66035946729628340612E-002    1.64049745618074262199E-002    1.62069623474062514401E-002    1.60095663387286972490E-002    1.58127949915135880554E-002    1.56166569109670791415E-002    1.54211608544890643041E-002    1.52263157344268307974E-002    1.50321306208529952009E-002    1.48386147443663497791E-002    1.46457774989129357185E-002    1.44536284446238876694E-002    1.42621773106677614956E-002    1.40714339981137196572E-002    1.38814085828017370200E-002    1.36921113182156915095E-002    1.35035526383550982116E-002    1.33157431606002966268E-002    1.31286936885663552826E-002    1.29424152149387270555E-002    1.27569189242860963479E-002    1.25722161958413992944E-002    1.23883186062458891530E-002    1.22052379322462878353E-002    1.20229861533374931398E-002    1.18415754543413180577E-002    1.16610182279105814573E-002    1.14813270769483343620E-002    1.13025148169303927409E-002    1.11245944781184318007E-002
   1.74099589731757653510E-002    1.72545793926088333881E-002    1.71447199527780050343E-002    1.69622297797852802925E-002    1.67759714786165047007E-002    1.65902252127309267349E-002    1.64049974906888343384E-002    1.62202949288358933000E-002    1.60361242532005877914E-002    1.58524923014138965915E-002    1.56694060246508233558E-002    1.54868724895921919260E-002    1.53048988804065800445E-002    1.51234925007504000111E-002    1.49426607757851895308E-002    1.47624112542108897744E-002    1.45827516103132458214E-002    1.44036896460236867046E-002    1.42252332929897178787E-002    1.40473906146539925105E-002    1.38701698083392842981E-002    1.36935792073374640321E-002    1.35176272829992810687E-002    1.33423226468220145619E-002    1.31676740525323889008E-002    1.29936903981601858254E-002    1.28203807280997863355E-002    1.26477542351551165006E-002    1.24758202625632093341E-002    1.23045883059927571579E-002    1.21340680155109896521E-002    1.19642691975146951699E-002    1.17952018166188853099E-002    1.16268759974964153853E-002    1.14593020266626939574E-002    1.12924903541969864906E-002    1.11264515953934817888E-002    1.09611965323331839173E-002    1.07967361153680184438E-002    1.06330814645074021169E-002    1.04702438706970428484E-002    1.03082347969798374804E-002    1.01470658795261656909E-002    9.98674892852276403776E-003    9.82729592890586520215E-003    9.66871904092594068592E-003    9.51103060052890976472E-003    9.35424311953857341717E-003    9.19836928562377253993E-003    9.04342196203344363126E-003    8.88941418708144234784E-003    8.73635917336149439572E-003    8.58427030667310853040E-003    8.43316114463660802814E-003    8.28304541497550290974E-003    8.13393701344356824523E-003
   2.25165022403279249663E-002    2.25126359356497378339E-002    2.25080775916425626648E-002    2.25027945875582828517E-002    2.24967528749993664339E-002    2.24899169259968056966E-002    2.24822496806802649139E-002    2.24737124947529641472E-002    2.24642650870152879583E-002    2.24538654872158613407E-002    2.24424699845464196979E-002    2.24300330771372534444E-002    2.24165074229539865169E-002    2.24018437925431815327E-002    2.23859910241244429441E-002    2.23688959815793002306E-002    2.23505035159434900516E-002    2.23307564310670988994E-002    2.23095954541681351646E-002    2.22869630883658978449E-002    2.22630306360507915220E-002    2.22382983376273567211E-002    2.22132522716983471511E-002    2.21880623970023976854E-002    2.21626198426143339315E-002    2.21366910820064224930E-002    2.20687992402887403487E-002    2.19766474669984522572E-002    2.18822491587029321902E-002    2.17850852417927204341E-002    2.16849592740657633183E-002    2.15818826306435930518E-002    2.14759229523568129228E-002    2.13710944624186313656E-002    2.13061553418662404102E-002    2.12389549977270684911E-002    2.11694262298304514136E-002    2.10975018331577592046E-002    2.10231147959094866184E-002    2.09461985633865831191E-002    2.08666898385839634511E-002    2.07845261285672655571E-002    2.06996437515664447049E-002    2.06119790284304514605E-002    2.05214696175966826441E-002    2.04277829824341880527E-002    2.03310411470708080062E-002    2.02312854696975186197E-002    2.01275806068435987595E-002    1.99744257351738667416E-002    1.97828732052435819766E-002    1.95657629275576040728E-002    1.93333805625933129180E-002    1.90944430338514034573E-002    1.87755526565847076503E-002    1.92197081159723170973E-002
   1.74195969010576927338E-002    1.72608198835602910659E-002    1.71509993247310997544E-002    1.69722331473215713726E-002    1.67859162527419086830E-002    1.66001112293344237070E-002    1.64148245832717587511E-002    1.62300629284825546905E-002    1.60458329885491690625E-002    1.58621415986275014764E-002    1.56789957073892073647E-002    1.54964023789839790146E-002    1.53143687950218158195E-002    1.51329022565738664785E-002    1.49520101861904553681E-002    1.47717001299352314325E-002    1.45919797594333197632E-002    1.44128568739323222742E-002    1.42343394023738308019E-002    1.40564354054735739241E-002    1.38791530778079198055E-002    1.37025007499042873749E-002    1.35264868903325983368E-002    1.33511201077945920040E-002    1.31764091532086628084E-002    1.30023629217857431689E-002    1.28289904550930710520E-002    1.26563009431013336753E-002    1.24843037262114524982E-002    1.23130082972553282772E-002    1.21424243034664140761E-002    1.19725615484138920436E-002    1.18034299938947276343E-002    1.16350397617775366821E-002    1.14674011357910575482E-002    1.13005245632501472031E-002    1.11344206567115574374E-002    1.09691001955509841170E-002    1.08045741274524209619E-002    1.06408535698006428971E-002    1.04779498109663811445E-002    1.03158743114733983393E-002    1.01546387050363597082E-002    9.99425479945656967951E-003    9.83473457736364249648E-003    9.67609019678825239830E-003    9.51833399155247589229E-003    9.36147847146155849540E-003    9.20553632228123148995E-003    9.05052040548351942328E-003    8.89644375774244038080E-003    8.74331959016093861192E-003    8.59116128720941243935E-003    8.43998240535374227855E-003    8.28979667135169850933E-003    8.14061798019429135043E-003
   2.35456841384802904871E-002    2.35536831233205644354E-002    2.35614582486418921992E-002    2.35689969003531479830E-002    2.35762858274706950390E-002    2.35833111090307939728E-002    2.35900581193107007627E-002    2.35965114912837399530E-002    2.36026550782328058131E-002    2.36084719134454709688E-002    2.36139441679134969021E-002    2.36190531059596656172E-002    2.36237790387149489135E-002    2.36281012753706623486E-002    2.36319980721318122219E-002    2.36354465788010566218E-002    2.36384227829262716369E-002    2.36409014514499977999E-002    2.36428560698056268452E-002    2.36442587784130298090E-002    2.36450803065362986921E-002    2.36452899034782955401E-002    2.36448552671008616066E-002    2.36437424696761613885E-002    2.36419158810948874805E-002    2.36393380894794578884E-002    2.36359698192775899428E-002    2.36317698469417671048E-002    2.36266949143358918894E-002    2.36206996400499073807E-002    2.36137364288491538589E-002    2.36057553795363320170E-002    2.35967041915618215564E-002    2.35865280707827536244E-002    2.35751696348433376071E-002    2.35625688187289621112E-002    2.35486627811347555561E-002    2.35333858123865681533E-002    2.35166692447581829328E-002    2.34984413661442972932E-002    2.34786273381730574428E-002    2.34571491199762720281E-002    2.34339253989782649035E-002    2.34088715302151924302E-002    2.33818994858557387129E-002    2.33536974399086161291E-002    2.33250363342101252329E-002    2.32960794042984323249E-002    2.32666159942480875455E-002    2.31323690484737977402E-002    2.28708272508635554465E-002    2.24343658990998409686E-002    2.18982057304959246147E-002    2.12736545995892839533E-002    2.05568399232579808456E-002    1.98829599703020387658E-002
   7.40688399496257279114E-003    7.28921244473178849693E-003    7.17228070717236890208E-003    7.05609730652939203671E-003    6.94067083455850684925E-003    6.82600994812846209592E-003    6.71212336661721441222E-003    6.59901986909169034623E-003    6.48670829126228067063E-003    6.37519752220196481152E-003    6.26449650082090518655E-003    6.15461421208576397318E-003    6.04555968297501751529E-003    5.93734197815916440316E-003    5.82997019539683702244E-003    5.72345346063619832971E-003    5.61780092281220690825E-003    5.51302174833025963180E-003    5.40912511522615140763E-003    5.30612020699363674814E-003    5.20401620607078771452E-003    5.10282228697610338447E-003    5.00254760908687250154E-003    4.90320130905210881805E-003    4.80479249283334748644E-003    4.70733022736680335740E-003    4.61082353184229937204E-003    4.51528136859385975654E-003    4.42071263359921414610E-003    4.32712614658568601317E-003    4.23453064074176457193E-003    4.14293475203470016460E-003    4.05234700813624729859E-003    3.96277581695995539252E-003    3.87422945481555921349E-003    3.78671605418767764917E-003    3.70024359114821607686E-003    3.61481987241352598766E-003    3.53045252206060731354E-003    3.44714896791803709214E-003    3.36491642765025670073E-003    3.28376189455673343429E-003    3.20369212310968147495E-003    3.12471361425706263201E-003    3.04683260052088841080E-003    2.97005503092299038767E-003    2.89438655577394735735E-003    2.81983251136386399438E-003    2.74639790459661140704E-003    2.67408739761173944519E-003    2.60290529244220237431E-003    2.53285551575755220680E-003    2.46394160374637481714E-003    2.39616668719338978683E-003    2.32953347680934065925E-003    2.26404424887432717539E-003
   9.40115464089236879675E-003    9.26670800419767889955E-003    9.13293533392444192853E-003    8.99984492476765644831E-003    8.86744517151093203378E-003    8.73574456876199771649E-003    8.60475171057155374665E-003    8.47447528992623273780E-003    8.34492409810969407169E-003    8.21610702392201221189E-003    8.08803305274925603274E-003    7.96071126547467401713E-003    7.83415083722158872570E-003    7.70836103591886288161E-003    7.58335122067817484631E-003    7.45913083997384613461E-003    7.33570942961344479860E-003    7.21309661048886389262E-003    7.09130208609621507515E-003    6.97033563981291643535E-003    6.85020713192004832015E-003    6.73092649635761031829E-003    6.61250373720057797039E-003    6.49494892484242785508E-003    6.37827219187377374848E-003    6.26248372864254051334E-003    6.14759377848289687712E-003    6.03361263259939630682E-003    5.92055062459286279147E-003    5.80841812461524616140E-003    5.69722553313947027709E-003    5.58698327433196448993E-003    5.47770178901454268816E-003    5.36939152720326134949E-003    5.26206294021260272825E-003    5.15572647231233357340E-003    5.05039255192744635653E-003    4.94607158236980929550E-003    4.84277393209282987219E-003    4.74050992446050679929E-003    4.63928982702334347099E-003    4.53912384029604796393E-003    4.44002208603113714125E-003    4.34199459498671447300E-003    4.24505129418653332635E-003    4.14920199367326859863E-003    4.05445637275791363058E-003    3.96082396577051437658E-003    3.86831414731957914585E-003    3.77693611707104756961E-003    3.68669888405946059168E-003    3.59761125054804250731E-003    3.50968179545687588780E-003    3.42291885738212195087E-003    3.33733051723288142235E-003    3.25292458051580548467E-003
   1.76688271390995216281E-002    1.75776134864840984096E-002    1.74494017647432303475E-002    1.72910145553198946189E-002    1.71799420153852522297E-002    1.69973690269687588428E-002    1.68097271060742500803E-002    1.66226035018846064750E-002    1.64360048408282131971E-002    1.62499378597335993046E-002    1.60644094077854043823E-002    1.58794264485038714996E-002    1.56949960617468534108E-002    1.55111254457334438173E-002    1.53278219190878736700E-002    1.51450929229026351464E-002    1.49629460228198896132E-002    1.47813889111288575967E-002    1.46004294088784656452E-002    1.44200754680028301463E-002    1.42403351734575987775E-002    1.40612167453652622123E-002    1.38827285411671965537E-002    1.37048790577791127637E-002    1.35276769337477828503E-002    1.33511309514055421382E-002    1.31752500390193028751E-002    1.30000432729308196267E-002    1.28255198796830924973E-002    1.26516892381305003784E-002    1.24785608815258207416E-002    1.23061444995812927644E-002    1.21344499404965906059E-002    1.19634872129491236920E-002    1.17932664880398378748E-002    1.16237981011879133730E-002    1.14550925539676235615E-002    1.12871605158787330359E-002    1.11200128260435671806E-002    1.09536604948204750049E-002    1.07881147053255372487E-002    1.06233868148519344787E-002    1.04594883561761279461E-002    1.02964310387400250629E-002    1.01342267496963948925E-002    9.97288755480522232100E-003    9.81242569916719251100E-003    9.65285360777954314082E-003    9.49418388589914202802E-003    9.33642931919686711040E-003    9.17960287368557205367E-003    9.02371769540392248965E-003    8.86878710983681622926E-003    8.71482462105258731677E-003    8.56184391053518671633E-003    8.40985883569004243066E-003
   4.19053599976961909518E-003    4.10700601232175631361E-003    4.02432145585590421433E-003    3.94248886788997870284E-003    3.86151469387504544736E-003    3.78140527919882361851E-003    3.70216686096444666174E-003    3.62380555955053081790E-003    3.54632736995941135610E-003    3.46973815296231814786E-003    3.39404362605072408218E-003    3.31924935420535843072E-003    3.24536074049467998179E-003    3.17238301651693492891E-003    3.10032123270091849662E-003    3.02918024848206329097E-003    2.95896472237239379841E-003    2.88967910194366014304E-003    2.82132761374544746916E-003    2.75391425318098886227E-003    2.68744277436510281207E-003    2.62191667999025048233E-003    2.55733921122831267189E-003    2.49371333769689978999E-003    2.43104174752072250965E-003    2.36932683751948361048E-003    2.30857070355528284922E-003    2.24877513107385722940E-003    2.18994158587418547360E-003    2.13207120514300732181E-003    2.07516478879056238266E-003    2.01922279112498647205E-003    1.96424531290291266156E-003    1.91023209379436267365E-003    1.85718250529942445481E-003    1.80509554415467210996E-003    1.75396982626620213074E-003    1.70380358120583740890E-003    1.65459464730588522510E-003    1.60634046738673125221E-003    1.55903808515007297718E-003    1.51268414226852034900E-003    1.46727487620088438251E-003    1.42280611875962299633E-003    1.37927329545482497269E-003    1.33667142563583126423E-003    1.29499512344928070263E-003    1.25423859962852561958E-003    1.21439566412628418939E-003    1.17545972959865905813E-003    1.13742381574514247848E-003    1.10028055450487314594E-003    1.06402219610610723581E-003    1.02864061596111169665E-003    9.94127322395225348009E-004    9.60473465194362622556E-004
   1.58499392621833344597E-002    1.56719508814166727517E-002    1.54944833631039530220E-002    1.53175433010388165750E-002    1.51411373959539543449E-002    1.49652724572881395959E-002    1.47899554049668729983E-002    1.46151932711964093609E-002    1.44409932022689490444E-002    1.42673624603775819897E-002    1.40943084254397700550E-002    1.39218385969270604802E-002    1.37499605956990372801E-002    1.35786821658400724822E-002    1.34080111764952256137E-002    1.32379556237041916267E-002    1.30685236322292102490E-002    1.28997234573751569375E-002    1.27315634867973485195E-002    1.25640522422947320536E-002    1.23971983815837315246E-002    1.22310107000497408913E-002    1.20654981324704382861E-002    1.19006697547081145838E-002    1.17365347853642301018E-002    1.15731025873920569114E-002    1.14103826696612033892E-002    1.12483846884676805949E-002    1.10871184489836228232E-002    1.09265939066386201517E-002    1.07668211684264492067E-002    1.06078104941280271928E-002    1.04495722974431957952E-002    1.02921171470215476462E-002    1.01354557673830666248E-002    9.97959903971870274098E-003    9.82455800255936304022E-003    9.67034385230300039260E-003    9.51696794358685219106E-003    9.36444178949245691068E-003    9.21277706157034095846E-003    9.06198558966953178484E-003    8.91207936155760487018E-003    8.76307052231527043584E-003    8.61497137348921429578E-003    8.46779437198560795685E-003    8.32155212868660072723E-003    8.17625740677030074521E-003    8.03192311971497562018E-003    7.88856232896673059685E-003    7.74618824124845718054E-003    7.60481420548889033156E-003    7.46445370934760519394E-003    7.32512037531211739061E-003    7.18682795634253534373E-003    7.04959033103822255151E-003
   9.58764948903850620530E-005    9.23247875582218496685E-005    8.88899373464476481605E-005    8.55687026622790474243E-005    8.23579073174602428265E-005    7.92544402436492313258E-005    7.62552551569456557763E-005    7.33573701740842116495E-005    7.05578673828215284080E-005    6.78538923690041732070E-005    6.52426537027474875421E-005    6.27214223861549539148E-005    6.02875312649256341621E-005    5.79383744061809106344E-005    5.56714064447639021349E-005    5.34841419002286531958E-005    5.13741544666831235696E-005    4.93390762775768279449E-005    4.73765971474746514706E-005    4.54844637927995419321E-005    4.36604790334552695101E-005    4.19025009771898331425E-005    4.02084421884762023645E-005    3.85762688436550114490E-005    3.70039998739813316806E-005    3.54897060981821535291E-005    3.40315093460548487737E-005    3.26275815745762282939E-005    3.12761439779205927133E-005    2.99754660927392537308E-005    2.87238648999713233969E-005    2.75197039244143316363E-005    2.63613923332054713095E-005    2.52473840343189538410E-005    2.41761767761207025231E-005    2.31463112489684101581E-005    2.21563701897828290387E-005    2.12049774904748396058E-005    2.02907973110478089397E-005    1.94125331981542315670E-005    1.85689272098285821538E-005    1.77587590470778282543E-005    1.69808451929565023652E-005    1.62340380597194528585E-005    1.55172251445893909390E-005    1.48293281946495828346E-005    1.41693023813173875569E-005    1.35361354848281655586E-005    1.29288470891152479619E-005    1.23464877874380745678E-005    1.17881383990782894649E-005    1.12529091973900676556E-005    1.07399391494586335079E-005    1.02483951675956191056E-005    9.77747137286685934481E-006    9.32638837082569971371E-006
   1.30593523331093940010E-002    1.28987873299385678860E-002    1.27387991360312421291E-002    1.25793950848786320607E-002    1.24205826220299842683E-002    1.22623693064964345290E-002    1.21047628121363909370E-002    1.19477709290190456382E-002    1.17914015647623496991E-002    1.16356627458425281041E-002    1.14805626188699532592E-002    1.13261094518283256249E-002    1.11723116352720319017E-002    1.10191776834768911941E-002    1.08667162355394683604E-002    1.07149360564192264872E-002    1.05638460379182553411E-002    1.04134551995915102668E-002    1.02637726895823452183E-002    1.01148077853750878452E-002    9.96656989445900143298E-003    9.81906855489402333181E-003    9.67231343577204874529E-003    9.52631433756353888931E-003    9.38108119234196818903E-003    9.23662406387498573224E-003    9.09295314757367287295E-003    8.95007877028826392962E-003    8.80801138994005521077E-003    8.66676159497741134541E-003    8.52634010364368769008E-003    8.38675776304481819523E-003    8.24802554800239950961E-003    8.11015455967919671187E-003    7.97315602396211908776E-003    7.83704128958771263636E-003    7.70182182599428010600E-003    7.56750922088464221538E-003    7.43411517748262130195E-003    7.30165151146532423465E-003    7.17013014755425812791E-003    7.03956311574535642528E-003    6.90996254716028882742E-003    6.78134066949827394449E-003    6.65370980206954083097E-003    6.52708235038891235180E-003    6.40147080030993402555E-003    6.27688771167780358573E-003    6.15334571148016661740E-003    6.03085748647460770377E-003    5.90943577527135947142E-003    5.78909335985002167224E-003    5.66984305648942244621E-003    5.55169770608968798919E-003    5.43467016386668666517E-003    5.31877328839891992673E-003
   2.00197796379502218622E-002    1.99630273148237030734E-002    1.99045638416690262584E-002    1.98443479861969210298E-002    1.97823390563449108548E-002    1.97184978130566998522E-002    1.96527861222214224324E-002    1.95851655105936869883E-002    1.95155968966139355125E-002    1.94440012810783505182E-002    1.93700871352388351299E-002    1.92941118679350424869E-002    1.92160411982561438182E-002    1.91358422623294326115E-002    1.90534837542719708015E-002    1.89689360678409607575E-002    1.88821714379786426141E-002    1.87931640814005332385E-002    1.87018903353356677477E-002    1.86083287934952733289E-002    1.85124822591373923431E-002    1.84144494972917904807E-002    1.83141959147205407588E-002    1.82115442830095321247E-002    1.81063716185620240950E-002    1.79986222965873784996E-002    1.78152374168547532329E-002    1.76655260763888197206E-002    1.75063384277865524696E-002    1.73004795839064376417E-002    1.70952209550463106458E-002    1.68905707703849057577E-002    1.66865374067477964526E-002    1.64831293914495975728E-002    1.62803554051742481457E-002    1.60782242848933436263E-002    1.58767450268196795571E-002    1.56759267893959164386E-002    1.54757788963151548395E-002    1.52763108395724683808E-002    1.50775322825441454588E-002    1.48794530630929032478E-002    1.46820831966955177988E-002    1.44854328795899246762E-002    1.42895124919381593526E-002    1.40943326010014250566E-002    1.38999039643225661550E-002    1.37062375329115599537E-002    1.35133444544284515160E-002    1.33212360763584145712E-002    1.31299239491724749340E-002    1.29394198294670460109E-002    1.27497356830749315748E-002    1.25608836881399617974E-002    1.23728762381464085091E-002    1.21857259448932744167E-002
   9.28964211262897588892E-004    9.01465243822682153578E-004    8.74577690887427751550E-004    8.48295295436932725655E-004    8.22611629077420365708E-004    7.97520097845227709729E-004    7.73013948271149015784E-004    7.49086273690890308043E-004    7.25730020786283019571E-004    7.02937996340853728759E-004    6.80702874192867443681E-004    6.59017202368098538486E-004    6.37873410374112576916E-004    6.17263816637368786973E-004    5.97180636064052229595E-004    5.77615987705112216011E-004    5.58561902506059964647E-004    5.40010331121764828796E-004    5.21953151776413616300E-004    5.04382178149169945955E-004    4.87289167265984553886E-004    4.70665827378309196624E-004    4.54503825809932354013E-004    4.38794796753499277697E-004    4.23530348998743348937E-004    4.08702073575178330238E-004    3.94301551292470880104E-004    3.80320360162584290321E-004    3.66750082688437474381E-004    3.53582313004670322799E-004    3.40808663857023179822E-004    3.28420773407593342801E-004    3.16410311854328752355E-004    3.04768987853932030434E-004    2.93488554738341857284E-004    2.82560816516028026971E-004    2.71977633650175910397E-004    2.61730928606907083892E-004    2.51812691167648146622E-004    2.42214983500702789147E-004    2.32929944988034050724E-004    2.23949796804181046426E-004    2.15266846245180438644E-004    2.06873490806135557117E-004    1.98762222007051175951E-004    1.90925628967193288790E-004    1.83356401729174825791E-004    1.76047334334518325999E-004    1.68991327653260407999E-004    1.62181391970741412001E-004    1.55610649335321415574E-004    1.49272335671330293790E-004    1.43159802662047249983E-004    1.37266519407985436484E-004    1.31586073866133177563E-004    1.26112174076230048811E-004
   2.20865206078180893734E-002    2.20752757519677572651E-002    2.20630566350104653783E-002    2.20498205460480066475E-002    2.20355231482531714604E-002    2.20201184438793377829E-002    2.20035587418867389919E-002    2.19857946286741677555E-002    2.19667749424486170862E-002    2.19464467518096333076E-002    2.19247627242787831991E-002    2.19018840246580186182E-002    2.18782770060133371914E-002    2.18544122589399425483E-002    2.18304747228309017903E-002    2.18063797162021955067E-002    2.17819192327744770576E-002    2.17067715452630878581E-002    2.16183191257637158378E-002    2.15277551153001747708E-002    2.14346415643970854281E-002    2.13387758036228530889E-002    2.12401488993202158806E-002    2.11388193341979849227E-002    2.10504109694206915926E-002    2.09893384225936820153E-002    2.09262096116637624776E-002    2.08609653251964899390E-002    2.07935463283230696774E-002    2.07238935230307196045E-002    2.06519481766445078819E-002    2.05776534427075594169E-002    2.05009542903693206539E-002    2.04217952430311953937E-002    2.03401201714107290885E-002    2.02558735342981792449E-002    2.01688148613826910560E-002    2.00789080165801568645E-002    1.99862764616070588686E-002    1.98908738767093681843E-002    1.97926564939374625973E-002    1.96915833503684585548E-002    1.95876165408950426994E-002    1.94807214686545104865E-002    1.93708670910681841904E-002    1.92580332268142868923E-002    1.91423441256585100123E-002    1.90239225647034389255E-002    1.89017086649213121585E-002    1.87648984493947977581E-002    1.86260948544107220182E-002    1.84586714673003055021E-002    1.82340960318802675078E-002    1.81112700544584365181E-002    1.78972225980823726466E-002    1.76673273969149488560E-002
   2.41697560277811251961E-002    2.41815369065136211157E-002    2.41932317211963794634E-002    2.42048341539496010555E-002    2.42163375601312930163E-002    2.42277349505754802106E-002    2.42390189728171438766E-002    2.42501818912453960542E-002    2.42612155661230573245E-002    2.42721114314075163410E-002    2.42828604713042454921E-002    2.42934531954807908516E-002    2.43038796128653040995E-002    2.43141292039498295441E-002    2.43241908915146042014E-002    2.43340530096856459685E-002    2.43437032712337346474E-002    2.43531287330186405060E-002    2.43623157594785033631E-002    2.43712499840596993894E-002    2.43799162684786886734E-002    2.43882986597030865239E-002    2.43963803445352636623E-002    2.44041436016781201901E-002    2.44115697511591775437E-002    2.44186391009859858625E-002    2.44253308909033461926E-002    2.44316232331206056871E-002    2.44374930498762708841E-002    2.44429160077064069889E-002    2.44478664482842451833E-002    2.44523173157000991984E-002    2.44562400800543144896E-002    2.44596046572409971109E-002    2.44623793248077564533E-002    2.44645306337864104629E-002    2.44660233164019566554E-002    2.44668201895833908877E-002    2.44668820542191453593E-002    2.44661675901241375264E-002    2.44646332467141174039E-002    2.44622331294174245875E-002    2.44589188818951398796E-002    2.44546395641882241545E-002    2.44493415269664629563E-002    2.44429682821184247887E-002    2.44354603699967025399E-002    2.44267552237181426178E-002    2.44167870310168788617E-002    2.43032444180573681258E-002    2.39997565780015950643E-002    2.35508993111982062318E-002    2.29807264837732609652E-002    2.23028998717931283002E-002    2.15175178281971010708E-002    2.03600299037372881039E-002
   1.23814613439809199924E-002    1.22254034216916773747E-002    1.20699380762672274503E-002    1.19150728301376605117E-002    1.17608153179198475502E-002    1.16071732876500566950E-002    1.14541546019846108423E-002    1.13017672393664822539E-002    1.11500192951525002594E-002    1.09989189826970659714E-002    1.08484746343878047520E-002    1.06986947026280355272E-002    1.05495877607604468529E-002    1.04011625039271971005E-002    1.02534277498593368039E-002    1.01063924395902431791E-002    9.96006563808555893391E-003    9.81445653478348924159E-003    9.66957444403674683253E-003    9.52542880544981519775E-003    9.38202918410148238582E-003    9.23938527064585395088E-003    9.09750688128051730741E-003    8.95640395757447103919E-003    8.81608656614332047985E-003    8.67656489816334523801E-003    8.53784926871150977312E-003    8.39995011592095490449E-003    8.26287799993899105266E-003    8.12664360167544494451E-003    7.99125772132783240842E-003    7.85673127666946906345E-003    7.72307530108650840822E-003    7.59030094134881348072E-003    7.45841945509913544637E-003    7.32744220804506726785E-003    7.19738067083673660473E-003    7.06824641561402868678E-003    6.94005111220517400400E-003    6.81280652395931021065E-003    6.68652450319464925627E-003    6.56121698624350258716E-003    6.43689598807520996226E-003    6.31357359647780752576E-003    6.19126196577884924110E-003    6.06997331008606207103E-003    5.94971989602764879390E-003    5.83051403497356502542E-003    5.71236807471699886696E-003    5.59529439059845441068E-003    5.47930537605206303964E-003    5.36441343255707452781E-003    5.25063095897627517966E-003    5.13797034026474558344E-003    5.02644393553322663820E-003    4.91606406545180927431E-003
   2.51244281721197185164E-002    2.51394469398495794266E-002    2.51544743582074112331E-002    2.51695082586722816698E-002    2.51845463565269558903E-002    2.51995862445275678465E-002    2.52146253862003712209E-002    2.52296611087420886987E-002    2.52446905954987442511E-002    2.52597108779964787950E-002    2.52747188274957262921E-002    2.52897111460384897696E-002    2.53046843569563993659E-002    2.53196347948049758914E-002    2.53345585946872405014E-002    2.53494516809276114466E-002    2.53643097550539167728E-002    2.53791282830430793560E-002    2.53939024817826757008E-002    2.54086273046975480439E-002    2.54232974264872700620E-002    2.54379072269165507070E-002    2.54524507735969483802E-002    2.54669218036939794259E-002    2.54813137044896630135E-002    2.54956194927253680660E-002    2.55098317926455916971E-002    2.55239428126574144362E-002    2.55379443205152045770E-002    2.55518276169341661264E-002    2.55655835075299237014E-002    2.55792022729750129217E-002    2.55926736372559665567E-002    2.56059867339071510484E-002    2.56191300700904303622E-002    2.56320914883805747730E-002    2.56448581261087618643E-002    2.56574163721067921573E-002    2.56697518206858606160E-002    2.56818492226736222461E-002    2.56936924333233222828E-002    2.57052643568985474121E-002    2.57165468877259863201E-002    2.57275208474982385043E-002    2.57381659185970425308E-002    2.57484605731966298414E-002    2.57583819978953014462E-002    2.57679060136126666936E-002    2.57770069904792939464E-002    2.56995513116646048801E-002    2.53697676369309850497E-002    2.48537978338338599871E-002    2.41845321825207397459E-002    2.33812162296950960816E-002    2.24466400179322740638E-002    2.11490342480755710852E-002
   3.01501087492400763473E-003    2.94778812941789980506E-003    2.88142094326784966793E-003    2.81591308137005584197E-003    2.75126811254158658293E-003    2.68748940119951885627E-003    2.62458009904321595829E-003    2.56254313676100142078E-003    2.50138121578252379737E-003    2.44109680009991581243E-003    2.38169210818141643959E-003    2.32316910500232360476E-003    2.26552949421868297236E-003    2.20877471051024064017E-003    2.15290591211962862098E-003    2.09792397361543243514E-003    2.04382947890740076027E-003    1.99062271454202412493E-003    1.93830366330730139053E-003    1.88687199817564612257E-003    1.83632707661337624475E-003    1.78666793528537977236E-003    1.73789328518303529299E-003    1.69000150720300160688E-003    1.64299064820340717102E-003    1.59685841756357729294E-003    1.55160218427171595762E-003    1.50721897456424771752E-003    1.46370547013851084496E-003    1.42105800695924784811E-003    1.37927257467729746584E-003    1.33834481667665359562E-003    1.29827003076456539733E-003    1.25904317051610866590E-003    1.22065884728291712026E-003    1.18311133287279045788E-003    1.14639456290434966698E-003    1.11050214083784353110E-003    1.07542734268076755309E-003    1.04116312236354519212E-003    1.00770211777784180970E-003    9.75036657467035546704E-004    9.43158767955320576429E-004    9.12060181699033008761E-004    8.81732345640911163373E-004    8.52166430345184522377E-004    8.23353339688635268642E-004    7.95283721080308997169E-004    7.67947976179997782338E-004    7.41336272083394109446E-004    7.15438552939832799436E-004    6.90244551966448906602E-004    6.65743803821172599848E-004    6.41925657295248182008E-004    6.18779288285087932658E-004    5.96293713002000232842E-004
   4.92571597359277302264E-003    4.83328310384536965344E-003    4.74167576971423147120E-003    4.65090146892040406240E-003    4.56096766058129363119E-003    4.47188175846986550599E-003    4.38365112400284414468E-003    4.29628305895685385501E-003    4.20978479791133449600E-003    4.12416350041923916725E-003    4.03942624290626935840E-003    3.95558001030116377500E-003    3.87263168740019109865E-003    3.79058804997032833956E-003    3.70945575559691528844E-003    3.62924133428270834917E-003    3.54995117880637679753E-003    3.47159153485076480555E-003    3.39416849091186099974E-003    3.31768796800126263349E-003    3.24215570915679799149E-003    3.16757726877754663963E-003    3.09395800180086756603E-003    3.02130305274152591299E-003    2.94961734461409059993E-003    2.87890556776204155354E-003    2.80917216861888228291E-003    2.74042133842827394935E-003    2.67265700195177440326E-003    2.60588280619530225993E-003    2.54010210918636809146E-003    2.47531796883654646099E-003    2.41153313192471506834E-003    2.34875002323858524458E-003    2.28697073491296136438E-003    2.22619701600529741950E-003    2.16643026234904787289E-003    2.10767150672761796257E-003    2.04992140941146708949E-003    1.99318024910194110944E-003    1.93744791432569514467E-003    1.88272389532388273285E-003    1.82900727647955486065E-003    1.77629672932686400073E-003    1.72459050618471005333E-003    1.67388643445626878435E-003    1.62418191163495365635E-003    1.57547390105504522481E-003    1.52775892842405025020E-003    1.48103307917082059608E-003    1.43529199664127536488E-003    1.39053088117071436784E-003    1.34674449005800543969E-003    1.30392713846409075140E-003    1.26207270125299484201E-003    1.22117461578965364431E-003
   1.88621416075775115428E-002    1.87870510548300388709E-002    1.87100297044369250077E-002    1.86310526799687951882E-002    1.85500966336260980638E-002    1.84671398549994328353E-002    1.83821623782650031553E-002    1.82951477353041104534E-002    1.82061087275056238122E-002    1.81151148902271401375E-002    1.80221298641915182726E-002    1.79270061009887404779E-002    1.78296326661025600346E-002    1.77243441653895349164E-002    1.75379570076008642343E-002    1.74140381579629133224E-002    1.72490711863654798408E-002    1.70530764401774018180E-002    1.68576362324906331436E-002    1.66627578861975045310E-002    1.64684488504861156755E-002    1.62747167031677998639E-002    1.60815691530341933757E-002    1.58890140422427612876E-002    1.56970593487301170177E-002    1.55057131886512516994E-002    1.53149838188437002057E-002    1.51248796393151137968E-002    1.49354091957514464872E-002    1.47465811820452607356E-002    1.45584044428407523991E-002    1.43708879760934965519E-002    1.41840409356418888087E-002    1.39978726337879715025E-002    1.38123925438832888257E-002    1.36276103029173856901E-002    1.34435357141038727691E-002    1.32601787494608224643E-002    1.30775495523801667253E-002    1.28956584401810434720E-002    1.27145159066420401078E-002    1.25341326245060735028E-002    1.23545194479515244024E-002    1.21756874150227845099E-002    1.19976477500124308062E-002    1.18204118657872329912E-002    1.16439913660496621728E-002    1.14683980475242357222E-002    1.12936439020601495781E-002    1.11197411186389188281E-002    1.09467020852746146214E-002    1.07745393907958918189E-002    1.06032658264954664229E-002    1.04328943876328492785E-002    1.02634382747765987715E-002    1.00949108949680409902E-002
   9.29514743373644424483E-004    9.02002289560308837153E-004    8.75101431902018471985E-004    8.48805915864267240475E-004    8.23109315395416309309E-004    7.98005038726537887020E-004    7.73486334432266914307E-004    7.49546297738158152912E-004    7.26177877059118524576E-004    7.03373880752664027392E-004    6.81126984069903903402E-004    6.59429736286798570850E-004    6.38274567997251752668E-004    6.17653798549439047617E-004    5.97559643606236775767E-004    5.77984222810338024723E-004    5.58919567534452220274E-004    5.40357628696911903611E-004    5.22290284622874546698E-004    5.04709348931554001826E-004    4.87606578429957814719E-004    4.70973680993923000775E-004    4.54802323417606362780E-004    4.39084139212949232500E-004    4.23810736341218843512E-004    4.08973704859239581364E-004    3.94564624463639190052E-004    3.80575071917081252538E-004    3.66996628341258223152E-004    3.53820886362221599317E-004    3.41039457094486568155E-004    3.28643976951233009881E-004    3.16626114268862086844E-004    3.04977575735086345841E-004    2.93690112610772529039E-004    2.82755526736600828162E-004    2.72165676316734163678E-004    2.61912481472573611258E-004    2.51987929560679093256E-004    2.42384080249907361750E-004    2.33093070353746319645E-004    2.24107118414783106856E-004    2.15418529039103259348E-004    2.07019696979322608910E-004    1.98903110965755413296E-004    1.91061357286096100390E-004    1.83487123114661396499E-004    1.76173199593045496335E-004    1.69112484664674756841E-004    1.62297985666426944958E-004    1.55722821681037647485E-004    1.49380225654582323401E-004    1.43263546283859565704E-004    1.37366249678889907563E-004    1.31681920806236843827E-004    1.26204264719170127559E-004
   9.96016472949075130916E-003    9.82139889231463392161E-003    9.68329016969249854740E-003    9.54584673062208732830E-003    9.40907684877178088212E-003    9.27298890261947852953E-003    9.13759137549508861087E-003    9.00289285551917305150E-003    8.86890203543163994915E-003    8.73562771230151219326E-003    8.60307878711119057569E-003    8.47126426420631746528E-003    8.34019325060249630543E-003    8.20987495514063046753E-003    8.08031868748038291372E-003    7.95153385692324091161E-003    7.82352997105428826785E-003    7.69631663419228888301E-003    7.56990354563779905411E-003    7.44430049770687662924E-003    7.31951737354037852701E-003    7.19556414467522123535E-003    7.07245086836675532910E-003    6.95018768464820101138E-003    6.82878481311534682452E-003    6.70825254942259037449E-003    6.58860126147690471771E-003    6.46984138531586303045E-003    6.35198342065568851561E-003    6.23503792609574926387E-003    6.11901551396388469067E-003    6.00392684478975955514E-003    5.88978262139055065011E-003    5.77659358255539195220E-003    5.66437049631424334450E-003    5.55312415277662684704E-003    5.44286535652763105858E-003    5.33360491856640570041E-003    5.22535364777544641957E-003    5.11812234190801851330E-003    5.01192177808207958017E-003    4.90676270277000739495E-003    4.80265582127481060332E-003    4.69961178668386759388E-003    4.59764118829321041804E-003    4.49675453949653809727E-003    4.39696226513458087587E-003    4.29827468830323335125E-003    4.20070201661913809194E-003    4.10425432794563321143E-003    4.00894155558271549078E-003    3.91477347292845320736E-003    3.82175967762136969963E-003    3.72990957517670314314E-003    3.63923236213260477626E-003    3.54973700872581246490E-003
   2.34759095705993764414E-002    2.34833528100976476893E-002    2.34905508149245469129E-002    2.34974899977829498887E-002    2.35041560883441982832E-002    2.35105340980981264432E-002    2.35166082834465314799E-002    2.35223621069676237794E-002    2.35277781967786828177E-002    2.35328383039240390806E-002    2.35375232577161100367E-002    2.35418129189582658878E-002    2.35456861309802471804E-002    2.35491206684195070187E-002    2.35520931836856253772E-002    2.35545791510496232979E-002    2.35565528083062185327E-002    2.35579870959646033024E-002    2.35588535939325813273E-002    2.35591224556699584125E-002    2.35587623398005215070E-002    2.35577403391874912186E-002    2.35560219074957520602E-002    2.35535707832857307831E-002    2.35503489117082631665E-002    2.35463163638986380799E-002    2.35414312542003636985E-002    2.35356496553865285337E-002    2.35289255120886414696E-002    2.35212105526904566299E-002    2.35124541999977496043E-002    2.35026034810546270715E-002    2.34916029365437144250E-002    2.34793945302812466502E-002    2.34659175593997931797E-002    2.34511085659006197901E-002    2.34349012503556053399E-002    2.34172263886454727622E-002    2.33980117527352420026E-002    2.33771820366123483925E-002    2.33546587886440532023E-002    2.33303603517507028575E-002    2.33042018129379184532E-002    2.32766297350486192630E-002    2.32483885529422423799E-002    2.32198263823724174171E-002    2.31908485843506650959E-002    2.31611751644161985297E-002    2.31304710253177926715E-002    2.29462781298488092963E-002    2.26164583351824745316E-002    2.21818105948608304545E-002    2.16548897073162334437E-002    2.10418165046994051770E-002    2.03384319155481864405E-002    1.98326400656858720106E-002
   2.44225057982023693870E-002    2.44353567598592363863E-002    2.44481564803932412133E-002    2.44609002095848258873E-002    2.44735829499234149031E-002    2.44861994430931352584E-002    2.44987441556741118720E-002    2.45112112640121435070E-002    2.45235946382065771176E-002    2.45358878251634819623E-002    2.45480840306579219112E-002    2.45601761003458596289E-002    2.45721564996627117594E-002    2.45840172925419903072E-002    2.45957501188835137018E-002    2.46073461706969379148E-002    2.46187961668416811778E-002    2.46300903262805549743E-002    2.46412183397593763379E-002    2.46521693398203817216E-002    2.46629318690522909840E-002    2.46734938464749468945E-002    2.46838425319511577116E-002    2.46939644885131905083E-002    2.47038455424859471066E-002    2.47134707412835150087E-002    2.47228243087502033704E-002    2.47318895979118658079E-002    2.47406490409979445966E-002    2.47490840965895325665E-002    2.47571751937436870805E-002    2.47649016729399040759E-002    2.47722417236901394644E-002    2.47791723186505837007E-002    2.47856691440702971152E-002    2.47917065264101482702E-002    2.47972573549645296243E-002    2.48022930003193239901E-002    2.48067832284815416310E-002    2.48106961105205962859E-002    2.48139979275679260773E-002    2.48166530710310709318E-002    2.48186239378910024345E-002    2.48198708209683809034E-002    2.48203517940651409435E-002    2.48200225919141329034E-002    2.48188364849015012659E-002    2.48167441485654012567E-002    2.48136935279208228899E-002    2.47100337449489039499E-002    2.43965009609627310472E-002    2.39244899701380950297E-002    2.33208060233785485771E-002    2.26008253478886256271E-002    2.17654180347105416504E-002    2.05638571148696186475E-002
   3.74947171249404498025E-003    3.67172148136639224514E-003    3.59482479626847513735E-003    3.51878736609389499920E-003    3.44361477047007858571E-003    3.36931245127128397090E-003    3.29588570396654968395E-003    3.22333966881380162839E-003    3.15167932191366380670E-003    3.08090946613606524174E-003    3.01103472193624613351E-003    2.94205951807618472371E-003    2.87398808227001551635E-003    2.80682443177304860246E-003    2.74057236393551858708E-003    2.67523544674322984877E-003    2.61081700936914573585E-003    2.54732013276088567130E-003    2.48474764029070222665E-003    2.42310208849539883771E-003    2.36238575793530983238E-003    2.30260064420219302470E-003    2.24374844910689083544E-003    2.18583057207879074071E-003    2.12884810180982795430E-003    2.07280180817610588245E-003    2.01769213447119868249E-003    1.96351918998521283305E-003    1.91028274296400121107E-003    1.85798221398278612729E-003    1.80661666976872489418E-003    1.75618481750540716274E-003    1.70668499965316686380E-003    1.65811518931718296019E-003    1.61047298619427137374E-003    1.56375561312877800653E-003    1.51795991330549409799E-003    1.47308234810638845683E-003    1.42911899565567363131E-003    1.38606555007552887347E-003    1.34391732147240189517E-003    1.30266923667113755474E-003    1.26231584071131151294E-003    1.22285129911727267690E-003    1.18426940094991666082E-003    1.14656356264523635706E-003    1.10972683264098448755E-003    1.07375189678941720776E-003    1.03863108455036468568E-003    1.00435637595532121363E-003    9.70919409329544318664E-004    9.38311489755470277789E-004    9.06523598257291695658E-004    8.75546401682834722104E-004    8.45370263255706966277E-004    8.15985253767043919489E-004
   7.63607354359584211689E-003    7.51634709977117964480E-003    7.39735250616798453022E-003    7.27909828737501908569E-003    7.16159304093794569362E-003    7.04484543527099729698E-003    6.92886420737343338566E-003    6.81365816034020140013E-003    6.69923616065873361869E-003    6.58560713528128557209E-003    6.47278006846298010341E-003    6.36076399835646452002E-003    6.24956801335187044077E-003    6.13920124815259607431E-003    6.02967287957674458188E-003    5.92099212207320389767E-003    5.81316822294287039591E-003    5.70621045725422208761E-003    5.60012812244336990325E-003    5.49493053258863842214E-003    5.39062701234973955244E-003    5.28722689056215951198E-003    5.18473949347778538532E-003    5.08317413764261885611E-003    4.98254012240411693624E-003    4.88284672203980092686E-003    4.78410317750063360243E-003    4.68631868776289532696E-003    4.58950240078362121238E-003    4.49366340405457902890E-003    4.39881071475258997316E-003    4.30495326948344796125E-003    4.21209991361938800719E-003    4.12025939023079237206E-003    4.02944032861449457500E-003    3.93965123242315164859E-003    3.85090046740173622131E-003    3.76319624873916415073E-003    3.67654662804532033141E-003    3.59095947996612837802E-003    3.50644248845155374894E-003    3.42300313269385024853E-003    3.34064867275640732178E-003    3.25938613491590046742E-003    3.17922229674360472609E-003    3.10016367195441958776E-003    3.02221649505550341366E-003    2.94538670582899239983E-003    2.86967993368719654843E-003    2.79510148194080099149E-003    2.72165631202473008721E-003    2.64934902772845110724E-003    2.57818385948158958210E-003    2.50816464874748521266E-003    2.43929483258148492933E-003    2.37157742841186429048E-003
   1.18178301928002259052E-004    1.13852321850685270308E-004    1.09666113289349232145E-004    1.05615925142467080599E-004    1.01698075701339783316E-004    9.79089526985821046465E-005    9.42450132863105721325E-005    9.07027839468155580712E-005    8.72788603385611758308E-005    8.39699070803140407799E-005    8.07726574762499894070E-005    7.76839131848027809879E-005    7.47005438340820287048E-005    7.18194865865897036578E-005    6.90377456559872692502E-005    6.63523917785821824898E-005    6.37605616422035422928E-005    6.12594572750564610219E-005    5.88463453971094921434E-005    5.65185567365185639248E-005    5.42734853135111056945E-005    5.21085876941330061133E-005    5.00213822161485433763E-005    4.80094481893614450675E-005    4.60704250725340201038E-005    4.42020116290239170284E-005    4.24019650631722347617E-005    4.06681001394369420233E-005    3.89982882861630232216E-005    3.73904566858213136676E-005    3.58425873534927265439E-005    3.43527162052725438548E-005    3.29189321182222062543E-005    3.15393759834216603761E-005    3.02122397535981169331E-005    2.89357654867441687978E-005    2.77082443870701032747E-005    2.65280158445682424679E-005    2.53934664744026322312E-005    2.43030291572696849865E-005    2.32551820818191793631E-005    2.22484477901574162213E-005    2.12813922274007778096E-005    2.03526237961841281190E-005    1.94607924169777823313E-005    1.86045885950102558295E-005    1.77827424945359780959E-005    1.69940230211473564364E-005    1.62372369127700014527E-005    1.55112278399383707447E-005    1.48148755159021329036E-005    1.41470948170696927932E-005    1.35068349142501604060E-005    1.28930784151196463762E-005    1.23048405182936774745E-005    1.17411681793538490750E-005
   5.74795336019152513368E-004    5.56503434934281374438E-004    5.38676859646036406727E-004    5.21308360640480319102E-004    5.04390632458066130381E-004    4.87916320253079720086E-004    4.71878026343728208120E-004    4.56268316738323357045E-004    4.41079727623260779788E-004    4.26304771798824574079E-004    4.11935945049342539578E-004    3.97965732434631624080E-004    3.84386614490258389162E-004    3.71191073324612160356E-004    3.58371598601458184446E-004    3.45920693397240173930E-004    3.33830879923036364862E-004    3.22094705101812965424E-004    3.10704745992238656749E-004    2.99653615051143301738E-004    2.88933965227296750931E-004    2.78538494880057826714E-004    2.68459952517046763001E-004    2.58691141345836856866E-004    2.49224923635278324853E-004    2.40054224882909402351E-004    2.31172037785457110950E-004    2.22571426010277910630E-004    2.14245527766129524681E-004    2.06187559172373697201E-004    1.98390817426339022365E-004    1.90848683769106059740E-004    1.83554626250643409049E-004    1.76502202295665582476E-004    1.69685061072158898743E-004    1.63096945664978587283E-004    1.56731695057364000569E-004    1.50583245923631778166E-004    1.44645634236710996651E-004    1.38912996694488322710E-004    1.33379571969314397999E-004    1.28039701785230010909E-004    1.22887831827790775267E-004    1.17918512491550938042E-004    1.13126399470475430195E-004    1.08506254196706226618E-004    1.04052944133247520192E-004    9.97614429262517018364E-005    9.56268304226338375536E-005    9.16442925588612975450E-005    8.78091211267351194310E-005    8.41167134220405790989E-005    8.05625717819163212176E-005    7.71423030167581571040E-005    7.38516177424531191026E-005    7.06863296186552672075E-005
   2.26934346435767111960E-002    2.26922028264066877323E-002    2.26903827674305065554E-002    2.26879459829007826266E-002    2.26848626913469415822E-002    2.26811017607966916576E-002    2.26766306548388842101E-002    2.26714153776433925691E-002    2.26654204180768113763E-002    2.26586086930795731209E-002    2.26509414904986494665E-002    2.26423784116024269519E-002    2.26328773135394054061E-002    2.26223942520410899182E-002    2.26108834247113373028E-002    2.25982971152901904177E-002    2.25845856393295414677E-002    2.25696972917707877615E-002    2.25535782969715874191E-002    2.25361727617890278408E-002    2.25174226323901008340E-002    2.24972676555275953592E-002    2.24756453450889320811E-002    2.24524938294692333329E-002    2.24280067872731220247E-002    2.24027189968984963286E-002    2.23771148566094396637E-002    2.23513353317464844028E-002    2.23252464895444743820E-002    2.22985989657924904561E-002    2.22305340753748900684E-002    2.21365384039329538002E-002    2.20401910846564526303E-002    2.19409521514135549825E-002    2.18386501156279735913E-002    2.17333111089108542424E-002    2.16250063915552973026E-002    2.15149959431320085546E-002    2.14480985547262914537E-002    2.13788368465439374000E-002    2.13071396715717037429E-002    2.12329359023873745493E-002    2.11561546501827894839E-002    2.10767255463714282826E-002    2.09945825417674827862E-002    2.09096592018081540998E-002    2.08218877556954930219E-002    2.07312009996074124440E-002    2.06367992360152671671E-002    2.04781717374890454009E-002    2.02652110170395624578E-002    2.00112587276553219318E-002    1.97263289211257637767E-002    1.94175493239331954654E-002    1.90304335306089901503E-002    1.93219935320557076319E-002
   2.85322649419312863311E-003    2.78850065122471582613E-003    2.72462794346094855369E-003    2.66161159393601054121E-003    2.59945461510678078876E-003    2.53815980082492407069E-003    2.47772971836128725123E-003    2.41816670050506478395E-003    2.35947283776034594932E-003    2.30164997066476060411E-003    2.24469968225439464593E-003    2.18862329070076012255E-003    2.13342184214602732101E-003    2.07909610376293130241E-003    2.02564655706666480253E-003    1.97307339150590115018E-003    1.92137649836077607085E-003    1.87055546497505963133E-003    1.82060956935026782913E-003    1.77153777512869029485E-003    1.72333872699233052461E-003    1.67601074650366131669E-003    1.62955182841383354117E-003    1.58395963746276011337E-003    1.53923150569431916451E-003    1.49536443030900251770E-003    1.45235507207429250659E-003    1.41019975431220059327E-003    1.36889446248063934540E-003    1.32843484436437364073E-003    1.28881621088818465633E-003    1.25003353756354012617E-003    1.21208146657685858147E-003    1.17495430952567416101E-003    1.13864605080576247742E-003    1.10315035165013393230E-003    1.06846055481769268251E-003    1.03456968992662401777E-003    1.00147047942490403753E-003    9.69155345187185123836E-004    9.37616415724827449718E-004    9.06845533992726104099E-004    8.76834265774017107206E-004    8.47573908621128760399E-004    8.19055501328948363376E-004    7.91269833913531045640E-004    7.64207458067474179955E-004    7.37858698060920355916E-004    7.12213662055189268910E-004    6.87262253794340043436E-004    6.62994184638290200498E-004    6.39398985899884307257E-004    6.16466021447140371907E-004    5.94184500530946322489E-004    5.72543490798028530814E-004    5.51531931448375964400E-004
   1.24595708067225929144E-002    1.23029871005394531025E-002    1.21469941062900578521E-002    1.19915993245891354391E-002    1.18368103682578492547E-002    1.16826349635781572694E-002    1.15290809515174331318E-002    1.13761562889203009935E-002    1.12238690496625961174E-002    1.10722274257638482464E-002    1.09212397284538902109E-002    1.07709143891873363602E-002    1.06212599606026886212E-002    1.04722851174184668904E-002    1.03239986572624658362E-002    1.01764095014262468536E-002    1.00295266955393730379E-002    9.88335941015609439897E-003    9.73791694124679849121E-003    9.59320871058725634095E-003    9.44924426603666739455E-003    9.30603328169637804279E-003    9.16358555793991662319E-003    9.02191102130525321434E-003    8.88101972423878047169E-003    8.74092184468052910140E-003    8.60162768548010207847E-003    8.46314767363130597555E-003    8.32549235931349766726E-003    8.18867241472724313733E-003    8.05269863271099693713E-003    7.91758192512507889826E-003    7.78333332098904515789E-003    7.64996396435712287809E-003    7.51748511191684815058E-003    7.38590813029494936554E-003    7.25524449305399183469E-003    7.12550577736287705372E-003    6.99670366032394651368E-003    6.86884991493883802216E-003    6.74195640569468738340E-003    6.61603508375194909741E-003    6.49109798171533265015E-003    6.36715720796764313161E-003    6.24422494054777989236E-003    6.12231342055278432435E-003    6.00143494504409586582E-003    5.88160185943844161099E-003    5.76282654936331739659E-003    5.64512143195794544731E-003    5.52849894660007151054E-003    5.41297154504047708934E-003    5.29855168092659145618E-003    5.18525179869831851637E-003    5.07308432183950063638E-003    4.96206164047009300883E-003
   1.77796276817127861525E-002    1.76899158631349598392E-002    1.75981451365598041969E-002    1.74707794056724284582E-002    1.73103574896001956296E-002    1.71986760836360490223E-002    1.70166229356877168888E-002    1.68282715031265774075E-002    1.66404415532001685729E-002    1.64531397721063114836E-002    1.62663729577783716662E-002    1.60801480218715139858E-002    1.58944719917733373604E-002    1.57093520126368700607E-002    1.55247953494360262094E-002    1.53408093890415857946E-002    1.51574016423173148216E-002    1.49745797462338542383E-002    1.47923514659998589504E-002    1.46107246972080519892E-002    1.44297074679947366638E-002    1.42493079412103693104E-002    1.40695344165995654684E-002    1.38903953329871741179E-002    1.37118992704688882206E-002    1.35340549526023600641E-002    1.33568712485966096387E-002    1.31803571754955592410E-002    1.30045219003524798601E-002    1.28293747423910212135E-002    1.26549251751482474959E-002    1.24811828285958745927E-002    1.23081574912331584426E-002    1.21358591121472625396E-002    1.19642978030344623169E-002    1.17934838401758754906E-002    1.16234276663613102926E-002    1.14541398927531443142E-002    1.12856313006831927154E-002    1.11179128433736007509E-002    1.09509956475727122938E-002    1.07848910150967671612E-002    1.06196104242668037942E-002    1.04551655312297691464E-002    1.02915681711521819069E-002    1.01288303592745546761E-002    9.96696429181209882231E-003    9.80598234668912487055E-003    9.64589708409117375931E-003    9.48672124681992738615E-003    9.32846776043343497986E-003    9.17114973315529338760E-003    9.01478045553229766218E-003    8.85937339982320604115E-003    8.70494221909598291098E-003    8.55150074601319573619E-003
   1.86859021658999750748E-002    1.86082345935560250494E-002    1.85286255134222629937E-002    1.84470532577246694450E-002    1.83634978271311442855E-002    1.82779409927303904126E-002    1.81903846541336955411E-002    1.81008876619279217290E-002    1.80094508004467988849E-002    1.79159541611301487141E-002    1.78202720770679196027E-002    1.77223340372843242430E-002    1.75540098865695735897E-002    1.74139142345498265652E-002    1.72706481802593798947E-002    1.70758156006413676364E-002    1.68815294800623259819E-002    1.66877969892385534523E-002    1.64946254218426777149E-002    1.63020221967595940749E-002    1.61099948603708985340E-002    1.59185510888674858210E-002    1.57276986905887997126E-002    1.55374456083878682844E-002    1.53477999220204344710E-002    1.51587698505568340551E-002    1.49703637548154449427E-002    1.47825901398145991006E-002    1.45954576572419909147E-002    1.44089751079389417204E-002    1.42231514443965124939E-002    1.40379957732614472216E-002    1.38535173578483213758E-002    1.36697256206543757417E-002    1.34866301458743207548E-002    1.33042406819096972748E-002    1.31225671438696192550E-002    1.29416196160576056629E-002    1.27614083544393772801E-002    1.25819437890863864565E-002    1.24032365265881981686E-002    1.22252973524285026008E-002    1.20481372333167534999E-002    1.18717673194678151327E-002    1.16961989468222851696E-002    1.15214436391977773089E-002    1.13475131103626582924E-002    1.11744192660211804496E-002    1.10021742056999535797E-002    1.08307902245239253552E-002    1.06602798148691928909E-002    1.04906556678799212784E-002    1.03219306748347817992E-002    1.01541179283482184414E-002    9.98723072339028836164E-003    9.82128255810797018421E-003
   2.17256719655861824103E-002    2.17073436390228940995E-002    2.16877864519046739677E-002    2.16669588261919204841E-002    2.16449827582148347782E-002    2.16222632012547169578E-002    2.15992687347838704937E-002    2.15762350740313496589E-002    2.15531260788232696679E-002    2.15297611204516119165E-002    2.14574767222623814800E-002    2.13718861866781795200E-002    2.12843318197223317634E-002    2.11943984048964181865E-002    2.11018605968465965128E-002    2.10066858102215155146E-002    2.09089231185763842202E-002    2.08267623202477610012E-002    2.07686289469548035491E-002    2.07085852155920006890E-002    2.06465772068125455463E-002    2.05825509529094750893E-002    2.05164525739431717610E-002    2.04482284524225080280E-002    2.03778259165278592679E-002    2.03051945071588899050E-002    2.02302842415979407253E-002    2.01530442380157132076E-002    2.00734235368455124493E-002    1.99912939833313436921E-002    1.99064124116283477917E-002    1.98190072439147664529E-002    1.97290351604732100421E-002    1.96364549801710253085E-002    1.95412278772604842969E-002    1.94433175985580346257E-002    1.93426906794933878286E-002    1.92393166574321046458E-002    1.91331682806035394129E-002    1.90242392480313472769E-002    1.89127235472532767568E-002    1.87985071332433910374E-002    1.86813102353723878291E-002    1.85610436371746352624E-002    1.84376660640530147528E-002    1.82446666719369050835E-002    1.80682842571481053207E-002    1.78966884823471977795E-002    1.76731119215001904188E-002    1.74502243508164005259E-002    1.72280358484856073453E-002    1.70065566861132416721E-002    1.67857973327222506632E-002    1.65657684588147793847E-002    1.63464809404917192637E-002    1.61279458636284164785E-002
   7.92311821850580182136E-003    7.80086964738106129064E-003    7.67934307594819037801E-003    7.55854701668195322339E-003    7.43849006109873357034E-003    7.31918087803039209976E-003    7.20062821171604458548E-003    7.08284087970254168376E-003    6.96582777054457515098E-003    6.84959784129427883687E-003    6.73416011477092572163E-003    6.61952367660046617909E-003    6.50569767201455723821E-003    6.39269130239917323516E-003    6.28051382158160715480E-003    6.16917453184562085411E-003    6.05868277966400883144E-003    5.94904795113775086701E-003    5.84027946713082130731E-003    5.73238677809034900129E-003    5.62537935854106468936E-003    5.51926670124396057115E-003    5.41405831100863141336E-003    5.30976369814943702924E-003    5.20639237157617586899E-003    5.10395383150935751104E-003    5.00245756181232504450E-003    4.90191302193142188631E-003    4.80232963843725893516E-003    4.70371679616052307260E-003    4.60608382891643415580E-003    4.50944000981364206265E-003    4.41379454114346116839E-003    4.31915654384822534501E-003    4.22553504656687350244E-003    4.13293897425934773915E-003    4.04137713641180423840E-003    3.95085821482693295287E-003    3.86139075100560115808E-003    3.77298313312802871891E-003    3.68564358264511461247E-003    3.59938014049265451663E-003    3.51420065294391495772E-003    3.43011275711876300124E-003    3.34712386616983813628E-003    3.26524115416984474919E-003    3.18447154072656413507E-003    3.10482167535539987230E-003    3.02629792164230051327E-003    2.94890634123368177225E-003    2.87265267769249441412E-003    2.79754234026351623205E-003    2.72358038759370384499E-003    2.65077151145721870776E-003    2.57912002053749386463E-003    2.50862982432221038459E-003
   1.87096451413491758620E-002    1.86323212836094730116E-002    1.85530570189753017674E-002    1.84718302411175164246E-002    1.83886204943602693529E-002    1.83034090766554594087E-002    1.82161925051895108585E-002    1.81270173893829551759E-002    1.80359064117866091381E-002    1.79427622167729894365E-002    1.78474509152953750291E-002    1.77498883735958436214E-002    1.76014937329444821901E-002    1.74453158767522500949E-002    1.73193629884322748691E-002    1.71249422708522856806E-002    1.69303552813085782247E-002    1.67363210749062879534E-002    1.65428469326087297653E-002    1.63499402604318014309E-002    1.61576085917303907680E-002    1.59658595895129790110E-002    1.57747010487836736292E-002    1.55841408989101735255E-002    1.53941872060165355768E-002    1.52048481753990511606E-002    1.50161321539638500933E-002    1.48280476326841659240E-002    1.46406032490753231640E-002    1.44538077896850265108E-002    1.42676701925968062168E-002    1.40821995499432420923E-002    1.38974051104266034529E-002    1.37132962818430591267E-002    1.35298826336074685950E-002    1.33471738992738397922E-002    1.31651799790479771823E-002    1.29839109422875374766E-002    1.28033770299840893303E-002    1.26235886572217976404E-002    1.24445564156067372402E-002    1.22662910756607453772E-002    1.20888035891724959087E-002    1.19121050914982023333E-002    1.17362069038043619756E-002    1.15611205352434635169E-002    1.13868576850534222039E-002    1.12134302445710751228E-002    1.10408502991481624611E-002    1.08691301299596466273E-002    1.06982822156904827660E-002    1.05283192340894071054E-002    1.03592540633743422640E-002    1.01910997834751826385E-002    1.00238696770980142969E-002    9.85757723059389918963E-003
   8.39285196044571059348E-003    8.26659107110311493216E-003    8.14103639916109039776E-003    8.01619641211860460561E-003    7.89207966490153636774E-003    7.76869479867091112385E-003    7.64605053947086960725E-003    7.52415569670779500744E-003    7.40301916145110622258E-003    7.28264990454697072608E-003    7.16305697453477850656E-003    7.04424949535693151192E-003    6.92623666385117596478E-003    6.80902774701567115728E-003    6.69263207903588851905E-003    6.57705905806234454591E-003    6.46231814272841403879E-003    6.34841884839656804551E-003    6.23537074312238183416E-003    6.12318344332398768748E-003    6.01186660914610187384E-003    5.90142993950695457506E-003    5.79188316681625205845E-003    5.68323605135335075539E-003    5.57549837529351839660E-003    5.46867993637215749070E-003    5.36279054117533293677E-003    5.25783999804646257764E-003    5.15383810959913445104E-003    5.05079466482663032301E-003    4.94871943079865529019E-003    4.84762214393787745775E-003    4.74751250086824679031E-003    4.64840014882898517473E-003    4.55029467564866622192E-003    4.45320559927530994215E-003    4.35714235685967163358E-003    4.26211429339016199813E-003    4.16813064987960491675E-003    4.07520055110594057318E-003    3.98333299291061138786E-003    3.89253682906067757438E-003    3.80282075768255053982E-003    3.71419330727829760663E-003    3.62666282233707788774E-003    3.54023744855789992275E-003    3.45492511770205054655E-003    3.37073353209672854636E-003    3.28767014881449059355E-003    3.20574216355674164111E-003    3.12495649427191801370E-003    3.04531976454337077742E-003    2.96683828678502787071E-003    2.88951804528631873981E-003    2.81336467915178868246E-003    2.73838346518405625560E-003
   8.69434731911222557837E-005    8.37056851992518693951E-005    8.05752668224516863885E-005    7.75491978295354264039E-005    7.46245210608123858090E-005    7.17983420302308446509E-005    6.90678284846281994973E-005    6.64302099224354993413E-005    6.38827770741831537250E-005    6.14228813470926065295E-005    5.90479342359992903687E-005    5.67554067028085035035E-005    5.45428285266260642222E-005    5.24077876266771779806E-005    5.03479293600398911633E-005    4.83609557961914244889E-005    4.64446249702888362557E-005    4.45967501170632223953E-005    4.28151988871302714820E-005    4.10978925474719084822E-005    3.94428051677755647070E-005    3.78479627942619918646E-005    3.63114426125593883397E-005    3.48313721011399656901E-005    3.34059281767534293735E-005    3.20333363332401244964E-005    3.07118697750513911611E-005    2.94398485467338247594E-005    2.82156386595845207611E-005    2.70376512166206155175E-005    2.59043415369558599557E-005    2.48142082806130865929E-005    2.37657925747541895749E-005    2.27576771422535467247E-005    2.17884854334829128006E-005    2.08568807621394212396E-005    1.99615654458810603069E-005    1.91012799525012093955E-005    1.82748020523184184891E-005    1.74809459774166851712E-005    1.67185615883267568336E-005    1.59865335486960852133E-005    1.52837805084579061337E-005    1.46092542959652532799E-005    1.39619391195254063026E-005    1.33408507787260364037E-005    1.27450358859178936006E-005    1.21735710981786102218E-005    1.16255623600556949187E-005    1.11001441573518378115E-005    1.05964787821921219000E-005    1.01137556095784598281E-005    9.65119038561634795092E-006    9.20802452756936994159E-006    8.78352443587541328288E-006    8.37698081823570056548E-006
   2.26533332495512523819E-002    2.26515261873893418432E-002    2.26491081258840681878E-002    2.26460496569184273341E-002    2.26423200437116424466E-002    2.26378871679768431391E-002    2.26327174760644310447E-002    2.26267759242270750930E-002    2.26200259231672910765E-002    2.26124292820572732332E-002    2.26039461522512599712E-002    2.25945349709451778764E-002    2.25841524050755006192E-002    2.25727532957900184352E-002    2.25602906038673799161E-002    2.25467153565098131496E-002    2.25319765959848469783E-002    2.25160213306465975536E-002    2.24987944889252083902E-002    2.24802388769350068587E-002    2.24602951404161248206E-002    2.24389017317919055305E-002    2.24159975779097513093E-002    2.23917381733360447427E-002    2.23666262788173898779E-002    2.23411670572993270589E-002    2.23155399810096959079E-002    2.22896338799542480247E-002    2.22632083518453198490E-002    2.22005648591941731618E-002    2.21071642215430116951E-002    2.20114829578958760836E-002    2.19129710403701376265E-002    2.18114263884560018181E-002    2.17068610943791651113E-002    2.15993434549261176247E-002    2.14889489938211893094E-002    2.14206924428250247705E-002    2.13521078703368602514E-002    2.12811187769602894182E-002    2.12076549523080720716E-002    2.11316463953135393050E-002    2.10530235861588581325E-002    2.09717207263317474697E-002    2.08876724053777378109E-002    2.08008119127671420312E-002    2.07110727934736310596E-002    2.06183901477784044254E-002    2.05216353802021161945E-002    2.03641411396559869618E-002    2.01559747194128696668E-002    1.99103151432370659157E-002    1.96371883805452791816E-002    1.93440077002497851089E-002    1.89721850424067334240E-002    1.92983510211014487601E-002
   2.45120023779690013321E-002    2.45251869112465825662E-002    2.45383304590860509831E-002    2.45514287268975665846E-002    2.45644771959718788423E-002    2.45774711112223959164E-002    2.45904054682127524989E-002    2.46032749994264908489E-002    2.46160741597327009655E-002    2.46287971109987874341E-002    2.46414377057984669561E-002    2.46539894701599711369E-002    2.46664455852961643501E-002    2.46787988682547407282E-002    2.46910417514230214053E-002    2.47031662608180289931E-002    2.47151639930883841589E-002    2.47270260911504266566E-002    2.47387432183764285898E-002    2.47503055312481047567E-002    2.47617026503838995322E-002    2.47729236298433151686E-002    2.47839569246064983510E-002    2.47947903561217576629E-002    2.48054110758081820809E-002    2.48158055263948303104E-002    2.48259594009721668018E-002    2.48358575996254077323E-002    2.48454841835135352424E-002    2.48548223262518713783E-002    2.48638542624500247236E-002    2.48725612332513328073E-002    2.48809234287145006337E-002    2.48889199268725394565E-002    2.48965286292996759721E-002    2.49037261930124161069E-002    2.49104879585274954779E-002    2.49167878738968673336E-002    2.49225984145385048851E-002    2.49278904986815867673E-002    2.49326333982465980776E-002    2.49367946449842378676E-002    2.49403399317036159055E-002    2.49432330084288708671E-002    2.49454355733361339553E-002    2.49469071583388983526E-002    2.49476050092113273149E-002    2.49474839601650337506E-002    2.49464963028280112267E-002    2.48463192078604462598E-002    2.45298666564609420260E-002    2.40507654603140524907E-002    2.34367225243029241033E-002    2.27036807979999893936E-002    2.18527801365952234480E-002    2.06370937457014819172E-002
   2.31506344609149171399E-002    2.31550435494771653100E-002    2.31590885165162616022E-002    2.31627504359415807567E-002    2.31660094567125093845E-002    2.31688447581525000518E-002    2.31712345033638321412E-002    2.31731557907055608914E-002    2.31745846033026420274E-002    2.31754957565618452398E-002    2.31758628436784692994E-002    2.31756581791282938176E-002    2.31748527401509744894E-002    2.31734161062452058422E-002    2.31713163967119453734E-002    2.31685202063006169537E-002    2.31649925390344027520E-002    2.31606967403146651874E-002    2.31555944274322370036E-002    2.31496454186437793099E-002    2.31428076610061678187E-002    2.31350371572008051135E-002    2.31262878916226391479E-002    2.31165117560566818478E-002    2.31056584753178764768E-002    2.30936755332881611669E-002    2.30805080998485560861E-002    2.30660989592735253539E-002    2.30503884407302246651E-002    2.30333143516069024925E-002    2.30148119144816809545E-002    2.29948137086363781079E-002    2.29732496171184685796E-002    2.29500467804580089715E-002    2.29251301298007137408E-002    2.28988598920638296297E-002    2.28719013318102494525E-002    2.28446499569106009631E-002    2.28170956738913480177E-002    2.27890118101655055061E-002    2.27600978919610640039E-002    2.26813680596747481444E-002    2.25815592574181503438E-002    2.24789440720557544273E-002    2.23730347928316856965E-002    2.22637792970383947833E-002    2.21512418130204655209E-002    2.20355000954469380792E-002    2.19171359563107674695E-002    2.17490791267094564498E-002    2.14859734877272008646E-002    2.11430684379540767548E-002    2.07320757156870920379E-002    2.02595397813042366053E-002    1.97093678689907701729E-002    1.96085215638938346883E-002
   2.27151010200247818749E-002    2.27141746099071145659E-002    2.27126720575076407327E-002    2.27105653743366227293E-002    2.27078252911791129975E-002    2.27044212054078251017E-002    2.27003211270656486687E-002    2.26954916238227312475E-002    2.26898977649354974262E-002    2.26835030643606841427E-002    2.26762694232047687382E-002    2.26681570717206758159E-002    2.26591245110975593458E-002    2.26491284553266385149E-002    2.26381237734673661233E-002    2.26260634326822009099E-002    2.26128984424568760248E-002    2.25985778004746049041E-002    2.25830484406687494181E-002    2.25662551840376014722E-002    2.25481406928683091040E-002    2.25286454290832584280E-002    2.25077076174918511153E-002    2.24852637462933345469E-002    2.24613023348362444986E-002    2.24362180395351815121E-002    2.24106245890818810140E-002    2.23848533875477886945E-002    2.23588693302717925193E-002    2.23324528369280086992E-002    2.22973595019847828369E-002    2.22040354582921060922E-002    2.21086322438440313620E-002    2.20105849678453972806E-002    2.19095394565204000525E-002    2.18054297443417421931E-002    2.16983071978185566853E-002    2.15882461664670642632E-002    2.14998596147049983451E-002    2.14315278414703019871E-002    2.13607825035669433855E-002    2.12875519257587665634E-002    2.12117645649927619167E-002    2.11333492610464197814E-002    2.10522371870407003225E-002    2.09683619366110955695E-002    2.08816558373637294055E-002    2.07920507802499994476E-002    2.06987713361466360573E-002    2.05397087894309063327E-002    2.03241754018175825591E-002    2.00657622522614799421E-002    1.97744887868642089945E-002    1.94573460600098516182E-002    1.90620165787776414679E-002    1.93348730392955449331E-002
   2.29555271910790517631E-002    2.29577343733040444007E-002    2.29594899778490166287E-002    2.29607712583667564199E-002    2.29615543840533745112E-002    2.29618143902119188626E-002    2.29615251270530139338E-002    2.29606592067425029080E-002    2.29591879487187483511E-002    2.29570813233164298939E-002    2.29543078937501782155E-002    2.29508347565298281845E-002    2.29466274804001786614E-002    2.29416500439222278973E-002    2.29358647718391171766E-002    2.29292322704003660727E-002    2.29217113618511332540E-002    2.29132590183303876119E-002    2.29038302954626335484E-002    2.28933782659732007470E-002    2.28818539537063748990E-002    2.28692062684796859617E-002    2.28553819422665088767E-002    2.28403254672623727550E-002    2.28239790364590695859E-002    2.28062824874233419092E-002    2.27871732500552169609E-002    2.27665862991827290529E-002    2.27444541129365115917E-002    2.27207076683698348807E-002    2.26955055497396786246E-002    2.26694060353913456884E-002    2.26429367587671834250E-002    2.26162448689213139985E-002    2.25891819624487732998E-002    2.25614812802026228067E-002    2.25029799831250841569E-002    2.24062348072852704495E-002    2.23070564416873728941E-002    2.22048737198061868492E-002    2.20994884396718202502E-002    2.19909187049074326958E-002    2.18792352665880610041E-002    2.17645168178448936147E-002    2.16847710066216947666E-002    2.16124948297970742583E-002    2.15376156121300545154E-002    2.14600555738386974958E-002    2.13793639395314372109E-002    2.12146014431761759100E-002    2.09719134880626684181E-002    2.06656447171102986005E-002    2.03064250495157590237E-002    1.99005254634203390673E-002    1.94173934267523329300E-002    1.94828014387832711141E-002
   2.19422516622840950429E-002    2.19282583515343874880E-002    2.19131898461944023271E-002    2.18970003024462206431E-002    2.18796422388472244780E-002    2.18610665123043848568E-002    2.18412222979725047234E-002    2.18200636961107495571E-002    2.17977051683161046625E-002    2.17745491403826783861E-002    2.17510725628072137949E-002    2.17275217274763669806E-002    2.17038637033872376658E-002    2.16799140881867268005E-002    2.16136416767396567773E-002    2.15266202625494680600E-002    2.14376124911957871566E-002    2.13461659933670069855E-002    2.12520372800276101388E-002    2.11551940668660391764E-002    2.10556883926865529011E-002    2.09646113406398090784E-002    2.09050203762327982404E-002    2.08434420153851794610E-002    2.07798193112319548592E-002    2.07140952639696916682E-002    2.06462129693015805643E-002    2.05761158096858937094E-002    2.05037483185249655437E-002    2.04290573521098278720E-002    2.03519899372628827738E-002    2.02724921743781122396E-002    2.01905103168625033039E-002    2.01058947717420097301E-002    2.00184340799651680487E-002    1.99283395739933838486E-002    1.98355658991655747769E-002    1.97400700427163670880E-002    1.96418115711409768664E-002    1.95407528677198141787E-002    1.94368593684744878081E-002    1.93300997947290741086E-002    1.92204463803696719293E-002    1.91078949242019340005E-002    1.89927272283650395990E-002    1.88746608247816992365E-002    1.87534358258863963209E-002    1.86290087194483193478E-002    1.85011265734342442157E-002    1.82804226652909726503E-002    1.81147272492473421224E-002    1.79259278823667295155E-002    1.76985877389229454004E-002    1.74719594475035676362E-002    1.72460535755335798991E-002    1.70208808962214949712E-002
   1.88346410311940638815E-002    1.87591445377354205937E-002    1.86817151870326478291E-002    1.86023285956907445671E-002    1.85209619319246544811E-002    1.84375940233573315519E-002    1.83522054630867147151E-002    1.82647869528058982846E-002    1.81753722121245908649E-002    1.80840074715750941114E-002    1.79906153105000021775E-002    1.78950496535342437610E-002    1.77972217508149434251E-002    1.76682348103281289253E-002    1.74949483121984612766E-002    1.73767586166497407796E-002    1.71909282457430936941E-002    1.69952900172822864155E-002    1.68002073246368566206E-002    1.66056875057492489556E-002    1.64117380250495339955E-002    1.62183664757807877166E-002    1.60255805823536177923E-002    1.58333882027289450656E-002    1.56417973308275413957E-002    1.54508160989655987660E-002    1.52604527803143451281E-002    1.50707157913821700179E-002    1.48816136945175356288E-002    1.46931552004304858544E-002    1.45053491707306924513E-002    1.43182046204787267324E-002    1.41317307207494760601E-002    1.39459368012024367833E-002    1.37608323526573345097E-002    1.35764270296706134750E-002    1.33927306531090653530E-002    1.32097532127158322213E-002    1.30275048696645735086E-002    1.28459959590964487713E-002    1.26652369926343530415E-002    1.24852386608682100477E-002    1.23060118358051511639E-002    1.21275675732771346521E-002    1.19499171152988477307E-002    1.17730718923672803000E-002    1.15970435256943678326E-002    1.14218438293632457148E-002    1.12474848123980796649E-002    1.10739786807360837684E-002    1.09013378390906412463E-002    1.07295748926926944739E-002    1.05587026488970225913E-002    1.03887341186395133069E-002    1.02196825177295214787E-002    1.00515612679620055386E-002
   1.22989935874652737274E-002    1.21434926866700321213E-002    1.19885863456301918623E-002    1.18342821098075517278E-002    1.16805876368194401504E-002    1.15275106976468581788E-002    1.13750591778099784113E-002    1.12232410785070343268E-002    1.10720645177122840180E-002    1.09215377312286074374E-002    1.07716690736899978892E-002    1.06224670195084018587E-002    1.04739401637602771999E-002    1.03260972230062968158E-002    1.01789470360389173315E-002    1.00324985645503031439E-002    9.88676089371536524764E-003    9.74174323268101223505E-003    9.59745491495525397674E-003    9.45390539868774283649E-003    9.31110426683322452146E-003    9.16906122718921974546E-003    9.02778611229850501407E-003    8.88728887920653583266E-003    8.74757960906374573695E-003    8.60866850656209076087E-003    8.47056589919359045893E-003    8.33328223632063755377E-003    8.19682808804437536276E-003    8.06121414385913177825E-003    7.92645121107907191238E-003    7.79255021302355938007E-003    7.65952218694651142811E-003    7.52737828169468704137E-003    7.39612975507986623869E-003    7.26578797094831318332E-003    7.13636439593154630473E-003    7.00787059586094936842E-003    6.88031823182907401742E-003    6.75371905587988062558E-003    6.62808490630912693770E-003    6.50342770255670117596E-003    6.37975943967206918922E-003    6.25709218233317862601E-003    6.13543805840011027136E-003    6.01480925198358100381E-003    5.89521799600900130861E-003    5.77667656425707738005E-003    5.65919726286102670737E-003    5.54279242124243107237E-003    5.42747438246672566503E-003    5.31325549300084611082E-003    5.20014809185581801387E-003    5.08816449909804419810E-003    4.97731700371448378128E-003    4.86761785081792422436E-003
   1.89690006898995677798E-002    1.88955001608708712812E-002    1.88200782147044283488E-002    1.87427080904165183073E-002    1.86633644624482515628E-002    1.85820235527998298131E-002    1.84986632422613934967E-002    1.84132631800884849493E-002    1.83258048914497172210E-002    1.82362947539042898060E-002    1.81448074456487737360E-002    1.80513196456259586431E-002    1.79556844503868176521E-002    1.78577832377878990833E-002    1.77575590828694188095E-002    1.75705500461158688197E-002    1.74411046849939146974E-002    1.72804843970568340616E-002    1.70836421582677699949E-002    1.68873578430510512538E-002    1.66916388411033969619E-002    1.64964926699908143171E-002    1.63019269775150250912E-002    1.61079495441088342556E-002    1.59145682852622205594E-002    1.57217912539755998169E-002    1.55296266432407240737E-002    1.53380827885463214000E-002    1.51471681704083635522E-002    1.49568914169213116466E-002    1.47672613063302704539E-002    1.45782867696197977747E-002    1.43899768931187426596E-002    1.42023409211167322974E-002    1.40153882584902588632E-002    1.38291284733349159608E-002    1.36435712995994357088E-002    1.34587266397185063155E-002    1.32746045672391694420E-002    1.30912153294366739170E-002    1.29085693499140750917E-002    1.27266772311805820977E-002    1.25455497572018615654E-002    1.23651978959164778049E-002    1.21856328017105226824E-002    1.20068658178438762013E-002    1.18289084788186817099E-002    1.16517725126818356973E-002    1.14754698432515556822E-002    1.13000125922584071514E-002    1.11254130813887245482E-002    1.09516838342192928540E-002    1.07788375780306037305E-002    1.06068872454851120118E-002    1.04358459761553744316E-002    1.02657271178879933027E-002
   2.21844305786099184330E-002    2.21749781764812893547E-002    2.21646186583532647796E-002    2.21533115443507330755E-002    2.21410147541679612482E-002    2.21276845661620112649E-002    2.21132755782408041423E-002    2.20977406709725668343E-002    2.20810309733857935977E-002    2.20630958319733248840E-002    2.20438827834605541311E-002    2.20233375319451238350E-002    2.20014106233509774968E-002    2.19782743703049524009E-002    2.19544111184234898293E-002    2.19302905303167053330E-002    2.19060842266046197635E-002    2.18816960464960734434E-002    2.18569099281133716328E-002    2.17815034748688150790E-002    2.16922103025586066050E-002    2.16007636178878123512E-002    2.15067168925863888562E-002    2.14098737433328217827E-002    2.13102313560328132658E-002    2.12078508524500657095E-002    2.11171740132504483223E-002    2.10552301964254083566E-002    2.09911858062782723244E-002    2.09249799845819921262E-002    2.08565518570530926412E-002    2.07858407014250012868E-002    2.07127861865574504352E-002    2.06373301976939468871E-002    2.05594162183315165571E-002    2.04789870471513216210E-002    2.03959849678695230579E-002    2.03103530467042825425E-002    2.02218209874292509376E-002    2.01304070189382323941E-002    2.00362069008285896554E-002    1.99391733997143459634E-002    1.98392619671762630851E-002    1.97364310047565306994E-002    1.96306421282297152708E-002    1.95218604290805543278E-002    1.94100547310125000344E-002    1.92952069784245762440E-002    1.91767259063040373945E-002    1.90360674677927145526E-002    1.88855442812268792263E-002    1.87377687381800848987E-002    1.86050721731440688034E-002    1.84252214365851589573E-002    1.82340304570613176427E-002    1.81311534877854202419E-002
   2.03335782431668665726E-002    2.02818296770452544120E-002    2.02284725689063880905E-002    2.01734634788184041820E-002    2.01167588784437190164E-002    2.00583152443259936371E-002    1.99980891575088429168E-002    1.99360374672979678845E-002    1.98721179124764363300E-002    1.98062897316023528438E-002    1.97385127845249794265E-002    1.96687463963679948220E-002    1.95969495601498629178E-002    1.95229508419534729391E-002    1.94466359099989376247E-002    1.93681736280447158727E-002    1.92875285627381320985E-002    1.92046668436538295333E-002    1.91195563158967213324E-002    1.90321666931690808289E-002    1.89424697103874779824E-002    1.88504392748850280181E-002    1.87560516151908419913E-002    1.86592928469920087131E-002    1.85602096838459462713E-002    1.84588876922737177289E-002    1.83551752951421343063E-002    1.82488888392590212217E-002    1.81399600738098090713E-002    1.80051042053239913898E-002    1.78111571273197218102E-002    1.76811171810561836015E-002    1.74860090294910973385E-002    1.72773306098230675087E-002    1.70692711482228441644E-002    1.68618392460184798876E-002    1.66550436608361163149E-002    1.64488933096406560186E-002    1.62433972718178006034E-002    1.60385647922961921408E-002    1.58344052847072501444E-002    1.56309283345819546862E-002    1.54281437025815693770E-002    1.52260613277605642846E-002    1.50246913308587602687E-002    1.48240440176197873362E-002    1.46241298821327952301E-002    1.44249596101931731179E-002    1.42265440826789719975E-002    1.40288943789380806532E-002    1.38320217801811730374E-002    1.36359377728752402537E-002    1.34406540521316997944E-002    1.32461825250822819167E-002    1.30525353142363093745E-002    1.28597247608106431127E-002
   1.51279282039903702900E-002    1.49542957226314540686E-002    1.47811973161985823338E-002    1.46086397615321252064E-002    1.44366299441974071938E-002    1.42651748601971273267E-002    1.40942816176920435178E-002    1.39239574387276209000E-002    1.37542096609652199357E-002    1.35850457394157148744E-002    1.34164732481730705760E-002    1.32484998821463303281E-002    1.30811334587866909263E-002    1.29143819198074116111E-002    1.27482533328934482392E-002    1.25827558933976606931E-002    1.24178979260202854151E-002    1.22536878864676537088E-002    1.20901343630869378964E-002    1.19272460784717818788E-002    1.17650318910348349044E-002    1.16035007965423781623E-002    1.14426619296053837943E-002    1.12825245651222236948E-002    1.11230981196659955285E-002    1.09643921528111403657E-002    1.08064163683923748771E-002    1.06491806156880589734E-002    1.04926948905214433710E-002    1.03369693362707539691E-002    1.01820142447800916774E-002    1.00278400571617472281E-002    9.87445736448013498820E-003    9.72187690830722019142E-003    9.57010958113898961563E-003    9.41916642666047049248E-003    9.26905863984825439950E-003    9.11979756689718264184E-003    8.97139470495809422668E-003    8.82386170167179066659E-003    8.67721035448577003579E-003    8.53145260973622171496E-003    8.38660056148099464224E-003    8.24266645006472252477E-003    8.09966266039938501131E-003    7.95760171994090020897E-003    7.81649629634319220717E-003    7.67635919476838957110E-003    7.53720335483329915982E-003    7.39904184716968105900E-003    7.26188786957611236150E-003    7.12575474273829771732E-003    6.99065590549354746314E-003    6.85660490961554226069E-003    6.72361541409345793430E-003    6.59170117888061880829E-003
   2.07209956373825832099E-003    2.02055913671986145733E-003    1.96983574261862855875E-003    1.91992931026373127995E-003    1.87083950345318735138E-003    1.82256571634277367636E-003    1.77510706915038241234E-003    1.72846240419736465153E-003    1.68263028230747108301E-003    1.63760897958383421988E-003    1.59339648458345275323E-003    1.54999049590816588215E-003    1.50738842022979835540E-003    1.46558737076606560197E-003    1.42458416622333371507E-003    1.38437533021978659981E-003    1.34495709120226419712E-003    1.30632538286773718789E-003    1.26847584509883880982E-003    1.23140382542160958974E-003    1.19510438099072768305E-003    1.15957228110661106878E-003    1.12480201026595957349E-003    1.09078777174575602266E-003    1.05752349171818298135E-003    1.02500282389208314734E-003    9.93219154674194288843E-004    9.62165608841350993539E-004    9.31835055712563792470E-004    9.02220115807855728082E-004    8.73313167978492896522E-004    8.45106356991474558238E-004    8.17591601548791680788E-004    7.90760602720529570848E-004    7.64604852768907571926E-004    7.39115644338546318171E-004    7.14284079987232366736E-004    6.90101082029481553703E-004    6.66557402664493241912E-004    6.43643634358722726944E-004    6.21350220452499576833E-004    5.99667465959452029335E-004    5.78585548526910475181E-004    5.58094529525042276803E-004    5.38184365232440031258E-004    5.18844918085735549301E-004    5.00065967961022699896E-004    4.81837223455297114071E-004    4.64148333136498207011E-004    4.46988896731513585519E-004    4.30348476222263602673E-004    4.14216606820982642754E-004    3.98582807796860841970E-004    3.83436593127499554794E-004    3.68767481949840701151E-004    3.54565008786771485721E-004
   1.71471390885451094397E-004    1.65342883071320701687E-004    1.59405051998714358038E-004    1.53653138432031558620E-004    1.48082453735656261774E-004    1.42688380894946496976E-004    1.37466375427154955096E-004    1.32411966184784905343E-004    1.27520756054019113049E-004    1.22788422550982950169E-004    1.18210718318735664490E-004    1.13783471527940219822E-004    1.09502586184314531148E-004    1.05364042345971811190E-004    1.01363896253856475001E-004    9.74982803785217038827E-005    9.37634033865172129233E-005    9.01555500296975488800E-005    8.66710809607462018397E-005    8.33064324782489644405E-005    8.00581162046076072469E-005    7.69227187000871750339E-005    7.38969010162693378451E-005    7.09773981921260903490E-005    6.81610186959271578894E-005    6.54446438161077179065E-005    6.28252270042018085873E-005    6.02997931728696962830E-005    5.78654379519962514520E-005    5.55193269057657306760E-005    5.32586947135432203109E-005    5.10808443173302830138E-005    4.89831460384785531128E-005    4.69630366662615703240E-005    4.50180185208306634054E-005    4.31456584930000171469E-005    4.13435870632162502701E-005    3.96094973019764810059E-005    3.79411438538995783609E-005    3.63363419075307967970E-005    3.47929661529172812545E-005    3.33089497288656944383E-005    3.18822831617436160362E-005    3.05110132975784074949E-005    2.91932422291383925300E-005    2.79271262195893275762E-005    2.67108746242523834111E-005    2.55427488118940292680E-005    2.44210610869166788890E-005    2.33441736137357556209E-005    2.23104973445526413444E-005    2.13184909516709305622E-005    2.03666597654230919167E-005    1.94535547187149168084E-005    1.85777712991255764441E-005    1.77379485094359142070E-005
   2.36625638445184527381E-002    2.36714258228148954899E-002    2.36800967234127544836E-002    2.36885654296107028838E-002    2.36968202598603731868E-002    2.37048489380259491677E-002    2.37126385620745928906E-002    2.37201755711221977385E-002    2.37274457107572722681E-002    2.37344339965629355649E-002    2.37411246757559153686E-002    2.37475011868593308129E-002    2.37535461173251812028E-002    2.37592411590213034578E-002    2.37645670614976371737E-002    2.37695035829464558497E-002    2.37740294387725793757E-002    2.37781222476911233144E-002    2.37817584752731334130E-002    2.37849133748633985441E-002    2.37875609257998180124E-002    2.37896737688703119318E-002    2.37912231389517080105E-002    2.37921787947852972356E-002    2.37925089458561681011E-002    2.37921801763587396905E-002    2.37911573662484381042E-002    2.37894036094009157789E-002    2.37868801289245965225E-002    2.37835461897012191701E-002    2.37793590082621582316E-002    2.37742736601463978963E-002    2.37682429849296814051E-002    2.37612174891639917063E-002    2.37531452475225890453E-002    2.37439718025094746723E-002    2.37336400631628849367E-002    2.37220902032623456868E-002    2.37092595596367465560E-002    2.36950825312691355784E-002    2.36794904800014319179E-002    2.36624116337604099847E-002    2.36437709933549344843E-002    2.36234902440339462892E-002    2.36014876731444368796E-002    2.35776780953890242876E-002    2.35519727873527498496E-002    2.35243045372497162904E-002    2.34954721720034495624E-002    2.33637721069201373392E-002    2.30911212815412408839E-002    2.27064140487673593594E-002    2.22275293631650945614E-002    2.16620499690098645973E-002    2.09239844279081946277E-002    1.99687858191866310364E-002
   1.02852286556215401225E-002    1.01440147675866954025E-002    1.00034485389518170567E-002    9.86353805921212981045E-003    9.72429152457213001604E-003    9.58571723828738515849E-003    9.44782361092159211902E-003    9.31061916051118335091E-003    9.17411251263146841628E-003    9.03831240035680126554E-003    8.90322766410777191592E-003    8.76886725137712361167E-003    8.63524021632662910908E-003    8.50235571924585868675E-003    8.37022302586503189059E-003    8.23885150651088374318E-003    8.10825063509786232718E-003    7.97842998794271764107E-003    7.84939924239346289991E-003    7.72116817526086619133E-003    7.59374666104157929059E-003    7.46714466992097827824E-003    7.34137226554418438618E-003    7.21643960254196147747E-003    7.09235692379941908697E-003    6.96913455745395982177E-003    6.84678291360906257634E-003    6.72531248074958315497E-003    6.60473382184579519555E-003    6.48505757012974443088E-003    6.36629442453130137830E-003    6.24845514475775090646E-003    6.13155054600248838187E-003    6.01559149326808678682E-003    5.90058889528791933460E-003    5.78655369803227851572E-003    5.67349687778342156447E-003    5.56142943376525863280E-003    5.45036238031310418806E-003    5.34030673856994084203E-003    5.23127352769500644086E-003    5.12327375557287273411E-003    5.01631840900998611510E-003    4.91041844340829938820E-003    4.80558477190526443096E-003    4.70182825397169514708E-003    4.59915968345969792402E-003    4.49758977609489903754E-003    4.39712915640828611724E-003    4.29778834410592114335E-003    4.19957773987555786632E-003    4.10250761063298777925E-003    4.00658807421236905222E-003    3.91182908350788324792E-003    3.81824041007739357206E-003    3.72583162722157912317E-003
   1.53995136732372108618E-002    1.52242316038802560918E-002    1.50494785441728055886E-002    1.48752612013159438153E-002    1.47015863905887774615E-002    1.45284610370839169929E-002    1.43558921774535573623E-002    1.41838869616641681526E-002    1.40124526547583290459E-002    1.38415966386223887596E-002    1.36713264137570053580E-002    1.35016496010495062885E-002    1.33325739435448901299E-002    1.31641073082135531824E-002    1.29962576877127259506E-002    1.28290332021387103872E-002    1.26624421007670295847E-002    1.24964927637765104568E-002    1.23311937039543191574E-002    1.21665535683778015114E-002    1.20025811400679745938E-002    1.18392853396121697229E-002    1.16766752267485496991E-002    1.15147600019092077872E-002    1.13535490077151159788E-002    1.11930517304176368326E-002    1.10332778012797640826E-002    1.08742369978907411909E-002    1.07159392454063331218E-002    1.05583946177076181544E-002    1.04016133384696417286E-002    1.02456057821315987127E-002    1.00903824747591453620E-002    9.93595409478903110467E-003    9.78233147364563314363E-003    9.62952559621898379616E-003    9.47754760119183352340E-003    9.32640878120411312424E-003    9.17612058284178293277E-003    9.02669460643624153862E-003    8.87814260566034685329E-003    8.73047648690571109764E-003    8.58370830842523913073E-003    8.43785027922520740329E-003    8.29291475768844862926E-003    8.14891424991115963239E-003    8.00586140773433194151E-003    7.86376902644947937959E-003    7.72265004215916001790E-003    7.58251752876966823164E-003    7.44338469459457450356E-003    7.30526487854595181493E-003    7.16817154588947000327E-003    7.03211828353888721010E-003    6.89711879486523422172E-003    6.76318689399412874969E-003
   1.24412055933812316227E-002    1.22847453540336735978E-002    1.21288762639580154079E-002    1.19736058288980578429E-002    1.18189416668003453165E-002    1.16648915090633627928E-002    1.15114632017567532218E-002    1.13586647068069715449E-002    1.12065041031453004050E-002    1.10549895878137155458E-002    1.09041294770238304107E-002    1.07539322071644460888E-002    1.06044063357520236546E-002    1.04555605423187446268E-002    1.03074036292321261771E-002    1.01599445224402409882E-002    1.00131922721355438866E-002    9.86715605333067166671E-003    9.72184516633853995637E-003    9.57726903714922923883E-003    9.43343721769518764320E-003    9.29035938599654699532E-003    9.14804534617678216657E-003    9.00650502833971224048E-003    8.86574848829761903712E-003    8.72578590713993587635E-003    8.58662759063129159276E-003    8.44828396842766532471E-003    8.31076559309843442003E-003    8.17408313894150452550E-003    8.03824740057861204801E-003    7.90326929131711548859E-003    7.76915984126349407068E-003    7.63593019517488924564E-003    7.50359161003176077659E-003    7.37215545231717853114E-003    7.24163319498590495049E-003    7.11203641410577524357E-003    6.98337678515489976988E-003    6.85566607895623809227E-003    6.72891615723156602535E-003    6.60313896775588556054E-003    6.47834653909358688939E-003    6.35455097489676882377E-003    6.23176444774636503765E-003    6.10999919251632977318E-003    5.98926749924110282675E-003    5.86958170546653459909E-003    5.75095418806480934704E-003    5.63339735449357951330E-003    5.51692363348068454121E-003    5.40154546511546589105E-003    5.28727529032901096689E-003    5.17412553974580698146E-003    5.06210862189127377975E-003    4.95123691073919534877E-003
   3.86148752465456353636E-003    3.78223457420877621701E-003    3.70383348030948284998E-003    3.62629018343538960314E-003    3.54961050456138130921E-003    3.47380013676664139294E-003    3.39886463665966479658E-003    3.32480941563055533081E-003    3.25163973094162121052E-003    3.17936067666902419729E-003    3.10797717450959432375E-003    3.03749396446800290841E-003    2.96791559544113108665E-003    2.89924641571781853064E-003    2.83149056341366412229E-003    2.76465195686183317150E-003    2.69873428498238138520E-003    2.63374099765419002889E-003    2.56967529611443982335E-003    2.50654012341274814654E-003    2.44433815494747878547E-003    2.38307178911366119439E-003    2.32274313809296799327E-003    2.26335401881689332951E-003    2.20490594413576919061E-003    2.14740011422689903650E-003    2.09083740827550575506E-003    2.03521837646349892589E-003    1.98054323230056157287E-003    1.92681184533307573586E-003    1.87402373426600720591E-003    1.82217806053282943557E-003    1.77127362234844303729E-003    1.72130884927887048939E-003    1.67228179736151998103E-003    1.62419014480800973262E-003    1.57703118832086238224E-003    1.53080184005333552397E-003    1.48549862524045774188E-003    1.44111768052680765465E-003    1.39765475301469456297E-003    1.35510520005392644423E-003    1.31346398979128773342E-003    1.27272570249570412745E-003    1.23288453267121015516E-003    1.19393429196717700859E-003    1.15586841289151134524E-003    1.11867995332941218452E-003    1.08236160186613722400E-003    1.04690568390896558519E-003    1.01230416859968185353E-003    9.78548676505026134714E-004    9.45630488068829422148E-004    9.13540552806120227484E-004    8.82269499215352411697E-004    8.51807645381818406317E-004
   1.90763948272122674243E-002    1.90045114781346689836E-002    1.89307183623538335948E-002    1.88549868810117295104E-002    1.87772897710168674978E-002    1.86976012199508677403E-002    1.86158969807535927543E-002    1.85321544855440792365E-002    1.84463529579072527120E-002    1.83584735229545513435E-002    1.82685207439875416102E-002    1.81765675179840699438E-002    1.80825971945468601254E-002    1.79864665331934611703E-002    1.78880531646542322022E-002    1.77872961314377332764E-002    1.76066272899475136093E-002    1.74705492036147137791E-002    1.73154976588812403726E-002    1.71177790560650480711E-002    1.69206217418456511536E-002    1.67240331727912666659E-002    1.65280209349296380861E-002    1.63325927461529761542E-002    1.61377564586541975833E-002    1.59435200613934208169E-002    1.57498916825929806407E-002    1.55568795922605054155E-002    1.53644922047379492436E-002    1.51727380812750767963E-002    1.49816259326255689366E-002    1.47911646216638114487E-002    1.46013631660197595874E-002    1.44122307407295799364E-002    1.42237766808988880946E-002    1.40360104843761605148E-002    1.38489418144322855297E-002    1.36625805024425481943E-002    1.34769365505673886785E-002    1.32920201344274725025E-002    1.31078416057672023087E-002    1.29244114951032988692E-002    1.27417405143506624193E-002    1.25598395594209120973E-002    1.23787197127860487678E-002    1.21983922460000681481E-002    1.20188686221710926832E-002    1.18401604983751525257E-002    1.16622797280025395500E-002    1.14852383630272818910E-002    1.13090486561888605571E-002    1.11337230630749600691E-002    1.09592742440932765929E-002    1.07857150663193054885E-002    1.06130586052062669128E-002    1.04413181461420635082E-002
   3.54647908950380275767E-004    3.42718857939295718038E-004    3.31124877083608564268E-004    3.19859260618153551630E-004    3.08915329612702304913E-004    2.98286436387832536773E-004    2.87965968792793490256E-004    2.77947354340312097285E-004    2.68224064193767880969E-004    2.58789617002830926035E-004    2.49637582584084200509E-004    2.40761585443796395211E-004    2.32155308140495408387E-004    2.23812494485544217744E-004    2.15726952580402701626E-004    2.07892557689789389845E-004    2.00303254950387173497E-004    1.92953061915276203936E-004    1.85836070934603935379E-004    1.78946451373539487835E-004    1.72278451668853163159E-004    1.65826401225914872540E-004    1.59584712158206668995E-004    1.53547880871765068641E-004    1.47710489497333678516E-004    1.42067207173211644284E-004    1.36612791182067546281E-004    1.31342087945236979992E-004    1.26250033878193496442E-004    1.21331656111090785519E-004    1.16582073078431289388E-004    1.11996494982046876257E-004    1.07570224131699475638E-004    1.03298655167712399275E-004    9.91772751701154424171E-005    9.52016636588510313044E-005    9.13674924896122099549E-005    8.76705256499352739109E-005    8.41066189601659419412E-005    8.06717196838907296599E-005    7.73618660524493938387E-005    7.41731867080556691099E-005    7.11019000700680335126E-005    6.81443136288336547219E-005    6.52968231715199274234E-005    6.25559119442166611984E-005    5.99181497545649545487E-005    5.73801920190193537482E-005    5.49387787588043180606E-005    5.25907335484769960479E-005    5.03329624209377293601E-005    4.81624527325875276067E-005    4.60762719922319367752E-005    4.40715666572035196392E-005    4.21455609000656757340E-005    4.02955553491089434590E-005
   2.29732416983064596794E-002    2.29756612632052888145E-002    2.29776377016116667429E-002    2.29791486316867805961E-002    2.29801706018013009170E-002    2.29806790414706849091E-002    2.29806482105053555554E-002    2.29800511463807213830E-002    2.29788596098434196036E-002    2.29770440287840015114E-002    2.29745734404217770430E-002    2.29714154318652087616E-002    2.29675360791316250653E-002    2.29628998847326397381E-002    2.29574697139575435723E-002    2.29512067300157336647E-002    2.29440703282312863376E-002    2.29360180695189624922E-002    2.29270056134102673262E-002    2.29169866509422587297E-002    2.29059128377698192902E-002    2.28937337279149534519E-002    2.28803967086239970485E-002    2.28658469368658613663E-002    2.28500272780717862686E-002    2.28328782477890367131E-002    2.28143379569979501409E-002    2.27943420619233332036E-002    2.27728237192570161229E-002    2.27497135926126546612E-002    2.27249527689199204428E-002    2.26990012584344369451E-002    2.26725382242436331037E-002    2.26458744727794751561E-002    2.26189338091435446221E-002    2.25914703032926086901E-002    2.25617738416229902942E-002    2.24656172463582430587E-002    2.23673142506504232796E-002    2.22662164185046390630E-002    2.21619475567411093608E-002    2.20544619389339592586E-002    2.19438204327786004488E-002    2.18301003760204212489E-002    2.17307200562602449712E-002    2.16592857496946122886E-002    2.15852686149040906560E-002    2.15085903395550170902E-002    2.14288249717470187516E-002    2.12637085611813991815E-002    2.10190860707460645818E-002    2.07093807629191994923E-002    2.03453003951540971339E-002    1.99331113979545095083E-002    1.94436974368949987146E-002    1.94940037042833150260E-002
   3.88807167827204345351E-003    3.80846569690076195216E-003    3.72971113049711802331E-003    3.65181397228782995620E-003    3.57478009828346172255E-003    3.49861525891259411356E-003    3.42332507046879232562E-003    3.34891500638036373680E-003    3.27539038831414427988E-003    3.20275637712499070334E-003    3.13101796366530666857E-003    3.06017995946906073632E-003    2.99024698732707231927E-003    2.92122347177117087577E-003    2.85311362948659739958E-003    2.78592145967346662208E-003    2.71965073437920078561E-003    2.65430498882590973353E-003    2.58988751175726235332E-003    2.52640133583168641218E-003    2.46384922808943682138E-003    2.40223368052229534556E-003    2.34155690077651138653E-003    2.28182080301997988053E-003    2.22302699900606224453E-003    2.16517678936721481506E-003    2.10827115517246742663E-003    2.05231074978331215833E-003    1.99729589104299899358E-003    1.94322655383475468779E-003    1.89010236304417138936E-003    1.83792258696141444854E-003    1.78668613115803040330E-003    1.73639153287322460170E-003    1.68703695594319465906E-003    1.63862018630657295393E-003    1.59113862811741764089E-003    1.54458930049623278935E-003    1.49896883494711930136E-003    1.45427347346805172466E-003    1.41049906737834656288E-003    1.36764107688533030280E-003    1.32569457140980714871E-003    1.28465423068645895853E-003    1.24451434665304150849E-003    1.20526882613835109592E-003    1.16691119435602353935E-003    1.12943459920756975393E-003    1.09283181639434475926E-003    1.05709525533470485165E-003    1.02221696587843371117E-003    9.88188645807263222470E-004    9.55001649106027093554E-004    9.22646994985582913698E-004    8.91115377634748608016E-004    8.60397176675018306516E-004
   8.13668774709852202220E-003    8.01259786099941216653E-003    7.88922274409463962497E-003    7.76657089192877604644E-003    7.64465088312831029388E-003    7.52347137792669460460E-003    7.40304111651809981787E-003    7.28336891722975755814E-003    7.16446367450420448092E-003    7.04633435668172540545E-003    6.92899000357292352975E-003    6.81243972381223757140E-003    6.69669269198099308821E-003    6.58175814549055108321E-003    6.46764538121454186925E-003    6.35436375185915915814E-003    6.24192266206103317516E-003    6.13033156420123362396E-003    6.01959995392485191362E-003    5.90973736535435698741E-003    5.80075336598615421552E-003    5.69265755125924338698E-003    5.58545953878486142741E-003    5.47916896222654711129E-003    5.37379546482015437586E-003    5.26934869252364528752E-003    5.16583828678696121983E-003    5.06327387693261861401E-003    4.96166507213843983870E-003    4.86102145301422431528E-003    4.76135256276555458854E-003    4.66266789793769870220E-003    4.56497689873488696199E-003    4.46828893891026111829E-003    4.37261331522377418718E-003    4.27795923646627582887E-003    4.18433581204966792422E-003    4.09175204016483731739E-003    4.00021679551025317184E-003    3.90973881659734904398E-003    3.82032669263901100698E-003    3.73198885003185815493E-003    3.64473353844348537181E-003    3.55856881651963209007E-003    3.47350253722874180093E-003    3.38954233286325925384E-003    3.30669559972142888815E-003    3.22496948249514133605E-003    3.14437085839338204690E-003    3.06490632103330589570E-003    2.98658216413545500589E-003    2.90940436506150227822E-003    2.83337856823786182411E-003    2.75851006851055013946E-003    2.68480379448120514557E-003    2.61226429187679833055E-003
   2.54019731985437105526E-002    2.54176468547978144652E-002    2.54333435677592395452E-002    2.54490617409187380726E-002    2.54647996902693726784E-002    2.54805556395639315470E-002    2.54963277152934035541E-002    2.55121139413687046671E-002    2.55279122334869067179E-002    2.55437203931618353470E-002    2.55595361013977104281E-002    2.55753569119827051104E-002    2.55911802443782414318E-002    2.56070033761776824632E-002    2.56228234351067521435E-002    2.56386373905357241310E-002    2.56544420444716689267E-002    2.56702340219967135859E-002    2.56860097611160929920E-002    2.57017655019769995783E-002    2.57174972754169485489E-002    2.57332008907971213074E-002    2.57488719230735477184E-002    2.57645056990551506171E-002    2.57800972827947755261E-002    2.57956414600551756089E-002    2.58111327217881159068E-002    2.58265652465603547105E-002    2.58419328818559543293E-002    2.58572291241791624161E-002    2.58724470978772200236E-002    2.58875795325966273630E-002    2.59026187392808054932E-002    2.59175565846103996004E-002    2.59323844637811586067E-002    2.59470932715069289853E-002    2.59616733711276748142E-002    2.59761145616947096426E-002    2.59904060428963711027E-002    2.60045363776785914967E-002    2.60184934524051586502E-002    2.60322644343923062515E-002    2.60458357266417500631E-002    2.60591929195849586476E-002    2.60723207396397448077E-002    2.60852029943680202573E-002    2.60978225140106705193E-002    2.61101610891621947752E-002    2.61221994043340406677E-002    2.60541799871506912778E-002    2.57210996493925161954E-002    2.51932371380776676251E-002    2.45053478844360801692E-002    2.36779011592052682222E-002    2.27143179382454339643E-002    2.13854255156747004307E-002
   1.65206822690919718707E-003    1.60856697656118052125E-003    1.56583738648240883805E-003    1.52387715732129908758E-003    1.48268372149739681432E-003    1.44225424205089193530E-003    1.40258561190852192903E-003    1.36367445357725501458E-003    1.32551711927639042851E-003    1.28810969151669759206E-003    1.25144798413440779677E-003    1.21552754378588382701E-003    1.18034365190732275924E-003    1.14589132714234360685E-003    1.11216532823825084431E-003    1.07916015741028404121E-003    1.04687006417127775881E-003    1.01528904962216721779E-003    9.84410871197259314605E-004    9.54229047855948927549E-004    9.24736865711202273184E-004    8.95927384082839130784E-004    8.67793441962344167494E-004    8.40327664873912524163E-004    8.13522472115010288583E-004    7.87370084357962149099E-004    7.61862531592918533659E-004    7.36991661390746632260E-004    7.12749147463657430589E-004    6.89126498499729425902E-004    6.66115067246727502077E-004    6.43706059819876231717E-004    6.21890545207045468759E-004    6.00659464944667534012E-004    5.80003642936977471117E-004    5.59913795390871537987E-004    5.40380540838656547344E-004    5.21394410220780524061E-004    5.02945857000806017222E-004    4.85025267285262593007E-004    4.67622969921237024906E-004    4.50729246545239167245E-004    4.34334341557513479472E-004    4.18428471996687217308E-004    4.03001837290606259451E-004    3.88044628860207167168E-004    3.73547039554266823835E-004    3.59499272894188794981E-004    3.45891552109081786264E-004    3.32714128942777909170E-004    3.19957292215761678836E-004    3.07611376126380969658E-004    2.95666768277120508776E-004    2.84113917413186714122E-004    2.72943340862092775206E-004    2.62145631664378983734E-004
   1.69324467831349391445E-002    1.67480932861031155123E-002    1.65642422877125758407E-002    1.63809001203497235644E-002    1.61980732203581105633E-002    1.60157681298525068903E-002    1.58339914985540300418E-002    1.56527500856459556022E-002    1.54720507616488388292E-002    1.52919005103146019714E-002    1.51123064305380434141E-002    1.49332757382846861849E-002    1.47548157685335364075E-002    1.45769339772339242417E-002    1.43996379432735285842E-002    1.42229353704573062422E-002    1.40468340894942290975E-002    1.38713420599899557584E-002    1.36964673724439336966E-002    1.35222182502467876131E-002    1.33486030516771544269E-002    1.31756302718932290924E-002    1.30033085449167435527E-002    1.28316466456059458112E-002    1.26606534916132232316E-002    1.24903381453233715270E-002    1.23207098157689029505E-002    1.21517778605162475591E-002    1.19835517875189982023E-002    1.18160412569321554566E-002    1.16492560828812003609E-002    1.14832062351804681244E-002    1.13179018409931032851E-002    1.11533531864264484623E-002    1.09895707180537923614E-002    1.08265650443556682436E-002    1.06643469370707507510E-002    1.05029273324476063456E-002    1.03423173323870729035E-002    1.01825282054646016477E-002    1.00235713878216742972E-002    9.86545848391362154017E-003    9.70820126710189752750E-003    9.55181168007688576049E-003    9.39630183509732909430E-003    9.24168401403081818390E-003    9.08797066818054985471E-003    8.93517441788031600847E-003    8.78330805184128829421E-003    8.63238452623130494978E-003    8.48241696346785888083E-003    8.33341865070364416768E-003    8.18540303798426065185E-003    8.03838373605508804687E-003    7.89237451379428030240E-003    7.74738929524780746416E-003
   2.17850775053941084214E-002    2.17679608251216336057E-002    2.17496575182136615834E-002    2.17301186188692749268E-002    2.17093007303732939139E-002    2.16873082647855222604E-002    2.16645228219252937440E-002    2.16414156651249939278E-002    2.16182475425879434827E-002    2.15950030171122991929E-002    2.15715088764225348950E-002    2.15054110328700177901E-002    2.14195747046825452076E-002    2.13318047725546203197E-002    2.12416652111475368070E-002    2.11489072895861482393E-002    2.10534891514714758709E-002    2.09554585815608686306E-002    2.08677604261745669456E-002    2.08093844720062433329E-002    2.07490819922643322804E-002    2.06867982838910106913E-002    2.06224785841403468467E-002    2.05560682091466273569E-002    2.04875127227161051013E-002    2.04167585220312482186E-002    2.03437543789582696296E-002    2.02684496162470542679E-002    2.01907925905762918040E-002    2.01107315476986847624E-002    2.00281591910170427007E-002    1.99427872132188488408E-002    1.98548660390342468496E-002    1.97643516553272363678E-002    1.96712022232567763924E-002    1.95753783003011667951E-002    1.94768430627226367402E-002    1.93755625269149828194E-002    1.92715057679857942885E-002    1.91646451338494151762E-002    1.90549732341701721916E-002    1.89426888194438036717E-002    1.88276775378930193161E-002    1.87096505197204276971E-002    1.85885212703926737399E-002    1.84642485171711175085E-002    1.82716940138585824671E-002    1.80929508317520526539E-002    1.79215380710455660096E-002    1.76969115390934635113E-002    1.74729792558558708060E-002    1.72497514130000757782E-002    1.70272383985259449790E-002    1.68054508008451501666E-002    1.65843994129210026145E-002    1.63640952364687460030E-002
   2.54821530895543227335E-002    2.54980024009362343795E-002    2.55138783081161196753E-002    2.55297793496747082997E-002    2.55457039834207262630E-002    2.55616505820203815391E-002    2.55776174283697983747E-002    2.55936027106943263243E-002    2.56096045173572657572E-002    2.56256208313594656401E-002    2.56416495245102016298E-002    2.56576883512479453353E-002    2.56737349420887023266E-002    2.56897867966777437854E-002    2.57058412764190370725E-002    2.57218955966548173953E-002    2.57379468183660080338E-002    2.57539918393620524684E-002    2.57700273849265915072E-002    2.57860499978831390899E-002    2.58020560280423638666E-002    2.58180416209899815660E-002    2.58340027061714008760E-002    2.58499349842261950949E-002    2.58658339135222486993E-002    2.58816946958358821973E-002    2.58975122611206816370E-002    2.59132812513033737589E-002    2.59289960030414240455E-002    2.59446505293717995244E-002    2.59602385001759111693E-002    2.59757532213804667731E-002    2.59911876128079526171E-002    2.60065341845852754377E-002    2.60217850120119977009E-002    2.60369317087832084778E-002    2.60519653984548106573E-002    2.60668766840311885713E-002    2.60816556155472785428E-002    2.60962916555079298131E-002    2.61107736420388043819E-002    2.61250897495927565661E-002    2.61392274470457069979E-002    2.61531734530046564013E-002    2.61669136881394655270E-002    2.61804332243373814870E-002    2.61937162304669950152E-002    2.62067459145247129426E-002    2.62195044619230217819E-002    2.61541023035240342842E-002    2.58202926948127610418E-002    2.52893841132822809470E-002    2.45966254990374506850E-002    2.37628160656165494935E-002    2.27915480633631602203E-002    2.14540693536839077726E-002
   1.92062130931024838132E-002    1.91363080817365041608E-002    1.90645103826715990591E-002    1.89907892621161873692E-002    1.89151151941837868120E-002    1.88374599782637590362E-002    1.87577968570069898713E-002    1.86761006343055327439E-002    1.85923477926098167090E-002    1.85065166088967496261E-002    1.84185872685771641344E-002    1.83285565485772454497E-002    1.82364802170043825702E-002    1.81423777544040196186E-002    1.80461325201016382913E-002    1.79476058758423311079E-002    1.78467168910161760875E-002    1.76930858717266360769E-002    1.75336499479093917142E-002    1.74028011364131748873E-002    1.72039548381736732974E-002    1.70055928126534028344E-002    1.68078020931225376178E-002    1.66105903211986316581E-002    1.64139652718457013103E-002    1.62179348558539673797E-002    1.60225071223501526474E-002    1.58276902613385846152E-002    1.56334926062706748573E-002    1.54399226366420672107E-002    1.52469889806154477313E-002    1.50547004176674117937E-002    1.48630658812566578825E-002    1.46720944615123406046E-002    1.44817954079391100070E-002    1.42921781321360911315E-002    1.41032522105274376462E-002    1.39150273871000221271E-002    1.37275135761453295768E-002    1.35407208650011514489E-002    1.33546595167884137728E-002    1.31693399731389205326E-002    1.29847728569075990257E-002    1.28009689748647889629E-002    1.26179393203615045765E-002    1.24356950759608470697E-002    1.22542476160286527981E-002    1.20736085092754477643E-002    1.18937895212406826578E-002    1.17148026167106580897E-002    1.15366599620597542336E-002    1.13593739275043882631E-002    1.11829570892589182790E-002    1.10074222315797685956E-002    1.08327823486863272090E-002    1.06590506465431972272E-002
   2.92176250029658156337E-003    2.85597021570602833604E-003    2.79103225324099646354E-003    2.72695207100306707612E-003    2.66373292260434343590E-003    2.60137784900116991738E-003    2.53988967035900965741E-003    2.47927097797002006854E-003    2.41952412624614216635E-003    2.36065122481096548515E-003    2.30265413071520505181E-003    2.24553444080045731812E-003    2.18929348423797928355E-003    2.13393231526826272770E-003    2.07945170616914785239E-003    2.02585214047991618927E-003    1.97313380650900082117E-003    1.92129659115369811305E-003    1.87034007405967035546E-003    1.82026352214842337268E-003    1.77106588454033469365E-003    1.72274578790054745843E-003    1.67530153223414230920E-003    1.62873108715701686230E-003    1.58303208866665567379E-003    1.53820183643709135560E-003    1.49423729166032939059E-003    1.45113507545513052352E-003    1.40889146786256618665E-003    1.36750240744559314714E-003    1.32696349150834445527E-003    1.28726997694810591996E-003    1.24841678175120871126E-003    1.21039848714106328120E-003    1.17320934038460931471E-003    1.13684325826020533358E-003    1.10129383118754884362E-003    1.06655432801750936142E-003    1.03261770147641796479E-003    9.99476594257045708805E-004    9.67123345745112298830E-004    9.35549999367548822289E-004    9.04748310545861952892E-004    8.74709755234962449064E-004    8.45425539025439968903E-004    8.16886606784361104204E-004    7.89083652807319587894E-004    7.62007131452228643302E-004    7.35647268222941333807E-004    7.09994071269088103393E-004    6.85037343266440765244E-004    6.60766693640862760872E-004    6.37171551097152899512E-004    6.14241176413458131282E-004    5.91964675460557657183E-004    5.70331012405030980152E-004
   2.21019259711652746314E-002    2.20909672639876333844E-002    2.20790449496851698408E-002    2.20661166638938671669E-002    2.20521384194513649091E-002    2.20370645703943240923E-002    2.20208477784391391807E-002    2.20034389824251830348E-002    2.19847873712435103177E-002    2.19648403608182253566E-002    2.19435480336110481925E-002    2.19209917326351096112E-002    2.18975428256652955572E-002    2.18736964965158819929E-002    2.18497405910580214106E-002    2.18256663846213665170E-002    2.18012930475013494425E-002    2.17455919075657706785E-002    2.16576091884848297153E-002    2.15676700326994756629E-002    2.14752655699533799571E-002    2.13801170432784126696E-002    2.12821855119861742811E-002    2.11815252480607382757E-002    2.10794138273478100232E-002    2.10188378456136852612E-002    2.09562173027326784092E-002    2.08914927738450030559E-002    2.08246047638551215475E-002    2.07554938653104550927E-002    2.06841009515455025169E-002    2.06103679920893040345E-002    2.05342395746585144878E-002    2.04556603674921101688E-002    2.03745740248124397598E-002    2.02909244379915199019E-002    2.02045778683118057439E-002    2.01152814755715947381E-002    2.00232659210607018274E-002    1.99284839956622231161E-002    1.98308909830285165499E-002    1.97304449143568261249E-002    1.96271068232702419754E-002    1.95208409988930770007E-002    1.94116152350983783847E-002    1.92994024622781985834E-002    1.91842230408037876799E-002    1.90663662869238782760E-002    1.89447960427892823920E-002    1.88074082929089274330E-002    1.86667930904972391437E-002    1.85280577661159837066E-002    1.82926762999687173017E-002    1.81469082021437459751E-002    1.79693716980369490310E-002    1.77389571929289710517E-002
   6.96720800556280359800E-003    6.85358835509974981953E-003    6.74072398451356497029E-003    6.62862338776295557941E-003    6.51729511423405211135E-003    6.40674776569894084688E-003    6.29698999304661305443E-003    6.18803049277751818918E-003    6.07987800325223218256E-003    5.97254130068510837026E-003    5.86602919487357824663E-003    5.76035052465403984989E-003    5.65551415307471126714E-003    5.55152896227690574593E-003    5.44840384807551009194E-003    5.34614771422989559085E-003    5.24476946639725310345E-003    5.14427800575967611452E-003    5.04468222231783426646E-003    4.94599098784373816806E-003    4.84821314848574679013E-003    4.75135751702045715239E-003    4.65543286474526165492E-003    4.56044791300768900810E-003    4.46641132436771063491E-003    4.37333169339044515456E-003    4.28121753706764331809E-003    4.19007728486773395327E-003    4.09991926841580742180E-003    4.01075171080522707712E-003    3.92258271554589681845E-003    3.83542025515419462284E-003    3.74927215939232887087E-003    3.66414610316670007889E-003    3.58004959409646654478E-003    3.49698995976614919468E-003    3.41497433467798355150E-003    3.33400964692242554252E-003    3.25410260458714730922E-003    3.17525968192810051360E-003    3.09748710532832451786E-003    3.02079083907293762662E-003    2.94517657097160493601E-003    2.87064969786260957077E-003    2.79721531103508747398E-003    2.72487818160923678593E-003    2.65364274591666513339E-003    2.58351309092577120785E-003    2.51449293976029226994E-003    2.44658563736044375528E-003    2.37979413633985798643E-003    2.31412098309259064641E-003    2.24956830420729690656E-003    2.18613779324685654493E-003    2.12383069795374487473E-003    2.06264780794234965991E-003
   5.75056236229216054257E-003    5.64903052980711591069E-003    5.54829700009562207241E-003    5.44836989549671302235E-003    5.34925734648729594295E-003    5.25096748652871710139E-003    5.15350844664146361812E-003    5.05688834970221753884E-003    4.96111530445671883305E-003    4.86619739924341963150E-003    4.77214269542230919846E-003    4.67895922050484084492E-003    4.58665496098059708580E-003    4.49523785483772406191E-003    4.40471578377453314157E-003    4.31509656510067549084E-003    4.22638794332692770833E-003    4.13859758144437175215E-003    4.05173305189375065199E-003    3.96580182722782934035E-003    3.88081127047075783928E-003    3.79676862517914484249E-003    3.71368100521206247894E-003    3.63155538421751702960E-003    3.55039858484581302006E-003    3.47021726770099488493E-003    3.39101792004347117257E-003    3.31280684425992689654E-003    3.23559014611640109044E-003    3.15937372281492124051E-003    3.08416325087405417821E-003    3.00996417385743881764E-003    2.93678168997525516903E-003    2.86462073958693511089E-003    2.79348599263443565094E-003    2.72338183603901577354E-003    2.65431236109483657468E-003    2.58628135089667820362E-003    2.51929226783995227276E-003    2.45334824123350815628E-003    2.38845205506770311144E-003    2.32460613598206577990E-003    2.26181254147822573611E-003    2.20007294842557458645E-003    2.13938864190801186771E-003    2.07976050446176093447E-003    2.02118900575433500105E-003    1.96367419275570798468E-003    1.90721568045311711155E-003    1.85181264316036935276E-003    1.79746380647264540446E-003    1.74416743991669164274E-003    1.69192135034555951427E-003    1.64072287612485392949E-003    1.59056888215693267505E-003    1.54145575578558684422E-003
   2.19467556130731704378E-002    2.19328499063132370539E-002    2.19178721817989419218E-002    2.19017766900495500226E-002    2.18845160438253631685E-002    2.18660411937197721177E-002    2.18463014076332937008E-002    2.18252499957887827198E-002    2.18029811249988679511E-002    2.17798707431909009669E-002    2.17563997841482489881E-002    2.17328420255964820107E-002    2.17091864964972722229E-002    2.16852572524565273548E-002    2.16244001673701405353E-002    2.15375058280468656413E-002    2.14486675051269032322E-002    2.13574157379971575621E-002    2.12634855391875265962E-002    2.11668353157278416043E-002    2.10675154443455275866E-002    2.09726121795549037830E-002    2.09131568580231547161E-002    2.08517173142679403119E-002    2.07882365454171401387E-002    2.07226574833381561869E-002    2.06549231424508240862E-002    2.05849768002993351035E-002    2.05127626835180619513E-002    2.04382275271572690090E-002    2.03613183977976938688E-002    2.02819813533645747217E-002    2.02001625041296935248E-002    2.01157421778106713928E-002    2.00284482397235334694E-002    1.99385220429490125915E-002    1.98459179985628758613E-002    1.97505928438635666722E-002    1.96525058801118486518E-002    1.95516192105674446733E-002    1.94478979770991988740E-002    1.93413105935443911665E-002    1.92318289739115202974E-002    1.91194470995859969187E-002    1.90044282937470755679E-002    1.88865365014009717326E-002    1.87654946887011418732E-002    1.86412505308441618646E-002    1.85135336425600247057E-002    1.82998629939254732479E-002    1.81275763417989392579E-002    1.79460331764521932585E-002    1.77185505567310878916E-002    1.74917793968717184827E-002    1.72657302577205289118E-002    1.70404139058171165411E-002
   1.28420634961148045355E-002    1.26829296540279037875E-002    1.25243775736408081978E-002    1.23664146488621281422E-002    1.22090483857694321462E-002    1.20522864039630268201E-002    1.18961364378969702837E-002    1.17406063381847464849E-002    1.15857040728752601344E-002    1.14314377286953063745E-002    1.12778155122548254252E-002    1.11248457512098750805E-002    1.09725368953788367937E-002    1.08208975178068142475E-002    1.06699363157728346202E-002    1.05196621117339302043E-002    1.03700838542007383464E-002    1.02212106185371760098E-002    1.00730516076780567125E-002    9.92561615275766410960E-003    9.77891371364105962960E-003    9.63295387935029709392E-003    9.48774636837761663199E-003    9.34330102887589997174E-003    9.19962783871733358332E-003    9.05673690541071267635E-003    8.91463846586644341474E-003    8.77334288599853663604E-003    8.63286066015243359895E-003    8.49320241034623446552E-003    8.35437888531303726736E-003    8.21640095933139080753E-003    8.07927963082976687004E-003    7.94302602075154344508E-003    7.80765137066463579124E-003    7.67316704060150810152E-003    7.53958450661280487476E-003    7.40691535801835197056E-003    7.27517129433825383844E-003    7.14436412188699555836E-003    7.01450575001151630655E-003    6.88560818695538832956E-003    6.75768353532977400500E-003    6.63074398717105641110E-003    6.50480181856648732169E-003    6.37986938382637501499E-003    6.25595910918289293406E-003    6.13308348599509757515E-003    6.01125506343897896694E-003    5.89048644066186323498E-003    5.77079025838061164533E-003    5.65217918990335368989E-003    5.53466593155425498618E-003    5.41826319248207236706E-003    5.30298368383322771963E-003    5.18884010727186425344E-003
   1.74658087591490623902E-002    1.72907136922108677080E-002    1.71810786560450921845E-002    1.70202225301376887379E-002    1.68336247513879849746E-002    1.66475380583947056568E-002    1.64619689458959765627E-002    1.62769240162443512565E-002    1.60924099813059828801E-002    1.59084336643823646973E-002    1.57250020021542091797E-002    1.55421220466460448945E-002    1.53598009672112640472E-002    1.51780460525358911611E-002    1.49968647126600736902E-002    1.48162644810159241371E-002    1.46362530164800622168E-002    1.44568381054393946955E-002    1.42780276638677736806E-002    1.40998297394121872156E-002    1.39222525134854897833E-002    1.37453043033640004422E-002    1.35689935642865563969E-002    1.33933288915522846069E-002    1.32183190226147235374E-002    1.30439728391675887481E-002    1.28702993692191396125E-002    1.26973077891516464982E-002    1.25250074257602719840E-002    1.23534077582678099294E-002    1.21825184203099810831E-002    1.20123492018854964580E-002    1.18429100512653841942E-002    1.16742110768549758187E-002    1.15062625490022982233E-002    1.13390749017454137842E-002    1.11726587344904045029E-002    1.10070248136129658634E-002    1.08421840739737849330E-002    1.06781476203382727497E-002    1.05149267286916339031E-002    1.03525328474372811660E-002    1.01909775984679318306E-002    1.00302727780972582988E-002    9.87043035783927852345E-003    9.71146248502119564805E-003    9.55338148321655672435E-003    9.39619985248200430272E-003    9.23993026938252359770E-003    9.08458558678774084905E-003    8.93017883342127859192E-003    8.77672321314413445004E-003    8.62423210395265107953E-003    8.47271905666950597702E-003    8.32219779330612731416E-003    8.17268220507372938899E-003
   6.61986469656409594331E-003    6.50955645500478005672E-003    6.40001582575376766482E-003    6.29125124579704361749E-003    6.18327119629706600801E-003    6.07608419899493320399E-003    5.96969881236970433686E-003    5.86412362754628029710E-003    5.75936726394291314407E-003    5.65543836464992011326E-003    5.55234559153061201647E-003    5.45009762003668962738E-003    5.34870313372897907001E-003    5.24817081849622210643E-003    5.14850935646422088604E-003    5.04972741958746411395E-003    4.95183366291693325550E-003    4.85483671753761478890E-003    4.75874518316982044602E-003    4.66356762042896295234E-003    4.56931254274034383961E-003    4.47598840790401283907E-003    4.38360360930855220279E-003    4.29216646679116131669E-003    4.20168521714393491950E-003    4.11216800426739657881E-003    4.02362286897290592075E-003    3.93605773843793294714E-003    3.84948041531889186689E-003    3.76389856652880119836E-003    3.67931971168779974393E-003    3.59575121125731188634E-003    3.51320025437015055411E-003    3.43167384637104539921E-003    3.35117879608429983934E-003    3.27172170282750062950E-003    3.19330894319267083806E-003    3.11594665761875120116E-003    3.03964073678115618768E-003    2.96439680782810714363E-003    2.89022022049421206669E-003    2.81711603312588803466E-003    2.74508899865507239452E-003    2.67414355056038626282E-003    2.60428378885752421362E-003    2.53551346616315157259E-003    2.46783597387873442075E-003    2.40125432854359013857E-003    2.33577115840772654709E-003    2.27138869027785229165E-003    2.20810873669091039043E-003    2.14593268347199788229E-003    2.08486147773340397063E-003    2.02489561637414234446E-003    1.96603513513844783273E-003    1.90827959829303764674E-003
   9.09879482033779107830E-003    8.96674645742941145432E-003    8.83538148599031895880E-003    8.70470826113851035843E-003    8.57473523494248039689E-003    8.44547095590769854312E-003    8.31692406833370485864E-003    8.18910331153374637658E-003    8.06201751890845905169E-003    7.93567561686534840570E-003    7.81008662357470222898E-003    7.68525964755276905921E-003    7.56120388606266579518E-003    7.43792862332289059918E-003    7.31544322851340744762E-003    7.19375715356797111599E-003    7.07287993074303886210E-003    6.95282116995075624710E-003    6.83359055584533900407E-003    6.71519784465068794027E-003    6.59765286071756391906E-003    6.48096549279796995541E-003    6.36514569002385663388E-003    6.25020345757869126568E-003    6.13614885204796615958E-003    6.02299197643692534737E-003    5.91074297484193555280E-003    5.79941202676327940968E-003    5.68900934104667535540E-003    5.57954514944040622093E-003    5.47102969975685627518E-003    5.36347324862537343931E-003    5.25688605382565888463E-003    5.15127836619023397186E-003    5.04666042106549205676E-003    4.94304242932187224563E-003    4.84043456790348228247E-003    4.73884696990998707800E-003    4.63828971420315264856E-003    4.53877281453237725606E-003    4.44030620817538988765E-003    4.34289974409016697743E-003    4.24656317057815844290E-003    4.15130612245822629147E-003    4.05713810775487713350E-003    3.96406849390517658505E-003    3.87210649349157111712E-003    3.78126114951049746918E-003    3.69154132018920198149E-003    3.60295566336595127904E-003    3.51551262045236585091E-003    3.42922039999923313966E-003    3.34408696089110238359E-003    3.26011999519786261140E-003    3.17732691071613386480E-003    3.09571481323586521206E-003
   2.42057380640685014528E-002    2.42176841615966316479E-002    2.42295497414832944338E-002    2.42413287371415590854E-002    2.42530147679244703629E-002    2.42646011220351669191E-002    2.42760807384591534297E-002    2.42874461878616505761E-002    2.42986896523900777756E-002    2.43098029043180390019E-002    2.43207772834642191317E-002    2.43316036733154661409E-002    2.43422724757800558459E-002    2.43527735844930801057E-002    2.43630963565919129998E-002    2.43732295828757578038E-002    2.43831614562588575024E-002    2.43928795384230831522E-002    2.44023707245706947266E-002    2.44116212061744747297E-002    2.44206164316171613071E-002    2.44293410646087595650E-002    2.44377789402651958428E-002    2.44459130187283414648E-002    2.44537253362030228276E-002    2.44611969532835676899E-002    2.44683079004385899136E-002    2.44750371205205534408E-002    2.44813624081640923702E-002    2.44872603459359503009E-002    2.44927062370987116968E-002    2.44976740348512855849E-002    2.45021362679110205063E-002    2.45060639623058164338E-002    2.45094265592500359929E-002    2.45121918289855078577E-002    2.45143257804791188381E-002    2.45157925668815085407E-002    2.45165543866677285156E-002    2.45165713804013397914E-002    2.45158015230880696467E-002    2.45142005121154020475E-002    2.45117216508100692340E-002    2.45083157276881832831E-002    2.45039308915222589502E-002    2.44985125224082105067E-002    2.44920030990824384720E-002    2.44843420628175142961E-002    2.44754656783145729815E-002    2.43633259226399903619E-002    2.40582310295817149159E-002    2.36057707410588756003E-002    2.30304082607929831716E-002    2.23460586564961719014E-002    2.15529290126768476032E-002    2.03887472676274883465E-002
   4.68096916184179354103E-003    4.59140824794848894513E-003    4.50268013644819498076E-003    4.41479205542026284514E-003    4.32775117780241982968E-003    4.24156461419699076093E-003    4.15623940541514930863E-003    4.07178251476071357412E-003    3.98820082005431428979E-003    3.90550110540141548476E-003    3.82369005270751134706E-003    3.74277423294562495634E-003    3.66276009718211710206E-003    3.58365396736810360237E-003    3.50546202690519333872E-003    3.42819031099586817718E-003    3.35184469678962825706E-003    3.27643089333823833362E-003    3.20195443137480080867E-003    3.12842065293261750725E-003    3.05583470082203007695E-003    2.98420150798467745390E-003    2.91352578674680326443E-003    2.84381201799427168683E-003    2.77506444029458577624E-003    2.70728703899226217158E-003    2.64048353530592534721E-003    2.57465737545705796591E-003    2.50981171986232451040E-003    2.44594943242239671460E-003    2.38307306994227580468E-003    2.32118487171912614431E-003    2.26028674933523169091E-003    2.20038027669450199017E-003    2.14146668034251048268E-003    2.08354683011014157196E-003    2.02662123012238744313E-003    1.97069001021373500782E-003    1.91575291779198016856E-003    1.86180931019248353808E-003    1.80885814756439450811E-003    1.75689798632987746740E-003    1.70592697325678307844E-003    1.65594284018400926192E-003    1.60694289943726846374E-003    1.55892403997160301082E-003    1.51188272427481675345E-003    1.46581498606370027281E-003    1.42071642880275527537E-003    1.37658222507150039202E-003    1.33340711680412973145E-003    1.29118541642148326569E-003    1.24991100887158969497E-003    1.20957735459143963554E-003    1.17017749339852982458E-003    1.13170404931626643504E-003
   1.69323696115145534702E-002    1.67480165617190437932E-002    1.65641660118158624837E-002    1.63808242942095408368E-002    1.61979978452619216567E-002    1.60156932071062602096E-002    1.58339170294824020668E-002    1.56526760715924792566E-002    1.54719772039763250188E-002    1.52918274104051569312E-002    1.51122337897933185086E-002    1.49332035581260149509E-002    1.47547440504022867036E-002    1.45768627225915242684E-002    1.43995671536017531139E-002    1.42228650472583945802E-002    1.40467642342909093678E-002    1.38712726743259757295E-002    1.36963984578837676132E-002    1.35221498083760091613E-002    1.33485350841024818375E-002    1.31755627802425858558E-002    1.30032415308395012804E-002    1.28315801107728548469E-002    1.26605874377163623440E-002    1.24902725740764844464E-002    1.23206447289071034656E-002    1.21517132597961062535E-002    1.19834876747186586804E-002    1.18159776338510342369E-002    1.16491929513400788165E-002    1.14831435970211958447E-002    1.13178396980786327708E-002    1.11532915406404482817E-002    1.09895095713006644977E-002    1.08265043985600190046E-002    1.06642867941772363782E-002    1.05028676944205964783E-002    1.03422582012101041404E-002    1.01824695831401208085E-002    1.00235132763704364728E-002    9.86540088537402222457E-003    9.70814418352957363145E-003    9.55175511354382396345E-003    9.39624578769112858700E-003    9.24162848785403147345E-003    9.08791566534962458324E-003    8.93511994052457146631E-003    8.78325410210196479144E-003    8.63233110626038073476E-003    8.48236407542659991143E-003    8.33336629676148174517E-003    8.18535122031719374058E-003    8.03833245684415845234E-003    7.89232377522389172420E-003    7.74733909950369153269E-003
   2.11259789845250761653E-002    2.10441990740896332779E-002    2.09606523104559454296E-002    2.08749517247144231180E-002    2.07868435639326221143E-002    2.06962600179769924680E-002    2.06032343171891549338E-002    2.05276651190710035522E-002    2.04733900513437878932E-002    2.04173899085592948366E-002    2.03596173000837980804E-002    2.03000247617706984504E-002    2.02385648646923391181E-002    2.01751903313262641315E-002    2.01098542718885324454E-002    2.00425113758615561221E-002    1.99731177318762595507E-002    1.99016292065055215577E-002    1.98280010350966977295E-002    1.97521886615571705403E-002    1.96738869820091040463E-002    1.95932349068475633591E-002    1.95102742885507156323E-002    1.94249674504586473944E-002    1.93372785641211450414E-002    1.92471738252691926263E-002    1.91546216297571458842E-002    1.90595927483293361981E-002    1.89620604990070953932E-002    1.88620009158442722419E-002    1.87594159902112339600E-002    1.86544583043642721309E-002    1.85470302026956301855E-002    1.84369073313348716403E-002    1.83239875415994388219E-002    1.82082284245637521236E-002    1.80113328983261856975E-002    1.78552216631772502076E-002    1.76819687543380947570E-002    1.74673576132421924656E-002    1.72533911455660209089E-002    1.70400784895406338937E-002    1.68274289530841274221E-002    1.66154520171880731860E-002    1.64041573393522432944E-002    1.61935547570659817140E-002    1.59836542913340783068E-002    1.57744661502459103397E-002    1.55660007325847359050E-002    1.53582686314752935031E-002    1.51512806380659625222E-002    1.49450477452425095626E-002    1.47395811513703779011E-002    1.45348922640597798955E-002    1.43309927039506936064E-002    1.41278943085114787326E-002
   7.36215397746844621429E-003    7.24488791054650905360E-003    7.12836321926342379729E-003    7.01258842665015633133E-003    6.89757212212013717106E-003    6.78332295900957449319E-003    6.66984965190874339730E-003    6.55716097377530716256E-003    6.44526575281962124664E-003    6.33417286915325620372E-003    6.22389125119022623006E-003    6.11442987179165210743E-003    6.00579774414355602175E-003    5.89800391735853177244E-003    5.79105747179078488712E-003    5.68496751405517513484E-003    5.57974317174028070637E-003    5.47539358780634640572E-003    5.37192791465827823583E-003    5.26935530788519464196E-003    5.16768491965734211302E-003    5.06692589177243357668E-003    4.96708734834369787514E-003    4.86817838812186095415E-003    4.77020807644543739373E-003    4.67318543681240986670E-003    4.57711944206959982923E-003    4.48201900521456343685E-003    4.38789296980803249920E-003    4.29475009999447706471E-003    4.20259907013096744438E-003    4.11144845402456032141E-003    4.02130671378158471851E-003    3.93218218827208476629E-003    3.84408308121633214560E-003    3.75701744890028204588E-003    3.67099318753090833600E-003    3.58601802024260734800E-003    3.50209948376987078786E-003    3.41924491480237978391E-003    3.33746143604230546126E-003    3.25675594198555126008E-003    3.17713508445189359714E-003    3.09860525789104526012E-003    3.02117258449574729515E-003    2.94484289915449264780E-003    2.86962173428079387119E-003    2.79551430455773604680E-003    2.72252549164058409159E-003    2.65065982886246226044E-003    2.57992148599089313882E-003    2.51031425408690389567E-003    2.44184153051941847667E-003    2.37450630419183900469E-003    2.30831114103879951951E-003    2.24325816985416950228E-003
   1.39238599999226657367E-002    1.37577177017739020470E-002    1.35921334154384138709E-002    1.34271142368831853525E-002    1.32626673731651573140E-002    1.30988001439973338752E-002    1.29355199833099121509E-002    1.27728344408024382245E-002    1.26107511834854368188E-002    1.24492779972084771645E-002    1.22884227881706765279E-002    1.21281935844116117718E-002    1.19685985372779985642E-002    1.18096459228627503196E-002    1.16513441434124391527E-002    1.14937017286984698855E-002    1.13367273373470578424E-002    1.11804297581240379145E-002    1.10248179111678418218E-002    1.08699008491658782871E-002    1.07156877584678837667E-002    1.05621879601300785317E-002    1.04094109108828769550E-002    1.02573662040153987252E-002    1.01060635701688480981E-002    9.95551287803058543302E-003    9.80572413492025903026E-003    9.65670748725932538703E-003    9.50847322091373167718E-003    9.36103176139998528760E-003    9.21439367394399563849E-003    9.06856966338094767910E-003    8.92357057388505799100E-003    8.77940738851622735905E-003    8.63609122857084826608E-003    8.49363335272275768451E-003    8.35204515594047992855E-003    8.21133816816539685579E-003    8.07152405273528147922E-003    7.93261460453708634744E-003    7.79462174787180772650E-003    7.65755753401382160961E-003    7.52143413844643012045E-003    7.38626385775491191982E-003    7.25205910615675606451E-003    7.11883241164985337834E-003    6.98659641175711047800E-003    6.85536384884625343838E-003    6.72514756500345711049E-003    6.59596049643752617431E-003    6.46781566739285107559E-003    6.34072618354725343892E-003    6.21470522487207414214E-003    6.08976603793024220956E-003    5.96592192758918591494E-003    5.84318624812508319311E-003
   1.73205741885835602656E-002    1.71966052001225784551E-002    1.70557489357725383661E-002    1.68695272037272733789E-002    1.66838126096941416487E-002    1.64986115782413365893E-002    1.63139306401223725673E-002    1.61297764341481325578E-002    1.59461557090814567972E-002    1.57630753255532628232E-002    1.55805422580000373090E-002    1.53985635966213015025E-002    1.52171465493558290272E-002    1.50362984438756515371E-002    1.48560267295967367990E-002    1.46763389797044015161E-002    1.44972428931921474421E-002    1.43187462969119518735E-002    1.41408571476342274920E-002    1.39635835341149483479E-002    1.37869336791681309368E-002    1.36109159417405322506E-002    1.34355388189861032350E-002    1.32608109483371219839E-002    1.30867411095682995709E-002    1.29133382268512668378E-002    1.27406113707941685831E-002    1.25685697604632912183E-002    1.23972227653818684034E-002    1.22265799075010114100E-002    1.20566508631376537175E-002    1.18874454648740350560E-002    1.17189737034121849862E-002    1.15512457293776918399E-002    1.13842718550649073944E-002    1.12180625561165772663E-002    1.10526284731304533238E-002    1.08879804131830435626E-002    1.07241293512626671702E-002    1.05610864316015001102E-002    1.03988629688963572784E-002    1.02374704494073431871E-002    1.00769205319225976097E-002    9.91722504857672770839E-003    9.75839600550982254334E-003    9.60044558335287553930E-003    9.44338613752540752266E-003    9.28723019832879831403E-003    9.13199047081986355068E-003    8.97767983444619846467E-003    8.82431134242609056806E-003    8.67189822085271191932E-003    8.52045386750297818745E-003    8.36999185032934536754E-003    8.22052590561297980010E-003    8.07206993575405873376E-003
   5.27226188883688894754E-003    5.17590329308919433471E-003    5.08035919379341491253E-003    4.98563739924553789989E-003    4.89174570041861923181E-003    4.79869186488788689732E-003    4.70648363048000329539E-003    4.61512869864224087313E-003    4.52463472752861160797E-003    4.43500932480017737852E-003    4.34626004013794180886E-003    4.25839435746708325908E-003    4.17141968689258534064E-003    4.08534335634673853588E-003    4.00017260295100571948E-003    3.91591456409439743480E-003    3.83257626823313652178E-003    3.75016462541685052789E-003    3.66868641754792288237E-003    3.58814828838248953483E-003    3.50855673328266670641E-003    3.42991808873150489864E-003    3.35223852162332700347E-003    3.27552401834472822414E-003    3.19978037366225364149E-003    3.12501317943545678033E-003    3.05122781317550923960E-003    2.97842942647151380509E-003    2.90662293330913416856E-003    2.83581299830692286010E-003    2.76600402489937235301E-003    2.69720014349639561346E-003    2.62940519965120010973E-003    2.56262274227133258347E-003    2.49685601190776295874E-003    2.43210792916061192478E-003    2.36838108324030497190E-003    2.30567772072554598439E-003    2.24399973456008419367E-003    2.18334865333225753778E-003    2.12372563088201104717E-003    2.06513143628093151852E-003    2.00756644423190832791E-003    1.95103062593487324231E-003    1.89552354046591429657E-003    1.84104432671639201870E-003    1.78759169593841545261E-003    1.73516392494286607502E-003    1.68375884999398908216E-003    1.63337386144434318878E-003    1.58400589915147949234E-003    1.53565144871589697763E-003    1.48830653857734310046E-003    1.44196673800375536716E-003    1.39662715600420272305E-003    1.35228244119335312516E-003
   1.98333215205129843872E-002    1.97735902687790378318E-002    1.97120953978357875414E-002    1.96487989005501399731E-002    1.95836636475666056589E-002    1.95166521467451947736E-002    1.94477264028046041566E-002    1.93767574089634443679E-002    1.93035588526863886860E-002    1.92283363765800748013E-002    1.91510567574039759775E-002    1.90716881532517548714E-002    1.89902002385592370837E-002    1.89065643396934372766E-002    1.88207535703609207811E-002    1.87327429660305265491E-002    1.86425096165292389361E-002    1.85500327959400058975E-002    1.84553172532488027335E-002    1.83584599789266694758E-002    1.82594212601064689871E-002    1.81580271398034051589E-002    1.80541586087573924235E-002    1.79477623353605786338E-002    1.77599540384046766794E-002    1.76171014504578928028E-002    1.74542684039403449281E-002    1.72501799595829695411E-002    1.70466838011515721407E-002    1.68437879974636522951E-002    1.66415007611221375805E-002    1.64398304512618428919E-002    1.62387855763323415981E-002    1.60383747969171201742E-002    1.58386069285862546296E-002    1.56394909447824907722E-002    1.54410359797378556046E-002    1.52432513314196688148E-002    1.50461464645026913450E-002    1.48497310133661880593E-002    1.46540147851121453637E-002    1.44590077626017901591E-002    1.42647201075072945636E-002    1.40711621633747875626E-002    1.38783444586940574866E-002    1.36862777099713128076E-002    1.34949728247989904351E-002    1.33044409049180370475E-002    1.31146932492663022274E-002    1.29257413570064757374E-002    1.27375969305268642306E-002    1.25502718784070901176E-002    1.23637783183405351034E-002    1.21781285800045893652E-002    1.19933352078685911968E-002    1.18094109639299889997E-002
   2.02225304872435257542E-002    2.01690156604434518706E-002    2.01138541384397427636E-002    2.00570031248389867018E-002    1.99984198621977228572E-002    1.99380617311716405726E-002    1.98758864636906333601E-002    1.98118530389717814599E-002    1.97459218127767135997E-002    1.96780532290664889050E-002    1.96082071133869863255E-002    1.95363432345838639037E-002    1.94621786065241435260E-002    1.93858263093301397273E-002    1.93073427544287537505E-002    1.92266935570231424502E-002    1.91438459051441016434E-002    1.90587687083051161852E-002    1.89714327463421129905E-002    1.88818108175425637685E-002    1.87898778851226487541E-002    1.86956112210729004375E-002    1.85990052857817403376E-002    1.85001372290032918555E-002    1.83990274615382989887E-002    1.82955103902826439477E-002    1.81894366662351536501E-002    1.80807357578098813755E-002    1.79218553573393286904E-002    1.77489908399441412290E-002    1.76109019968389082789E-002    1.74035881602047810823E-002    1.71961930056919107268E-002    1.69894136284156511973E-002    1.67832585595206230933E-002    1.65777364845532682036E-002    1.63728562464468020698E-002    1.61686268485465162170E-002    1.59650574576726614340E-002    1.57621574072205339334E-002    1.55599362002952854717E-002    1.53584035128792699421E-002    1.51575691970299904904E-002    1.49574432841056703669E-002    1.47580359880156233854E-002    1.45593577084919580111E-002    1.43614190343792705318E-002    1.41642307469380130530E-002    1.39678038231571197136E-002    1.37721494390710859357E-002    1.35772789730759461252E-002    1.33832040092385935043E-002    1.31899363405925725695E-002    1.29974879724134313036E-002    1.28058711254661547474E-002    1.26150982392161971346E-002
   2.28400674989842761287E-002    2.28408283608969170375E-002    2.28410800902465113693E-002    2.28407974871947909434E-002    2.28399541720398779887E-002    2.28385225337569656989E-002    2.28364736769741012712E-002    2.28337773674336698415E-002    2.28304019760070010803E-002    2.28263144213493793244E-002    2.28214801113038705249E-002    2.28158628831873627751E-002    2.28094249431189249888E-002    2.28021268045813900460E-002    2.27939272264403025581E-002    2.27847831506817234681E-002    2.27746496401711809310E-002    2.27634798167804866531E-002    2.27512248002783440404E-002    2.27378336484330700884E-002    2.27232532988333318924E-002    2.27074285129940690864E-002    2.26903018233804432136E-002    2.26718134840526962248E-002    2.26519014257082797192E-002    2.26305012159753356216E-002    2.26075466740433758672E-002    2.25830626088094690851E-002    2.25575054739179173269E-002    2.25314823451227240481E-002    2.25052678252154018945E-002    2.24787838874095542707E-002    2.24517910380715689234E-002    2.24109747325953422015E-002    2.23160899727819425631E-002    2.22190141189222284401E-002    2.21191592481826439232E-002    2.20162095168426295844E-002    2.19101289788330502728E-002    2.18009775826571682023E-002    2.16888317072471865921E-002    2.16007496663904764722E-002    2.15306576120572988609E-002    2.14580637238978265413E-002    2.13828932471687854777E-002    2.13050716114595341255E-002    2.12245247030387676479E-002    2.11411818978257566581E-002    2.10544324157634493710E-002    2.08922489880774657489E-002    2.06625238799788765731E-002    2.03791165508524288463E-002    2.00519717665868964229E-002    1.96875853284235874385E-002    1.92456478104063750945E-002    1.94106683936993082429E-002
   2.04535597881596240000E-002    2.03732117714604810121E-002    2.03213114686396287278E-002    2.02677910624365076320E-002    2.02126065112242271626E-002    2.01557136724872625055E-002    2.00970683974394485893E-002    2.00366266321496643010E-002    1.99743445687058790439E-002    1.99101791914402109773E-002    1.98440890455497224998E-002    1.97760334447096980393E-002    1.97059711715470153859E-002    1.96338606062244763750E-002    1.95595617418897818607E-002    1.94828944809279022699E-002    1.94040600520484253499E-002    1.93230224166952326004E-002    1.92397471181127745210E-002    1.91542014374113944708E-002    1.90663545501745176902E-002    1.89761776826681098640E-002    1.88836442666594842010E-002    1.87887300918076760592E-002    1.86914194745911622919E-002    1.85917536899043063514E-002    1.84898344470321475408E-002    1.83855065663300204504E-002    1.82785793639434687718E-002    1.81689839679402380390E-002    1.80379193206971176477E-002    1.78392016523599532263E-002    1.77084015617409197552E-002    1.75163416579633239578E-002    1.73067109585357883916E-002    1.70977034026281726753E-002    1.68893276780862043596E-002    1.66815926311859943909E-002    1.64745072697293701292E-002    1.62680807661809562203E-002    1.60623224608464794383E-002    1.58572418650902678683E-002    1.56528486645901195040E-002    1.54491527226273180767E-002    1.52461640834095253638E-002    1.50438929754240450359E-002    1.48423498148178532874E-002    1.46415452088018687576E-002    1.44414899590746600294E-002    1.42421950652626624900E-002    1.40436717283710793547E-002    1.38459313542415619891E-002    1.36489855570101504406E-002    1.34528461625602197005E-002    1.32575252119629637126E-002    1.30630349648988841604E-002
   2.39682699983645485300E-003    2.33955741538849739183E-003    2.28312577545341892360E-003    2.22753351902465340784E-003    2.17278183796139855166E-003    2.11887167050457464121E-003    2.06580369499881040876E-003    2.01357832384415225829E-003    1.96219569770198247124E-003    1.91165567997898864887E-003    1.86195785161360582820E-003    1.81310150618878393632E-003    1.76508564539540921227E-003    1.71790897486925496149E-003    1.67156990042486718225E-003    1.62606652470846158899E-003    1.58139664429131788365E-003    1.53755774722426786366E-003    1.49454701107252932793E-003    1.45236130144919838893E-003    1.41099717106392408272E-003    1.37045085930209849766E-003    1.33071829234811386464E-003    1.29179508386410043901E-003    1.25367653623426533391E-003    1.21635764238219273685E-003    1.17983308816697668106E-003    1.14409725536119633374E-003    1.10914422521207691082E-003    1.07496778258414204393E-003    1.04156142067986191499E-003    1.00891834633193267466E-003    9.77031485858502251815E-004    9.45893491470334540731E-004    9.15496748216260559754E-004    8.85833381451035730032E-004    8.56895264807402447238E-004    8.28674028651832155976E-004    8.01161069001383703905E-004    7.74347556877020507665E-004    7.48224448066802760686E-004    7.22782493270850211024E-004    6.98012248597898368047E-004    6.73904086382506525843E-004    6.50448206290022692619E-004    6.27634646675975750238E-004    6.05453296165221624761E-004    5.83893905415876755295E-004    5.62946099032358526597E-004    5.42599387591664872321E-004    5.22843179747133567602E-004    5.03666794373806370536E-004    4.85059472720040445008E-004    4.67010390530592472795E-004    4.49508670106931634055E-004    4.32543392271605899729E-004
   2.40353613163153956300E-002    2.40464818683558123613E-002    2.40574936670695307961E-002    2.40683893624488720597E-002    2.40791612257486541127E-002    2.40898011290055016898E-002    2.41003005234047690264E-002    2.41106504164306546800E-002    2.41208413477315870843E-002    2.41308633636296600289E-002    2.41407059901994937301E-002    2.41503582048382299530E-002    2.41598084062449175446E-002    2.41690443827237630425E-002    2.41780532787221474900E-002    2.41868215595105878757E-002    2.41953349739081578773E-002    2.42035785149534339589E-002    2.42115363784174385253E-002    2.42191919190519258653E-002    2.42265276044632583974E-002    2.42335249664992723184E-002    2.42401645500346339668E-002    2.42464258590376936786E-002    2.42522872998013547252E-002    2.42577261212194410234E-002    2.42627183519907342613E-002    2.42672387346343880477E-002    2.42712606562030530633E-002    2.42747560755843284908E-002    2.42776954472871953072E-002    2.42800476416182332839E-002    2.42817798611624537097E-002    2.42828575534970725336E-002    2.42832443200825809360E-002    2.42829018212951733280E-002    2.42817896775885389005E-002    2.42798653668015416984E-002    2.42770841176616902768E-002    2.42733987995741966326E-002    2.42687598088321410117E-002    2.42631149514369454101E-002    2.42564093227799308650E-002    2.42485851845062570786E-002    2.42395818389632353163E-002    2.42293355017264185058E-002    2.42177791728003279081E-002    2.42048425072066211716E-002    2.41904516858026837067E-002    2.40717208013650312004E-002    2.37748103550210893031E-002    2.33404009012804121437E-002    2.27909721429794993874E-002    2.21392200331032747151E-002    2.13848514949574915189E-002    2.02537680008165119072E-002
   1.71780336498848114346E-002    1.70366607966782115935E-002    1.68511292882093134671E-002    1.66661018938449728699E-002    1.64815849817409251776E-002    1.62975850249914636092E-002    1.61141086034734641597E-002    1.59311624057121951903E-002    1.57487532307686792232E-002    1.55668879901477517219E-002    1.53855737097254949980E-002    1.52048175316954071318E-002    1.50246267165320378234E-002    1.48450086449703980845E-002    1.46659708200003215117E-002    1.44875208688737509843E-002    1.43096665451232941263E-002    1.41324157305900924980E-002    1.39557764374589957090E-002    1.37797568102985094896E-002    1.36043651281035470751E-002    1.34296098063371675130E-002    1.32554993989695973911E-002    1.30820426005103483680E-002    1.29092482480303687165E-002    1.27371253231705009595E-002    1.25656829541314143950E-002    1.23949304176420842943E-002    1.22248771408999690885E-002    1.20555327034802990671E-002    1.18869068392061724704E-002    1.17190094379760207516E-002    1.15518505475406246114E-002    1.13854403752232710006E-002    1.12197892895758467857E-002    1.10549078219630680237E-002    1.08908066680665580744E-002    1.07274966892997800083E-002    1.05649889141241348778E-002    1.04032945392571393728E-002    1.02424249307604721404E-002    1.00823916249980164578E-002    9.92320632945031637362E-003    9.76488092337403530696E-003    9.60742745829178644568E-003    9.45085815829835480806E-003    9.29518542016816856632E-003    9.14042181324751200344E-003    8.98658007911529513323E-003    8.83367313099362241879E-003    8.68171405289015069018E-003    8.53071609845182203535E-003    8.38069268950995122092E-003    8.23165741429425848463E-003    8.08362402529372130189E-003    7.93660643674009777526E-003
   2.37985812327630372187E-002    2.38083484647739519746E-002    2.38179583274124376246E-002    2.38274012472037277632E-002    2.38366671613035076283E-002    2.38457454914143794633E-002    2.38546251162857388117E-002    2.38632943427239674339E-002    2.38717408750368370596E-002    2.38799517828334195713E-002    2.38879134670977807953E-002    2.38956116244519942149E-002    2.39030312095217939428E-002    2.39101563953152858322E-002    2.39169705315235153753E-002    2.39234561006495920210E-002    2.39295946718715776824E-002    2.39353668525437192349E-002    2.39407522372397374433E-002    2.39457293542426237487E-002    2.39502756093861492170E-002    2.39543672271555589670E-002    2.39579791889579091224E-002    2.39610851684771627990E-002    2.39636574640349174492E-002    2.39656669278857058225E-002    2.39670828923850207093E-002    2.39678730929808216088E-002    2.39680035879935235399E-002    2.39674386751672664764E-002    2.39661408049961603683E-002    2.39640704908541252172E-002    2.39611862159858877985E-002    2.39574443374505133275E-002    2.39527989871481765405E-002    2.39472019701055909013E-002    2.39406026602475840992E-002    2.39329478939406051219E-002    2.39241818616608703518E-002    2.39142459982150251685E-002    2.39030788720255640833E-002    2.38906160740878122095E-002    2.38767901073102493947E-002    2.38615302770663895160E-002    2.38447625839145541105E-002    2.38264096195821908908E-002    2.38063904674643868342E-002    2.37846206090516140708E-002    2.37610118378796357497E-002    2.36335489395995447526E-002    2.33506425200386211194E-002    2.29458124416083049379E-002    2.24386417380672935351E-002    2.18401026638019926662E-002    2.11493426915138442446E-002    2.00709115931434305125E-002
   1.30327856010423823868E-002    1.28723949166228337354E-002    1.27125816419272515134E-002    1.25533531178227478198E-002    1.23947167972509441486E-002    1.22366802466264690263E-002    1.20792511472155826568E-002    1.19224372964930030311E-002    1.17662466094725515903E-002    1.16106871200086381873E-002    1.14557669820639761865E-002    1.13014944709396228384E-002    1.11478779844626993412E-002    1.09949260441269420358E-002    1.08426472961811182216E-002    1.06910505126596375169E-002    1.05401445923496654006E-002    1.03899385616883811745E-002    1.02404415755845464714E-002    1.00916629181564375395E-002    9.94361200337958404949E-003    9.79629837563645092247E-003    9.64973171015960293206E-003    9.50392181336035153649E-003    9.35887862303251202856E-003    9.21461220842378393725E-003    9.07113277016235314276E-003    8.92845064002985473739E-003    8.78657628056874265288E-003    8.64552028451262902231E-003    8.50529337402739296636E-003    8.36590639975014378760E-003    8.22737033961278181604E-003    8.08969629743623054596E-003    7.95289550128060705736E-003    7.81697930153646934615E-003    7.68195916874127651686E-003    7.54784669110458369956E-003    7.41465357172534263175E-003    7.28239162548400750796E-003    7.15107277559052026406E-003    7.02070904977086188842E-003    6.89131257607227421663E-003    6.76289557826755677317E-003    6.63547037083941654984E-003    6.50904935352319535119E-003    6.38364500538832896348E-003    6.25926987843706834208E-003    6.13593659069967042180E-003    6.01365781880430685241E-003    5.89244629000127556617E-003    5.77231477361937403425E-003    5.65327607193446234068E-003    5.53534301042902555923E-003    5.41852842742295698342E-003    5.30284516305638137235E-003
   1.09097692944424822653E-002    1.07639715986141155241E-002    1.06188041007620748157E-002    1.04742747284877774777E-002    1.03303915189525957058E-002    1.01871626195545999377E-002    1.00445962885391641695E-002    9.90270089553755249179E-003    9.76148492202722622979E-003    9.62095696170877680287E-003    9.48112572079119059199E-003    9.34200001818011327437E-003    9.20358878556086848488E-003    9.06590106736893629191E-003    8.92894602063962379568E-003    8.79273291472891863063E-003    8.65727113089600174012E-003    8.52257016173909968948E-003    8.38863961047420572670E-003    8.25548919004685279044E-003    8.12312872206674523035E-003    7.99156813555392843418E-003    7.86081746548517902584E-003    7.73088685112892880225E-003    7.60178653415630092155E-003    7.47352685651573103720E-003    7.34611825805800682659E-003    7.21957127389803894613E-003    7.09389653149955848321E-003    6.96910474746843724286E-003    6.84520672403987270882E-003    6.72221334524425451207E-003    6.60013557273643990120E-003    6.47898444127308157509E-003    6.35877105382161474101E-003    6.23950657628491792139E-003    6.12120223182594132283E-003    6.00386929477531982452E-003    5.88751908410599118088E-003    5.77216295645861365154E-003    5.65781229870153477141E-003    5.54447852000958685964E-003    5.43217304344608027666E-003    5.32090729703314866544E-003    5.21069270429566980263E-003    5.10154067426562673332E-003    4.99346259093322829281E-003    4.88646980213369285656E-003    4.78057360785880645915E-003    4.67578524798360067871E-003    4.57211588940136231390E-003    4.46957661255980350651E-003    4.36817839739554042433E-003    4.26793210866434433864E-003    4.16884848066805934613E-003    4.07093810138155123152E-003
   2.30075940996577743558E-002    2.30104183571638344630E-002    2.30128155868139783191E-002    2.30147641039905419269E-002    2.30162411826759956412E-002    2.30172230071482818159E-002    2.30176846218545193279E-002    2.30175998794579714235E-002    2.30169413870638210617E-002    2.30156804506414618128E-002    2.30137870176750601592E-002    2.30112296180904549181E-002    2.30079753035248094073E-002    2.30039895850265158073E-002    2.29992363692964503497E-002    2.29936778936085835234E-002    2.29872746595778561229E-002    2.29799853659766531444E-002    2.29717668408386324619E-002    2.29625739731299204072E-002    2.29523596443132749112E-002    2.29410746601808046563E-002    2.29286676833860385283E-002    2.29150851671654047503E-002    2.29002712908043734585E-002    2.28841678974731690954E-002    2.28667144351319684414E-002    2.28478479012856165731E-002    2.28275027924523948863E-002    2.28056110593007621556E-002    2.27821024268235715338E-002    2.27570086125422343937E-002    2.27308456980662154656E-002    2.27042340262200090240E-002    2.26774065557292271722E-002    2.26502482042676422935E-002    2.26224995020950850333E-002    2.25808454999697552634E-002    2.24839345125640230338E-002    2.23847352994021968342E-002    2.22826199010756897945E-002    2.21772897735138911635E-002    2.20687310472246940585E-002    2.19570102132369791847E-002    2.18422056663639119201E-002    2.17497107789312547899E-002    2.16773575332200041377E-002    2.16023824160317644283E-002    2.15244068281677213006E-002    2.13586350319259210551E-002    2.11103045926778302988E-002    2.07939938090175163721E-002    2.04205737513830330732E-002    1.99963199102275862584E-002    1.94948309140499029257E-002    1.95157631675061567222E-002
   1.30039891147231325558E-002    1.28437875861025559837E-002    1.26841641196436868272E-002    1.25251260642120290645E-002    1.23666808807650647345E-002    1.22088361437439531926E-002    1.20515995424451179824E-002    1.18949788823697871071E-002    1.17389820865464993699E-002    1.15836171968239122487E-002    1.14288923751293455128E-002    1.12748159046891002072E-002    1.11213961912055379205E-002    1.09686417639864256662E-002    1.08165612770215364968E-002    1.06651635100004048284E-002    1.05144573692659629160E-002    1.03644518886975792876E-002    1.02151562305171309669E-002    1.00665796860108375244E-002    9.91873167615993540924E-003    9.77162175217202721988E-003    9.62525959590514353093E-003    9.47965502017580723126E-003    9.33481796894170511025E-003    9.19075851734987327168E-003    9.04748687163963588587E-003    8.90501336889026537391E-003    8.76334847660172923389E-003    8.62250279209706912975E-003    8.48248704173397080619E-003    8.34331207991284400094E-003    8.20498888786807580031E-003    8.06752857222786667890E-003    7.93094236332921552479E-003    7.79524161327134392646E-003    7.66043779369345121527E-003    7.52654249325898291878E-003    7.39356741483058760994E-003    7.26152437231736020556E-003    7.13042528717728989196E-003    7.00028218455545775400E-003    6.87110718903933409551E-003    6.74291252001169537367E-003    6.61571048658112295660E-003    6.48951348206945437258E-003    6.36433397803612844329E-003    6.24018451781791806676E-003    6.11707770956347509500E-003    5.99502621874101540578E-003    5.87404276009851917389E-003    5.75414008905499475138E-003    5.63533099250226269389E-003    5.51762827899659764191E-003    5.40104476832077400050E-003    5.28559328039682457118E-003
   1.31406586575094075364E-002    1.29795612870374603431E-002    1.28190388968030741235E-002    1.26590987977463799441E-002    1.24997484128089066113E-002    1.23409952783549783928E-002    1.21828470455763882702E-002    1.20253114818764210436E-002    1.18683964722299788858E-002    1.17121100205162132629E-002    1.15564602508203152081E-002    1.14014554086993048776E-002    1.12471038624084203328E-002    1.10934141040825006569E-002    1.09403947508683561940E-002    1.07880545460017820275E-002    1.06364023598243852275E-002    1.04854471907337154502E-002    1.03351981660604209240E-002    1.01856645428659853270E-002    1.00368557086534769540E-002    9.88878118198377974168E-003    9.74145061298987806342E-003    9.59487378377990585143E-003    9.44906060872048592092E-003    9.30402113459119668726E-003    9.15976554059972671029E-003    9.01630413824770077236E-003    8.87364737103600587087E-003    8.73180581399839519929E-003    8.59079017305099112978E-003    8.45061128414546780530E-003    8.31128011221225412863E-003    8.17280774988041365525E-003    8.03520541595962797810E-003    7.89848445366926436850E-003    7.76265632859902184743E-003    7.62773262638510342326E-003    7.49372505008472338667E-003    7.36064541723218182523E-003    7.22850565655811742177E-003    7.09731780435356608000E-003    6.96709400045995071865E-003    6.83784648386538598114E-003    6.70958758788727568229E-003    6.58232973492064218218E-003    6.45608543073212647750E-003    6.33086725827754649015E-003    6.20668787102260453153E-003    6.08355998574468519874E-003    5.96149637479474314022E-003    5.84050985779715862989E-003    5.72061329276691687279E-003    5.60181956662257271584E-003    5.48414158507466980436E-003    5.36759226186938383923E-003
   2.18894485902833731139E-002    2.18744200794499417395E-002    2.18582790426036961684E-002    2.18409785490183867840E-002    2.18224700344137462205E-002    2.18027032815954896483E-002    2.17816334381223525307E-002    2.17593762547065062984E-002    2.17363334810416475307E-002    2.17129795011178038100E-002    2.16895590269935260863E-002    2.16660396659674424347E-002    2.16422386593604944294E-002    2.15747179246791494223E-002    2.14880649531163647747E-002    2.13994334167368592536E-002    2.13083804397812201503E-002    2.12146658049129702150E-002    2.11182562706717716350E-002    2.10192028851645569543E-002    2.09301855043791187883E-002    2.08709717242200401555E-002    2.08097903800644815075E-002    2.07465852992861250759E-002    2.06813002568261433689E-002    2.06138791204002087831E-002    2.05442660370637290856E-002    2.04724062391249995996E-002    2.03982472668414079042E-002    2.03217369194691466205E-002    2.02428220673465941726E-002    2.01614496683596017279E-002    2.00774770897645532530E-002    1.99906817484615875746E-002    1.99012808443077178489E-002    1.98092295285185737708E-002    1.97144852403666435980E-002    1.96170079392119570127E-002    1.95167603367606239118E-002    1.94137081278815369634E-002    1.93078202182156155597E-002    1.91990689467344786967E-002    1.90874496089009047795E-002    1.89732192649301363574E-002    1.88561448989391818032E-002    1.87359567207791254118E-002    1.86125995606191523002E-002    1.84860404142317205634E-002    1.82757273687172532017E-002    1.81055138673132665073E-002    1.79196978321905370235E-002    1.76933045153977001884E-002    1.74676171927892510960E-002    1.72426463058552685570E-002    1.70184024986728132944E-002    1.67948966221417549105E-002
   1.17871928936985372049E-002    1.16351941743679555830E-002    1.14838026459661238926E-002    1.13330259965443123915E-002    1.11828720258431331402E-002    1.10333486463343975748E-002    1.08844638842192642514E-002    1.07362258803780866862E-002    1.05886428912669704888E-002    1.04417232897563178745E-002    1.02954755659055881278E-002    1.01499083276684679000E-002    1.00050303015225810349E-002    9.86085033301756230806E-003    9.71737738723379984584E-003    9.57462054914581979503E-003    9.43258902388192758959E-003    9.29129213687271589273E-003    9.15073933387959906338E-003    9.01094018089496594237E-003    8.87190436390468926964E-003    8.73364168850310554348E-003    8.59616207935062250078E-003    8.45947557946322842293E-003    8.32359234932267266771E-003    8.18852266579610070518E-003    8.05427692085291906110E-003    7.92086562006616250187E-003    7.78829938088571212262E-003    7.65658893066940154926E-003    7.52574510445841796114E-003    7.39577884248210186413E-003    7.26670118737705785644E-003    7.13852328110596741351E-003    7.01125636155858818904E-003    6.88491175882054509683E-003    6.75950089109132387644E-003    6.63503526023579651844E-003    6.51152644695079680509E-003    6.38898610552974133975E-003    6.26742595820686809738E-003    6.14685778906337489808E-003    6.02729343747682427129E-003    5.90874479109576057623E-003    5.79122377832155550009E-003    5.67474236027914417241E-003    5.55931252225900455338E-003    5.44494626461312133253E-003    5.33165559308816910250E-003    5.21945250857926926896E-003    5.10834899628963712975E-003    4.99835701428136443270E-003    4.88948848140402340945E-003    4.78175526458957805831E-003    4.67516916550323857055E-003    4.56974190654152370022E-003
   2.05432509221496542584E-002    2.04523390840059306195E-002    2.03815463634833063389E-002    2.03289893843284948105E-002    2.02747893492761892265E-002    2.02189017695521937312E-002    2.01612820793324147572E-002    2.01018857335317560620E-002    2.00406683122078509152E-002    1.99775857174601910449E-002    1.99125950103030517624E-002    1.98456547185219926710E-002    1.97767236304608323705E-002    1.97057599283241083321E-002    1.96327216750075833618E-002    1.95573728468911266221E-002    1.94797248030639177929E-002    1.93998837289316404531E-002    1.93178137161320075121E-002    1.92334805051752738558E-002    1.91468516441356331748E-002    1.90578966476139116670E-002    1.89665871549947254171E-002    1.88728970869698128854E-002    1.87768027992550601279E-002    1.86782974054040505629E-002    1.85774638698466727782E-002    1.84743266805656482232E-002    1.83687027944081406050E-002    1.82604392033161762321E-002    1.81494715135466222478E-002    1.79902619309594176411E-002    1.78125299999788953842E-002    1.76735934197537851442E-002    1.74636162384447790608E-002    1.72535722073382455366E-002    1.70441570904677937304E-002    1.68353796879090779337E-002    1.66272489606629526870E-002    1.64197740338017338091E-002    1.62129641996578768848E-002    1.60068289210538831913E-002    1.58013778345713201690E-002    1.55966207538572113056E-002    1.53925676729653529429E-002    1.51892287697305630734E-002    1.49866144091723007409E-002    1.47847351469247503819E-002    1.45836017326901826868E-002    1.43832251137110938427E-002    1.41836164382572686021E-002    1.39847870591224675979E-002    1.37867485371259979043E-002    1.35895126446126598974E-002    1.33930913689454603177E-002    1.31974969159836027360E-002
   1.89036903401151659687E-002    1.88292156605187298302E-002    1.87528135696553230338E-002    1.86744584522406768812E-002    1.85941261861109902176E-002    1.85117942523651789200E-002    1.84274418441969858873E-002    1.83410499737630475203E-002    1.82526170169771892460E-002    1.81621972255712055277E-002    1.80698046794376329660E-002    1.79753275430538962676E-002    1.78786328952487937050E-002    1.77796418438059371236E-002    1.76229805318999406538E-002    1.74705171796154558328E-002    1.73374860112367398801E-002    1.71409500866297956345E-002    1.69449671930002529474E-002    1.67495446304521261593E-002    1.65546898250923807394E-002    1.63604103313612289639E-002    1.61667138343927971333E-002    1.59736081524048528779E-002    1.57811012391171068270E-002    1.55892011861964233099E-002    1.53979162257273979181E-002    1.52072547327071292550E-002    1.50172252275625715823E-002    1.48278363786877882130E-002    1.46390970049997490993E-002    1.44510160785097010322E-002    1.42636027269080981755E-002    1.40768662361591238852E-002    1.38908160531031488888E-002    1.37054617880618886949E-002    1.35208132174440501944E-002    1.33368802863461591995E-002    1.31536731111446016096E-002    1.29712019820735664777E-002    1.27894773657842991677E-002    1.26085099078784516197E-002    1.24283104354108182160E-002    1.22488899593537446664E-002    1.20702596770155805989E-002    1.18924309744065023753E-002    1.17154154285418182074E-002    1.15392248096743317565E-002    1.13638710834456577170E-002    1.11893664129463065587E-002    1.10157231606723814837E-002    1.08429538903674731187E-002    1.06710713687366703928E-002    1.05000885670182564358E-002    1.03300186623987346607E-002    1.01608750392555482328E-002
   8.55453602431738443189E-004    8.29776700602670338851E-004    8.04685850589745852238E-004    7.80174481994049288588E-004    7.56235873289130312858E-004    7.32863158081172440077E-004    7.10049331580413006434E-004    6.87787257267682993790E-004    6.66069673739514409895E-004    6.44889201714473302152E-004    6.24238351183009913987E-004    6.04109528682734552713E-004    5.84495044680594056860E-004    5.65387121043353711551E-004    5.46777898577555923273E-004    5.28659444620085765786E-004    5.11023760660569243905E-004    4.93862789976960334624E-004    4.77168425265789741992E-004    4.60932516248966262125E-004    4.45146877239406817562E-004    4.29803294648049372204E-004    4.14893534415575215325E-004    4.00409349352511825196E-004    3.86342486372273749735E-004    3.72684693602151650201E-004    3.59427727358244543214E-004    3.46563358970988170255E-004    3.34083381448771867331E-004    3.21979615968089429631E-004    3.10243918179446079991E-004    2.98868184319251144893E-004    2.87844357118781151925E-004    2.77164431502266851541E-004    2.66820460067057607916E-004    2.56804558339788482554E-004    2.47108909803366440065E-004    2.37725770690457786742E-004    2.28647474540173440555E-004    2.19866436515369137721E-004    2.11375157478902776526E-004    2.03166227828003274902E-004    1.95232331086641627089E-004    1.87566247256584170975E-004    1.80160855928493483227E-004    1.73009139155116828607E-004    1.66104184089235562072E-004    1.59439185389632481207E-004    1.53007447398881838352E-004    1.46802386097283235709E-004    1.40817530837687693952E-004    1.35046525866433292026E-004    1.29483131635932521494E-004    1.24121225914816625188E-004    1.18954804701853681216E-004    1.13977982950041995631E-004
   1.36068623322126869973E-002    1.34427442836870993798E-002    1.32791909754303039809E-002    1.31162095898586846671E-002    1.29538074209209919802E-002    1.27919918756114001784E-002    1.26307704754731291164E-002    1.24701508580884710964E-002    1.23101407785533821515E-002    1.21507481109332515778E-002    1.19919808496957852606E-002    1.18338471111184197898E-002    1.16763551346653182000E-002    1.15195132843302888020E-002    1.13633300499415817314E-002    1.12078140484228126056E-002    1.10529740250055758671E-002    1.08988188543885280296E-002    1.07453575418366611277E-002    1.05925992242150816824E-002    1.04405531709504742488E-002    1.02892287849137408634E-002    1.01386356032163674895E-002    9.98878329791238681046E-003    9.83968167659875735109E-003    9.69134068290430049364E-003    9.54377039685912198497E-003    9.39698103513428480149E-003    9.25098295114153319763E-003    9.10578663498295796941E-003    8.96140271323892477484E-003    8.81784194858222826474E-003    8.67511523920668110865E-003    8.53323361805669207414E-003    8.39220825184444282896E-003    8.25205043984033291549E-003    8.11277161242169621291E-003    7.97438332936472281387E-003    7.83689727786295899092E-003    7.70032527025594180914E-003    7.56467924145027854205E-003    7.42997124601562329571E-003    7.29621345493593025100E-003    7.16341815199823817029E-003    7.03159772979713732638E-003    6.90076468533672507388E-003    6.77093161520725839858E-003    6.64211121031641361229E-003    6.51431625015270587137E-003    6.38755959655902452038E-003    6.26185418699431659006E-003    6.13721302726003004047E-003    6.01364918366919555537E-003    5.89117577463532486604E-003    5.76980596165823766269E-003    5.64955293968466467497E-003
   1.05941901846196388781E-002    1.04506897570753980176E-002    1.03078282356713520074E-002    1.01656136310748889534E-002    1.00240540622340071342E-002    9.88315775689361727951E-003    9.74293305203630631561E-003    9.60338839424148237034E-003    9.46453233995619286345E-003    9.32637355567149557711E-003    9.18892081799660767616E-003    9.05218301362457553050E-003    8.91616913918042396092E-003    8.78088830094461182674E-003    8.64634971444326085044E-003    8.51256270389549526967E-003    8.37953670150961421603E-003    8.24728124661775613413E-003    8.11580598463918119478E-003    7.98512066586158988923E-003    7.85523514402992895089E-003    7.72615937473042704853E-003    7.59790341355928884604E-003    7.47047741406282796855E-003    7.34389162543721846915E-003    7.21815638997428017654E-003    7.09328214024040198948E-003    6.96927939597454491893E-003    6.84615876069135341486E-003    6.72393091797488223066E-003    6.60260662744836801519E-003    6.48219672040470720753E-003    6.36271209508276411326E-003    6.24416371157394609059E-003    6.12656258634324251550E-003    6.00991978634964757466E-003    5.89424642274958675986E-003    5.77955364416848482029E-003    5.66585262952445326695E-003    5.55315458038903135563E-003    5.44147071287037330939E-003    5.33081224900361447944E-003    5.22119040763554479595E-003    5.11261639478949835025E-003    5.00510139349815471460E-003    4.89865655309311507498E-003    4.79329297794056381071E-003    4.68902171561389174287E-003    4.58585374449579658701E-003    4.48379996080404494979E-003    4.38287116503596665268E-003    4.28307804783070386612E-003    4.18443117524859055367E-003    4.08694097347040395662E-003    3.99061771292218408352E-003    3.89547149183351072710E-003
   1.33487467163871404568E-002    1.31862944710499085943E-002    1.30244125837708051019E-002    1.28631083079453634871E-002    1.27023890087899164053E-002    1.25422621648064967770E-002    1.23827353692334638652E-002    1.22238163314793996800E-002    1.20655128785367282002E-002    1.19078329563719522571E-002    1.17507846312884696449E-002    1.15943760912586464606E-002    1.14386156472201516721E-002    1.12835117343327885620E-002    1.11290729131910508254E-002    1.09753078709864358709E-002    1.08222254226154387252E-002    1.06698345117266675530E-002    1.05181442117009936454E-002    1.03671637265586296522E-002    1.02169023917860445072E-002    1.00673696750758524809E-002    9.91857517697101141729E-003    9.77052863140654218044E-003    9.62323990613911904590E-003    9.47671900305608813642E-003    9.33097605835403118291E-003    9.18602134257670392692E-003    9.04186526050273879640E-003    8.89851835087018989967E-003    8.75599128592820415140E-003    8.61429487080191819137E-003    8.47344004265899661266E-003    8.33343786966337513045E-003    8.19429954970295366945E-003    8.05603640887609349919E-003    7.91865989972170836175E-003    7.78218159917744723569E-003    7.64661320624878543262E-003    7.51196653937272022794E-003    7.37825353345745223871E-003    7.24548623658068102760E-003    7.11367680632662285900E-003    6.98283750574339896755E-003    6.85298069889980852182E-003    6.72411884602177201825E-003    6.59626449818733005120E-003    6.46943029155873199076E-003    6.34362894113050732048E-003    6.21887323397135420577E-003    6.09517602193771369096E-003    5.97255021383765599685E-003    5.85100876702204439339E-003    5.73056467838224756900E-003    5.61123097473167908866E-003    5.49302070255095007539E-003
   6.60061021328992286045E-003    6.49048857198984783384E-003    6.38113522790726903078E-003    6.27255861388838122789E-003    6.16476720628416144376E-003    6.05776952132041929949E-003    5.95157411122431909134E-003    5.84618956009851607758E-003    5.74162447953460719496E-003    5.63788750395636389934E-003    5.53498728568534246325E-003    5.43293248971955626547E-003    5.33173178821763453505E-003    5.23139385468028485920E-003    5.13192735782147611140E-003    5.03334095512240724257E-003    4.93564328606084685991E-003    4.83884296501054921719E-003    4.74294857380417808623E-003    4.64796865395532884241E-003    4.55391169853508557402E-003    4.46078614370012862395E-003    4.36860035986957537246E-003    4.27736264254917602362E-003    4.18708120280307256184E-003    4.09776415737348256862E-003    4.00941951845101753754E-003    3.92205518309944514005E-003    3.83567892233991052792E-003    3.75029836990198968058E-003    3.66592101065035032986E-003    3.58255416869743964492E-003    3.50020499521507596347E-003    3.41888045595997985132E-003    3.33858731852964846915E-003    3.25933213936842412078E-003    3.18112125054503683610E-003    3.10396074632578958946E-003    3.02785646957004885363E-003    2.95281399797693664550E-003    2.87883863021521886963E-003    2.80593537197038793776E-003    2.73410892194608920111E-003    2.66336365785918008017E-003    2.59370362247045554288E-003    2.52513250969558632891E-003    2.45765365084294135425E-003    2.39127000102761465283E-003    2.32598412581237409813E-003    2.26179818812925715818E-003    2.19871393553609665097E-003    2.13673268786451157203E-003    2.07585532531691374647E-003    2.01608227707082135124E-003    1.95741351044967327663E-003    1.89984852071928777238E-003
   1.81452260750278792853E-003    1.76781976695184091242E-003    1.72190908542779828189E-003    1.67678915730796454162E-003    1.63245830646722186845E-003    1.58891458365729011486E-003    1.54615576427231515150E-003    1.50417934651763448434E-003    1.46298254999648828095E-003    1.42256231472915749443E-003    1.38291530061737492907E-003    1.34403788736563081091E-003    1.30592617486972656024E-003    1.26857598408112049598E-003    1.23198285835441137537E-003    1.19614206528307503476E-003    1.16104859902748302689E-003    1.12669718313657823971E-003    1.09308227386368085957E-003    1.06019806397396527432E-003    1.02803848703998212781E-003    9.96597222219279110095E-004    9.65867699506161463997E-004    9.35843105447846206058E-004    9.06516389313280295491E-004    8.77880269700908677857E-004    8.49927241569847454795E-004    8.22649583677340675951E-004    7.96039366403324794540E-004    7.70088459941694041672E-004    7.44788542836009783560E-004    7.20131110836267837594E-004    6.96107486051966749610E-004    6.72708826375502475653E-004    6.49926135149100350427E-004    6.27750271047519659527E-004    6.06171958148107804971E-004    5.85181796159205016954E-004    5.64770270777668111778E-004    5.44927764145840417241E-004    5.25644565378453713922E-004    5.06910881129856859435E-004    4.88716846172387300515E-004    4.71052533957007205957E-004    4.53907967127871849258E-004    4.37273127963215611606E-004    4.21137968715804705561E-004    4.05492421826994151567E-004    3.90326409989623173379E-004    3.75629856036093672574E-004    3.61392692629149928519E-004    3.47604871734293746632E-004    3.34256373854060833632E-004    3.21337217005950687935E-004    3.08837465427163997134E-004    2.96747237990913255174E-004
   1.18503808985713551122E-002    1.16979454500989576288E-002    1.15461156023445553342E-002    1.13948990258133688036E-002    1.12443035027846010426E-002    1.10943369283756886057E-002    1.09450073115638160659E-002    1.07963227761612781674E-002    1.06482915617386354745E-002    1.05009220244918766163E-002    1.03542226380470819141E-002    1.02082019941979549454E-002    1.00628688035695156022E-002    9.91823189620173913117E-003    9.77430022204685104714E-003    9.63108285137261044273E-003    9.48858897506473127070E-003    9.34682790481995706688E-003    9.20580907322231418999E-003    9.06554203369303555904E-003    8.92603646030547606682E-003    8.78730214745571634738E-003    8.64934900937816726618E-003    8.51218707949629761755E-003    8.37582650959698381266E-003    8.24027756881740881811E-003    8.10555064243258238665E-003    7.97165623043042705087E-003    7.83860494586254702432E-003    7.70640751295583251168E-003    7.57507476497227324325E-003    7.44461764180170005450E-003    7.31504718727271283085E-003    7.18637454616638613608E-003    7.05861096091694225491E-003    6.93176776798306703425E-003    6.80585639387289945829E-003    6.68088835080589676235E-003    6.55687523199378029248E-003    6.43382870652323395760E-003    6.31176051382190562294E-003    6.19068245768960353365E-003    6.07060639987662322564E-003    5.95154425319049679849E-003    5.83350797411284153343E-003    5.71650955490830055966E-003    5.60056101520737658478E-003    5.48567439304550787810E-003    5.37186173534145734038E-003    5.25913508779800656368E-003    5.14750648420974656061E-003    5.03698793516268485126E-003    4.92759141611206086947E-003    4.81932885482589962872E-003    4.71221211818369321161E-003    4.60625299832036812914E-003
