   2.76376878507909715665E+001    2.86035327706856179475E+001    2.96027032547816872921E+001    3.06360625540801834177E+001    3.17044610522169527655E+001    3.28087832898467155474E+001    3.39510385847946665194E+001    3.51351733143565709838E+001    3.63656649552400565995E+001    3.76457210914066351393E+001    3.89770632010138058376E+001    4.03606031760294925448E+001    4.13984963859378467532E+001    4.24195916875866672058E+001    4.34545791956903144637E+001    4.44999761133645534983E+001    4.55535878112778789273E+001    4.66144697881767484660E+001    4.76821849978090668287E+001    4.89507646217485472562E+001    5.04362650489296413525E+001    5.19560113671341383679E+001    5.35096866422973249655E+001    5.50968680678565831954E+001    5.67170213651955066325E+001    5.83694960181359334683E+001    6.00535305397968173224E+001    6.17682538693078768688E+001    6.35126591172600640789E+001    6.52855872101865202239E+001    6.70857310986577175527E+001    6.89097597487672572925E+001    7.07551423078055989890E+001    7.26227210965043781243E+001    7.45106422345943286700E+001    7.64169168694388929453E+001    7.83394245305523924117E+001    8.02759176935430787125E+001    8.22240275862902194604E+001    8.41812712547648800410E+001    8.61450750364604971310E+001    8.81133270274747246731E+001    9.00879696460580561279E+001    9.20619422200247186083E+001    9.40281544143175835870E+001    9.59826617775162276303E+001    9.78562000551503672341E+001    9.80782375802804295972E+001    9.93887244811967036640E+001    9.99999999999998863132E+001    1.00000000000000028422E+002    1.00000000000000383693E+002    9.99999999999999715783E+001    9.99999999999999715783E+001    1.00000000000000085265E+002    1.00000000000000085265E+002
   1.00000000000000000000E+002    9.99999999999999857891E+001    1.00000000000000000000E+002    9.99999999999999715783E+001    1.00000000000000000000E+002    1.00000000000000000000E+002    1.00000000000000000000E+002    9.99999999999999715783E+001    9.99999999999999715783E+001    1.00000000000000000000E+002    1.00000000000000000000E+002    1.00000000000000000000E+002    1.00000000000000000000E+002    1.00000000000000000000E+002    9.99999999999999715783E+001    1.00000000000000000000E+002    9.99999999999999715783E+001    1.00000000000000000000E+002    9.99999999999999857891E+001    1.00000000000000000000E+002    1.00000000000000000000E+002    1.00000000000000028422E+002    1.00000000000000028422E+002    1.00000000000000000000E+002    1.00000000000000000000E+002    9.99999999999999715783E+001    1.00000000000000028422E+002    1.00000000000000000000E+002    9.99999999999999857891E+001    1.00000000000000000000E+002    1.00000000000000000000E+002    9.99999999999999857891E+001    1.00000000000000000000E+002    9.99999999999999857891E+001    1.00000000000000000000E+002    1.00000000000000028422E+002    9.99999999999999715783E+001    1.00000000000000000000E+002    1.00000000000000028422E+002    1.00000000000000000000E+002    1.00000000000000000000E+002    1.00000000000000000000E+002    9.99999999999999715783E+001    1.00000000000000000000E+002    1.00000000000000000000E+002    1.00000000000000000000E+002    1.00000000000000000000E+002    9.99999999999999857891E+001    1.00000000000000000000E+002    1.00000000000000000000E+002    1.00000000000000000000E+002    1.00000000000000000000E+002    1.00000000000000000000E+002    1.00000000000000000000E+002    9.99999999999999857891E+001    9.99999999999999715783E+001
   1.00000000000000028422E+002    1.00000000000000000000E+002    1.00000000000000028422E+002    9.99999999999999857891E+001    1.00000000000000000000E+002    9.99999999999999857891E+001    9.99999999999999857891E+001    1.00000000000000000000E+002    1.00000000000000000000E+002    9.99999999999999857891E+001    9.99999999999999715783E+001    9.99999999999999857891E+001    9.99999999999999857891E+001    1.00000000000000000000E+002    1.00000000000000000000E+002    9.99999999999999715783E+001    1.00000000000000028422E+002    1.00000000000000000000E+002    1.00000000000000000000E+002    1.00000000000000000000E+002    1.00000000000000000000E+002    1.00000000000000000000E+002    1.00000000000000028422E+002    1.00000000000000000000E+002    1.00000000000000000000E+002    1.00000000000000000000E+002    1.00000000000000000000E+002    1.00000000000000000000E+002    1.00000000000000000000E+002    1.00000000000000000000E+002    1.00000000000000028422E+002    1.00000000000000000000E+002    1.00000000000000000000E+002    1.00000000000000000000E+002    1.00000000000000028422E+002    1.00000000000000000000E+002    1.00000000000000028422E+002    1.00000000000000000000E+002    1.00000000000000000000E+002    1.00000000000000000000E+002    1.00000000000000000000E+002    1.00000000000000000000E+002    9.99999999999999857891E+001    1.00000000000000000000E+002    9.99999999999999715783E+001    1.00000000000000000000E+002    1.00000000000000000000E+002    1.00000000000000000000E+002    1.00000000000000000000E+002    1.00000000000000000000E+002    1.00000000000000028422E+002    1.00000000000000000000E+002    1.00000000000000000000E+002    9.99999999999999715783E+001    1.00000000000000028422E+002    1.00000000000000000000E+002
   1.00000000000000028422E+002    9.99999999999999573674E+001    1.00000000000000028422E+002    9.99999999999999715783E+001    1.00000000000000000000E+002    9.99999999999999715783E+001    9.99999999999999573674E+001    9.99999999999999715783E+001    9.99999999999999715783E+001    1.00000000000000028422E+002    1.00000000000000028422E+002    1.00000000000000028422E+002    1.00000000000000028422E+002    9.99999999999999715783E+001    9.99999999999999715783E+001    9.99999999999999857891E+001    9.99999999999999715783E+001    9.99999999999999857891E+001    1.00000000000000028422E+002    1.00000000000000000000E+002    9.99999999999999857891E+001    1.00000000000000028422E+002    1.00000000000000000000E+002    9.99999999999999715783E+001    9.99999999999999573674E+001    1.00000000000000028422E+002    1.00000000000000028422E+002    1.00000000000000028422E+002    9.99999999999999715783E+001    1.00000000000000000000E+002    1.00000000000000028422E+002    9.99999999999999857891E+001    1.00000000000000000000E+002    9.99999999999999715783E+001    1.00000000000000000000E+002    1.00000000000000000000E+002    1.00000000000000000000E+002    1.00000000000000000000E+002    1.00000000000000000000E+002    1.00000000000000000000E+002    1.00000000000000000000E+002    1.00000000000000000000E+002    9.99999999999999573674E+001    1.00000000000000000000E+002    1.00000000000000000000E+002    1.00000000000000028422E+002    1.00000000000000000000E+002    1.00000000000000000000E+002    1.00000000000000000000E+002    9.99999999999999857891E+001    9.99999999999999857891E+001    9.99999999999999857891E+001    1.00000000000000028422E+002    1.00000000000000028422E+002    1.00000000000000000000E+002    9.99999999999999857891E+001
   9.99999999999999715783E+001    1.00000000000000000000E+002    1.00000000000000000000E+002    1.00000000000000000000E+002    1.00000000000000000000E+002    9.99999999999999715783E+001    1.00000000000000028422E+002    1.00000000000000000000E+002    9.99999999999999857891E+001    9.99999999999999715783E+001    1.00000000000000000000E+002    1.00000000000000000000E+002    9.99999999999999715783E+001    9.99999999999999857891E+001    1.00000000000000000000E+002    1.00000000000000000000E+002    1.00000000000000000000E+002    1.00000000000000000000E+002    1.00000000000000000000E+002    1.00000000000000000000E+002    1.00000000000000028422E+002    9.99999999999999715783E+001    1.00000000000000000000E+002    1.00000000000000000000E+002    1.00000000000000000000E+002    1.00000000000000000000E+002    1.00000000000000000000E+002    1.00000000000000000000E+002    1.00000000000000000000E+002    1.00000000000000000000E+002    1.00000000000000028422E+002    1.00000000000000000000E+002    9.99999999999999857891E+001    1.00000000000000028422E+002    1.00000000000000000000E+002    1.00000000000000000000E+002    1.00000000000000000000E+002    1.00000000000000028422E+002    1.00000000000000000000E+002    1.00000000000000000000E+002    9.99999999999999857891E+001    1.00000000000000000000E+002    1.00000000000000000000E+002    1.00000000000000000000E+002    9.99999999999999715783E+001    1.00000000000000000000E+002    1.00000000000000000000E+002    1.00000000000000000000E+002    1.00000000000000000000E+002    1.00000000000000000000E+002    1.00000000000000000000E+002    9.99999999999999715783E+001    1.00000000000000000000E+002    1.00000000000000000000E+002    9.99999999999999857891E+001    1.00000000000000000000E+002
   1.00000000000000000000E+002    1.00000000000000000000E+002    1.00000000000000000000E+002    9.99999999999999715783E+001    1.00000000000000000000E+002    1.00000000000000000000E+002    9.99999999999999715783E+001    1.00000000000000000000E+002    1.00000000000000000000E+002    1.00000000000000028422E+002    1.00000000000000000000E+002    1.00000000000000000000E+002    1.00000000000000000000E+002    1.00000000000000000000E+002    1.00000000000000000000E+002    1.00000000000000000000E+002    1.00000000000000000000E+002    9.99999999999999857891E+001    1.00000000000000000000E+002    1.00000000000000028422E+002    1.00000000000000000000E+002    1.00000000000000000000E+002    1.00000000000000000000E+002    9.99999999999999857891E+001    9.99999999999999715783E+001    1.00000000000000000000E+002    1.00000000000000028422E+002    1.00000000000000000000E+002    1.00000000000000000000E+002    9.99999999999999715783E+001    1.00000000000000000000E+002    1.00000000000000000000E+002    1.00000000000000028422E+002    9.99999999999999715783E+001    1.00000000000000000000E+002    1.00000000000000028422E+002    1.00000000000000000000E+002    1.00000000000000028422E+002    9.99999999999999857891E+001    9.99999999999999857891E+001    1.00000000000000000000E+002    1.00000000000000028422E+002    1.00000000000000000000E+002    1.00000000000000028422E+002    1.00000000000000000000E+002    1.00000000000000000000E+002    1.00000000000000000000E+002    9.99999999999999715783E+001    1.00000000000000000000E+002    1.00000000000000000000E+002    9.99999999999999715783E+001    9.99999999999999715783E+001    1.00000000000000000000E+002    1.00000000000000000000E+002    1.00000000000000000000E+002    9.99999999999999857891E+001
   4.36125688839128926588E+001    4.46080553667757513381E+001    4.56102896924626932673E+001    4.66186597422428192772E+001    4.77426475942005836828E+001    4.91432519763418085290E+001    5.05762806379693756753E+001    5.20416135150845207136E+001    5.35390512976988333094E+001    5.50683108864421484441E+001    5.66290209828192416808E+001    5.82207185972327536660E+001    5.98428523051379031017E+001    6.14947839622260943315E+001    6.31757722866824096286E+001    6.48849555602416927513E+001    6.66213503294671482990E+001    6.83818369762791462563E+001    7.01646753678469963234E+001    7.19708340696593182884E+001    7.37988835556581364017E+001    7.56472829305415501722E+001    7.75143815308446733070E+001    7.93984213613484257621E+001    8.12975403978515345216E+001    8.32097767785973445598E+001    8.51330738968472928718E+001    8.70655148285021169841E+001    8.90067132109081313729E+001    9.09553792241169816180E+001    9.29059984815610562237E+001    9.48533331882675128099E+001    9.67936823779794224265E+001    9.78736747154802912974E+001    9.84941320765912138313E+001    9.99860718181127055004E+001    9.99999999999998721023E+001    1.00000000000000085265E+002    1.00000000000000085265E+002    1.00000000000000071054E+002    1.00000000000000085265E+002    1.00000000000000085265E+002    9.99999999999999147349E+001    1.00000000000000028422E+002    9.99999999999999573674E+001    1.00000000000000000000E+002    1.00000000000000042633E+002    9.99999999999999289457E+001    9.99999999999999289457E+001    9.99999999999999289457E+001    9.99999999999999857891E+001    9.99999999999999147349E+001    9.99999999999999715783E+001    1.00000000000000383693E+002    1.00000000000000000000E+002    1.00000000000000042633E+002
   1.62315589162541584756E+001    1.68156625925445482039E+001    1.74222788736856024627E+001    1.80522420582707496806E+001    1.87064080140376702843E+001    1.93856534782296989761E+001    2.00908751654699599953E+001    2.08229886619995596675E+001    2.15829270837273270445E+001    2.23716394741646631417E+001    2.31900889169905681797E+001    2.40392503367563037386E+001    2.49201079601227810656E+001    2.58336524090825072619E+001    2.67808773968885809325E+001    2.77627759969822136554E+001    2.87803364551114206904E+001    2.98345375151743468223E+001    3.09263432301620468934E+001    3.20567065090446305931E+001    3.32271672622668106101E+001    3.44413273801925967632E+001    3.57041115276381688659E+001    3.70194567342229632345E+001    3.83895683828187443964E+001    3.98155713231690242537E+001    4.11632346752326441219E+001    4.22347836530906661778E+001    4.33235789171102325668E+001    4.44252784286167639038E+001    4.55368692445977529815E+001    4.66570475901279166919E+001    4.77852422086547647950E+001    4.89210417856815737991E+001    5.03662290417211409022E+001    5.19492890975231631501E+001    5.35683773066387942663E+001    5.52228837259605711552E+001    5.69120557859130400402E+001    5.86349918543969437223E+001    6.03906512159080435254E+001    6.21778515828534352750E+001    6.39952270875971720443E+001    6.58412215295483065347E+001    6.77140984554836364850E+001    6.96100005753262536246E+001    7.15258608933305026767E+001    7.34620954576408990988E+001    7.54040411186088022077E+001    7.66779854406625105412E+001    7.73974007601233751075E+001    7.77262954405486965470E+001    7.78043674338521213940E+001    7.77531381829323748889E+001    7.65184602691556534637E+001    8.69987583046975885281E+001
   8.21444112647363766655E+001    8.39986801916080167985E+001    8.58677362423820795811E+001    8.77504001402276685440E+001    8.96463787314665836448E+001    9.15544115686186472658E+001    9.34709943115673524971E+001    9.53921648364173648815E+001    9.73146999682526256947E+001    9.78067684221584840998E+001    9.89822552603417733508E+001    9.99999999999999715783E+001    1.00000000000000028422E+002    9.99999999999999289457E+001    1.00000000000000071054E+002    1.00000000000000085265E+002    9.99999999999999289457E+001    1.00000000000000028422E+002    1.00000000000000085265E+002    9.99999999999998863132E+001    1.00000000000000085265E+002    1.00000000000000042633E+002    1.00000000000000071054E+002    1.00000000000000028422E+002    1.00000000000000071054E+002    9.99999999999999573674E+001    9.99999999999999573674E+001    9.99999999999999857891E+001    9.99999999999999715783E+001    1.00000000000000071054E+002    1.00000000000000042633E+002    9.99999999999999431566E+001    9.99999999999999573674E+001    1.00000000000000042633E+002    1.00000000000000028422E+002    1.00000000000000042633E+002    9.99999999999999431566E+001    9.99999999999999431566E+001    9.99999999999999857891E+001    9.99999999999999715783E+001    9.99999999999999857891E+001    9.99999999999999431566E+001    9.99999999999999573674E+001    9.99999999999999715783E+001    1.00000000000000042633E+002    9.99999999999999857891E+001    1.00000000000000028422E+002    1.00000000000000028422E+002    1.00000000000000426326E+002    9.99999999999999715783E+001    9.99999999999999715783E+001    1.00000000000000000000E+002    1.00000000000000028422E+002    1.00000000000000000000E+002    1.00000000000000000000E+002    1.00000000000000028422E+002
   9.99999999999999715783E+001    9.99999999999999715783E+001    9.99999999999999715783E+001    9.99999999999999857891E+001    1.00000000000000028422E+002    1.00000000000000028422E+002    1.00000000000000028422E+002    1.00000000000000028422E+002    1.00000000000000028422E+002    1.00000000000000028422E+002    1.00000000000000028422E+002    1.00000000000000000000E+002    1.00000000000000028422E+002    9.99999999999999857891E+001    9.99999999999999715783E+001    1.00000000000000028422E+002    9.99999999999999857891E+001    9.99999999999999715783E+001    9.99999999999999715783E+001    9.99999999999999715783E+001    1.00000000000000000000E+002    1.00000000000000000000E+002    1.00000000000000000000E+002    1.00000000000000000000E+002    1.00000000000000028422E+002    1.00000000000000000000E+002    9.99999999999999715783E+001    1.00000000000000000000E+002    1.00000000000000000000E+002    9.99999999999999715783E+001    9.99999999999999715783E+001    1.00000000000000000000E+002    1.00000000000000028422E+002    9.99999999999999573674E+001    1.00000000000000028422E+002    9.99999999999999715783E+001    9.99999999999999715783E+001    1.00000000000000000000E+002    1.00000000000000000000E+002    9.99999999999999857891E+001    1.00000000000000000000E+002    1.00000000000000028422E+002    1.00000000000000000000E+002    1.00000000000000000000E+002    9.99999999999999857891E+001    1.00000000000000000000E+002    1.00000000000000000000E+002    1.00000000000000000000E+002    1.00000000000000028422E+002    9.99999999999999857891E+001    1.00000000000000000000E+002    1.00000000000000000000E+002    9.99999999999999857891E+001    9.99999999999999857891E+001    1.00000000000000028422E+002    9.99999999999999715783E+001
   4.20102664006191073298E+000    4.34701789675608285535E+000    4.49888653518844794377E+000    4.65689532400958938752E+000    4.82131956220493318455E+000    4.99244768174525255233E+000    5.17058187615001507709E+000    5.35603875551019203982E+000    5.54915002843373006414E+000    5.75026321127460349203E+000    5.95974236488160080683E+000    6.17796885895489023000E+000    6.40534216392166833032E+000    6.64228067003295308268E+000    6.88922253313996613144E+000    7.14662654632317462244E+000    7.41497303621602021906E+000    7.69476478248309447849E+000    7.98652795847236962601E+000    8.29081309055661819229E+000    8.60819603310156011844E+000    8.93927895534208616368E+000    9.28469133570129123711E+000    9.64509095824155870957E+000    1.00211649049842748127E+001    1.04136305367610813022E+001    1.08232364540540615394E+001    1.12507634279371391273E+001    1.16970252897249906709E+001    1.21628697662676632518E+001    1.26491792459756453582E+001    1.31568714586168837855E+001    1.36869000496772592612E+001    1.42402550276119956862E+001    1.48179630596286298072E+001    1.54210875887207219392E+001    1.60507287415208814707E+001    1.67080229931576660363E+001    1.73941425516873948709E+001    1.81102944208519609504E+001    1.88577190959009257654E+001    1.96376888430486715720E+001    2.04515055088583324050E+001    2.13004978015205956865E+001    2.21860179817000151559E+001    2.31094378964618130112E+001    2.40721442858910670282E+001    2.50755332885280850519E+001    2.61210040688577329604E+001    2.67844108639375839687E+001    2.67643916422544769773E+001    2.62047595306887544098E+001    2.52147044875057169122E+001    2.38818410125700744118E+001    2.22564554413267323696E+001    1.95062704036492924331E+001
   4.56319125143262294131E+000    4.72247788437441595732E+000    4.88818822812487852048E+000    5.06060893498253427936E+000    5.24004021738615843873E+000    5.42679648644863021900E+000    5.62120701627397245659E+000    5.82361663435874543637E+000    6.03438643825751341865E+000    6.25389453854224530716E+000    6.48253682791290586351E+000    6.72072777610921701097E+000    6.96890125003439386830E+000    7.22751135822255630359E+000    7.49703331845747822371E+000    7.77796434697882332898E+000    8.07082456728312891414E+000    8.37615793603762526232E+000    8.69453318306684685979E+000    9.02654476173660746952E+000    9.37281380534069974431E+000    9.73398908428198339493E+000    1.01107479579245698176E+001    1.05037973139623144192E+001    1.09138744869985728769E+001    1.13417481467404286377E+001    1.17882191447812800789E+001    1.22541213073492478713E+001    1.27403221596411544425E+001    1.32477235654199994030E+001    1.37772622634195673896E+001    1.43299102797716759738E+001    1.49066751931259595665E+001    1.55086002263839617399E+001    1.61367641359944400392E+001    1.67922808665784799587E+001    1.74762989352594928505E+001    1.81900005064902821061E+001    1.89346001144191546928E+001    1.97113429859348272544E+001    2.05215029135516751069E+001    2.13663796232557281485E+001    2.22472955784577663962E+001    2.31655921573260847879E+001    2.41226251371760724851E+001    2.51197594163644275511E+001    2.61583629014893901399E+001    2.72397994858030791931E+001    2.83654210438513736392E+001    2.90706625686250106355E+001    2.90597421255745373969E+001    2.84796895331159092279E+001    2.74437833009250660155E+001    2.60424816992270251603E+001    2.43264072383774845321E+001    2.13422315672404039333E+001
   1.34255954489706397226E+000    1.38575374760671099494E+000    1.43060692839547098920E+000    1.47719213276301619686E+000    1.52558599338168332515E+000    1.57586892211848161871E+000    1.62812531300218910069E+000    1.68244375678003921237E+000    1.73891726774592947358E+000    1.79764352356121959176E+000    1.85872511883018320944E+000    1.92226983323523192837E+000    1.98839091508185639157E+000    2.05720738115034018634E+000    2.12884433379976023559E+000    2.20343329632083451131E+000    2.28111256758637592768E+000    2.36202759710250598246E+000    2.44633138161940655309E+000    2.53418488451755496982E+000    2.62575747924355518137E+000    2.72122741812861557165E+000    2.82078232798227901412E+000    2.92461973391307639147E+000    3.03294761288643455188E+000    3.14598497858726711129E+000    3.26396249920982839399E+000    3.38712314984832207898E+000    3.51572290120952812842E+000    3.65003144640893850692E+000    3.79033296764589078265E+000    3.93692694457628400428E+000    4.09012900621280905966E+000    4.25027182818004156672E+000    4.41770607712973006898E+000    4.59280140407888382015E+000    4.77594748836449145557E+000    4.96755513380866897677E+000    5.16805741855178002453E+000    5.37791089983145376152E+000    5.59759687475586797945E+000    5.82762269782951047858E+000    6.06852315563281941024E+000    6.32086189861840885840E+000    6.58523292945559646228E+000    6.86226214671900613951E+000    7.15260894195489260738E+000    7.45696784725911587799E+000    7.77607022943709136342E+000    8.02128437797519566743E+000    8.01384080745411608859E+000    7.81629709934731486953E+000    7.47096208153315988199E+000    7.01236166835738394809E+000    6.46268387278624700798E+000    5.66603360428438485030E+000
   1.00000000000000028422E+002    9.99999999999999857891E+001    1.00000000000000000000E+002    9.99999999999999857891E+001    1.00000000000000000000E+002    1.00000000000000000000E+002    1.00000000000000000000E+002    1.00000000000000000000E+002    1.00000000000000000000E+002    1.00000000000000000000E+002    9.99999999999999715783E+001    1.00000000000000000000E+002    9.99999999999999715783E+001    1.00000000000000000000E+002    1.00000000000000000000E+002    1.00000000000000028422E+002    1.00000000000000000000E+002    1.00000000000000028422E+002    9.99999999999999857891E+001    1.00000000000000000000E+002    1.00000000000000028422E+002    9.99999999999999857891E+001    9.99999999999999857891E+001    1.00000000000000000000E+002    1.00000000000000028422E+002    1.00000000000000000000E+002    1.00000000000000028422E+002    9.99999999999999715783E+001    1.00000000000000000000E+002    1.00000000000000000000E+002    1.00000000000000000000E+002    1.00000000000000000000E+002    1.00000000000000028422E+002    1.00000000000000000000E+002    1.00000000000000000000E+002    1.00000000000000000000E+002    1.00000000000000000000E+002    9.99999999999999715783E+001    1.00000000000000000000E+002    1.00000000000000000000E+002    1.00000000000000000000E+002    1.00000000000000000000E+002    1.00000000000000000000E+002    1.00000000000000000000E+002    1.00000000000000000000E+002    9.99999999999999715783E+001    1.00000000000000000000E+002    1.00000000000000000000E+002    9.99999999999999857891E+001    1.00000000000000000000E+002    9.99999999999999857891E+001    9.99999999999999857891E+001    1.00000000000000000000E+002    1.00000000000000028422E+002    1.00000000000000000000E+002    1.00000000000000000000E+002
   1.00000000000000000000E+002    1.00000000000000000000E+002    1.00000000000000000000E+002    9.99999999999999857891E+001    1.00000000000000000000E+002    9.99999999999999857891E+001    1.00000000000000000000E+002    1.00000000000000000000E+002    1.00000000000000000000E+002    1.00000000000000000000E+002    1.00000000000000000000E+002    1.00000000000000028422E+002    1.00000000000000000000E+002    1.00000000000000000000E+002    1.00000000000000000000E+002    9.99999999999999857891E+001    1.00000000000000000000E+002    1.00000000000000000000E+002    9.99999999999999715783E+001    1.00000000000000000000E+002    1.00000000000000000000E+002    1.00000000000000000000E+002    9.99999999999999715783E+001    1.00000000000000000000E+002    1.00000000000000000000E+002    1.00000000000000000000E+002    1.00000000000000000000E+002    1.00000000000000000000E+002    1.00000000000000000000E+002    1.00000000000000000000E+002    1.00000000000000000000E+002    1.00000000000000000000E+002    1.00000000000000000000E+002    1.00000000000000000000E+002    1.00000000000000028422E+002    1.00000000000000000000E+002    1.00000000000000000000E+002    1.00000000000000000000E+002    1.00000000000000000000E+002    1.00000000000000000000E+002    1.00000000000000000000E+002    1.00000000000000000000E+002    1.00000000000000000000E+002    9.99999999999999715783E+001    1.00000000000000000000E+002    1.00000000000000000000E+002    1.00000000000000000000E+002    1.00000000000000000000E+002    9.99999999999999715783E+001    9.99999999999999857891E+001    1.00000000000000028422E+002    1.00000000000000000000E+002    1.00000000000000000000E+002    1.00000000000000000000E+002    9.99999999999999857891E+001    1.00000000000000000000E+002
   1.09434363512233119309E+001    1.13375831028041140769E+001    1.17474571937946947742E+001    1.21737070194125003297E+001    1.26170052817705489190E+001    1.30780494588589988325E+001    1.35575622187401485519E+001    1.40562917683823265236E+001    1.45750121253615745331E+001    1.51145232993720881609E+001    1.56756513691036882818E+001    1.62592484385677060743E+001    1.68661924553822686335E+001    1.74973868718673131184E+001    1.81537601280608988930E+001    1.88362649339508401169E+001    1.95458773263429250733E+001    2.02835954738683206244E+001    2.10504382016993822901E+001    2.18474432056159528770E+001    2.26756649231813760537E+001    2.35361720279979174109E+001    2.44300445113576749634E+001    2.53583703141560974359E+001    2.63222414707596499284E+001    2.73227497257075562231E+001    2.83609815837578267406E+001    2.94380127539977394235E+001    3.05549019496192073575E+001    3.17126846276703560079E+001    3.29125315068622441572E+001    3.41584483551300195359E+001    3.54560697173614087774E+001    3.68095201128901834409E+001    3.82209519525585079691E+001    3.96914802870688063763E+001    4.11956919027205259454E+001    4.23099749715298472097E+001    4.34436561900135913561E+001    4.45916776311081264339E+001    4.57505288794628839355E+001    4.69188674375483998347E+001    4.80960850333101461729E+001    4.92816978276690420557E+001    5.06414135556191737919E+001    5.22818619528091730331E+001    5.39598862284849190019E+001    5.56746772450756992612E+001    5.74217263346324031659E+001    5.83489806666500427923E+001    5.84645931833054035565E+001    5.79010053903416519461E+001    5.67770035372489942915E+001    5.51794166936769414633E+001    5.28622514419980618072E+001    5.58269448555153573466E+001
   1.00000000000000000000E+002    1.00000000000000028422E+002    9.99999999999999715783E+001    9.99999999999999857891E+001    9.99999999999999857891E+001    1.00000000000000000000E+002    9.99999999999999715783E+001    1.00000000000000028422E+002    9.99999999999999715783E+001    9.99999999999999715783E+001    1.00000000000000028422E+002    9.99999999999999857891E+001    1.00000000000000000000E+002    1.00000000000000028422E+002    9.99999999999999715783E+001    9.99999999999999857891E+001    1.00000000000000000000E+002    1.00000000000000000000E+002    1.00000000000000000000E+002    1.00000000000000000000E+002    9.99999999999999857891E+001    9.99999999999999715783E+001    1.00000000000000000000E+002    9.99999999999999715783E+001    1.00000000000000000000E+002    9.99999999999999715783E+001    1.00000000000000000000E+002    9.99999999999999715783E+001    9.99999999999999715783E+001    1.00000000000000028422E+002    1.00000000000000000000E+002    9.99999999999999715783E+001    1.00000000000000000000E+002    1.00000000000000028422E+002    1.00000000000000000000E+002    1.00000000000000000000E+002    9.99999999999999715783E+001    1.00000000000000028422E+002    1.00000000000000000000E+002    1.00000000000000028422E+002    9.99999999999999857891E+001    9.99999999999999857891E+001    9.99999999999999857891E+001    9.99999999999999857891E+001    9.99999999999999857891E+001    1.00000000000000000000E+002    1.00000000000000000000E+002    9.99999999999999857891E+001    1.00000000000000000000E+002    1.00000000000000000000E+002    1.00000000000000000000E+002    9.99999999999999715783E+001    1.00000000000000000000E+002    1.00000000000000028422E+002    9.99999999999999715783E+001    1.00000000000000000000E+002
   1.89287779984657014154E+001    1.96069474766756854933E+001    2.03106763446882041535E+001    2.10408504248565009220E+001    2.17983719916566940356E+001    2.25841582368137743231E+001    2.33991394686984577334E+001    2.42442570219690196609E+001    2.51204608524821999538E+001    2.60287067916953098745E+001    2.69699534342078486304E+001    2.79451586317465476839E+001    2.89552755668900090313E+001    3.00012483801929619176E+001    3.10840073251895319117E+001    3.22044791343675811390E+001    3.33642990859058130582E+001    3.45670208157779583757E+001    3.58173624802008063739E+001    3.71191376253851430533E+001    3.84745246621235352791E+001    3.98846404078802123649E+001    4.11669753286824899874E+001    4.22227972184580693238E+001    4.32951615506759281971E+001    4.43797826983221312958E+001    4.54738119114393271047E+001    4.65760507516501292002E+001    4.76859778755562686570E+001    4.88032091486733392571E+001    5.02882986306920187758E+001    5.18504483063658057063E+001    5.34480322088506696332E+001    5.50805063833193813139E+001    5.67471943588050393714E+001    5.84472811367963061002E+001    6.01798195197911525156E+001    6.19437336526432602568E+001    6.37377807624403089903E+001    6.55605384771228472118E+001    6.74104136122876695936E+001    6.92840170493930287421E+001    7.11778812132467493257E+001    7.30928443705706314404E+001    7.50266774900387360958E+001    7.69769966709153692364E+001    7.89412684556343862141E+001    8.09168167309180006441E+001    8.28868152642457545198E+001    8.43447846008254487060E+001    8.54491536706356953346E+001    8.63890488591806331442E+001    8.73428991876889995183E+001    8.85009892286649062498E+001    8.82517392481071851762E+001    1.00000000000000085265E+002
   6.26202384420112210250E+001    6.42685302901450370427E+001    6.59439915685815662982E+001    6.76443894989033367438E+001    6.93672502118530047710E+001    7.11143034204865500669E+001    7.28844624189154615124E+001    7.46765484046594281153E+001    7.64892909874083386512E+001    7.83213292796823878916E+001    8.01712135965679379979E+001    8.20374077867562476740E+001    8.39182922114267597635E+001    8.58121673812048157970E+001    8.77176136073565118068E+001    8.96344855815590193515E+001    9.15610042189547215230E+001    9.34927330332151313996E+001    9.54253301444846471213E+001    9.73553972163890222191E+001    9.78658668480698281655E+001    9.89902476529935739791E+001    9.99999999999999289457E+001    1.00000000000000085265E+002    1.00000000000000028422E+002    1.00000000000000000000E+002    9.99999999999999147349E+001    9.99999999999999573674E+001    9.99999999999999715783E+001    9.99999999999999573674E+001    9.99999999999999715783E+001    9.99999999999999289457E+001    1.00000000000000042633E+002    1.00000000000000085265E+002    9.99999999999999857891E+001    1.00000000000000071054E+002    1.00000000000000042633E+002    9.99999999999999857891E+001    1.00000000000000071054E+002    9.99999999999995878852E+001    9.99999999999999857891E+001    1.00000000000000071054E+002    9.99999999999999715783E+001    9.99999999999999573674E+001    9.99999999999999289457E+001    1.00000000000000042633E+002    1.00000000000000000000E+002    1.00000000000000028422E+002    9.99999999999999857891E+001    9.99999999999999715783E+001    1.00000000000000028422E+002    1.00000000000000028422E+002    9.99999999999999857891E+001    9.99999999999999573674E+001    1.00000000000000028422E+002    1.00000000000000028422E+002
   9.76762322783579577390E+001    9.83237653148159864713E+001    9.99112378608799218682E+001    1.00000000000000071054E+002    9.99999999999999289457E+001    9.99999999999999715783E+001    1.00000000000000028422E+002    1.00000000000000028422E+002    9.99999999999999147349E+001    1.00000000000000042633E+002    1.00000000000000000000E+002    9.99999999999999573674E+001    1.00000000000000085265E+002    9.99999999999999573674E+001    1.00000000000000000000E+002    9.99999999999999715783E+001    9.99999999999999289457E+001    9.99999999999999715783E+001    1.00000000000000028422E+002    1.00000000000000028422E+002    1.00000000000000028422E+002    1.00000000000000000000E+002    9.99999999999999715783E+001    9.99999999999999573674E+001    9.99999999999999857891E+001    1.00000000000000028422E+002    9.99999999999999715783E+001    9.99999999999999715783E+001    1.00000000000000028422E+002    1.00000000000000042633E+002    9.99999999999999431566E+001    1.00000000000000028422E+002    9.99999999999999573674E+001    9.99999999999999857891E+001    9.99999999999999715783E+001    9.99999999999999715783E+001    9.99999999999999715783E+001    1.00000000000000028422E+002    1.00000000000000028422E+002    9.99999999999999857891E+001    9.99999999999999857891E+001    9.99999999999999715783E+001    1.00000000000000028422E+002    9.99999999999999715783E+001    9.99999999999999715783E+001    9.99999999999999715783E+001    1.00000000000000028422E+002    9.99999999999999715783E+001    9.99999999999999715783E+001    9.99999999999999715783E+001    1.00000000000000028422E+002    1.00000000000000028422E+002    1.00000000000000000000E+002    1.00000000000000042633E+002    1.00000000000000042633E+002    1.00000000000000000000E+002
   1.64416091823204482125E+001    1.70331136435236878413E+001    1.76473784724987972083E+001    1.82852430275943795834E+001    1.89475679216578605235E+001    1.96352342618116608719E+001    2.03491426909115666888E+001    2.10902122092317512170E+001    2.18593787535382126919E+001    2.26575935093638527462E+001    2.34858209310171339723E+001    2.43450364426629164427E+001    2.52362237927737531606E+001    2.61603720333779428131E+001    2.71184720949079185459E+001    2.81115129271379764475E+001    2.91404771767315509123E+001    3.02063363724326627846E+001    3.13100455899518337333E+001    3.24525582145093451913E+001    3.36360821034680697039E+001    3.48649112809300305571E+001    3.61437700348552723995E+001    3.74759600858379755550E+001    3.88632523230976190121E+001    4.03065812550628379540E+001    4.15164301493026997036E+001    4.25929372785831645842E+001    4.36853152514626259517E+001    4.47891955524390255050E+001    4.59022486658062689457E+001    4.70235993128623448456E+001    4.81527938920563158831E+001    4.93232435636179786798E+001    5.08802262737881889620E+001    5.24735153520198736032E+001    5.41025973226936898186E+001    5.57668216828009235542E+001    5.74653939000246865021E+001    5.91973694326266368648E+001    6.09616760355839915064E+001    6.27570829850222153823E+001    6.45821705885244057299E+001    6.64353337225334570348E+001    6.83147900389569286972E+001    7.02150802030484157967E+001    7.21361296959675541984E+001    7.40768407805192197202E+001    7.60222764800181209921E+001    7.73104108460302512640E+001    7.80584098393383527537E+001    7.84319584207796083319E+001    7.85729918181107223063E+001    7.86069396852536783626E+001    7.74394035293738340897E+001    8.82824164591765025989E+001
   9.76658934078233329501E+001    9.82452512047659070049E+001    9.98327848111852205193E+001    1.00000000000000000000E+002    1.00000000000000028422E+002    9.99999999999999715783E+001    9.99999999999999715783E+001    1.00000000000000000000E+002    9.99999999999999573674E+001    9.99999999999999289457E+001    1.00000000000000426326E+002    1.00000000000000028422E+002    9.99999999999999573674E+001    9.99999999999999289457E+001    1.00000000000000042633E+002    9.99999999999999573674E+001    9.99999999999999715783E+001    1.00000000000000028422E+002    9.99999999999999289457E+001    9.99999999999999715783E+001    9.99999999999999147349E+001    9.99999999999999857891E+001    9.99999999999999715783E+001    9.99999999999999431566E+001    9.99999999999999289457E+001    1.00000000000000028422E+002    1.00000000000000028422E+002    1.00000000000000028422E+002    9.99999999999999289457E+001    9.99999999999999573674E+001    1.00000000000000042633E+002    9.99999999999999573674E+001    1.00000000000000028422E+002    9.99999999999999715783E+001    9.99999999999999715783E+001    1.00000000000000028422E+002    1.00000000000000000000E+002    1.00000000000000000000E+002    9.99999999999999715783E+001    1.00000000000000028422E+002    9.99999999999999857891E+001    1.00000000000000000000E+002    9.99999999999999715783E+001    1.00000000000000000000E+002    9.99999999999999715783E+001    9.99999999999999715783E+001    9.99999999999999715783E+001    9.99999999999999715783E+001    9.99999999999995452526E+001    1.00000000000000028422E+002    1.00000000000000000000E+002    1.00000000000000000000E+002    9.99999999999999573674E+001    1.00000000000000028422E+002    1.00000000000000042633E+002    9.99999999999999573674E+001
   6.21750937548253546083E+000    6.43777877229843298323E+000    6.66695943936544299646E+000    6.90544372889333857302E+000    7.15364175426058412910E+000    7.41198213227837499062E+000    7.68091274411857050097E+000    7.96090151344321128590E+000    8.25243719991024882177E+000    8.55603020581857443005E+000    8.87221339318767121540E+000    9.20154290803935204224E+000    9.54459900805360916820E+000    9.90198688910121838092E+000    1.02743375054067751506E+001    1.06623083772539821723E+001    1.10665843792158540282E+001    1.14878785008478843110E+001    1.19269325706333582104E+001    1.23845179326982677281E+001    1.28614360644096450415E+001    1.33585191214346359345E+001    1.38766303951530325378E+001    1.44166646654845624909E+001    1.49795484302002517296E+001    1.55662399896414331835E+001    1.61777293634578001047E+001    1.68150380135089108080E+001    1.74792183444551305627E+001    1.81713529507964359766E+001    1.88925535762326042288E+001    1.96439597482190784206E+001    2.04267370475365943605E+001    2.12420749695871862173E+001    2.20911843310657651784E+001    2.29752941726635953046E+001    2.38956481056541036878E+001    2.48535000476573557648E+001    2.58501092907314280467E+001    2.68867348432992656626E+001    2.79646289864832411354E+001    2.90850299853526799154E+001    3.02491538966116984000E+001    3.14581854166081207325E+001    3.27132677174775636786E+001    3.40197270327645995280E+001    3.53840712878032661592E+001    3.68100785703988435671E+001    3.82995313237301076015E+001    3.91850575151310707156E+001    3.92689836610425473395E+001    3.82352814024267289028E+001    3.66081896491610265798E+001    3.45217770856813785940E+001    3.20339249283973757088E+001    2.99108254657303298529E+001
   1.00000000000000000000E+002    1.00000000000000028422E+002    1.00000000000000028422E+002    9.99999999999999715783E+001    1.00000000000000028422E+002    1.00000000000000028422E+002    1.00000000000000000000E+002    9.99999999999999857891E+001    9.99999999999999857891E+001    1.00000000000000028422E+002    1.00000000000000028422E+002    9.99999999999999715783E+001    9.99999999999999857891E+001    1.00000000000000028422E+002    1.00000000000000028422E+002    1.00000000000000028422E+002    9.99999999999999857891E+001    1.00000000000000000000E+002    9.99999999999999715783E+001    9.99999999999999857891E+001    1.00000000000000000000E+002    1.00000000000000028422E+002    9.99999999999999715783E+001    1.00000000000000000000E+002    9.99999999999999715783E+001    9.99999999999999715783E+001    1.00000000000000028422E+002    1.00000000000000000000E+002    9.99999999999999715783E+001    1.00000000000000000000E+002    1.00000000000000000000E+002    1.00000000000000000000E+002    9.99999999999999715783E+001    1.00000000000000000000E+002    9.99999999999999715783E+001    1.00000000000000028422E+002    9.99999999999999715783E+001    1.00000000000000000000E+002    1.00000000000000000000E+002    1.00000000000000000000E+002    1.00000000000000028422E+002    1.00000000000000000000E+002    9.99999999999999857891E+001    9.99999999999999857891E+001    9.99999999999999857891E+001    1.00000000000000000000E+002    1.00000000000000000000E+002    1.00000000000000000000E+002    9.99999999999999857891E+001    1.00000000000000000000E+002    1.00000000000000000000E+002    9.99999999999999715783E+001    1.00000000000000028422E+002    1.00000000000000000000E+002    1.00000000000000000000E+002    9.99999999999999715783E+001
   9.99999999999999715783E+001    1.00000000000000028422E+002    9.99999999999999715783E+001    9.99999999999999715783E+001    9.99999999999999573674E+001    1.00000000000000000000E+002    9.99999999999999431566E+001    9.99999999999999715783E+001    1.00000000000000028422E+002    1.00000000000000000000E+002    9.99999999999999715783E+001    9.99999999999999715783E+001    1.00000000000000000000E+002    1.00000000000000000000E+002    1.00000000000000028422E+002    1.00000000000000028422E+002    1.00000000000000028422E+002    9.99999999999999715783E+001    1.00000000000000042633E+002    1.00000000000000028422E+002    9.99999999999999715783E+001    1.00000000000000000000E+002    1.00000000000000028422E+002    1.00000000000000028422E+002    1.00000000000000028422E+002    1.00000000000000028422E+002    1.00000000000000028422E+002    1.00000000000000000000E+002    9.99999999999999857891E+001    1.00000000000000000000E+002    9.99999999999999857891E+001    1.00000000000000000000E+002    9.99999999999999715783E+001    1.00000000000000000000E+002    1.00000000000000000000E+002    1.00000000000000000000E+002    9.99999999999999715783E+001    9.99999999999999715783E+001    1.00000000000000042633E+002    1.00000000000000028422E+002    1.00000000000000000000E+002    1.00000000000000000000E+002    1.00000000000000028422E+002    1.00000000000000028422E+002    1.00000000000000000000E+002    1.00000000000000000000E+002    1.00000000000000000000E+002    1.00000000000000000000E+002    1.00000000000000028422E+002    9.99999999999999715783E+001    9.99999999999999857891E+001    1.00000000000000000000E+002    1.00000000000000028422E+002    1.00000000000000028422E+002    9.99999999999999857891E+001    1.00000000000000028422E+002
   9.45521186942621909566E+001    9.64684256926440610869E+001    9.76822528197483848089E+001    9.82961321858481795744E+001    9.98842897483809366577E+001    9.99999999999999715783E+001    1.00000000000000042633E+002    9.99999999999999147349E+001    1.00000000000000028422E+002    1.00000000000000071054E+002    9.99999999999999715783E+001    9.99999999999999715783E+001    1.00000000000000042633E+002    9.99999999999999857891E+001    1.00000000000000028422E+002    1.00000000000000085265E+002    1.00000000000000000000E+002    9.99999999999999431566E+001    1.00000000000000028422E+002    1.00000000000000042633E+002    9.99999999999999147349E+001    9.99999999999999715783E+001    9.99999999999999715783E+001    1.00000000000000071054E+002    1.00000000000000000000E+002    9.99999999999999573674E+001    1.00000000000000028422E+002    9.99999999999999431566E+001    1.00000000000000071054E+002    9.99999999999999431566E+001    1.00000000000000042633E+002    9.99999999999999573674E+001    9.99999999999999857891E+001    9.99999999999999715783E+001    9.99999999999999431566E+001    9.99999999999999857891E+001    9.99999999999999289457E+001    1.00000000000000028422E+002    1.00000000000000000000E+002    9.99999999999999857891E+001    1.00000000000000028422E+002    9.99999999999999715783E+001    1.00000000000000028422E+002    1.00000000000000000000E+002    9.99999999999999715783E+001    1.00000000000000028422E+002    1.00000000000000028422E+002    9.99999999999999715783E+001    9.99999999999999715783E+001    1.00000000000000000000E+002    9.99999999999999715783E+001    1.00000000000000000000E+002    9.99999999999999715783E+001    1.00000000000000042633E+002    9.99999999999999431566E+001    9.99999999999999715783E+001
   1.00000000000000000000E+002    9.99999999999999715783E+001    1.00000000000000000000E+002    1.00000000000000000000E+002    9.99999999999999715783E+001    1.00000000000000028422E+002    9.99999999999999715783E+001    1.00000000000000028422E+002    9.99999999999999857891E+001    9.99999999999999857891E+001    1.00000000000000000000E+002    9.99999999999999857891E+001    9.99999999999999857891E+001    1.00000000000000000000E+002    1.00000000000000000000E+002    9.99999999999999857891E+001    1.00000000000000000000E+002    1.00000000000000000000E+002    1.00000000000000000000E+002    1.00000000000000028422E+002    1.00000000000000028422E+002    1.00000000000000028422E+002    9.99999999999999715783E+001    1.00000000000000000000E+002    1.00000000000000000000E+002    9.99999999999999715783E+001    1.00000000000000000000E+002    1.00000000000000028422E+002    1.00000000000000000000E+002    1.00000000000000000000E+002    1.00000000000000000000E+002    1.00000000000000000000E+002    9.99999999999999715783E+001    9.99999999999999857891E+001    1.00000000000000028422E+002    1.00000000000000000000E+002    1.00000000000000000000E+002    1.00000000000000000000E+002    9.99999999999999715783E+001    9.99999999999999857891E+001    1.00000000000000000000E+002    1.00000000000000000000E+002    1.00000000000000000000E+002    1.00000000000000000000E+002    1.00000000000000000000E+002    9.99999999999999857891E+001    9.99999999999999715783E+001    1.00000000000000028422E+002    1.00000000000000000000E+002    1.00000000000000028422E+002    9.99999999999999715783E+001    1.00000000000000000000E+002    9.99999999999999715783E+001    9.99999999999999573674E+001    1.00000000000000000000E+002    9.99999999999999715783E+001
   1.00000000000000071054E+002    9.99999999999999289457E+001    9.99999999999999857891E+001    1.00000000000000042633E+002    1.00000000000000028422E+002    1.00000000000000071054E+002    1.00000000000000028422E+002    1.00000000000000071054E+002    9.99999999999999715783E+001    1.00000000000000028422E+002    1.00000000000000000000E+002    9.99999999999999715783E+001    9.99999999999999431566E+001    1.00000000000000028422E+002    1.00000000000000000000E+002    9.99999999999999715783E+001    1.00000000000000042633E+002    1.00000000000000028422E+002    9.99999999999999857891E+001    9.99999999999999289457E+001    1.00000000000000071054E+002    9.99999999999999431566E+001    1.00000000000000028422E+002    1.00000000000000028422E+002    9.99999999999999857891E+001    9.99999999999999857891E+001    9.99999999999999857891E+001    1.00000000000000028422E+002    1.00000000000000028422E+002    1.00000000000000028422E+002    9.99999999999999573674E+001    1.00000000000000000000E+002    1.00000000000000042633E+002    9.99999999999999715783E+001    9.99999999999999715783E+001    9.99999999999999715783E+001    1.00000000000000000000E+002    1.00000000000000028422E+002    9.99999999999999715783E+001    1.00000000000000028422E+002    1.00000000000000000000E+002    9.99999999999999715783E+001    9.99999999999999573674E+001    9.99999999999999573674E+001    9.99999999999999573674E+001    1.00000000000000071054E+002    1.00000000000000028422E+002    9.99999999999999715783E+001    1.00000000000000000000E+002    9.99999999999999573674E+001    9.99999999999999715783E+001    1.00000000000000028422E+002    1.00000000000000042633E+002    9.99999999999999573674E+001    1.00000000000000028422E+002    1.00000000000000028422E+002
   1.00000000000000000000E+002    9.99999999999999857891E+001    9.99999999999999857891E+001    9.99999999999999857891E+001    1.00000000000000028422E+002    9.99999999999999715783E+001    1.00000000000000000000E+002    1.00000000000000000000E+002    1.00000000000000000000E+002    1.00000000000000000000E+002    9.99999999999999715783E+001    1.00000000000000000000E+002    1.00000000000000000000E+002    1.00000000000000000000E+002    1.00000000000000028422E+002    9.99999999999999857891E+001    9.99999999999999857891E+001    9.99999999999999857891E+001    1.00000000000000000000E+002    1.00000000000000000000E+002    1.00000000000000028422E+002    9.99999999999999857891E+001    9.99999999999999715783E+001    1.00000000000000000000E+002    1.00000000000000000000E+002    1.00000000000000000000E+002    1.00000000000000000000E+002    1.00000000000000000000E+002    1.00000000000000000000E+002    1.00000000000000000000E+002    1.00000000000000000000E+002    9.99999999999999857891E+001    9.99999999999999857891E+001    9.99999999999999857891E+001    1.00000000000000000000E+002    1.00000000000000028422E+002    1.00000000000000000000E+002    9.99999999999999857891E+001    1.00000000000000000000E+002    1.00000000000000000000E+002    1.00000000000000028422E+002    1.00000000000000000000E+002    1.00000000000000000000E+002    1.00000000000000000000E+002    9.99999999999999715783E+001    9.99999999999999715783E+001    1.00000000000000000000E+002    1.00000000000000000000E+002    9.99999999999999857891E+001    1.00000000000000000000E+002    9.99999999999999857891E+001    1.00000000000000000000E+002    1.00000000000000000000E+002    1.00000000000000000000E+002    1.00000000000000000000E+002    1.00000000000000000000E+002
   9.99999999999999573674E+001    1.00000000000000042633E+002    9.99999999999999715783E+001    1.00000000000000000000E+002    1.00000000000000028422E+002    1.00000000000000028422E+002    1.00000000000000028422E+002    9.99999999999999715783E+001    1.00000000000000000000E+002    9.99999999999999857891E+001    9.99999999999999431566E+001    9.99999999999999573674E+001    9.99999999999999857891E+001    9.99999999999999573674E+001    9.99999999999999715783E+001    1.00000000000000000000E+002    9.99999999999999715783E+001    1.00000000000000042633E+002    9.99999999999999715783E+001    1.00000000000000028422E+002    1.00000000000000028422E+002    9.99999999999999715783E+001    9.99999999999999715783E+001    1.00000000000000042633E+002    9.99999999999999715783E+001    1.00000000000000000000E+002    9.99999999999999715783E+001    9.99999999999999715783E+001    1.00000000000000028422E+002    9.99999999999999573674E+001    1.00000000000000042633E+002    1.00000000000000042633E+002    1.00000000000000000000E+002    9.99999999999999715783E+001    9.99999999999999715783E+001    9.99999999999999573674E+001    1.00000000000000028422E+002    1.00000000000000042633E+002    1.00000000000000028422E+002    9.99999999999999857891E+001    9.99999999999999715783E+001    1.00000000000000042633E+002    9.99999999999999715783E+001    1.00000000000000042633E+002    1.00000000000000000000E+002    1.00000000000000028422E+002    9.99999999999999431566E+001    9.99999999999999715783E+001    9.99999999999999573674E+001    9.99999999999999857891E+001    9.99999999999999715783E+001    1.00000000000000000000E+002    1.00000000000000000000E+002    1.00000000000000000000E+002    9.99999999999999573674E+001    1.00000000000000000000E+002
   5.30223339279966765503E+001    5.45115942393454986359E+001    5.60316677750250988765E+001    5.75822048107265089811E+001    5.91627745861242999581E+001    6.07728714507269316414E+001    6.24119082211616031941E+001    6.40791957461362926551E+001    6.57739339726713723167E+001    6.74947040809799574390E+001    6.92371186380213998746E+001    7.10037056003714468488E+001    7.27932623440563304484E+001    7.46044857952607713969E+001    7.64359731723305060314E+001    7.82862234022911707143E+001    8.01536392426336732342E+001    8.20365301329772762529E+001    8.39331157941855394711E+001    8.58415305847188818689E+001    8.77602067412753115150E+001    8.96892030528956780699E+001    9.16262415927752158495E+001    9.35662307172979268444E+001    9.55047042730235204999E+001    9.74382000384770634582E+001    9.79061815934806674022E+001    9.90442679620595640699E+001    1.00000000000000028422E+002    1.00000000000000000000E+002    1.00000000000000000000E+002    9.99999999999999573674E+001    1.00000000000000028422E+002    9.99999999999999289457E+001    1.00000000000000028422E+002    1.00000000000000028422E+002    1.00000000000000085265E+002    1.00000000000000028422E+002    1.00000000000000042633E+002    9.99999999999999573674E+001    9.99999999999999289457E+001    1.00000000000000071054E+002    1.00000000000000071054E+002    1.00000000000000028422E+002    9.99999999999999573674E+001    1.00000000000000000000E+002    1.00000000000000042633E+002    9.99999999999999857891E+001    9.99999999999999857891E+001    1.00000000000000042633E+002    1.00000000000000042633E+002    1.00000000000000028422E+002    1.00000000000000028422E+002    1.00000000000000042633E+002    9.99999999999995736744E+001    1.00000000000000028422E+002
   1.00000000000000000000E+002    9.99999999999999715783E+001    1.00000000000000000000E+002    1.00000000000000000000E+002    1.00000000000000000000E+002    1.00000000000000000000E+002    1.00000000000000000000E+002    9.99999999999999857891E+001    9.99999999999999857891E+001    9.99999999999999857891E+001    1.00000000000000000000E+002    9.99999999999999857891E+001    9.99999999999999715783E+001    1.00000000000000000000E+002    1.00000000000000000000E+002    1.00000000000000000000E+002    1.00000000000000028422E+002    1.00000000000000000000E+002    9.99999999999999715783E+001    1.00000000000000000000E+002    9.99999999999999715783E+001    1.00000000000000000000E+002    1.00000000000000000000E+002    1.00000000000000000000E+002    9.99999999999999857891E+001    1.00000000000000000000E+002    9.99999999999999715783E+001    1.00000000000000000000E+002    1.00000000000000000000E+002    1.00000000000000000000E+002    1.00000000000000000000E+002    1.00000000000000000000E+002    9.99999999999999715783E+001    1.00000000000000000000E+002    1.00000000000000000000E+002    1.00000000000000000000E+002    1.00000000000000000000E+002    1.00000000000000000000E+002    1.00000000000000000000E+002    1.00000000000000000000E+002    9.99999999999999857891E+001    9.99999999999999857891E+001    1.00000000000000000000E+002    9.99999999999999715783E+001    1.00000000000000000000E+002    1.00000000000000000000E+002    1.00000000000000000000E+002    1.00000000000000000000E+002    9.99999999999999857891E+001    1.00000000000000000000E+002    1.00000000000000028422E+002    1.00000000000000000000E+002    1.00000000000000000000E+002    1.00000000000000000000E+002    9.99999999999999715783E+001    1.00000000000000000000E+002
   2.30534161200107519107E+001    2.38710567791498533552E+001    2.47183346973688173875E+001    2.55961594743080098624E+001    2.65054453302269124038E+001    2.74471081419160611858E+001    2.84220621187413939879E+001    2.94312160957136690342E+001    3.04754694209477889899E+001    3.15557074157705770290E+001    3.26728364513200943975E+001    3.38289306580883604170E+001    3.50280276593518493655E+001    3.62746637823790933908E+001    3.75720887283715683225E+001    3.89220615095376487602E+001    4.03255219294551991993E+001    4.14272398501488794409E+001    4.24670797053765767259E+001    4.35215473103616474759E+001    4.45868950633309708564E+001    4.56608215065906648533E+001    4.67423774595020304901E+001    4.78311188139687715193E+001    4.90606013852606395176E+001    5.05702033106278037167E+001    5.21147654909247322053E+001    5.36939089565420388794E+001    5.53071388495906219873E+001    5.69538383562276564476E+001    5.86332635790077532079E+001    6.03445529466082319914E+001    6.20867219946494870442E+001    6.38586327187415179196E+001    6.56589827766754439153E+001    6.74863122311512029228E+001    6.93366209643513684568E+001    7.12081327412090274720E+001    7.31010839158455496545E+001    7.50134275142725641672E+001    7.69429727365067321898E+001    7.88873893513661386123E+001    8.08442134761490933670E+001    8.28108547707361850598E+001    8.47846050565828619483E+001    8.67627661070108189278E+001    8.87449595198909122473E+001    9.07308939170025610110E+001    9.26990587734790665309E+001    9.44458262075767720489E+001    9.61912353143256524390E+001    9.74205230211594255252E+001    9.75525350638407076076E+001    9.96707702582408501257E+001    9.99999999999999715783E+001    9.99999999999999573674E+001
   3.28645733749595514439E+000    3.39904173421864896909E+000    3.51612760541727498165E+000    3.63791668357450959093E+000    3.76462048715127961529E+000    3.89646081355141449265E+000    4.03367025610477014652E+000    4.17649274599347020143E+000    4.32518412003894336948E+000    4.48001271525371347337E+000    4.64125999103691366798E+000    4.80922117985784947081E+000    4.98420596722249964472E+000    5.16653920165431745914E+000    5.35656163533764395623E+000    5.55463069597057756965E+000    5.76112129024664820776E+000    5.97642663923100148082E+000    6.20095914571282857963E+000    6.43515129339378955109E+000    6.67945657751172383598E+000    6.93435046619151318481E+000    7.20033139145559886174E+000    7.47792176840781230851E+000    7.76766904061966201311E+000    8.07014674918657703984E+000    8.38595562228086421896E+000    8.71572468128685429178E+000    9.06011235876335874195E+000    9.41980762251838577015E+000    9.79553109899296359231E+000    1.01880361879191383423E+001    1.05981101588286712456E+001    1.10265752184286878190E+001    1.14742895361080599059E+001    1.19421482128877745055E+001    1.24310841769491258191E+001    1.29420689864616687004E+001    1.34761135177670752228E+001    1.40342685140350535988E+001    1.46176249662976207588E+001    1.52273142952550983864E+001    1.58645082984458678510E+001    1.65304188232682847115E+001    1.72262971219496172637E+001    1.79534328398859521769E+001    1.87131525838541108442E+001    1.95068180114627480748E+001    2.03358233779224732984E+001    2.08837787793149622928E+001    2.08529632871042878151E+001    2.03727434671636693508E+001    1.95378426258715691688E+001    1.84249901688554231782E+001    1.70805638660509053750E+001    1.49414404354996399604E+001
   1.00000000000000071054E+002    1.00000000000000000000E+002    1.00000000000000042633E+002    9.99999999999999573674E+001    1.00000000000000028422E+002    9.99999999999999715783E+001    1.00000000000000028422E+002    1.00000000000000028422E+002    1.00000000000000028422E+002    1.00000000000000000000E+002    1.00000000000000000000E+002    1.00000000000000028422E+002    9.99999999999999573674E+001    1.00000000000000028422E+002    1.00000000000000000000E+002    9.99999999999999715783E+001    9.99999999999999715783E+001    9.99999999999999715783E+001    1.00000000000000000000E+002    9.99999999999999431566E+001    1.00000000000000028422E+002    9.99999999999999715783E+001    1.00000000000000000000E+002    1.00000000000000028422E+002    9.99999999999999715783E+001    9.99999999999999573674E+001    1.00000000000000028422E+002    9.99999999999999715783E+001    1.00000000000000000000E+002    1.00000000000000028422E+002    9.99999999999999573674E+001    1.00000000000000000000E+002    9.99999999999999857891E+001    1.00000000000000000000E+002    1.00000000000000000000E+002    1.00000000000000042633E+002    1.00000000000000028422E+002    1.00000000000000028422E+002    9.99999999999999715783E+001    9.99999999999999715783E+001    9.99999999999999289457E+001    9.99999999999999715783E+001    1.00000000000000000000E+002    9.99999999999999715783E+001    9.99999999999999715783E+001    9.99999999999999289457E+001    1.00000000000000028422E+002    9.99999999999999857891E+001    1.00000000000000028422E+002    1.00000000000000000000E+002    9.99999999999999857891E+001    1.00000000000000000000E+002    1.00000000000000028422E+002    9.99999999999999715783E+001    9.99999999999999715783E+001    1.00000000000000000000E+002
   1.30261525178756043530E+000    1.34442572472881960444E+000    1.38783938367420667248E+000    1.43292674278092579954E+000    1.47976177766128169644E+000    1.52842211076331779829E+000    1.57898920733762282431E+000    1.63154858261651725115E+000    1.68619002086832781018E+000    1.74300780702808832956E+000    1.80210097164617200072E+000    1.86357354993908064245E+000    1.92753485577044192389E+000    1.99409977143726369064E+000    2.06338905418429874317E+000    2.13552966042019320980E+000    2.21065508866093773932E+000    2.28890574228086851605E+000    2.37042931320673355700E+000    2.45538118774838132197E+000    2.54392487581800352814E+000    2.63623246485033035924E+000    2.73248509979653730895E+000    2.83287349062580195991E+000    2.93759844882962983803E+000    3.04687145448382290525E+000    3.16091525548176788263E+000    3.27996450060873678822E+000    3.40426640817954062612E+000    3.53408147200912692298E+000    3.66968420652738158694E+000    3.81136393288216623887E+000    3.95942560789730313431E+000    4.11419069776191470567E+000    4.27599809832183730407E+000    4.44520510381882072437E+000    4.62218842587449874060E+000    4.80734526444171983428E+000    5.00109443233605510670E+000    5.20387753481435133551E+000    5.41616020547316789902E+000    5.63843339949422706070E+000    5.87121474495413497863E+000    6.11504995253327265914E+000    6.37051428349203874291E+000    6.63821407521615025615E+000    6.91878832295496604132E+000    7.21291031556659767432E+000    7.52128932212557277381E+000    7.75937447930930002116E+000    7.75274789948353237889E+000    7.56206586449514439607E+000    7.22828751846670414238E+000    6.78483821896428018761E+000    6.25321136575202185526E+000    5.48365978140420118336E+000
   9.99999999999999857891E+001    1.00000000000000000000E+002    9.99999999999999857891E+001    1.00000000000000000000E+002    1.00000000000000000000E+002    1.00000000000000000000E+002    1.00000000000000000000E+002    9.99999999999999715783E+001    9.99999999999999715783E+001    1.00000000000000000000E+002    1.00000000000000000000E+002    1.00000000000000000000E+002    1.00000000000000000000E+002    1.00000000000000000000E+002    1.00000000000000000000E+002    1.00000000000000000000E+002    9.99999999999999715783E+001    9.99999999999999715783E+001    1.00000000000000000000E+002    1.00000000000000000000E+002    1.00000000000000000000E+002    1.00000000000000000000E+002    1.00000000000000000000E+002    1.00000000000000000000E+002    9.99999999999999857891E+001    1.00000000000000000000E+002    1.00000000000000000000E+002    9.99999999999999857891E+001    9.99999999999999857891E+001    9.99999999999999715783E+001    1.00000000000000028422E+002    1.00000000000000000000E+002    1.00000000000000000000E+002    1.00000000000000000000E+002    1.00000000000000000000E+002    1.00000000000000000000E+002    1.00000000000000000000E+002    9.99999999999999715783E+001    9.99999999999999715783E+001    1.00000000000000000000E+002    1.00000000000000000000E+002    1.00000000000000000000E+002    1.00000000000000000000E+002    1.00000000000000000000E+002    1.00000000000000000000E+002    1.00000000000000028422E+002    1.00000000000000000000E+002    1.00000000000000000000E+002    1.00000000000000028422E+002    1.00000000000000028422E+002    1.00000000000000000000E+002    1.00000000000000000000E+002    1.00000000000000000000E+002    1.00000000000000000000E+002    1.00000000000000000000E+002    1.00000000000000000000E+002
   1.00000000000000028422E+002    1.00000000000000000000E+002    9.99999999999999715783E+001    1.00000000000000000000E+002    9.99999999999999715783E+001    1.00000000000000000000E+002    9.99999999999999715783E+001    1.00000000000000000000E+002    1.00000000000000000000E+002    9.99999999999999715783E+001    1.00000000000000000000E+002    9.99999999999999715783E+001    9.99999999999999715783E+001    1.00000000000000000000E+002    1.00000000000000028422E+002    9.99999999999999857891E+001    1.00000000000000028422E+002    1.00000000000000000000E+002    9.99999999999999857891E+001    9.99999999999999857891E+001    9.99999999999999715783E+001    9.99999999999999857891E+001    1.00000000000000028422E+002    1.00000000000000000000E+002    1.00000000000000028422E+002    9.99999999999999857891E+001    1.00000000000000000000E+002    1.00000000000000000000E+002    1.00000000000000000000E+002    1.00000000000000000000E+002    1.00000000000000000000E+002    9.99999999999999715783E+001    1.00000000000000000000E+002    1.00000000000000000000E+002    1.00000000000000000000E+002    1.00000000000000000000E+002    1.00000000000000000000E+002    1.00000000000000000000E+002    1.00000000000000000000E+002    1.00000000000000000000E+002    1.00000000000000000000E+002    9.99999999999999715783E+001    1.00000000000000000000E+002    1.00000000000000000000E+002    9.99999999999999857891E+001    1.00000000000000000000E+002    1.00000000000000028422E+002    1.00000000000000028422E+002    1.00000000000000000000E+002    1.00000000000000000000E+002    1.00000000000000000000E+002    1.00000000000000000000E+002    1.00000000000000000000E+002    1.00000000000000000000E+002    1.00000000000000000000E+002    9.99999999999999715783E+001
   7.34408018230709842555E+001    7.52194942916744935246E+001    7.70188983538950395769E+001    7.88377649050603537262E+001    8.06747635524069579560E+001    8.25284846439642905125E+001    8.43974418601383860050E+001    8.62801036802415097782E+001    8.81753530253195947353E+001    9.00830476421474912740E+001    9.20011369050998695229E+001    9.39253200329730901785E+001    9.58516597342343175114E+001    9.76653519222993651283E+001    9.78803843966230857632E+001    9.93535885775980034396E+001    9.99999999999999289457E+001    9.99999999999999289457E+001    1.00000000000000042633E+002    1.00000000000000085265E+002    9.99999999999999715783E+001    9.99999999999999715783E+001    9.99999999999998863132E+001    1.00000000000000085265E+002    1.00000000000000000000E+002    1.00000000000000028422E+002    1.00000000000000042633E+002    1.00000000000000042633E+002    9.99999999999999715783E+001    1.00000000000000028422E+002    1.00000000000000028422E+002    1.00000000000000028422E+002    1.00000000000000042633E+002    9.99999999999999715783E+001    9.99999999999999715783E+001    9.99999999999999289457E+001    9.99999999999999289457E+001    9.99999999999999431566E+001    9.99999999999999573674E+001    1.00000000000000028422E+002    9.99999999999999715783E+001    9.99999999999999289457E+001    1.00000000000000028422E+002    1.00000000000000028422E+002    9.99999999999999289457E+001    9.99999999999999857891E+001    1.00000000000000000000E+002    9.99999999999999857891E+001    9.99999999999999857891E+001    9.99999999999999573674E+001    9.99999999999999573674E+001    1.00000000000000028422E+002    9.99999999999999573674E+001    1.00000000000000028422E+002    9.99999999999999715783E+001    1.00000000000000042633E+002
   9.99999999999999857891E+001    1.00000000000000000000E+002    9.99999999999999857891E+001    1.00000000000000000000E+002    9.99999999999999857891E+001    1.00000000000000000000E+002    9.99999999999999715783E+001    1.00000000000000000000E+002    9.99999999999999857891E+001    1.00000000000000000000E+002    9.99999999999999857891E+001    9.99999999999999857891E+001    1.00000000000000000000E+002    1.00000000000000000000E+002    9.99999999999999715783E+001    1.00000000000000000000E+002    1.00000000000000000000E+002    9.99999999999999715783E+001    1.00000000000000000000E+002    9.99999999999999715783E+001    1.00000000000000000000E+002    9.99999999999999715783E+001    1.00000000000000000000E+002    9.99999999999999857891E+001    9.99999999999999715783E+001    1.00000000000000000000E+002    1.00000000000000028422E+002    1.00000000000000000000E+002    1.00000000000000000000E+002    1.00000000000000000000E+002    9.99999999999999857891E+001    1.00000000000000000000E+002    1.00000000000000028422E+002    9.99999999999999715783E+001    1.00000000000000000000E+002    1.00000000000000000000E+002    1.00000000000000028422E+002    9.99999999999999715783E+001    1.00000000000000000000E+002    1.00000000000000000000E+002    1.00000000000000028422E+002    1.00000000000000000000E+002    1.00000000000000000000E+002    1.00000000000000000000E+002    1.00000000000000000000E+002    1.00000000000000000000E+002    1.00000000000000000000E+002    9.99999999999999857891E+001    1.00000000000000000000E+002    1.00000000000000000000E+002    1.00000000000000000000E+002    9.99999999999999715783E+001    1.00000000000000000000E+002    1.00000000000000000000E+002    1.00000000000000000000E+002    1.00000000000000000000E+002
   9.99999999999999715783E+001    9.99999999999999715783E+001    9.99999999999999715783E+001    1.00000000000000000000E+002    1.00000000000000028422E+002    1.00000000000000028422E+002    9.99999999999999715783E+001    1.00000000000000000000E+002    1.00000000000000000000E+002    1.00000000000000000000E+002    9.99999999999999715783E+001    9.99999999999999715783E+001    1.00000000000000000000E+002    1.00000000000000000000E+002    1.00000000000000028422E+002    1.00000000000000000000E+002    9.99999999999999715783E+001    1.00000000000000028422E+002    9.99999999999999715783E+001    1.00000000000000028422E+002    9.99999999999999857891E+001    1.00000000000000028422E+002    1.00000000000000028422E+002    1.00000000000000000000E+002    9.99999999999999857891E+001    1.00000000000000028422E+002    1.00000000000000028422E+002    9.99999999999999715783E+001    1.00000000000000028422E+002    1.00000000000000000000E+002    1.00000000000000028422E+002    1.00000000000000000000E+002    1.00000000000000028422E+002    1.00000000000000000000E+002    1.00000000000000000000E+002    1.00000000000000028422E+002    1.00000000000000028422E+002    1.00000000000000000000E+002    9.99999999999999715783E+001    1.00000000000000000000E+002    1.00000000000000028422E+002    1.00000000000000000000E+002    1.00000000000000000000E+002    1.00000000000000000000E+002    1.00000000000000028422E+002    1.00000000000000000000E+002    1.00000000000000028422E+002    1.00000000000000000000E+002    9.99999999999999715783E+001    1.00000000000000000000E+002    1.00000000000000000000E+002    1.00000000000000028422E+002    1.00000000000000000000E+002    1.00000000000000000000E+002    9.99999999999999857891E+001    1.00000000000000000000E+002
   6.67364247526350418127E+000    6.91075901172877760104E+000    7.15746708856276026012E+000    7.41418698690617272717E+000    7.68135774685295391606E+000    7.95943792019510709679E+000    8.24890633800737482773E+000    8.55026289095255265238E+000    8.86402931974657271041E+000    9.19075001272521774354E+000    9.53099280689420957913E+000    9.88534978821587806408E+000    1.02544380861782933323E+001    1.06389006569086141951E+001    1.10394070482124870836E+001    1.14566541389473037782E+001    1.18913668440596982379E+001    1.23442987754225388386E+001    1.28162328472963409354E+001    1.33079818137995857796E+001    1.38203887241968033095E+001    1.43543272801002093075E+001    1.49107020768177420678E+001    1.54904487090711562303E+001    1.60945337191510233765E+001    1.67239543632622371661E+001    1.73797381693648134160E+001    1.80629422572269149327E+001    1.87746523886974507889E+001    1.95159817133985811211E+001    2.02880691721584476284E+001    2.10920775175865387041E+001    2.19291909082909377560E+001    2.28006120304055563963E+001    2.37075586974010832364E+001    2.46512598767001307465E+001    2.56329510895038978902E+001    2.66538691285684095078E+001    2.77152460376436913236E+001    2.88183022960086638875E+001    2.99642391522404665238E+001    3.11542300532557554504E+001    3.23894111179574935022E+001    3.36737502451704600048E+001    3.50133609397308376288E+001    3.64128468469100425864E+001    3.78745865827321637198E+001    3.93998242049053573055E+001    4.09892703390912629402E+001    4.15902306315705416750E+001    4.11978090720927028201E+001    4.00974281550188180745E+001    3.84166521129859575012E+001    3.62595250229631815841E+001    3.36824003754300633773E+001    3.23223312652984731130E+001
   2.54925711623112416504E+000    2.63517639476997622694E+000    2.72449900242437648146E+000    2.81737721621924208648E+000    2.91397077248388969295E+000    3.01444725400292101725E+000    3.11898249749003930731E+000    3.22776102236524753408E+000    3.34097648184431328389E+000    3.45883213737791583853E+000    3.58154135750115543146E+000    3.70932814217583217697E+000    3.84242767372349591781E+000    3.98108689545819549593E+000    4.12556511913117862633E+000    4.27613466229582073197E+000    4.43308151668584216054E+000    4.59670604867503573843E+000    4.76732373284483834652E+000    4.94526591963232675653E+000    5.13088063795394688782E+000    5.32453343360406972096E+000    5.52660824410458939582E+000    5.73750831052890397643E+000    5.95765712663658586479E+000    6.18749942542972597437E+000    6.42750220296984497992E+000    6.67815577897257739437E+000    6.93997489331482242392E+000    7.21349983714169162852E+000    7.49929761673633343833E+000    7.79796314770522958071E+000    8.11012047632675781017E+000    8.43642402409336078506E+000    8.77755985054127840783E+000    9.13424692838778540249E+000    9.50723842376721961500E+000    9.89732297296328766834E+000    1.03053259454477235124E+001    1.07321106812465441038E+001    1.11785796886333397282E+001    1.16456757858824460072E+001    1.21343831682725245003E+001    1.26457283787025112076E+001    1.31807811571276403129E+001    1.37406551405481884842E+001    1.43265083814390852268E+001    1.49395436483040739972E+001    1.55810084674506086344E+001    1.60241119105654945542E+001    1.59962382904041753307E+001    1.56075239488982884239E+001    1.49362634795764179785E+001    1.40461779185965358607E+001    1.29769752677925147566E+001    1.13455395863654473487E+001
   1.00000000000000028422E+002    1.00000000000000028422E+002    1.00000000000000000000E+002    1.00000000000000000000E+002    9.99999999999999857891E+001    9.99999999999999715783E+001    1.00000000000000000000E+002    1.00000000000000028422E+002    1.00000000000000028422E+002    1.00000000000000028422E+002    1.00000000000000000000E+002    1.00000000000000000000E+002    1.00000000000000000000E+002    1.00000000000000000000E+002    1.00000000000000028422E+002    1.00000000000000000000E+002    1.00000000000000000000E+002    1.00000000000000000000E+002    9.99999999999999715783E+001    9.99999999999999715783E+001    9.99999999999999715783E+001    1.00000000000000000000E+002    1.00000000000000000000E+002    1.00000000000000000000E+002    1.00000000000000000000E+002    1.00000000000000000000E+002    1.00000000000000000000E+002    1.00000000000000028422E+002    1.00000000000000000000E+002    1.00000000000000000000E+002    1.00000000000000000000E+002    9.99999999999999857891E+001    1.00000000000000028422E+002    1.00000000000000000000E+002    9.99999999999999857891E+001    1.00000000000000000000E+002    9.99999999999999715783E+001    1.00000000000000000000E+002    9.99999999999999715783E+001    9.99999999999999857891E+001    9.99999999999999715783E+001    9.99999999999999857891E+001    1.00000000000000000000E+002    1.00000000000000000000E+002    1.00000000000000000000E+002    9.99999999999999715783E+001    1.00000000000000000000E+002    1.00000000000000000000E+002    1.00000000000000000000E+002    1.00000000000000000000E+002    1.00000000000000000000E+002    9.99999999999999715783E+001    1.00000000000000000000E+002    9.99999999999999715783E+001    1.00000000000000000000E+002    9.99999999999999857891E+001
   1.00000000000000028422E+002    9.99999999999999715783E+001    1.00000000000000000000E+002    1.00000000000000028422E+002    9.99999999999999715783E+001    1.00000000000000028422E+002    1.00000000000000000000E+002    1.00000000000000028422E+002    1.00000000000000028422E+002    9.99999999999999857891E+001    1.00000000000000028422E+002    1.00000000000000028422E+002    9.99999999999999715783E+001    1.00000000000000028422E+002    9.99999999999999857891E+001    1.00000000000000028422E+002    9.99999999999999715783E+001    9.99999999999999715783E+001    1.00000000000000028422E+002    1.00000000000000000000E+002    1.00000000000000000000E+002    9.99999999999999857891E+001    9.99999999999999715783E+001    1.00000000000000000000E+002    9.99999999999999715783E+001    1.00000000000000042633E+002    1.00000000000000000000E+002    1.00000000000000000000E+002    1.00000000000000000000E+002    1.00000000000000000000E+002    9.99999999999999573674E+001    1.00000000000000000000E+002    9.99999999999999715783E+001    1.00000000000000000000E+002    1.00000000000000000000E+002    1.00000000000000000000E+002    9.99999999999999857891E+001    9.99999999999999715783E+001    9.99999999999999857891E+001    1.00000000000000028422E+002    1.00000000000000000000E+002    1.00000000000000000000E+002    1.00000000000000000000E+002    1.00000000000000000000E+002    1.00000000000000000000E+002    1.00000000000000000000E+002    1.00000000000000000000E+002    1.00000000000000000000E+002    1.00000000000000000000E+002    1.00000000000000000000E+002    1.00000000000000028422E+002    1.00000000000000000000E+002    1.00000000000000000000E+002    1.00000000000000000000E+002    1.00000000000000000000E+002    9.99999999999999715783E+001
   1.00000000000000028422E+002    1.00000000000000000000E+002    1.00000000000000028422E+002    1.00000000000000000000E+002    9.99999999999999857891E+001    9.99999999999999857891E+001    1.00000000000000000000E+002    9.99999999999999715783E+001    1.00000000000000000000E+002    1.00000000000000000000E+002    1.00000000000000000000E+002    1.00000000000000000000E+002    1.00000000000000028422E+002    9.99999999999999715783E+001    1.00000000000000000000E+002    1.00000000000000028422E+002    1.00000000000000028422E+002    9.99999999999999715783E+001    1.00000000000000028422E+002    1.00000000000000000000E+002    9.99999999999999857891E+001    1.00000000000000000000E+002    1.00000000000000028422E+002    9.99999999999999857891E+001    1.00000000000000000000E+002    9.99999999999999857891E+001    9.99999999999999857891E+001    9.99999999999999715783E+001    9.99999999999999715783E+001    1.00000000000000000000E+002    1.00000000000000000000E+002    1.00000000000000000000E+002    1.00000000000000000000E+002    1.00000000000000000000E+002    1.00000000000000000000E+002    9.99999999999999715783E+001    1.00000000000000000000E+002    1.00000000000000028422E+002    1.00000000000000000000E+002    1.00000000000000000000E+002    1.00000000000000000000E+002    1.00000000000000000000E+002    1.00000000000000000000E+002    1.00000000000000000000E+002    1.00000000000000000000E+002    9.99999999999999715783E+001    1.00000000000000000000E+002    1.00000000000000000000E+002    1.00000000000000000000E+002    1.00000000000000000000E+002    1.00000000000000000000E+002    1.00000000000000000000E+002    9.99999999999999857891E+001    1.00000000000000000000E+002    1.00000000000000000000E+002    9.99999999999999857891E+001
   1.00000000000000000000E+002    1.00000000000000000000E+002    1.00000000000000000000E+002    1.00000000000000000000E+002    1.00000000000000000000E+002    9.99999999999999715783E+001    9.99999999999999715783E+001    9.99999999999999715783E+001    1.00000000000000000000E+002    1.00000000000000028422E+002    1.00000000000000000000E+002    1.00000000000000000000E+002    9.99999999999999857891E+001    9.99999999999999857891E+001    1.00000000000000000000E+002    9.99999999999999857891E+001    1.00000000000000000000E+002    1.00000000000000000000E+002    9.99999999999999715783E+001    1.00000000000000000000E+002    9.99999999999999715783E+001    1.00000000000000000000E+002    9.99999999999999715783E+001    1.00000000000000000000E+002    1.00000000000000000000E+002    1.00000000000000000000E+002    1.00000000000000028422E+002    1.00000000000000000000E+002    1.00000000000000000000E+002    9.99999999999999857891E+001    1.00000000000000000000E+002    9.99999999999999857891E+001    1.00000000000000028422E+002    1.00000000000000000000E+002    9.99999999999999857891E+001    1.00000000000000028422E+002    9.99999999999999715783E+001    1.00000000000000000000E+002    1.00000000000000028422E+002    1.00000000000000000000E+002    1.00000000000000000000E+002    1.00000000000000000000E+002    1.00000000000000000000E+002    1.00000000000000000000E+002    1.00000000000000000000E+002    1.00000000000000000000E+002    9.99999999999999715783E+001    1.00000000000000000000E+002    9.99999999999999857891E+001    1.00000000000000000000E+002    1.00000000000000000000E+002    9.99999999999999857891E+001    1.00000000000000000000E+002    1.00000000000000000000E+002    1.00000000000000028422E+002    1.00000000000000000000E+002
   1.41137634429264089420E+001    1.46225905749780427101E+001    1.51513364306379649804E+001    1.57007743352833148975E+001    1.62717015072240123175E+001    1.68649389155334539225E+001    1.74813310037684601639E+001    1.81217452621450227923E+001    1.87870716292607049525E+001    1.94782217029356736759E+001    2.01961277381803121500E+001    2.09417414087325681749E+001    2.17160323070308258764E+001    2.25199861559628295993E+001    2.33546027042525849993E+001    2.42208932759879722596E+001    2.51198779435724937059E+001    2.60525822923749217352E+001    2.70200337446079288384E+001    2.80232574095572779527E+001    2.90632714272964562952E+001    3.01410817735424956254E+001    3.12576764944376961353E+001    3.24140345555237914255E+001    3.36125270285854753638E+001    3.48576942244443799268E+001    3.61543306665647961040E+001    3.75056550788915572525E+001    3.89133655893318604058E+001    4.03783656740651153427E+001    4.16162108423389369705E+001    4.27108384669785507981E+001    4.38216166665145223647E+001    4.49439829503848997660E+001    4.60757456016795643450E+001    4.72161007413959055157E+001    4.83645836328293157180E+001    4.95309362991815262944E+001    5.11120492256789447083E+001    5.27300625952395378704E+001    5.43843868323600645454E+001    5.60742842536064003411E+001    5.77988616402770958302E+001    5.95570638683171083017E+001    6.13477067215129920896E+001    6.31694219774551726232E+001    6.50206363185820919171E+001    6.68995826981204686490E+001    6.87951214739217675742E+001    6.99278768305102431668E+001    7.03755398619118039960E+001    7.02879433384831742160E+001    6.97889488244163374020E+001    6.89728318115782457198E+001    6.71584114299525225533E+001    7.42508466942814919776E+001
   1.00000000000000000000E+002    1.00000000000000000000E+002    1.00000000000000000000E+002    1.00000000000000000000E+002    1.00000000000000000000E+002    1.00000000000000000000E+002    9.99999999999999715783E+001    1.00000000000000000000E+002    1.00000000000000000000E+002    1.00000000000000028422E+002    9.99999999999999715783E+001    1.00000000000000000000E+002    1.00000000000000000000E+002    1.00000000000000000000E+002    1.00000000000000000000E+002    1.00000000000000000000E+002    9.99999999999999857891E+001    1.00000000000000000000E+002    1.00000000000000000000E+002    9.99999999999999857891E+001    9.99999999999999715783E+001    1.00000000000000028422E+002    1.00000000000000000000E+002    9.99999999999999857891E+001    1.00000000000000000000E+002    1.00000000000000000000E+002    1.00000000000000000000E+002    1.00000000000000000000E+002    1.00000000000000000000E+002    9.99999999999999715783E+001    1.00000000000000028422E+002    9.99999999999999715783E+001    9.99999999999999715783E+001    9.99999999999999715783E+001    1.00000000000000000000E+002    9.99999999999999715783E+001    1.00000000000000000000E+002    1.00000000000000000000E+002    9.99999999999999715783E+001    9.99999999999999857891E+001    1.00000000000000028422E+002    9.99999999999999857891E+001    9.99999999999999715783E+001    1.00000000000000000000E+002    1.00000000000000000000E+002    1.00000000000000000000E+002    9.99999999999999715783E+001    1.00000000000000000000E+002    1.00000000000000000000E+002    1.00000000000000000000E+002    1.00000000000000028422E+002    1.00000000000000000000E+002    1.00000000000000000000E+002    1.00000000000000028422E+002    1.00000000000000000000E+002    1.00000000000000028422E+002
   1.00000000000000071054E+002    9.99999999999999857891E+001    9.99999999999999857891E+001    9.99999999999999573674E+001    9.99999999999999715783E+001    9.99999999999999715783E+001    1.00000000000000042633E+002    1.00000000000000028422E+002    9.99999999999999857891E+001    1.00000000000000071054E+002    9.99999999999999715783E+001    1.00000000000000028422E+002    9.99999999999999573674E+001    9.99999999999999715783E+001    9.99999999999999431566E+001    9.99999999999999431566E+001    1.00000000000000042633E+002    9.99999999999999715783E+001    9.99999999999999715783E+001    1.00000000000000000000E+002    1.00000000000000028422E+002    9.99999999999999715783E+001    1.00000000000000000000E+002    1.00000000000000042633E+002    9.99999999999999573674E+001    9.99999999999999715783E+001    1.00000000000000028422E+002    1.00000000000000000000E+002    1.00000000000000028422E+002    1.00000000000000042633E+002    9.99999999999999573674E+001    1.00000000000000000000E+002    1.00000000000000000000E+002    9.99999999999999857891E+001    1.00000000000000028422E+002    1.00000000000000000000E+002    1.00000000000000028422E+002    1.00000000000000028422E+002    1.00000000000000028422E+002    1.00000000000000028422E+002    9.99999999999999715783E+001    1.00000000000000028422E+002    1.00000000000000028422E+002    1.00000000000000028422E+002    1.00000000000000000000E+002    9.99999999999999431566E+001    1.00000000000000028422E+002    9.99999999999999857891E+001    1.00000000000000000000E+002    1.00000000000000000000E+002    1.00000000000000000000E+002    9.99999999999999857891E+001    9.99999999999999857891E+001    1.00000000000000028422E+002    1.00000000000000028422E+002    9.99999999999999715783E+001
   9.26100171989215255053E+001    9.45227752434038421825E+001    9.64399538039947259449E+001    9.76837204619599646094E+001    9.82703620256380077080E+001    9.98588701108752729851E+001    9.99999999999999289457E+001    9.99999999999999573674E+001    1.00000000000000085265E+002    1.00000000000000000000E+002    9.99999999999999147349E+001    1.00000000000000071054E+002    1.00000000000000028422E+002    1.00000000000000028422E+002    9.99999999999999289457E+001    9.99999999999999857891E+001    9.99999999999999289457E+001    1.00000000000000042633E+002    1.00000000000000042633E+002    9.99999999999999857891E+001    9.99999999999999857891E+001    9.99999999999999715783E+001    9.99999999999999289457E+001    1.00000000000000028422E+002    1.00000000000000426326E+002    9.99999999999999289457E+001    1.00000000000000042633E+002    9.99999999999999573674E+001    1.00000000000000042633E+002    9.99999999999999715783E+001    1.00000000000000071054E+002    9.99999999999999715783E+001    9.99999999999999857891E+001    9.99999999999999857891E+001    9.99999999999999715783E+001    9.99999999999999431566E+001    9.99999999999999573674E+001    1.00000000000000000000E+002    9.99999999999999715783E+001    1.00000000000000000000E+002    9.99999999999999715783E+001    9.99999999999999715783E+001    1.00000000000000042633E+002    1.00000000000000440536E+002    9.99999999999999715783E+001    9.99999999999999715783E+001    1.00000000000000042633E+002    9.99999999999999715783E+001    1.00000000000000028422E+002    9.99999999999999715783E+001    1.00000000000000028422E+002    1.00000000000000028422E+002    1.00000000000000028422E+002    1.00000000000000042633E+002    1.00000000000000028422E+002    9.99999999999999715783E+001
   7.65759468058302417148E+001    7.83850835230173998980E+001    8.02128657414949088889E+001    8.20579423705787434073E+001    8.39188865634989866749E+001    8.57941985805882154636E+001    8.76826292465182319802E+001    8.95838850978122707147E+001    9.14966372049309768499E+001    9.34172070886028649284E+001    9.53415103440975286730E+001    9.72662449757569049780E+001    9.78161560198895614349E+001    9.89352103661511108612E+001    1.00000000000000042633E+002    1.00000000000000028422E+002    1.00000000000000028422E+002    1.00000000000000042633E+002    9.99999999999999715783E+001    9.99999999999999289457E+001    1.00000000000000042633E+002    9.99999999999999715783E+001    9.99999999999999715783E+001    1.00000000000000042633E+002    9.99999999999999289457E+001    1.00000000000000042633E+002    1.00000000000000042633E+002    1.00000000000000042633E+002    1.00000000000000085265E+002    9.99999999999999431566E+001    9.99999999999999289457E+001    9.99999999999999573674E+001    9.99999999999999147349E+001    9.99999999999999715783E+001    9.99999999999999147349E+001    1.00000000000000028422E+002    1.00000000000000042633E+002    9.99999999999999289457E+001    1.00000000000000042633E+002    9.99999999999999289457E+001    1.00000000000000000000E+002    9.99999999999999573674E+001    1.00000000000000028422E+002    9.99999999999999715783E+001    9.99999999999999573674E+001    9.99999999999995736744E+001    9.99999999999999715783E+001    1.00000000000000028422E+002    1.00000000000000028422E+002    9.99999999999999715783E+001    1.00000000000000000000E+002    1.00000000000000028422E+002    9.99999999999999715783E+001    1.00000000000000042633E+002    9.99999999999999715783E+001    1.00000000000000028422E+002
   2.95072103527102775899E+001    3.05313064097336734903E+001    3.15899762181708716469E+001    3.26840903605832764356E+001    3.38154440760744918748E+001    3.49876384982531121182E+001    3.62050704872657433953E+001    3.74711591311838390084E+001    3.87878475720689976924E+001    4.01561552418792402364E+001    4.12317092830197822195E+001    4.22436629143920185925E+001    4.32698420439668893778E+001    4.43067239755617947594E+001    4.53519038834610768163E+001    4.64043095956041540262E+001    4.74634766837389534544E+001    4.86849001189444052784E+001    5.01564736019354242558E+001    5.16620741244458656638E+001    5.32014214331057360141E+001    5.47741337067796365545E+001    5.63797220853258238549E+001    5.80175857560828376336E+001    5.96870128479589538983E+001    6.13871893036339457694E+001    6.31171758319794875547E+001    6.48758855861399439391E+001    6.66620859024465630682E+001    6.84734106994692552917E+001    7.03057056210740825009E+001    7.21607126774381697487E+001    7.40366654401069013147E+001    7.59316653174565772133E+001    7.78436844010187485310E+001    7.97705694560014677563E+001    8.17100470915740402233E+001    8.36597301325143547501E+001    8.56171251982748344744E+001    8.75799389910699375150E+001    8.95492488889271243124E+001    9.15208747039721686178E+001    9.34872829708580894703E+001    9.54438991374431395798E+001    9.73867995035913480706E+001    9.80080796593441334608E+001    9.89538166578854117006E+001    9.99999999999998863132E+001    9.99999999999999005240E+001    1.00000000000000383693E+002    1.00000000000000042633E+002    9.99999999999999289457E+001    1.00000000000000000000E+002    9.99999999999999573674E+001    1.00000000000000028422E+002    1.00000000000000028422E+002
   9.99999999999999715783E+001    1.00000000000000028422E+002    9.99999999999999715783E+001    9.99999999999999857891E+001    9.99999999999999715783E+001    1.00000000000000028422E+002    9.99999999999999715783E+001    9.99999999999999715783E+001    1.00000000000000028422E+002    1.00000000000000000000E+002    9.99999999999999715783E+001    9.99999999999999573674E+001    1.00000000000000028422E+002    1.00000000000000028422E+002    9.99999999999999857891E+001    9.99999999999999857891E+001    1.00000000000000000000E+002    1.00000000000000028422E+002    9.99999999999999573674E+001    9.99999999999999857891E+001    1.00000000000000000000E+002    9.99999999999999857891E+001    9.99999999999999857891E+001    1.00000000000000000000E+002    9.99999999999999715783E+001    1.00000000000000000000E+002    1.00000000000000000000E+002    9.99999999999999715783E+001    9.99999999999999715783E+001    1.00000000000000000000E+002    1.00000000000000000000E+002    9.99999999999999715783E+001    1.00000000000000000000E+002    1.00000000000000000000E+002    1.00000000000000000000E+002    1.00000000000000000000E+002    1.00000000000000000000E+002    1.00000000000000000000E+002    1.00000000000000000000E+002    1.00000000000000028422E+002    9.99999999999999715783E+001    9.99999999999999715783E+001    1.00000000000000000000E+002    9.99999999999999857891E+001    1.00000000000000028422E+002    1.00000000000000000000E+002    9.99999999999999857891E+001    1.00000000000000000000E+002    1.00000000000000028422E+002    1.00000000000000000000E+002    1.00000000000000000000E+002    1.00000000000000028422E+002    9.99999999999999857891E+001    9.99999999999999715783E+001    1.00000000000000000000E+002    1.00000000000000000000E+002
   7.61536537983426740084E+001    7.79589043844924702853E+001    7.97830840244001251449E+001    8.16248546221612514273E+001    8.34828015160080383339E+001    8.53554362323704225446E+001    8.72414326268639825912E+001    8.91402820240010527186E+001    9.10510495829766171028E+001    9.29705162963675064702E+001    9.48945081691525302858E+001    9.68195067018442330209E+001    9.77678422123981647474E+001    9.85650634536359717686E+001    9.99853319370396036447E+001    9.99999999999999289457E+001    1.00000000000000071054E+002    1.00000000000000326850E+002    9.99999999999999715783E+001    1.00000000000000085265E+002    1.00000000000000071054E+002    9.99999999999999715783E+001    1.00000000000000085265E+002    1.00000000000000042633E+002    1.00000000000000042633E+002    9.99999999999999715783E+001    9.99999999999999289457E+001    1.00000000000000028422E+002    9.99999999999999573674E+001    1.00000000000000071054E+002    9.99999999999995736744E+001    1.00000000000000042633E+002    1.00000000000000028422E+002    1.00000000000000028422E+002    9.99999999999999857891E+001    1.00000000000000000000E+002    9.99999999999999857891E+001    1.00000000000000000000E+002    1.00000000000000000000E+002    9.99999999999999573674E+001    9.99999999999999715783E+001    1.00000000000000042633E+002    9.99999999999999715783E+001    9.99999999999999715783E+001    9.99999999999999715783E+001    9.99999999999999715783E+001    1.00000000000000028422E+002    9.99999999999999573674E+001    1.00000000000000071054E+002    1.00000000000000440536E+002    1.00000000000000000000E+002    1.00000000000000000000E+002    9.99999999999999715783E+001    1.00000000000000028422E+002    9.99999999999999715783E+001    1.00000000000000028422E+002
   9.99999999999999715783E+001    9.99999999999999715783E+001    1.00000000000000000000E+002    9.99999999999999715783E+001    9.99999999999999715783E+001    9.99999999999999715783E+001    1.00000000000000028422E+002    1.00000000000000000000E+002    1.00000000000000000000E+002    9.99999999999999857891E+001    1.00000000000000000000E+002    9.99999999999999857891E+001    9.99999999999999857891E+001    9.99999999999999715783E+001    9.99999999999999573674E+001    1.00000000000000000000E+002    1.00000000000000000000E+002    9.99999999999999857891E+001    1.00000000000000028422E+002    1.00000000000000028422E+002    9.99999999999999715783E+001    9.99999999999999715783E+001    1.00000000000000028422E+002    1.00000000000000028422E+002    9.99999999999999857891E+001    1.00000000000000000000E+002    1.00000000000000000000E+002    1.00000000000000000000E+002    1.00000000000000000000E+002    1.00000000000000000000E+002    1.00000000000000000000E+002    1.00000000000000000000E+002    9.99999999999999715783E+001    1.00000000000000000000E+002    1.00000000000000000000E+002    1.00000000000000000000E+002    1.00000000000000000000E+002    1.00000000000000000000E+002    1.00000000000000000000E+002    9.99999999999999715783E+001    1.00000000000000000000E+002    9.99999999999999857891E+001    1.00000000000000000000E+002    1.00000000000000028422E+002    1.00000000000000000000E+002    9.99999999999999857891E+001    1.00000000000000000000E+002    1.00000000000000000000E+002    1.00000000000000000000E+002    1.00000000000000000000E+002    1.00000000000000000000E+002    1.00000000000000000000E+002    1.00000000000000000000E+002    9.99999999999999857891E+001    1.00000000000000000000E+002    9.99999999999999857891E+001
   9.99999999999999857891E+001    9.99999999999999857891E+001    1.00000000000000000000E+002    1.00000000000000000000E+002    1.00000000000000000000E+002    1.00000000000000000000E+002    1.00000000000000000000E+002    9.99999999999999715783E+001    1.00000000000000000000E+002    1.00000000000000000000E+002    9.99999999999999715783E+001    9.99999999999999857891E+001    1.00000000000000000000E+002    9.99999999999999857891E+001    1.00000000000000000000E+002    9.99999999999999857891E+001    1.00000000000000000000E+002    1.00000000000000000000E+002    1.00000000000000000000E+002    9.99999999999999857891E+001    1.00000000000000028422E+002    1.00000000000000028422E+002    9.99999999999999715783E+001    1.00000000000000028422E+002    1.00000000000000028422E+002    1.00000000000000000000E+002    1.00000000000000028422E+002    1.00000000000000028422E+002    1.00000000000000000000E+002    9.99999999999999857891E+001    1.00000000000000000000E+002    1.00000000000000028422E+002    9.99999999999999857891E+001    1.00000000000000028422E+002    9.99999999999999857891E+001    1.00000000000000000000E+002    1.00000000000000028422E+002    1.00000000000000028422E+002    1.00000000000000000000E+002    1.00000000000000000000E+002    1.00000000000000000000E+002    1.00000000000000000000E+002    1.00000000000000000000E+002    9.99999999999999715783E+001    1.00000000000000000000E+002    1.00000000000000000000E+002    1.00000000000000000000E+002    1.00000000000000000000E+002    1.00000000000000000000E+002    1.00000000000000000000E+002    1.00000000000000000000E+002    1.00000000000000000000E+002    1.00000000000000000000E+002    1.00000000000000000000E+002    9.99999999999999715783E+001    9.99999999999999715783E+001
   1.46202359171436597762E+001    1.51471710731763540281E+001    1.56946609115462898387E+001    1.62634949889107289778E+001    1.68544863428611861877E+001    1.74684712259665211320E+001    1.81063086919175404432E+001    1.87688800153587891373E+001    1.94570879255177153766E+001    2.01718556322274906734E+001    2.09141256214098127941E+001    2.16848581955598902482E+001    2.24850297332867086197E+001    2.33156306405225208778E+001    2.41776629646894463121E+001    2.50721376419202783836E+001    2.60000713464362540606E+001    2.69624829104473384689E+001    2.79603892825240620823E+001    2.89948009923757297202E+001    3.00667170904385265828E+001    3.11771195317314351314E+001    3.23269812101447016062E+001    3.35184507085870464493E+001    3.47558413860727313249E+001    3.60440007506150337235E+001    3.73863287145755549545E+001    3.87846421089603126120E+001    4.02398958935035224727E+001    4.15044802344642747016E+001    4.25933643582890297807E+001    4.36986987435416196490E+001    4.48158960180875212131E+001    4.59425666131683314575E+001    4.70778134166642558966E+001    4.82211576796828538249E+001    4.93721857036355800119E+001    5.09274689430669766921E+001    5.25367274775786015084E+001    5.41822297998672510744E+001    5.58632712076315911531E+001    5.75789947770991688003E+001    5.93283849888855385757E+001    6.11102943670122300546E+001    6.29234032182347604589E+001    6.47661915178214826483E+001    6.66369461962261908639E+001    6.85337690323471520060E+001    7.04408584781008073605E+001    7.16067749787427203501E+001    7.21164755192431243813E+001    7.21224705059244826089E+001    7.17513503564750294572E+001    7.11020063271737683408E+001    6.94096916285543557024E+001    7.72674030351175815667E+001
   2.33298990752644641589E+000    2.41115029190637697454E+000    2.49239520192775199092E+000    2.57686246769475246765E+000    2.66469668414481297702E+000    2.75604956475902174162E+000    2.85108031418240326360E+000    2.94995602071049445314E+000    3.05285206963341693154E+000    3.15995257846365040777E+000    3.27145085510653821359E+000    3.38754988006348245477E+000    3.50846281378641089432E+000    3.63441353032664205003E+000    3.76563717844221512721E+000    3.90238077134220562314E+000    4.04490380625558731964E+000    4.19347891501188385632E+000    4.34839254681158937643E+000    4.50994568434356590814E+000    4.67845459437073962761E+000    4.85425161385542391912E+000    5.03768597262423778460E+000    5.22912465348059019021E+000    5.42895329055365749582E+000    5.63757710652439225640E+000    5.85542188918489969751E+000    6.08293500756377358840E+000    6.32058646758038289448E+000    6.56887000686722810627E+000    6.82830422801633574181E+000    7.09943376905320278070E+000    7.38283050940985319244E+000    7.67909480904965491277E+000    7.98885677767447077713E+000    8.31277757011099005524E+000    8.65155070301123529930E+000    9.00590338689483616008E+000    9.37659786629820146686E+000    9.76443275934780530179E+000    1.01702443864339873159E+001    1.05949080758000064861E+001    1.10393394317552271389E+001    1.15044955488545479483E+001    1.19913761527264277618E+001    1.25010246452609727896E+001    1.30345290285598878199E+001    1.35930226783788103972E+001    1.41776849337391865902E+001    1.45878014830038509331E+001    1.45624675629113156106E+001    1.42047720954672822558E+001    1.35873534353180414058E+001    1.27693822699576458035E+001    1.17879990393857987385E+001    1.03068461255992556147E+001
   9.22036598171030874482E+000    9.55138908325961111245E+000    9.89572221842441202000E+000    1.02539295072260436825E+001    1.06265979826364240779E+001    1.10143382551015385218E+001    1.14177851569902255591E+001    1.18375983601579246596E+001    1.22744629589049374374E+001    1.27290900096125252361E+001    1.32022170172461201787E+001    1.36946083577242561091E+001    1.42070556238606116040E+001    1.47403778811778547464E+001    1.52954218183900980677E+001    1.58730617757180141325E+001    1.64741996324786654782E+001    1.70997645335427215230E+001    1.77507124323144509503E+001    1.84280254258522582234E+001    1.91327108556301901388E+001    1.98658001452617654081E+001    2.06283473442886666760E+001    2.14214273449068208777E+001    2.22461337363023616831E+001    2.31035762591423718959E+001    2.39948778207744837232E+001    2.49211710298835740218E+001    2.58835942078473451033E+001    2.68832868328749476916E+001    2.79213843723565844357E+001    2.89990124587795605748E+001    3.01172803652553007225E+001    3.12772737382675849460E+001    3.24800495370076234281E+001    3.37290144024601872275E+001    3.50296879067204827152E+001    3.63867036402919907800E+001    3.78026978656995353845E+001    3.92790367708899381682E+001    4.08164797760147379790E+001    4.20739738914798238056E+001    4.32244576567870879558E+001    4.43908462500072928947E+001    4.55687480699427851505E+001    4.67566976671585123881E+001    4.79540565575989319314E+001    4.91602892172153005390E+001    5.03792154906077414012E+001    5.11935676895348663606E+001    5.11741894569136519522E+001    5.04441864519739837647E+001    4.91244580863084365774E+001    4.73074916778850891319E+001    4.49153369108317903624E+001    4.61467224721097437623E+001
   1.38453188204797896788E+001    1.43445225712843935639E+001    1.48633040748064608749E+001    1.54024276335652601233E+001    1.59626816237323296832E+001    1.65448784159160773299E+001    1.71498541690618360178E+001    1.77784684805735615498E+001    1.84316038742958205887E+001    1.91101651064675692737E+001    1.98150782682013080205E+001    2.05472896614410451832E+001    2.13077644237607586319E+001    2.20974848757821717982E+001    2.29174485634563787073E+001    2.37686659660111949677E+001    2.46521578390415854187E+001    2.55689521610790215789E+001    2.65200806510764834911E+001    2.75065748236392586534E+001    2.85294615486239848678E+001    2.95897580819746863767E+001    3.06884665354889172306E+001    3.18265705089874302303E+001    3.30053192158657680011E+001    3.42282709359364361035E+001    3.55006705594769300660E+001    3.68266996504632047049E+001    3.82086509426837963588E+001    3.96476876736165664283E+001    4.10895203658735113095E+001    4.21763499271195243523E+001    4.32815429562902593830E+001    4.44006127482932910766E+001    4.55301641273074650940E+001    4.66687308992713241196E+001    4.78156907477732531220E+001    4.89706018354076846322E+001    5.03470018925331359583E+001    5.19497945344144085311E+001    5.35892801391918638387E+001    5.52647850854130027187E+001    5.69754823757376627213E+001    5.87203846420185513466E+001    6.04983559897971900909E+001    6.23081074785091004742E+001    6.41481496716526606860E+001    6.60167908773123457422E+001    6.79034214161343641081E+001    6.90205891007503424817E+001    6.94362057013357230062E+001    6.93006895652349470538E+001    6.87367041759766266296E+001    6.78365211463311794660E+001    6.59617537079232789665E+001    7.26601038731263173531E+001
   1.11118819099541710216E+001    1.15121735354922627437E+001    1.19284238691037458580E+001    1.23612889404670607263E+001    1.28114491605202331925E+001    1.32796097658125997754E+001    1.37665012042896002242E+001    1.42728794515589925140E+001    1.47995262454651506090E+001    1.53472492254876335949E+001    1.59168819620758270617E+001    1.65092838595304343130E+001    1.71253399144575588764E+001    1.77659603101463474673E+001    1.84320798254677526984E+001    1.91246570350764741875E+001    1.98446732758255031115E+001    2.05931313523975596524E+001    2.13710539532500867210E+001    2.21794817460772328843E+001    2.30194711201684896196E+001    2.38920915413198038380E+001    2.47984224833979993718E+001    2.57395498993252260789E+001    2.67165621932254353510E+001    2.77305456548306530351E+001    2.87825793171024528760E+001    2.98737291984709720793E+001    3.10050418922712616165E+001    3.21775428344973732919E+001    3.33934733549489592974E+001    3.46575197135998109843E+001    3.59747704471502913748E+001    3.73485880312729747743E+001    3.87807177759782319981E+001    4.02720902334676367218E+001    4.16153726566470609782E+001    4.27360593467474529916E+001    4.38740523119243945871E+001    4.50245795513184816627E+001    4.61852196064916427076E+001    4.73550501146202975633E+001    4.85335363307954352763E+001    4.97202121078367014206E+001    5.12493877065120031489E+001    5.29019034731717425757E+001    5.45916487131479684081E+001    5.63177585685930708337E+001    5.80753805580010222798E+001    5.90136773095007143297E+001    5.91445250221552356606E+001    5.86012270537564461392E+001    5.75024640950401391137E+001    5.59347546698196751436E+001    5.36329403773044077752E+001    5.67861574414708769609E+001
   2.55459305417659976456E+001    2.64450789494696039128E+001    2.73759808013255003800E+001    2.83395295201055610335E+001    2.93366141020654787042E+001    3.03681152695286726839E+001    3.14349012246311900753E+001    3.25378588651759699246E+001    3.36787708561629131054E+001    3.48612356791476045714E+001    3.60897108978994651807E+001    3.73677129140472032987E+001    3.86972605983131359153E+001    4.00794143275224783451E+001    4.12187840042411721697E+001    4.22449530367495995620E+001    4.32860818961173876573E+001    4.43383890911458280470E+001    4.53993192814145274383E+001    4.64677746683510548564E+001    4.75432829851199088012E+001    4.87199898552262027351E+001    5.02093595270191457303E+001    5.17333369268974649913E+001    5.32915988798754369782E+001    5.48837132028119683014E+001    5.65091328559251806496E+001    5.81671907235245626566E+001    5.98571020234546082861E+001    6.15779720102033536477E+001    6.33287679172524278215E+001    6.51082989873608255493E+001    6.69152209128370856206E+001    6.87468077493330156358E+001    7.05992000380589246333E+001    7.24738211696571426046E+001    7.43687614525119471409E+001    7.62819718121611316519E+001    7.82112673379627949544E+001    8.01543321053338075899E+001    8.21087253082114898461E+001    8.40718887197997020166E+001    8.60411554813624945837E+001    8.80140972914037575947E+001    8.99931581491300534026E+001    9.19710812082504816090E+001    9.39403949684506898166E+001    9.58971117862280948430E+001    9.78330083748835619417E+001    9.79922900170373338824E+001    9.92213209145536012556E+001    1.00000000000000071054E+002    9.99999999999998721023E+001    9.99999999999999289457E+001    9.99999999999999431566E+001    1.00000000000000028422E+002
   7.39300382863139446954E+001    7.57137253005428476627E+001    7.75178077741068136675E+001    7.93410198636672987504E+001    8.11820152257921279215E+001    8.30393691794043036225E+001    8.49115814303449241152E+001    8.67972218918620797012E+001    8.86955351046769209233E+001    9.06059810150003244189E+001    9.25257247757755720841E+001    9.44504037933317732723E+001    9.63764304552483963562E+001    9.77239823386642996184E+001    9.81957361051334203239E+001    9.97872406747609375088E+001    9.99999999999999005240E+001    9.99999999999999005240E+001    1.00000000000000085265E+002    1.00000000000000355271E+002    1.00000000000000028422E+002    1.00000000000000071054E+002    1.00000000000000071054E+002    1.00000000000000000000E+002    9.99999999999999573674E+001    1.00000000000000042633E+002    9.99999999999999431566E+001    9.99999999999999715783E+001    9.99999999999999715783E+001    1.00000000000000042633E+002    9.99999999999999289457E+001    1.00000000000000028422E+002    9.99999999999999147349E+001    9.99999999999999573674E+001    9.99999999999999431566E+001    9.99999999999999715783E+001    1.00000000000000085265E+002    1.00000000000000042633E+002    1.00000000000000000000E+002    9.99999999999999715783E+001    9.99999999999999289457E+001    9.99999999999999005240E+001    9.99999999999999431566E+001    1.00000000000000028422E+002    9.99999999999999857891E+001    1.00000000000000042633E+002    9.99999999999999715783E+001    1.00000000000000028422E+002    1.00000000000000028422E+002    1.00000000000000028422E+002    9.99999999999999857891E+001    9.99999999999999857891E+001    1.00000000000000028422E+002    1.00000000000000000000E+002    9.99999999999999715783E+001    9.99999999999999715783E+001
   1.00000000000000028422E+002    1.00000000000000028422E+002    9.99999999999999573674E+001    9.99999999999999573674E+001    1.00000000000000028422E+002    9.99999999999999573674E+001    9.99999999999999715783E+001    1.00000000000000028422E+002    1.00000000000000000000E+002    9.99999999999999715783E+001    1.00000000000000028422E+002    9.99999999999999715783E+001    9.99999999999999715783E+001    1.00000000000000028422E+002    9.99999999999999715783E+001    1.00000000000000028422E+002    1.00000000000000028422E+002    9.99999999999999715783E+001    1.00000000000000042633E+002    1.00000000000000042633E+002    1.00000000000000028422E+002    1.00000000000000028422E+002    1.00000000000000000000E+002    9.99999999999999573674E+001    1.00000000000000000000E+002    9.99999999999999715783E+001    9.99999999999999715783E+001    9.99999999999999573674E+001    9.99999999999999715783E+001    1.00000000000000000000E+002    9.99999999999999573674E+001    9.99999999999999857891E+001    9.99999999999999715783E+001    1.00000000000000028422E+002    1.00000000000000028422E+002    9.99999999999999857891E+001    1.00000000000000028422E+002    9.99999999999999289457E+001    9.99999999999999715783E+001    9.99999999999999857891E+001    9.99999999999999715783E+001    1.00000000000000000000E+002    1.00000000000000028422E+002    9.99999999999999715783E+001    9.99999999999999857891E+001    9.99999999999999715783E+001    1.00000000000000028422E+002    1.00000000000000028422E+002    1.00000000000000000000E+002    1.00000000000000028422E+002    9.99999999999999857891E+001    1.00000000000000000000E+002    1.00000000000000028422E+002    1.00000000000000000000E+002    1.00000000000000000000E+002    1.00000000000000000000E+002
   7.15401685572138603675E+001    7.32985928448806589586E+001    7.50789321554146056314E+001    7.68800051732972349328E+001    7.87005465147199885223E+001    8.05392082282910877211E+001    8.23945618571290339105E+001    8.42651010769445747428E+001    8.61492449193413420971E+001    8.80457434622115755474E+001    8.99545148883099585646E+001    9.18737281010889432764E+001    9.37990955675099513655E+001    9.57265306018740034233E+001    9.76528714218499374056E+001    9.78722573433559546174E+001    9.92484222327029641519E+001    1.00000000000000028422E+002    9.99999999999999289457E+001    9.99999999999999715783E+001    9.99999999999999289457E+001    1.00000000000000071054E+002    1.00000000000000113687E+002    1.00000000000000028422E+002    1.00000000000000071054E+002    1.00000000000000000000E+002    9.99999999999999289457E+001    1.00000000000000085265E+002    9.99999999999999715783E+001    1.00000000000000042633E+002    9.99999999999999715783E+001    1.00000000000000042633E+002    1.00000000000000042633E+002    1.00000000000000085265E+002    1.00000000000000071054E+002    1.00000000000000028422E+002    1.00000000000000071054E+002    1.00000000000000028422E+002    1.00000000000000028422E+002    9.99999999999999289457E+001    1.00000000000000028422E+002    1.00000000000000028422E+002    1.00000000000000071054E+002    1.00000000000000028422E+002    9.99999999999999573674E+001    1.00000000000000028422E+002    1.00000000000000028422E+002    1.00000000000000028422E+002    1.00000000000000028422E+002    1.00000000000000042633E+002    9.99999999999999573674E+001    9.99999999999999573674E+001    9.99999999999999715783E+001    9.99999999999999857891E+001    1.00000000000000000000E+002    1.00000000000000000000E+002
   2.14365574773100711070E+001    2.22001884405560971913E+001    2.29919433035158498058E+001    2.38127300712044274178E+001    2.46634665238224606298E+001    2.55450778249553529520E+001    2.64584938030924092800E+001    2.74046458821637131109E+001    2.83844636366125229188E+001    2.93988709466523552294E+001    3.04487817298548968381E+001    3.15350952261490178330E+001    3.26587270179771849143E+001    3.38218307685692067821E+001    3.50285589473349077139E+001    3.62834778328652589607E+001    3.75897957132796918245E+001    3.89492353318106196980E+001    4.03627144415292704593E+001    4.14760958636012802003E+001    4.25241516529396079704E+001    4.35869828272545021264E+001    4.46607633258597473969E+001    4.57432194752455245634E+001    4.68334313653182974235E+001    4.79309590763947994674E+001    4.91591819251633950216E+001    5.06798369465983142845E+001    5.22357287482454353267E+001    5.38264477855061898026E+001    5.54514641466986049068E+001    5.71101213003217011988E+001    5.88016308357943060514E+001    6.05250850032265645950E+001    6.22794456757462455698E+001    6.40635128092224732654E+001    6.58759175026384724561E+001    6.77151295166770808009E+001    6.95767030834664126360E+001    7.14594824344674890426E+001    7.33632931141290072219E+001    7.52860013748681780044E+001    7.72253261981304888195E+001    7.91788442115048951564E+001    8.11439960682441352446E+001    8.31180943161303247280E+001    8.50983327617488214401E+001    8.70819499492886990311E+001    8.90561988736693450619E+001    9.06915485649129209378E+001    9.21829251818343919922E+001    9.37504038082909687546E+001    9.56286456793011154787E+001    9.66467985968434817323E+001    9.74527601570017338872E+001    9.99999999999998863132E+001
   4.76922127540393816503E+001    4.90770414299522741430E+001    5.04937833235227913065E+001    5.19423475747652219070E+001    5.34225693288359479993E+001    5.49342054769926591007E+001    5.64769305121399085579E+001    5.80503331624865097638E+001    5.96539183302622433303E+001    6.12871101581607291564E+001    6.29492389734898836195E+001    6.46395231169081370126E+001    6.63570652169783983254E+001    6.80991747198601160562E+001    6.98635932313550966910E+001    7.16516725032064840661E+001    7.34620927433358303915E+001    7.52934285590232832419E+001    7.71441501554363924242E+001    7.90126252862633293716E+001    8.08971219869159909877E+001    8.27958121133292763716E+001    8.47067757010691195774E+001    8.66281323547223820469E+001    8.85589467146306645873E+001    9.04989755740183738908E+001    9.24436887589196771842E+001    9.43875850421938764612E+001    9.63269580962712836936E+001    9.77999528575670353803E+001    9.81178880047899042438E+001    9.97126367191659994660E+001    9.99999999999999573674E+001    9.99999999999999289457E+001    1.00000000000000028422E+002    1.00000000000000028422E+002    9.99999999999999573674E+001    9.99999999999999573674E+001    1.00000000000000028422E+002    1.00000000000000000000E+002    9.99999999999999289457E+001    9.99999999999999715783E+001    1.00000000000000042633E+002    9.99999999999999857891E+001    1.00000000000000042633E+002    1.00000000000000071054E+002    1.00000000000000042633E+002    9.99999999999999573674E+001    1.00000000000000028422E+002    1.00000000000000042633E+002    9.99999999999999431566E+001    1.00000000000000042633E+002    9.99999999999999857891E+001    9.99999999999999289457E+001    1.00000000000000042633E+002    9.99999999999999715783E+001
   1.00000000000000042633E+002    9.99999999999999573674E+001    9.99999999999999715783E+001    1.00000000000000042633E+002    1.00000000000000028422E+002    1.00000000000000071054E+002    1.00000000000000000000E+002    1.00000000000000028422E+002    1.00000000000000000000E+002    9.99999999999999715783E+001    9.99999999999999857891E+001    1.00000000000000071054E+002    1.00000000000000085265E+002    1.00000000000000000000E+002    1.00000000000000028422E+002    9.99999999999999431566E+001    9.99999999999999573674E+001    9.99999999999999147349E+001    1.00000000000000028422E+002    1.00000000000000042633E+002    1.00000000000000000000E+002    9.99999999999999715783E+001    1.00000000000000028422E+002    1.00000000000000000000E+002    9.99999999999999715783E+001    1.00000000000000028422E+002    9.99999999999999857891E+001    1.00000000000000028422E+002    9.99999999999999715783E+001    1.00000000000000000000E+002    1.00000000000000000000E+002    1.00000000000000000000E+002    9.99999999999999715783E+001    1.00000000000000028422E+002    1.00000000000000042633E+002    9.99999999999999715783E+001    1.00000000000000028422E+002    1.00000000000000000000E+002    9.99999999999999715783E+001    1.00000000000000028422E+002    9.99999999999999715783E+001    9.99999999999999715783E+001    1.00000000000000028422E+002    1.00000000000000028422E+002    9.99999999999999573674E+001    1.00000000000000000000E+002    9.99999999999999715783E+001    1.00000000000000042633E+002    1.00000000000000028422E+002    9.99999999999999857891E+001    1.00000000000000042633E+002    1.00000000000000028422E+002    1.00000000000000028422E+002    9.99999999999999715783E+001    1.00000000000000042633E+002    1.00000000000000028422E+002
   1.00000000000000028422E+002    9.99999999999999715783E+001    1.00000000000000000000E+002    1.00000000000000000000E+002    9.99999999999999715783E+001    9.99999999999999715783E+001    1.00000000000000000000E+002    1.00000000000000000000E+002    1.00000000000000028422E+002    1.00000000000000000000E+002    1.00000000000000000000E+002    1.00000000000000000000E+002    1.00000000000000000000E+002    1.00000000000000000000E+002    9.99999999999999715783E+001    1.00000000000000000000E+002    1.00000000000000028422E+002    9.99999999999999857891E+001    1.00000000000000028422E+002    9.99999999999999715783E+001    1.00000000000000028422E+002    1.00000000000000000000E+002    1.00000000000000000000E+002    1.00000000000000000000E+002    1.00000000000000000000E+002    1.00000000000000000000E+002    1.00000000000000000000E+002    1.00000000000000000000E+002    9.99999999999999715783E+001    1.00000000000000000000E+002    1.00000000000000000000E+002    1.00000000000000000000E+002    9.99999999999999715783E+001    9.99999999999999715783E+001    1.00000000000000000000E+002    9.99999999999999857891E+001    1.00000000000000000000E+002    1.00000000000000000000E+002    1.00000000000000000000E+002    9.99999999999999715783E+001    1.00000000000000000000E+002    9.99999999999999715783E+001    9.99999999999999715783E+001    1.00000000000000000000E+002    1.00000000000000000000E+002    1.00000000000000000000E+002    9.99999999999999715783E+001    1.00000000000000000000E+002    9.99999999999999857891E+001    1.00000000000000000000E+002    1.00000000000000000000E+002    9.99999999999999715783E+001    9.99999999999999857891E+001    1.00000000000000000000E+002    9.99999999999999715783E+001    1.00000000000000000000E+002
   9.99999999999999715783E+001    1.00000000000000000000E+002    1.00000000000000028422E+002    1.00000000000000000000E+002    9.99999999999999715783E+001    1.00000000000000000000E+002    9.99999999999999715783E+001    1.00000000000000000000E+002    9.99999999999999715783E+001    1.00000000000000000000E+002    1.00000000000000000000E+002    1.00000000000000000000E+002    1.00000000000000000000E+002    1.00000000000000000000E+002    9.99999999999999857891E+001    9.99999999999999715783E+001    1.00000000000000000000E+002    1.00000000000000000000E+002    9.99999999999999857891E+001    9.99999999999999857891E+001    1.00000000000000000000E+002    1.00000000000000000000E+002    1.00000000000000000000E+002    9.99999999999999715783E+001    1.00000000000000000000E+002    1.00000000000000000000E+002    1.00000000000000000000E+002    1.00000000000000000000E+002    1.00000000000000000000E+002    1.00000000000000000000E+002    1.00000000000000000000E+002    1.00000000000000000000E+002    9.99999999999999857891E+001    1.00000000000000000000E+002    1.00000000000000000000E+002    1.00000000000000000000E+002    9.99999999999999857891E+001    1.00000000000000028422E+002    1.00000000000000000000E+002    9.99999999999999715783E+001    1.00000000000000000000E+002    1.00000000000000000000E+002    1.00000000000000000000E+002    1.00000000000000000000E+002    1.00000000000000000000E+002    1.00000000000000028422E+002    1.00000000000000000000E+002    1.00000000000000000000E+002    1.00000000000000000000E+002    1.00000000000000028422E+002    1.00000000000000028422E+002    1.00000000000000000000E+002    1.00000000000000028422E+002    1.00000000000000000000E+002    1.00000000000000000000E+002    9.99999999999999715783E+001
   5.51887971660052834011E+000    5.71336155536147138889E+000    5.91570709040123876576E+000    6.12626481157660673915E+000    6.34539930285405873178E+000    6.57349195315630030478E+000    6.81094169018368056356E+000    7.05816573661684198981E+000    7.31560038785730881727E+000    7.58370181016942801477E+000    7.86294685775626689406E+000    8.15383390691932952166E+000    8.45688370501783737154E+000    8.77264023144795324072E+000    9.10167156730415705113E+000    9.44457076975066200930E+000    9.80195674641806746763E+000    1.01744751243406881258E+001    1.05627991070513687077E+001    1.09676303124499696651E+001    1.13896995829428995251E+001    1.18297677581145403991E+001    1.22886263988151984705E+001    1.27670984500383895011E+001    1.32660388282911405611E+001    1.37863349173376441570E+001    1.43289069542011144875E+001    1.48947082851425403049E+001    1.54847254689901756564E+001    1.60999782026698063930E+001    1.67415190410814886945E+001    1.74104328805948256331E+001    1.81078361723987768528E+001    1.88348758287597810579E+001    1.95927277819436405082E+001    2.03825951521735326821E+001    2.12057059775751923780E+001    2.20633104556546300046E+001    2.29566776425573912945E+001    2.38870915532275063242E+001    2.48558466027732833936E+001    2.58642423269513379580E+001    2.69135773178865207456E+001    2.80051423101202132671E+001    2.91402123520453635308E+001    3.03200379989850432594E+001    3.15458354668696543399E+001    3.28189061756111399859E+001    3.41452424021722293901E+001    3.49542098897305351102E+001    3.49847413853654671811E+001    3.43841175559402500994E+001    3.32724518339115249432E+001    3.17317609590551121812E+001    2.94010557240899359499E+001    2.62572889676766791922E+001
   1.00000000000000028422E+002    1.00000000000000000000E+002    9.99999999999999715783E+001    1.00000000000000000000E+002    9.99999999999999715783E+001    9.99999999999999715783E+001    1.00000000000000028422E+002    1.00000000000000000000E+002    1.00000000000000028422E+002    9.99999999999999715783E+001    1.00000000000000028422E+002    1.00000000000000028422E+002    9.99999999999999715783E+001    1.00000000000000028422E+002    9.99999999999999715783E+001    9.99999999999999573674E+001    9.99999999999999715783E+001    9.99999999999999715783E+001    1.00000000000000028422E+002    1.00000000000000028422E+002    1.00000000000000028422E+002    1.00000000000000028422E+002    1.00000000000000028422E+002    9.99999999999999857891E+001    9.99999999999999857891E+001    1.00000000000000028422E+002    9.99999999999999857891E+001    9.99999999999999715783E+001    1.00000000000000000000E+002    9.99999999999999857891E+001    9.99999999999999715783E+001    9.99999999999999857891E+001    9.99999999999999857891E+001    1.00000000000000028422E+002    1.00000000000000028422E+002    1.00000000000000000000E+002    1.00000000000000000000E+002    1.00000000000000000000E+002    1.00000000000000028422E+002    1.00000000000000000000E+002    1.00000000000000000000E+002    1.00000000000000000000E+002    9.99999999999999715783E+001    1.00000000000000028422E+002    9.99999999999999715783E+001    9.99999999999999715783E+001    1.00000000000000000000E+002    1.00000000000000000000E+002    1.00000000000000000000E+002    1.00000000000000000000E+002    9.99999999999999715783E+001    9.99999999999999715783E+001    1.00000000000000028422E+002    9.99999999999999715783E+001    1.00000000000000028422E+002    1.00000000000000000000E+002
   9.99999999999999857891E+001    1.00000000000000085265E+002    1.00000000000000085265E+002    1.00000000000000028422E+002    9.99999999999999715783E+001    1.00000000000000028422E+002    1.00000000000000071054E+002    1.00000000000000028422E+002    1.00000000000000000000E+002    1.00000000000000000000E+002    9.99999999999999431566E+001    1.00000000000000028422E+002    9.99999999999999289457E+001    1.00000000000000042633E+002    9.99999999999999857891E+001    1.00000000000000028422E+002    1.00000000000000028422E+002    9.99999999999999857891E+001    1.00000000000000028422E+002    9.99999999999999715783E+001    1.00000000000000000000E+002    1.00000000000000042633E+002    1.00000000000000000000E+002    9.99999999999999857891E+001    9.99999999999999715783E+001    9.99999999999999715783E+001    1.00000000000000042633E+002    1.00000000000000042633E+002    1.00000000000000028422E+002    1.00000000000000000000E+002    1.00000000000000000000E+002    1.00000000000000028422E+002    1.00000000000000028422E+002    9.99999999999999715783E+001    9.99999999999999715783E+001    1.00000000000000028422E+002    1.00000000000000000000E+002    9.99999999999999715783E+001    9.99999999999999715783E+001    9.99999999999999715783E+001    1.00000000000000028422E+002    9.99999999999999715783E+001    1.00000000000000028422E+002    9.99999999999999715783E+001    1.00000000000000028422E+002    1.00000000000000028422E+002    1.00000000000000028422E+002    9.99999999999999573674E+001    9.99999999999999857891E+001    9.99999999999999857891E+001    1.00000000000000028422E+002    9.99999999999999857891E+001    9.99999999999999857891E+001    1.00000000000000042633E+002    9.99999999999999715783E+001    9.99999999999999715783E+001
   1.00000000000000042633E+002    9.99999999999999715783E+001    9.99999999999999715783E+001    9.99999999999999857891E+001    1.00000000000000071054E+002    1.00000000000000028422E+002    1.00000000000000028422E+002    9.99999999999999857891E+001    1.00000000000000028422E+002    9.99999999999999573674E+001    1.00000000000000028422E+002    1.00000000000000028422E+002    1.00000000000000028422E+002    1.00000000000000000000E+002    9.99999999999999715783E+001    9.99999999999999715783E+001    1.00000000000000028422E+002    9.99999999999999715783E+001    1.00000000000000028422E+002    9.99999999999999715783E+001    9.99999999999999431566E+001    1.00000000000000000000E+002    9.99999999999999715783E+001    9.99999999999999715783E+001    9.99999999999999715783E+001    1.00000000000000042633E+002    9.99999999999999715783E+001    1.00000000000000042633E+002    1.00000000000000042633E+002    9.99999999999999573674E+001    1.00000000000000000000E+002    9.99999999999999573674E+001    1.00000000000000028422E+002    1.00000000000000042633E+002    9.99999999999999715783E+001    9.99999999999999715783E+001    1.00000000000000028422E+002    1.00000000000000042633E+002    9.99999999999999857891E+001    1.00000000000000028422E+002    9.99999999999999715783E+001    9.99999999999999715783E+001    9.99999999999999715783E+001    9.99999999999999715783E+001    9.99999999999999431566E+001    9.99999999999999857891E+001    9.99999999999999857891E+001    1.00000000000000028422E+002    1.00000000000000028422E+002    9.99999999999999715783E+001    1.00000000000000000000E+002    1.00000000000000042633E+002    1.00000000000000000000E+002    1.00000000000000028422E+002    1.00000000000000042633E+002    9.99999999999999715783E+001
   1.00000000000000000000E+002    9.99999999999999857891E+001    1.00000000000000000000E+002    9.99999999999999857891E+001    9.99999999999999715783E+001    1.00000000000000028422E+002    1.00000000000000000000E+002    9.99999999999999715783E+001    1.00000000000000028422E+002    1.00000000000000000000E+002    1.00000000000000000000E+002    1.00000000000000000000E+002    1.00000000000000000000E+002    9.99999999999999857891E+001    1.00000000000000000000E+002    1.00000000000000000000E+002    1.00000000000000000000E+002    1.00000000000000000000E+002    9.99999999999999715783E+001    9.99999999999999715783E+001    1.00000000000000028422E+002    1.00000000000000000000E+002    1.00000000000000000000E+002    1.00000000000000000000E+002    1.00000000000000000000E+002    1.00000000000000000000E+002    1.00000000000000000000E+002    1.00000000000000000000E+002    1.00000000000000000000E+002    1.00000000000000000000E+002    1.00000000000000000000E+002    9.99999999999999857891E+001    1.00000000000000000000E+002    1.00000000000000000000E+002    1.00000000000000000000E+002    1.00000000000000000000E+002    1.00000000000000000000E+002    1.00000000000000000000E+002    9.99999999999999857891E+001    1.00000000000000000000E+002    9.99999999999999857891E+001    1.00000000000000000000E+002    1.00000000000000000000E+002    1.00000000000000028422E+002    1.00000000000000000000E+002    1.00000000000000000000E+002    9.99999999999999715783E+001    1.00000000000000028422E+002    9.99999999999999715783E+001    1.00000000000000028422E+002    9.99999999999999715783E+001    1.00000000000000000000E+002    9.99999999999999857891E+001    1.00000000000000000000E+002    1.00000000000000000000E+002    1.00000000000000000000E+002
   6.96313610204635722312E+001    7.13680332334143940898E+001    7.31277858018713118327E+001    7.49095097121637962800E+001    7.67120095617077879524E+001    7.85340045181226287241E+001    8.03741298325495847621E+001    8.22309389273909374651E+001    8.41029060736994296121E+001    8.59884296679372681638E+001    8.78862114852994835701E+001    8.97961141448844131219E+001    9.17164078053693998527E+001    9.36428675384385229563E+001    9.55713305519790878861E+001    9.74985423393994921071E+001    9.78608639514593647846E+001    9.91182635877034670102E+001    9.99999999999999573674E+001    9.99999999999999431566E+001    1.00000000000000085265E+002    1.00000000000000028422E+002    9.99999999999999289457E+001    9.99999999999999289457E+001    1.00000000000000028422E+002    1.00000000000000071054E+002    1.00000000000000071054E+002    9.99999999999999431566E+001    1.00000000000000028422E+002    1.00000000000000000000E+002    9.99999999999999715783E+001    1.00000000000000028422E+002    1.00000000000000071054E+002    9.99999999999999857891E+001    9.99999999999999715783E+001    1.00000000000000042633E+002    9.99999999999999857891E+001    9.99999999999999715783E+001    1.00000000000000042633E+002    9.99999999999999715783E+001    9.99999999999999289457E+001    9.99999999999999289457E+001    1.00000000000000042633E+002    1.00000000000000000000E+002    9.99999999999999431566E+001    9.99999999999999715783E+001    1.00000000000000042633E+002    1.00000000000000028422E+002    1.00000000000000028422E+002    1.00000000000000000000E+002    1.00000000000000028422E+002    9.99999999999999573674E+001    1.00000000000000000000E+002    9.99999999999999715783E+001    9.99999999999999715783E+001    9.99999999999999857891E+001
   9.99999999999999857891E+001    1.00000000000000000000E+002    1.00000000000000028422E+002    9.99999999999999715783E+001    1.00000000000000000000E+002    1.00000000000000028422E+002    1.00000000000000000000E+002    1.00000000000000000000E+002    1.00000000000000000000E+002    9.99999999999999715783E+001    9.99999999999999715783E+001    1.00000000000000000000E+002    1.00000000000000000000E+002    9.99999999999999715783E+001    1.00000000000000000000E+002    1.00000000000000000000E+002    9.99999999999999857891E+001    1.00000000000000028422E+002    1.00000000000000000000E+002    1.00000000000000000000E+002    1.00000000000000000000E+002    9.99999999999999857891E+001    1.00000000000000000000E+002    1.00000000000000000000E+002    1.00000000000000000000E+002    1.00000000000000000000E+002    1.00000000000000000000E+002    1.00000000000000000000E+002    1.00000000000000000000E+002    1.00000000000000000000E+002    1.00000000000000000000E+002    9.99999999999999715783E+001    1.00000000000000000000E+002    1.00000000000000028422E+002    9.99999999999999857891E+001    1.00000000000000000000E+002    1.00000000000000000000E+002    1.00000000000000000000E+002    1.00000000000000000000E+002    9.99999999999999715783E+001    9.99999999999999715783E+001    1.00000000000000000000E+002    9.99999999999999715783E+001    1.00000000000000000000E+002    1.00000000000000000000E+002    1.00000000000000028422E+002    9.99999999999999715783E+001    9.99999999999999857891E+001    9.99999999999999857891E+001    1.00000000000000000000E+002    9.99999999999999857891E+001    9.99999999999999857891E+001    1.00000000000000000000E+002    9.99999999999999857891E+001    9.99999999999999857891E+001    1.00000000000000000000E+002
   1.09282182416006783399E+001    1.13218095873916233529E+001    1.17311073245227124318E+001    1.21567591530859324678E+001    1.25994370728092413003E+001    1.30598378542161075444E+001    1.35386834553378641033E+001    1.40367213734365865463E+001    1.45547249200051105333E+001    1.50934934060231835673E+001    1.56538522230678758262E+001    1.62366528044041409373E+001    1.68427724486074588128E+001    1.74731139866182232367E+001    1.81286052713837229078E+001    1.88101984674287372457E+001    1.95188691158248239788E+001    2.02556149481052223393E+001    2.10214544207400280129E+001    2.18174249398520139209E+001    2.26445807439723125754E+001    2.35039904108334738453E+001    2.43967339525365467523E+001    2.53238994619756070392E+001    2.62865792722056070829E+001    2.72858655896178703415E+001    2.83228455614008005625E+001    2.93985957379424398539E+001    3.05141758916980698757E+001    3.16706223848816748045E+001    3.28690096515954479628E+001    3.41132816117236359332E+001    3.54091212174525082901E+001    3.67607213927004963239E+001    3.81702712136339670224E+001    3.96389023174598662536E+001    4.11575777872395818235E+001    4.22712728005757014671E+001    4.34045546953130241263E+001    4.45523405907529479464E+001    4.57110217024635190342E+001    4.68792173995724184010E+001    4.80563127233170988006E+001    4.92418221864988154834E+001    5.05862570555616102297E+001    5.22256001642854670308E+001    5.39025498145253365578E+001    5.56163019239287237383E+001    5.73623786468830729746E+001    5.82886356245921248842E+001    5.84028885067722995927E+001    5.78375007960746501112E+001    5.67112696894479881848E+001    5.51110551687844392177E+001    5.27925717153519329372E+001    5.57403870602770936671E+001
   1.00000000000000000000E+002    1.00000000000000000000E+002    1.00000000000000000000E+002    1.00000000000000000000E+002    1.00000000000000000000E+002    1.00000000000000000000E+002    1.00000000000000000000E+002    1.00000000000000028422E+002    1.00000000000000000000E+002    9.99999999999999857891E+001    9.99999999999999857891E+001    1.00000000000000000000E+002    1.00000000000000000000E+002    1.00000000000000000000E+002    9.99999999999999715783E+001    1.00000000000000000000E+002    1.00000000000000028422E+002    1.00000000000000000000E+002    9.99999999999999715783E+001    1.00000000000000000000E+002    1.00000000000000000000E+002    9.99999999999999715783E+001    1.00000000000000000000E+002    1.00000000000000000000E+002    9.99999999999999715783E+001    1.00000000000000000000E+002    1.00000000000000000000E+002    9.99999999999999715783E+001    1.00000000000000000000E+002    1.00000000000000000000E+002    1.00000000000000000000E+002    1.00000000000000028422E+002    1.00000000000000000000E+002    1.00000000000000000000E+002    1.00000000000000000000E+002    1.00000000000000028422E+002    1.00000000000000000000E+002    1.00000000000000000000E+002    1.00000000000000000000E+002    1.00000000000000000000E+002    1.00000000000000000000E+002    1.00000000000000028422E+002    1.00000000000000000000E+002    1.00000000000000000000E+002    1.00000000000000000000E+002    9.99999999999999715783E+001    1.00000000000000028422E+002    9.99999999999999715783E+001    9.99999999999999715783E+001    1.00000000000000000000E+002    1.00000000000000000000E+002    1.00000000000000028422E+002    1.00000000000000000000E+002    1.00000000000000028422E+002    1.00000000000000000000E+002    1.00000000000000000000E+002
   1.00000000000000028422E+002    1.00000000000000000000E+002    9.99999999999999573674E+001    1.00000000000000042633E+002    9.99999999999999857891E+001    1.00000000000000028422E+002    1.00000000000000028422E+002    1.00000000000000000000E+002    1.00000000000000028422E+002    9.99999999999999715783E+001    1.00000000000000028422E+002    9.99999999999999715783E+001    9.99999999999999857891E+001    9.99999999999999857891E+001    9.99999999999999857891E+001    1.00000000000000042633E+002    9.99999999999999715783E+001    9.99999999999999857891E+001    9.99999999999999857891E+001    9.99999999999999715783E+001    1.00000000000000000000E+002    1.00000000000000028422E+002    9.99999999999999857891E+001    1.00000000000000000000E+002    1.00000000000000000000E+002    1.00000000000000000000E+002    1.00000000000000028422E+002    1.00000000000000028422E+002    1.00000000000000000000E+002    1.00000000000000000000E+002    1.00000000000000000000E+002    9.99999999999999715783E+001    1.00000000000000000000E+002    1.00000000000000000000E+002    1.00000000000000000000E+002    1.00000000000000000000E+002    1.00000000000000028422E+002    9.99999999999999715783E+001    1.00000000000000000000E+002    1.00000000000000000000E+002    1.00000000000000028422E+002    1.00000000000000000000E+002    1.00000000000000000000E+002    1.00000000000000028422E+002    1.00000000000000000000E+002    9.99999999999999857891E+001    1.00000000000000000000E+002    9.99999999999999857891E+001    1.00000000000000000000E+002    1.00000000000000000000E+002    1.00000000000000000000E+002    1.00000000000000000000E+002    9.99999999999999857891E+001    9.99999999999999857891E+001    1.00000000000000000000E+002    9.99999999999999857891E+001
   1.01605036750405663959E+000    1.04802034707188496121E+000    1.08119902354393637722E+000    1.11563905885207037549E+000    1.15139568826583427175E+000    1.18852685845449301816E+000    1.22709337352257930043E+000    1.26715904950401747620E+000    1.30879087782962999498E+000    1.35205919831513932117E+000    1.39703788225029090775E+000    1.44380452620557675480E+000    1.49244065721107976863E+000    1.54303195000167403528E+000    1.59566845706540183514E+000    1.65044485227628889845E+000    1.70746068893989044746E+000    1.76682067312940827009E+000    1.82863495324228875205E+000    1.89301942676176016001E+000    1.96009606526513113778E+000    2.02999325878051539718E+000    2.10284618065612827209E+000    2.17879717417153884185E+000    2.25799616218759124919E+000    2.34060108120197929438E+000    2.42677834124915614566E+000    2.51670331315794948424E+000    2.61056084475504146525E+000    2.70854580768016983683E+000    2.81086367655592805903E+000    2.91773114233250296934E+000    3.02937676170473757509E+000    3.14604164457334567473E+000    3.26798018159453951270E+000    3.39546081392920617859E+000    3.52876684736483570148E+000    3.66819731303608520534E+000    3.81406787701285709957E+000    3.96671180105385934311E+000    4.12648095683635762754E+000    4.29374689596422509652E+000    4.46890197802375954694E+000    4.65236055889184196843E+000    4.84456024140090502073E+000    5.04596319032054907439E+000    5.25705751341731719606E+000    5.47835871009695107858E+000    5.71041118880006326464E+000    5.89633706057991613392E+000    5.89536227550815983278E+000    5.75401322126791558986E+000    5.50339506824307811428E+000    5.16889965654390071137E+000    4.76690607875596317200E+000    4.18925749637064459563E+000
   1.00000000000000000000E+002    1.00000000000000028422E+002    9.99999999999999715783E+001    9.99999999999999715783E+001    1.00000000000000000000E+002    9.99999999999999715783E+001    1.00000000000000000000E+002    1.00000000000000000000E+002    1.00000000000000000000E+002    9.99999999999999715783E+001    1.00000000000000000000E+002    9.99999999999999715783E+001    9.99999999999999715783E+001    1.00000000000000000000E+002    1.00000000000000000000E+002    1.00000000000000028422E+002    1.00000000000000028422E+002    1.00000000000000000000E+002    1.00000000000000000000E+002    1.00000000000000000000E+002    1.00000000000000028422E+002    1.00000000000000000000E+002    1.00000000000000000000E+002    1.00000000000000000000E+002    1.00000000000000000000E+002    1.00000000000000000000E+002    1.00000000000000000000E+002    1.00000000000000000000E+002    1.00000000000000000000E+002    1.00000000000000000000E+002    1.00000000000000000000E+002    1.00000000000000028422E+002    1.00000000000000000000E+002    1.00000000000000000000E+002    9.99999999999999715783E+001    1.00000000000000000000E+002    1.00000000000000028422E+002    9.99999999999999715783E+001    1.00000000000000028422E+002    9.99999999999999715783E+001    1.00000000000000000000E+002    1.00000000000000000000E+002    9.99999999999999715783E+001    9.99999999999999715783E+001    1.00000000000000000000E+002    1.00000000000000000000E+002    1.00000000000000000000E+002    1.00000000000000028422E+002    9.99999999999999857891E+001    9.99999999999999857891E+001    9.99999999999999715783E+001    1.00000000000000000000E+002    9.99999999999999715783E+001    9.99999999999999715783E+001    1.00000000000000000000E+002    1.00000000000000000000E+002
   1.00000000000000085265E+002    9.99999999999999715783E+001    9.99999999999999289457E+001    1.00000000000000000000E+002    1.00000000000000042633E+002    1.00000000000000071054E+002    9.99999999999999573674E+001    9.99999999999999573674E+001    9.99999999999999289457E+001    1.00000000000000085265E+002    1.00000000000000071054E+002    9.99999999999999715783E+001    9.99999999999999573674E+001    9.99999999999999857891E+001    1.00000000000000042633E+002    1.00000000000000042633E+002    9.99999999999999857891E+001    1.00000000000000042633E+002    9.99999999999999289457E+001    1.00000000000000028422E+002    1.00000000000000042633E+002    9.99999999999999431566E+001    1.00000000000000000000E+002    1.00000000000000028422E+002    9.99999999999999573674E+001    9.99999999999999857891E+001    9.99999999999999431566E+001    9.99999999999999289457E+001    9.99999999999999857891E+001    9.99999999999999573674E+001    1.00000000000000000000E+002    9.99999999999999857891E+001    1.00000000000000042633E+002    1.00000000000000028422E+002    9.99999999999999715783E+001    1.00000000000000028422E+002    1.00000000000000028422E+002    1.00000000000000042633E+002    9.99999999999999715783E+001    9.99999999999999715783E+001    1.00000000000000028422E+002    1.00000000000000028422E+002    1.00000000000000028422E+002    1.00000000000000028422E+002    1.00000000000000028422E+002    1.00000000000000000000E+002    1.00000000000000028422E+002    9.99999999999999715783E+001    9.99999999999999715783E+001    1.00000000000000028422E+002    1.00000000000000028422E+002    9.99999999999999715783E+001    9.99999999999999715783E+001    1.00000000000000000000E+002    1.00000000000000042633E+002    9.99999999999999857891E+001
   2.83963021009104537029E+001    2.93859407378252015519E+001    3.04094292340287957188E+001    3.14676163406702684711E+001    3.25613737936890359492E+001    3.36924030127000406765E+001    3.48641536640070768271E+001    3.60810055410788876884E+001    3.73465095012225987148E+001    3.86627432145435108168E+001    4.00307955283394605317E+001    4.11524669521054065058E+001    4.21669909132251987671E+001    4.31962212900245958735E+001    4.42365141293845240966E+001    4.52853007534721356819E+001    4.63414346381312043377E+001    4.74044329985920143145E+001    4.85843487375110996140E+001    5.00580597099548398887E+001    5.15659695424953952170E+001    5.31077943546452999612E+001    5.46831471862455842370E+001    5.62915324108156340799E+001    5.79323406197488708358E+001    5.96048482921901907616E+001    6.13082293754464302538E+001    6.30415314429450077682E+001    6.48036517486196999016E+001    6.65933391218789410004E+001    6.84084835747713242426E+001    7.02443581521371953613E+001    7.21029514797489383682E+001    7.39824698701979457383E+001    7.58809853809677861136E+001    7.77964387509862547176E+001    7.97266435120116341295E+001    8.16692913112902658668E+001    8.36219584674399101232E+001    8.55821137653729238082E+001    8.75474117370778941449E+001    8.95189709778503868165E+001    9.14925773276196281358E+001    9.34605046680810573889E+001    9.54181849850979659777E+001    9.73616516297148137937E+001    9.80113496451312897761E+001    9.89304433280602211198E+001    1.00000000000000113687E+002    9.99999999999999005240E+001    9.99999999999999005240E+001    1.00000000000000028422E+002    1.00000000000000000000E+002    1.00000000000000028422E+002    1.00000000000000085265E+002    1.00000000000000028422E+002
   9.47510533245954134074E-001    9.77152719807850345113E-001    1.00791098506729870365E+000    1.03983381591675638767E+000    1.07297206472088935136E+000    1.10737907621477460474E+000    1.14311082174623268592E+000    1.18022604131163277863E+000    1.21878639386234888242E+000    1.25885661638936086071E+000    1.30050469232512955209E+000    1.34380202983558927343E+000    1.38882365061089041447E+000    1.43564838980152997827E+000    1.48435910778635715701E+000    1.53504291450154872756E+000    1.58779140710441080131E+000    1.64270092179324622705E+000    1.69987280065438395305E+000    1.75941367446011787123E+000    1.82143576239666105110E+000    1.88605718975928704495E+000    1.95340232471285801807E+000    2.02360213527974108771E+000    2.09679456778374451176E+000    2.17312494804808542526E+000    2.25274640671778314527E+000    2.33582033015113044172E+000    2.42251683840256415436E+000    2.51301529189785943785E+000    2.60750482848408315917E+000    2.70618493261853965137E+000    2.80926603854426382156E+000    2.91697016938246900253E+000    3.02953161415470040296E+000    3.14719764482776653836E+000    3.27022927555116105225E+000    3.39890206632988745028E+000    3.53350697344045405757E+000    3.67435124895495102137E+000    3.82175939178404444618E+000    3.97607415267959707350E+000    4.13765759565095958550E+000    4.30689221823845791448E+000    4.48418213305048496409E+000    4.66995431289879103787E+000    4.86465990175625506708E+000    5.06877559360029739111E+000    5.28280508098949130869E+000    5.45600788637094780142E+000    5.45628161523393195864E+000    5.32666414067552018707E+000    5.09587455224248753183E+000    4.78736064196419341954E+000    4.41625385662761704708E+000    3.88369153775359743364E+000
   6.73272291822149071550E+001    6.90357583066611937284E+001    7.07687096477626766955E+001    7.25250666852573431242E+001    7.43037243756341041490E+001    7.61034894501143952539E+001    7.79230812502787415497E+001    7.97611331279497193236E+001    8.16161944315941525474E+001    8.34867330964929550419E+001    8.53711388503277959217E+001    8.72679798808033524438E+001    8.91767927481797215705E+001    9.10964762389632909390E+001    9.30233421212471682793E+001    9.49529882266678271208E+001    9.68818074659504873125E+001    9.77993362771696581603E+001    9.86051808830561640207E+001    9.99983676273092640940E+001    1.00000000000000071054E+002    9.99999999999999289457E+001    1.00000000000000042633E+002    9.99999999999999715783E+001    1.00000000000000028422E+002    1.00000000000000028422E+002    1.00000000000000042633E+002    9.99999999999999147349E+001    1.00000000000000000000E+002    9.99999999999999857891E+001    1.00000000000000085265E+002    1.00000000000000028422E+002    9.99999999999999289457E+001    9.99999999999999289457E+001    1.00000000000000042633E+002    1.00000000000000071054E+002    1.00000000000000028422E+002    1.00000000000000000000E+002    9.99999999999999289457E+001    1.00000000000000000000E+002    1.00000000000000042633E+002    9.99999999999999715783E+001    9.99999999999999573674E+001    1.00000000000000028422E+002    1.00000000000000028422E+002    1.00000000000000028422E+002    9.99999999999999289457E+001    9.99999999999999431566E+001    1.00000000000000000000E+002    9.99999999999999857891E+001    1.00000000000000000000E+002    1.00000000000000042633E+002    9.99999999999999715783E+001    9.99999999999999857891E+001    9.99999999999999573674E+001    9.99999999999999573674E+001
   1.00000000000000000000E+002    1.00000000000000000000E+002    1.00000000000000000000E+002    1.00000000000000000000E+002    1.00000000000000000000E+002    1.00000000000000000000E+002    9.99999999999999715783E+001    1.00000000000000000000E+002    9.99999999999999715783E+001    9.99999999999999715783E+001    1.00000000000000028422E+002    1.00000000000000000000E+002    1.00000000000000000000E+002    1.00000000000000000000E+002    1.00000000000000000000E+002    1.00000000000000000000E+002    9.99999999999999715783E+001    9.99999999999999857891E+001    1.00000000000000000000E+002    1.00000000000000000000E+002    9.99999999999999715783E+001    9.99999999999999715783E+001    1.00000000000000000000E+002    9.99999999999999715783E+001    1.00000000000000000000E+002    1.00000000000000028422E+002    1.00000000000000000000E+002    1.00000000000000000000E+002    1.00000000000000000000E+002    1.00000000000000000000E+002    9.99999999999999857891E+001    9.99999999999999715783E+001    1.00000000000000028422E+002    1.00000000000000000000E+002    1.00000000000000000000E+002    9.99999999999999715783E+001    9.99999999999999715783E+001    1.00000000000000000000E+002    1.00000000000000000000E+002    1.00000000000000000000E+002    1.00000000000000000000E+002    9.99999999999999715783E+001    1.00000000000000000000E+002    1.00000000000000000000E+002    1.00000000000000000000E+002    1.00000000000000000000E+002    9.99999999999999715783E+001    9.99999999999999857891E+001    9.99999999999999857891E+001    1.00000000000000000000E+002    1.00000000000000000000E+002    1.00000000000000000000E+002    1.00000000000000000000E+002    1.00000000000000000000E+002    9.99999999999999715783E+001    1.00000000000000000000E+002
   2.27947619987382346096E+001    2.36038212314405626557E+001    2.44422830112865518970E+001    2.53110573333611625912E+001    2.62110596786626892651E+001    2.71432081420340374223E+001    2.81084202051575466896E+001    2.91076091312419578117E+001    3.01416799583890622216E+001    3.12115250693985650798E+001    3.23180431997789483489E+001    3.34628550688320984818E+001    3.46493636246744287632E+001    3.58820939506604901226E+001    3.71648051620005759332E+001    3.84997034223854726065E+001    3.98879327904579170649E+001    4.11137494073834943720E+001    4.21497969158372782772E+001    4.32017793026333336570E+001    4.42655487878758293618E+001    4.53382905956265886971E+001    4.64188363730823212450E+001    4.75067056738806172689E+001    4.86118463428040570307E+001    5.01121821893114471891E+001    5.16476179741377947607E+001    5.32178051311638213861E+001    5.48222804808395238751E+001    5.64604600449029305764E+001    5.81316334262402918398E+001    5.98349652479736846544E+001    6.15695062356065179188E+001    6.33341609730930130695E+001    6.51276674840173797065E+001    6.69486032283868013337E+001    6.87943900877560139406E+001    7.06605890344144853543E+001    7.25487783154326280055E+001    7.44569434336804363284E+001    7.63829244198704344626E+001    7.83244198792108932139E+001    8.02789924219654267290E+001    8.22440755126845886025E+001    8.42169817541820435736E+001    8.61949355486763835188E+001    8.81758015516912507792E+001    9.01620560788629887838E+001    9.21328677848690631436E+001    9.38624304153973412213E+001    9.55672886141182118536E+001    9.73419176758353330570E+001    9.72750246448525217602E+001    9.89405473953802783171E+001    9.99999999999999289457E+001    1.00000000000000383693E+002
   1.00000000000000028422E+002    1.00000000000000042633E+002    1.00000000000000000000E+002    9.99999999999999857891E+001    1.00000000000000000000E+002    9.99999999999999857891E+001    1.00000000000000000000E+002    9.99999999999999857891E+001    1.00000000000000028422E+002    9.99999999999999715783E+001    1.00000000000000000000E+002    1.00000000000000000000E+002    1.00000000000000028422E+002    1.00000000000000000000E+002    9.99999999999999857891E+001    1.00000000000000000000E+002    1.00000000000000000000E+002    1.00000000000000000000E+002    1.00000000000000000000E+002    1.00000000000000000000E+002    9.99999999999999715783E+001    1.00000000000000000000E+002    9.99999999999999715783E+001    9.99999999999999715783E+001    1.00000000000000000000E+002    1.00000000000000028422E+002    1.00000000000000000000E+002    1.00000000000000028422E+002    1.00000000000000000000E+002    1.00000000000000000000E+002    1.00000000000000000000E+002    9.99999999999999857891E+001    1.00000000000000028422E+002    9.99999999999999857891E+001    9.99999999999999857891E+001    9.99999999999999857891E+001    1.00000000000000028422E+002    1.00000000000000000000E+002    9.99999999999999857891E+001    1.00000000000000028422E+002    1.00000000000000000000E+002    1.00000000000000000000E+002    9.99999999999999857891E+001    1.00000000000000000000E+002    9.99999999999999857891E+001    1.00000000000000000000E+002    1.00000000000000000000E+002    1.00000000000000028422E+002    9.99999999999999715783E+001    1.00000000000000000000E+002    1.00000000000000000000E+002    9.99999999999999715783E+001    1.00000000000000000000E+002    1.00000000000000000000E+002    1.00000000000000000000E+002    1.00000000000000000000E+002
   9.99999999999999857891E+001    9.99999999999999857891E+001    1.00000000000000028422E+002    1.00000000000000000000E+002    1.00000000000000000000E+002    1.00000000000000000000E+002    1.00000000000000028422E+002    1.00000000000000028422E+002    1.00000000000000028422E+002    1.00000000000000000000E+002    1.00000000000000000000E+002    9.99999999999999715783E+001    9.99999999999999715783E+001    1.00000000000000028422E+002    1.00000000000000000000E+002    1.00000000000000000000E+002    1.00000000000000000000E+002    1.00000000000000000000E+002    1.00000000000000000000E+002    1.00000000000000028422E+002    1.00000000000000000000E+002    1.00000000000000028422E+002    1.00000000000000000000E+002    1.00000000000000000000E+002    1.00000000000000028422E+002    9.99999999999999715783E+001    1.00000000000000000000E+002    1.00000000000000000000E+002    1.00000000000000000000E+002    1.00000000000000000000E+002    1.00000000000000000000E+002    1.00000000000000000000E+002    9.99999999999999715783E+001    1.00000000000000000000E+002    1.00000000000000000000E+002    9.99999999999999715783E+001    1.00000000000000000000E+002    1.00000000000000000000E+002    1.00000000000000000000E+002    9.99999999999999715783E+001    1.00000000000000000000E+002    1.00000000000000000000E+002    1.00000000000000000000E+002    1.00000000000000028422E+002    1.00000000000000000000E+002    1.00000000000000000000E+002    1.00000000000000000000E+002    1.00000000000000028422E+002    1.00000000000000000000E+002    9.99999999999999857891E+001    1.00000000000000000000E+002    1.00000000000000000000E+002    9.99999999999999857891E+001    9.99999999999999857891E+001    9.99999999999999715783E+001    9.99999999999999857891E+001
   2.54662573236615337180E+001    2.63628341427123871199E+001    2.72911008487123893929E+001    2.82519517207010508741E+001    2.92462769186829447676E+001    3.02749586641430994405E+001    3.13388670227117067668E+001    3.24388862660510497449E+001    3.35766835061004584873E+001    3.47556817914339433173E+001    3.59803198748529737827E+001    3.72542480583750403866E+001    3.85796131821700782893E+001    3.99575371183622891635E+001    4.11315033443153197368E+001    4.21566059241979118610E+001    4.31970237240572814130E+001    4.42488830641706769597E+001    4.53094843933390976076E+001    4.63776622731681840150E+001    4.74529306290197538942E+001    4.85949463089168318675E+001    5.00817306288557162475E+001    5.16031581950028623851E+001    5.31589139345648646895E+001    5.47485741126696368042E+001    5.63716004542401805111E+001    5.80273347826434786612E+001    5.97149994264345878037E+001    6.14337088393894674709E+001    6.31824416292039572340E+001    6.49600180075150461789E+001    6.67651038048043972140E+001    6.85953681440372662337E+001    7.04462114198237259188E+001    7.23194295714573058831E+001    7.42131217856752840589E+001    7.61252474618875254464E+001    7.80536296678397860660E+001    7.99959598701526175546E+001    8.19498039756879563811E+001    8.39126097032181093027E+001    8.58817152866229776009E+001    8.78546706210906904744E+001    8.98335932873874583038E+001    9.18120474416437133414E+001    9.37823018784229986977E+001    9.57402258867473392456E+001    9.76772780771692481494E+001    9.79747582968494867828E+001    9.90756102447650732756E+001    9.99999999999999715783E+001    9.99999999999999289457E+001    9.99999999999999431566E+001    9.99999999999999573674E+001    1.00000000000000326850E+002
   9.99999999999999573674E+001    1.00000000000000028422E+002    1.00000000000000000000E+002    1.00000000000000071054E+002    1.00000000000000071054E+002    9.99999999999999715783E+001    1.00000000000000042633E+002    1.00000000000000028422E+002    9.99999999999999857891E+001    9.99999999999999715783E+001    9.99999999999999715783E+001    9.99999999999999715783E+001    1.00000000000000028422E+002    1.00000000000000028422E+002    1.00000000000000000000E+002    9.99999999999999857891E+001    1.00000000000000028422E+002    1.00000000000000028422E+002    9.99999999999999715783E+001    1.00000000000000028422E+002    1.00000000000000000000E+002    1.00000000000000042633E+002    1.00000000000000028422E+002    1.00000000000000000000E+002    1.00000000000000071054E+002    1.00000000000000071054E+002    1.00000000000000028422E+002    9.99999999999999573674E+001    1.00000000000000000000E+002    9.99999999999999715783E+001    1.00000000000000028422E+002    9.99999999999999715783E+001    1.00000000000000042633E+002    1.00000000000000028422E+002    1.00000000000000028422E+002    9.99999999999999857891E+001    1.00000000000000042633E+002    9.99999999999999715783E+001    1.00000000000000042633E+002    1.00000000000000042633E+002    1.00000000000000028422E+002    1.00000000000000028422E+002    1.00000000000000028422E+002    1.00000000000000000000E+002    1.00000000000000028422E+002    9.99999999999999857891E+001    9.99999999999999715783E+001    1.00000000000000028422E+002    1.00000000000000000000E+002    1.00000000000000000000E+002    9.99999999999999573674E+001    9.99999999999999857891E+001    9.99999999999999857891E+001    1.00000000000000000000E+002    9.99999999999999715783E+001    1.00000000000000000000E+002
   9.76158951781363413147E+001    9.78690859715976131383E+001    9.94568583158713721559E+001    1.00000000000000000000E+002    1.00000000000000042633E+002    9.99999999999999289457E+001    9.99999999999999289457E+001    9.99999999999999289457E+001    9.99999999999999289457E+001    1.00000000000000085265E+002    9.99999999999999715783E+001    1.00000000000000000000E+002    1.00000000000000000000E+002    1.00000000000000028422E+002    1.00000000000000071054E+002    9.99999999999999573674E+001    9.99999999999999715783E+001    9.99999999999999857891E+001    1.00000000000000028422E+002    1.00000000000000042633E+002    1.00000000000000028422E+002    1.00000000000000071054E+002    9.99999999999999715783E+001    9.99999999999999715783E+001    1.00000000000000028422E+002    9.99999999999999289457E+001    9.99999999999999857891E+001    1.00000000000000042633E+002    9.99999999999999289457E+001    9.99999999999999289457E+001    9.99999999999999715783E+001    1.00000000000000028422E+002    1.00000000000000028422E+002    9.99999999999999715783E+001    1.00000000000000028422E+002    9.99999999999999857891E+001    9.99999999999999715783E+001    1.00000000000000028422E+002    9.99999999999999857891E+001    9.99999999999999857891E+001    1.00000000000000042633E+002    1.00000000000000000000E+002    9.99999999999999715783E+001    1.00000000000000028422E+002    9.99999999999999715783E+001    9.99999999999999715783E+001    9.99999999999999715783E+001    9.99999999999999715783E+001    9.99999999999999715783E+001    9.99999999999999431566E+001    9.99999999999999715783E+001    9.99999999999999715783E+001    1.00000000000000000000E+002    1.00000000000000028422E+002    1.00000000000000000000E+002    9.99999999999999715783E+001
   1.00000000000000028422E+002    1.00000000000000028422E+002    9.99999999999999857891E+001    9.99999999999999857891E+001    9.99999999999999715783E+001    1.00000000000000000000E+002    1.00000000000000000000E+002    1.00000000000000000000E+002    1.00000000000000028422E+002    9.99999999999999573674E+001    1.00000000000000000000E+002    1.00000000000000000000E+002    9.99999999999999857891E+001    1.00000000000000000000E+002    1.00000000000000042633E+002    1.00000000000000000000E+002    1.00000000000000028422E+002    9.99999999999999715783E+001    9.99999999999999715783E+001    1.00000000000000000000E+002    9.99999999999999715783E+001    9.99999999999999715783E+001    1.00000000000000042633E+002    1.00000000000000000000E+002    1.00000000000000000000E+002    1.00000000000000028422E+002    1.00000000000000000000E+002    1.00000000000000000000E+002    1.00000000000000028422E+002    9.99999999999999715783E+001    1.00000000000000000000E+002    1.00000000000000000000E+002    1.00000000000000028422E+002    1.00000000000000028422E+002    1.00000000000000000000E+002    9.99999999999999857891E+001    1.00000000000000000000E+002    1.00000000000000000000E+002    1.00000000000000000000E+002    1.00000000000000000000E+002    9.99999999999999857891E+001    9.99999999999999857891E+001    1.00000000000000028422E+002    1.00000000000000000000E+002    1.00000000000000000000E+002    1.00000000000000000000E+002    1.00000000000000000000E+002    9.99999999999999715783E+001    1.00000000000000000000E+002    1.00000000000000000000E+002    1.00000000000000000000E+002    9.99999999999999715783E+001    1.00000000000000000000E+002    1.00000000000000000000E+002    1.00000000000000028422E+002    9.99999999999999857891E+001
   1.00000000000000028422E+002    9.99999999999999715783E+001    1.00000000000000028422E+002    1.00000000000000028422E+002    1.00000000000000028422E+002    9.99999999999999573674E+001    9.99999999999999715783E+001    1.00000000000000028422E+002    1.00000000000000000000E+002    1.00000000000000028422E+002    1.00000000000000000000E+002    1.00000000000000028422E+002    9.99999999999999715783E+001    1.00000000000000028422E+002    9.99999999999999857891E+001    9.99999999999999715783E+001    1.00000000000000000000E+002    1.00000000000000000000E+002    9.99999999999999715783E+001    9.99999999999999431566E+001    1.00000000000000028422E+002    9.99999999999999857891E+001    9.99999999999999715783E+001    9.99999999999999573674E+001    1.00000000000000000000E+002    1.00000000000000000000E+002    9.99999999999999715783E+001    1.00000000000000028422E+002    9.99999999999999857891E+001    1.00000000000000000000E+002    1.00000000000000000000E+002    1.00000000000000028422E+002    1.00000000000000000000E+002    1.00000000000000000000E+002    1.00000000000000000000E+002    1.00000000000000000000E+002    1.00000000000000000000E+002    1.00000000000000000000E+002    9.99999999999999715783E+001    9.99999999999999715783E+001    1.00000000000000000000E+002    9.99999999999999715783E+001    1.00000000000000000000E+002    1.00000000000000000000E+002    9.99999999999999715783E+001    9.99999999999999715783E+001    9.99999999999999857891E+001    9.99999999999999857891E+001    1.00000000000000000000E+002    9.99999999999999715783E+001    1.00000000000000000000E+002    1.00000000000000000000E+002    1.00000000000000000000E+002    1.00000000000000000000E+002    1.00000000000000000000E+002    9.99999999999999857891E+001
   3.16884393971375999399E+000    3.27715518651758586088E+000    3.38979179839076838476E+000    3.50694761494281648240E+000    3.62882589612728967410E+000    3.75563979927274171899E+000    3.88761287966631829960E+000    4.02497961563805084495E+000    4.16798595909442859409E+000    4.31688991244395481317E+000    4.47196213284386967501E+000    4.63348656467134212278E+000    4.80176110108788023467E+000    4.97709827551514027988E+000    5.15982598377534706913E+000    5.35028823756509819276E+000    5.54884594982689538512E+000    5.75587775245213606468E+000    5.97178084659255947741E+000    6.19697188566596590675E+000    6.43188789091644341767E+000    6.67698719911935789639E+000    6.93275044170596999038E+000    7.19968155421140654227E+000    7.47830881451886941846E+000    7.76918590787167140377E+000    8.07289301604767928211E+000    8.39003792742503229363E+000    8.72125716390598526573E+000    9.06721711979474953580E+000    9.42861520673246111812E+000    9.80618099766702222553E+000    1.02006773615602970295E+001    1.06129015790965244292E+001    1.10436864280398818750E+001    1.14939012250741185994E+001    1.19644528089315080877E+001    1.24562864473621726091E+001    1.29703866479908391796E+001    1.35077778503403855836E+001    1.40695249732569962475E+001    1.46567337886295607774E+001    1.52705510886595234865E+001    1.59121646099868456758E+001    1.65828026737180600492E+001    1.72837334958436983356E+001    1.80162641176882942773E+001    1.87817389009293620461E+001    1.95815375264034763347E+001    2.01135173662031938591E+001    2.00825206545794152646E+001    1.96153270729670161643E+001    1.88043337338752891696E+001    1.77244551189922745493E+001    1.64212215452819378925E+001    1.43624006336246008431E+001
   9.99999999999999715783E+001    1.00000000000000000000E+002    1.00000000000000000000E+002    9.99999999999999715783E+001    1.00000000000000000000E+002    9.99999999999999715783E+001    9.99999999999999715783E+001    9.99999999999999715783E+001    9.99999999999999715783E+001    1.00000000000000000000E+002    9.99999999999999857891E+001    9.99999999999999857891E+001    9.99999999999999715783E+001    1.00000000000000000000E+002    1.00000000000000000000E+002    1.00000000000000000000E+002    1.00000000000000028422E+002    9.99999999999999857891E+001    9.99999999999999857891E+001    1.00000000000000000000E+002    1.00000000000000000000E+002    1.00000000000000000000E+002    1.00000000000000000000E+002    1.00000000000000000000E+002    9.99999999999999715783E+001    1.00000000000000000000E+002    9.99999999999999857891E+001    1.00000000000000028422E+002    1.00000000000000000000E+002    9.99999999999999715783E+001    1.00000000000000000000E+002    9.99999999999999715783E+001    1.00000000000000000000E+002    1.00000000000000000000E+002    1.00000000000000000000E+002    9.99999999999999715783E+001    1.00000000000000000000E+002    9.99999999999999715783E+001    9.99999999999999715783E+001    1.00000000000000000000E+002    1.00000000000000028422E+002    1.00000000000000000000E+002    1.00000000000000000000E+002    1.00000000000000028422E+002    1.00000000000000000000E+002    1.00000000000000000000E+002    1.00000000000000000000E+002    1.00000000000000000000E+002    9.99999999999999857891E+001    1.00000000000000000000E+002    1.00000000000000028422E+002    1.00000000000000000000E+002    1.00000000000000000000E+002    1.00000000000000000000E+002    1.00000000000000000000E+002    1.00000000000000000000E+002
   1.00000000000000000000E+002    1.00000000000000028422E+002    9.99999999999999289457E+001    1.00000000000000000000E+002    9.99999999999999147349E+001    1.00000000000000042633E+002    9.99999999999999715783E+001    1.00000000000000042633E+002    1.00000000000000042633E+002    9.99999999999999289457E+001    9.99999999999999289457E+001    9.99999999999999857891E+001    1.00000000000000042633E+002    9.99999999999999431566E+001    9.99999999999999289457E+001    9.99999999999999715783E+001    1.00000000000000071054E+002    1.00000000000000042633E+002    9.99999999999999147349E+001    9.99999999999999715783E+001    1.00000000000000042633E+002    1.00000000000000028422E+002    1.00000000000000071054E+002    9.99999999999999715783E+001    1.00000000000000042633E+002    9.99999999999999431566E+001    9.99999999999999289457E+001    1.00000000000000000000E+002    1.00000000000000028422E+002    9.99999999999996020961E+001    9.99999999999999857891E+001    9.99999999999999715783E+001    1.00000000000000000000E+002    1.00000000000000028422E+002    9.99999999999999857891E+001    9.99999999999999857891E+001    1.00000000000000028422E+002    9.99999999999999857891E+001    1.00000000000000000000E+002    1.00000000000000000000E+002    1.00000000000000000000E+002    1.00000000000000042633E+002    9.99999999999999715783E+001    9.99999999999999431566E+001    1.00000000000000042633E+002    1.00000000000000000000E+002    9.99999999999999715783E+001    1.00000000000000028422E+002    1.00000000000000028422E+002    9.99999999999999715783E+001    9.99999999999999715783E+001    9.99999999999999715783E+001    9.99999999999999715783E+001    1.00000000000000028422E+002    1.00000000000000071054E+002    9.99999999999999715783E+001
   4.09328044569986744250E+001    4.19074262408022235604E+001    4.28958196168516465718E+001    4.38947492086480437479E+001    4.49016864755043130231E+001    4.59153656646971057853E+001    4.69352657088905118599E+001    4.81311757468199985510E+001    4.95511964025760960340E+001    5.10039746618030775949E+001    5.24893484687607099204E+001    5.40070714597241021693E+001    5.55568082444004573972E+001    5.71381298490012952129E+001    5.87505105906371483115E+001    6.03933360006842718803E+001    6.20658975276561903911E+001    6.37673699570123986291E+001    6.54968001949279283735E+001    6.72531108384580136317E+001    6.90317137409572580964E+001    7.08334052000805627358E+001    7.26577842948261860556E+001    7.45033120994247894942E+001    7.63683346084171574830E+001    7.82510848781886636516E+001    8.01496860752708357722E+001    8.20621554602516027899E+001    8.39864093260374318106E+001    8.59202688979738553599E+001    8.78618638506780627040E+001    8.98118885550001380125E+001    9.17666920943398594090E+001    9.37199987892926458244E+001    9.56673460439936462762E+001    9.76051471762534106347E+001    9.79792211034632885003E+001    9.91573640110367762190E+001    9.99999999999999573674E+001    1.00000000000000028422E+002    1.00000000000000000000E+002    1.00000000000000000000E+002    1.00000000000000042633E+002    9.99999999999999289457E+001    1.00000000000000071054E+002    1.00000000000000000000E+002    1.00000000000000028422E+002    9.99999999999998863132E+001    9.99999999999999715783E+001    9.99999999999999573674E+001    9.99999999999999289457E+001    1.00000000000000000000E+002    1.00000000000000397904E+002    1.00000000000000028422E+002    9.99999999999999857891E+001    1.00000000000000042633E+002
   1.00000000000000000000E+002    1.00000000000000028422E+002    9.99999999999999857891E+001    9.99999999999999715783E+001    9.99999999999999715783E+001    1.00000000000000028422E+002    9.99999999999999715783E+001    9.99999999999999573674E+001    9.99999999999999573674E+001    9.99999999999999857891E+001    1.00000000000000028422E+002    1.00000000000000042633E+002    9.99999999999999857891E+001    1.00000000000000028422E+002    1.00000000000000042633E+002    1.00000000000000028422E+002    9.99999999999999857891E+001    9.99999999999999857891E+001    1.00000000000000028422E+002    9.99999999999999857891E+001    1.00000000000000000000E+002    9.99999999999999715783E+001    9.99999999999999715783E+001    1.00000000000000000000E+002    1.00000000000000000000E+002    1.00000000000000000000E+002    1.00000000000000000000E+002    1.00000000000000000000E+002    9.99999999999999715783E+001    1.00000000000000028422E+002    9.99999999999999715783E+001    1.00000000000000000000E+002    9.99999999999999715783E+001    1.00000000000000000000E+002    1.00000000000000000000E+002    1.00000000000000000000E+002    1.00000000000000000000E+002    1.00000000000000000000E+002    1.00000000000000028422E+002    1.00000000000000000000E+002    1.00000000000000028422E+002    1.00000000000000000000E+002    9.99999999999999857891E+001    9.99999999999999857891E+001    1.00000000000000000000E+002    1.00000000000000000000E+002    9.99999999999999857891E+001    1.00000000000000000000E+002    1.00000000000000028422E+002    1.00000000000000000000E+002    1.00000000000000000000E+002    1.00000000000000000000E+002    1.00000000000000000000E+002    1.00000000000000028422E+002    1.00000000000000000000E+002    1.00000000000000028422E+002
   9.99999999999999715783E+001    1.00000000000000028422E+002    1.00000000000000042633E+002    1.00000000000000042633E+002    1.00000000000000000000E+002    9.99999999999999573674E+001    9.99999999999999715783E+001    9.99999999999999289457E+001    1.00000000000000028422E+002    1.00000000000000028422E+002    9.99999999999999715783E+001    9.99999999999999715783E+001    9.99999999999999715783E+001    9.99999999999999857891E+001    1.00000000000000028422E+002    9.99999999999999715783E+001    9.99999999999999715783E+001    9.99999999999999573674E+001    1.00000000000000028422E+002    9.99999999999999289457E+001    1.00000000000000000000E+002    1.00000000000000028422E+002    9.99999999999999289457E+001    1.00000000000000028422E+002    1.00000000000000028422E+002    1.00000000000000028422E+002    1.00000000000000000000E+002    9.99999999999999431566E+001    9.99999999999999715783E+001    1.00000000000000000000E+002    9.99999999999999715783E+001    1.00000000000000000000E+002    1.00000000000000000000E+002    1.00000000000000000000E+002    9.99999999999999715783E+001    1.00000000000000000000E+002    9.99999999999999715783E+001    1.00000000000000028422E+002    9.99999999999999715783E+001    1.00000000000000028422E+002    9.99999999999999857891E+001    9.99999999999999573674E+001    1.00000000000000028422E+002    9.99999999999999715783E+001    9.99999999999999573674E+001    9.99999999999999715783E+001    9.99999999999999715783E+001    1.00000000000000071054E+002    1.00000000000000042633E+002    1.00000000000000028422E+002    9.99999999999999573674E+001    1.00000000000000028422E+002    1.00000000000000028422E+002    1.00000000000000042633E+002    1.00000000000000028422E+002    1.00000000000000028422E+002
   9.77709678442863889813E+001    9.90531961029964378440E+001    9.99999999999999431566E+001    9.99999999999999289457E+001    1.00000000000000028422E+002    9.99999999999999147349E+001    9.99999999999999289457E+001    1.00000000000000028422E+002    9.99999999999999147349E+001    9.99999999999999147349E+001    9.99999999999999857891E+001    1.00000000000000042633E+002    9.99999999999999147349E+001    1.00000000000000028422E+002    9.99999999999999857891E+001    9.99999999999999005240E+001    1.00000000000000071054E+002    9.99999999999999715783E+001    9.99999999999999715783E+001    1.00000000000000071054E+002    1.00000000000000042633E+002    1.00000000000000028422E+002    1.00000000000000028422E+002    9.99999999999999573674E+001    9.99999999999999573674E+001    9.99999999999999857891E+001    1.00000000000000042633E+002    1.00000000000000071054E+002    9.99999999999999715783E+001    9.99999999999999857891E+001    1.00000000000000028422E+002    1.00000000000000028422E+002    1.00000000000000028422E+002    1.00000000000000071054E+002    9.99999999999999715783E+001    9.99999999999999857891E+001    1.00000000000000000000E+002    1.00000000000000000000E+002    1.00000000000000028422E+002    1.00000000000000028422E+002    1.00000000000000000000E+002    9.99999999999999715783E+001    9.99999999999999715783E+001    9.99999999999999715783E+001    9.99999999999999715783E+001    1.00000000000000042633E+002    9.99999999999999715783E+001    9.99999999999999715783E+001    9.99999999999999715783E+001    9.99999999999999715783E+001    9.99999999999999715783E+001    9.99999999999999715783E+001    9.99999999999999715783E+001    9.99999999999999715783E+001    1.00000000000000085265E+002    1.00000000000000028422E+002
   1.00000000000000028422E+002    9.99999999999999715783E+001    1.00000000000000000000E+002    1.00000000000000000000E+002    1.00000000000000000000E+002    1.00000000000000028422E+002    1.00000000000000000000E+002    1.00000000000000000000E+002    1.00000000000000000000E+002    1.00000000000000000000E+002    1.00000000000000000000E+002    9.99999999999999715783E+001    1.00000000000000000000E+002    1.00000000000000000000E+002    9.99999999999999715783E+001    1.00000000000000000000E+002    9.99999999999999715783E+001    9.99999999999999857891E+001    1.00000000000000028422E+002    9.99999999999999857891E+001    9.99999999999999857891E+001    9.99999999999999857891E+001    1.00000000000000028422E+002    1.00000000000000000000E+002    9.99999999999999857891E+001    1.00000000000000000000E+002    1.00000000000000000000E+002    1.00000000000000000000E+002    1.00000000000000000000E+002    1.00000000000000000000E+002    9.99999999999999715783E+001    1.00000000000000000000E+002    9.99999999999999857891E+001    1.00000000000000000000E+002    1.00000000000000042633E+002    1.00000000000000000000E+002    1.00000000000000000000E+002    1.00000000000000000000E+002    9.99999999999999715783E+001    1.00000000000000000000E+002    1.00000000000000000000E+002    1.00000000000000000000E+002    1.00000000000000000000E+002    1.00000000000000000000E+002    1.00000000000000000000E+002    1.00000000000000000000E+002    1.00000000000000000000E+002    1.00000000000000000000E+002    9.99999999999999857891E+001    1.00000000000000000000E+002    9.99999999999999857891E+001    1.00000000000000028422E+002    1.00000000000000028422E+002    9.99999999999999857891E+001    1.00000000000000000000E+002    9.99999999999999857891E+001
   5.62514825417816979325E+001    5.77983706941036743387E+001    5.93750586831656690379E+001    6.09810555229223467677E+001    6.26157887760910654151E+001    6.42785862417319009410E+001    6.59686687123593173965E+001    6.76839828450285949657E+001    6.94214684599479170402E+001    7.11830455135406339195E+001    7.29675450142973573975E+001    7.47737005386322977074E+001    7.66001489358398970353E+001    7.84454316762243735184E+001    8.03079968714383340966E+001    8.21862019903031182366E+001    8.40783172867945296503E+001    8.59825299495824566520E+001    8.78973518936068956009E+001    8.98228669859328050507E+001    9.17567512489933534425E+001    9.36940076352123298875E+001    9.56302894146928395003E+001    9.75622341266777652891E+001    9.79088900013527450028E+001    9.91517697425656194810E+001    9.99999999999999289457E+001    1.00000000000000042633E+002    9.99999999999999573674E+001    1.00000000000000028422E+002    1.00000000000000071054E+002    1.00000000000000042633E+002    1.00000000000000042633E+002    9.99999999999999715783E+001    9.99999999999999715783E+001    9.99999999999999573674E+001    1.00000000000000085265E+002    9.99999999999999573674E+001    9.99999999999999857891E+001    1.00000000000000085265E+002    1.00000000000000085265E+002    1.00000000000000028422E+002    1.00000000000000028422E+002    9.99999999999999715783E+001    1.00000000000000042633E+002    1.00000000000000028422E+002    9.99999999999999715783E+001    9.99999999999999857891E+001    9.99999999999999857891E+001    9.99999999999999857891E+001    9.99999999999999289457E+001    9.99999999999999289457E+001    1.00000000000000028422E+002    9.99999999999999431566E+001    1.00000000000000000000E+002    1.00000000000000028422E+002
   4.95614115037333533564E+001    5.09841850119308475087E+001    5.24385732720734409895E+001    5.39243953773169266697E+001    5.54413924743697208442E+001    5.69892237549523983375E+001    5.85674637835520854878E+001    6.01756078163366154854E+001    6.18130701420757091569E+001    6.34791659807377257607E+001    6.51730978253373507414E+001    6.68939562029447642999E+001    6.86375634387044613050E+001    7.04045399180173490095E+001    7.21948302250605422614E+001    7.40071125875356443657E+001    7.58399618448260923742E+001    7.76918507824477586610E+001    7.95611522039703373821E+001    8.14461417681541917091E+001    8.33450016117302254770E+001    8.52558247700053897233E+001    8.71768732608656051752E+001    8.91077681526814728841E+001    9.10471589529760763071E+001    9.29902019247872004826E+001    9.49319685902777763431E+001    9.68686951826971807122E+001    9.78548474941670463068E+001    9.85682886263359421264E+001    9.99859921682173364843E+001    1.00000000000000085265E+002    1.00000000000000028422E+002    1.00000000000000000000E+002    1.00000000000000028422E+002    9.99999999999999289457E+001    1.00000000000000042633E+002    9.99999999999999147349E+001    9.99999999999999715783E+001    1.00000000000000440536E+002    9.99999999999999289457E+001    9.99999999999999289457E+001    9.99999999999999715783E+001    1.00000000000000028422E+002    1.00000000000000000000E+002    1.00000000000000028422E+002    9.99999999999999715783E+001    1.00000000000000028422E+002    9.99999999999999715783E+001    9.99999999999999715783E+001    1.00000000000000028422E+002    1.00000000000000042633E+002    1.00000000000000085265E+002    1.00000000000000028422E+002    1.00000000000000042633E+002    9.99999999999999857891E+001
   1.23684028104472076848E+001    1.28143606788241850580E+001    1.32779733365965988412E+001    1.37599502680779419705E+001    1.42610255487496040416E+001    1.47819580768691913875E+001    1.53235317165416269347E+001    1.58865553385007842735E+001    1.64718627434730962023E+001    1.70803124515462414479E+001    1.77127873394362040926E+001    1.83701941059380331467E+001    1.90534625441943887836E+001    1.97635445976926646949E+001    2.05014131751676060844E+001    2.12680606978308794908E+001    2.20644973506140154029E+001    2.28917490074301994696E+001    2.37508547988651272931E+001    2.46428642892572575818E+001    2.55688342288697967319E+001    2.65298248458628584956E+001    2.75268956421197543705E+001    2.85611006567484508878E+001    2.96334831613767768488E+001    3.07450697522803189088E+001    3.18968671607098848142E+001    3.30903559429893903143E+001    3.43295016986400085557E+001    3.56196210483967590221E+001    3.69646681463298776293E+001    3.83667482075181425216E+001    3.98269465324569438280E+001    4.12559214992845113557E+001    4.23580046638881597687E+001    4.34784251636851450940E+001    4.46124633835891373224E+001    4.57569423656171849757E+001    4.69105808139798270417E+001    4.80727911994620029645E+001    4.92431174554452582015E+001    5.06571497657907130474E+001    5.22817888017511691601E+001    5.39434724726667624850E+001    5.56414474376690435520E+001    5.73747972909967245414E+001    5.91424353618274949440E+001    6.09431280196307909591E+001    6.27693978559934038230E+001    6.37904500264426559397E+001    6.40452330896457198151E+001    6.36735131438406298798E+001    6.27909942684807589330E+001    6.14845643069909755241E+001    5.93339032850603445013E+001    6.40101008588926276843E+001
   4.64417483151427035182E+001    4.75468700370879631123E+001    4.89323238746419519885E+001    5.03498385640323249390E+001    5.17993238075334048176E+001    5.32806143973980397277E+001    5.47934658684702498022E+001    5.63375502653187822943E+001    5.79124525338301268107E+001    5.95176714843341230221E+001    6.11526243694633038217E+001    6.28166348797605920140E+001    6.45089134613742913871E+001    6.62285525870554749872E+001    6.79732656861539510373E+001    6.97399614474287687926E+001    7.15303775324546791126E+001    7.33431768223539961582E+001    7.51769149108365297707E+001    7.70300413208232015450E+001    7.89009014914740021140E+001    8.07877395671006155453E+001    8.26887020118118982737E+001    8.46018420651122511345E+001    8.65252271816049187692E+001    8.84577996601375247110E+001    9.03995670031396372224E+001    9.23459259614006100492E+001    9.42912317027807631575E+001    9.62317390772872158777E+001    9.77946128882402234694E+001    9.80367602120854400027E+001    9.96320471423504585573E+001    1.00000000000000028422E+002    1.00000000000000000000E+002    1.00000000000000000000E+002    1.00000000000000355271E+002    9.99999999999999715783E+001    1.00000000000000028422E+002    9.99999999999999289457E+001    9.99999999999999573674E+001    9.99999999999999715783E+001    1.00000000000000042633E+002    1.00000000000000071054E+002    1.00000000000000028422E+002    9.99999999999999715783E+001    9.99999999999999857891E+001    9.99999999999999431566E+001    9.99999999999995452526E+001    9.99999999999999573674E+001    1.00000000000000071054E+002    9.99999999999999289457E+001    9.99999999999999857891E+001    1.00000000000000028422E+002    1.00000000000000042633E+002    1.00000000000000085265E+002
   1.00000000000000000000E+002    9.99999999999999715783E+001    9.99999999999999715783E+001    1.00000000000000000000E+002    1.00000000000000028422E+002    9.99999999999999715783E+001    1.00000000000000000000E+002    1.00000000000000028422E+002    1.00000000000000000000E+002    9.99999999999999715783E+001    1.00000000000000028422E+002    9.99999999999999857891E+001    1.00000000000000000000E+002    1.00000000000000028422E+002    1.00000000000000000000E+002    1.00000000000000000000E+002    9.99999999999999857891E+001    1.00000000000000000000E+002    1.00000000000000000000E+002    9.99999999999999857891E+001    9.99999999999999857891E+001    9.99999999999999715783E+001    1.00000000000000000000E+002    9.99999999999999715783E+001    1.00000000000000000000E+002    1.00000000000000028422E+002    1.00000000000000000000E+002    1.00000000000000028422E+002    1.00000000000000000000E+002    1.00000000000000000000E+002    1.00000000000000000000E+002    1.00000000000000000000E+002    1.00000000000000000000E+002    1.00000000000000028422E+002    9.99999999999999857891E+001    1.00000000000000000000E+002    1.00000000000000000000E+002    1.00000000000000000000E+002    1.00000000000000028422E+002    9.99999999999999857891E+001    1.00000000000000028422E+002    1.00000000000000000000E+002    9.99999999999999857891E+001    1.00000000000000000000E+002    9.99999999999999715783E+001    1.00000000000000000000E+002    1.00000000000000000000E+002    1.00000000000000000000E+002    1.00000000000000000000E+002    1.00000000000000000000E+002    1.00000000000000000000E+002    1.00000000000000000000E+002    1.00000000000000000000E+002    1.00000000000000000000E+002    1.00000000000000000000E+002    1.00000000000000000000E+002
   3.76803985182206568894E+000    3.89818026472395029458E+000    4.03354559071660201397E+000    4.17436980236136712108E+000    4.32089812693438091173E+000    4.47338760041568761494E+000    4.63210764688450193916E+000    4.79734068408827862839E+000    4.96938275591277012211E+000    5.14854419242175254112E+000    5.33515029806619089925E+000    5.52954206857074392900E+000    5.73207693689681274662E+000    5.94312954854806196892E+000    6.16309256632239232943E+000    6.39237750442426388986E+000    6.63141559162525595639E+000    6.88065866289418437418E+000    7.14058007860872390182E+000    7.41167567009835259739E+000    7.69446470985204289406E+000    7.98949090424128538501E+000    8.29732340605535334532E+000    8.61855784351435794122E+000    8.95381736170003961206E+000    9.30375367152545429406E+000    9.66904810043175366729E+000    1.00504126379462732643E+001    1.04485909680525672627E+001    1.08643594789873940698E+001    1.12985282395882169482E+001    1.17519419296471259173E+001    1.22254807098737892090E+001    1.27200610150107493723E+001    1.32366362513720741134E+001    1.37761973775762402994E+001    1.43397733444957431459E+001    1.49284313674577138187E+001    1.55432770004753280091E+001    1.61854539787784794669E+001    1.68561437921457333289E+001    1.75565649475177849581E+001    1.82879718751249242814E+001    1.90516534279066220847E+001    1.98489309193829299716E+001    2.06811556404139835763E+001    2.15497057905253157628E+001    2.24559827547778745327E+001    2.34014066526581849814E+001    2.40120131172668749286E+001    2.39847544001279437964E+001    2.34578055972264287732E+001    2.25342848896993643848E+001    2.12973476341738496842E+001    1.97960056047376902200E+001    1.73318606570570388214E+001
   9.90773097421297990195E+001    9.99999999999999715783E+001    1.00000000000000042633E+002    1.00000000000000085265E+002    9.99999999999999289457E+001    1.00000000000000085265E+002    9.99999999999999147349E+001    1.00000000000000042633E+002    1.00000000000000028422E+002    1.00000000000000042633E+002    1.00000000000000042633E+002    1.00000000000000028422E+002    1.00000000000000042633E+002    9.99999999999999431566E+001    9.99999999999999857891E+001    1.00000000000000042633E+002    9.99999999999999857891E+001    1.00000000000000042633E+002    9.99999999999999715783E+001    1.00000000000000085265E+002    1.00000000000000042633E+002    1.00000000000000028422E+002    9.99999999999999715783E+001    9.99999999999999715783E+001    1.00000000000000028422E+002    9.99999999999999573674E+001    1.00000000000000000000E+002    9.99999999999999289457E+001    1.00000000000000000000E+002    1.00000000000000028422E+002    9.99999999999999715783E+001    9.99999999999999431566E+001    1.00000000000000028422E+002    1.00000000000000028422E+002    1.00000000000000028422E+002    9.99999999999999715783E+001    1.00000000000000000000E+002    9.99999999999999715783E+001    9.99999999999999573674E+001    9.99999999999999715783E+001    1.00000000000000028422E+002    9.99999999999999715783E+001    9.99999999999999715783E+001    1.00000000000000028422E+002    9.99999999999999715783E+001    9.99999999999999715783E+001    1.00000000000000000000E+002    1.00000000000000000000E+002    9.99999999999999715783E+001    9.99999999999999715783E+001    9.99999999999999715783E+001    1.00000000000000071054E+002    1.00000000000000028422E+002    9.99999999999999715783E+001    1.00000000000000000000E+002    1.00000000000000028422E+002
   4.80143044692366061099E+000    4.96947780804977234936E+000    5.14430825231162547340E+000    5.32622402096828739815E+000    5.51554157287010404787E+000    5.71259224410731292210E+000    5.91772293307650976146E+000    6.13129681107752588787E+000    6.35369405840159195975E+000    6.58531262568865383145E+000    6.82656902012400568225E+000    7.07789911579576180856E+000    7.33975898725084707763E+000    7.61262576495774379026E+000    7.89699851100442895557E+000    8.19339911292808764642E+000    8.50237319307490579945E+000    8.82449103032676873681E+000    9.16034849039000320658E+000    9.51056796011812721758E+000    9.87579928052285893614E+000    1.02567206722100294769E+001    1.06540396459458985845E+001    1.10684938899079021724E+001    1.15008521238872631898E+001    1.19519149092866641126E+001    1.24225154021693793283E+001    1.29135200348731125075E+001    1.34258291097763660105E+001    1.39603772866998934177E+001    1.45181339431213700664E+001    1.51001033838850968749E+001    1.57073248743778197678E+001    1.63408724682358759139E+001    1.70018545975320130026E+001    1.76914133900896715090E+001    1.84107236750814813320E+001    1.91609916344367690044E+001    1.99434530538197378746E+001    2.07593711231024791175E+001    2.16100337324094908809E+001    2.24967502060138784259E+001    2.34208474127279444588E+001    2.43836651880681039017E+001    2.53865510005190024856E+001    2.64308537918546804235E+001    2.75179169198963613496E+001    2.86490701315060611876E+001    2.98256204943459337642E+001    3.05573186837161188123E+001    3.05539171590980203064E+001    2.99638839858852819020E+001    2.89027339461718888458E+001    2.74623910850896386648E+001    2.56933691913443738031E+001    2.25581489054724428911E+001
   1.00000000000000071054E+002    9.99999999999999289457E+001    1.00000000000000042633E+002    9.99999999999999857891E+001    9.99999999999999857891E+001    1.00000000000000028422E+002    1.00000000000000028422E+002    9.99999999999999715783E+001    9.99999999999999715783E+001    9.99999999999999857891E+001    1.00000000000000028422E+002    9.99999999999999715783E+001    1.00000000000000000000E+002    9.99999999999999573674E+001    1.00000000000000028422E+002    1.00000000000000042633E+002    9.99999999999999715783E+001    9.99999999999999431566E+001    1.00000000000000028422E+002    9.99999999999999715783E+001    9.99999999999999715783E+001    1.00000000000000000000E+002    1.00000000000000042633E+002    9.99999999999999715783E+001    9.99999999999999715783E+001    9.99999999999999715783E+001    9.99999999999999715783E+001    9.99999999999999431566E+001    1.00000000000000000000E+002    9.99999999999999715783E+001    1.00000000000000028422E+002    9.99999999999999715783E+001    1.00000000000000000000E+002    1.00000000000000000000E+002    9.99999999999999715783E+001    1.00000000000000028422E+002    1.00000000000000028422E+002    9.99999999999999857891E+001    9.99999999999999715783E+001    9.99999999999999857891E+001    1.00000000000000028422E+002    1.00000000000000042633E+002    9.99999999999999715783E+001    1.00000000000000028422E+002    9.99999999999999715783E+001    1.00000000000000042633E+002    1.00000000000000028422E+002    1.00000000000000042633E+002    9.99999999999999573674E+001    1.00000000000000028422E+002    9.99999999999999715783E+001    1.00000000000000000000E+002    1.00000000000000000000E+002    9.99999999999999715783E+001    1.00000000000000000000E+002    1.00000000000000028422E+002
   1.00000000000000028422E+002    9.99999999999999857891E+001    9.99999999999999857891E+001    9.99999999999999715783E+001    1.00000000000000028422E+002    9.99999999999999715783E+001    9.99999999999999715783E+001    1.00000000000000000000E+002    1.00000000000000000000E+002    1.00000000000000028422E+002    1.00000000000000042633E+002    1.00000000000000042633E+002    1.00000000000000042633E+002    1.00000000000000028422E+002    1.00000000000000028422E+002    9.99999999999999573674E+001    9.99999999999999715783E+001    1.00000000000000000000E+002    1.00000000000000000000E+002    1.00000000000000000000E+002    9.99999999999999715783E+001    1.00000000000000000000E+002    1.00000000000000028422E+002    1.00000000000000028422E+002    1.00000000000000071054E+002    1.00000000000000028422E+002    9.99999999999999715783E+001    9.99999999999999715783E+001    9.99999999999999573674E+001    1.00000000000000000000E+002    1.00000000000000028422E+002    1.00000000000000000000E+002    9.99999999999999573674E+001    9.99999999999999857891E+001    1.00000000000000042633E+002    1.00000000000000000000E+002    1.00000000000000000000E+002    9.99999999999999857891E+001    1.00000000000000028422E+002    9.99999999999999573674E+001    9.99999999999999573674E+001    1.00000000000000000000E+002    9.99999999999999857891E+001    9.99999999999999857891E+001    1.00000000000000042633E+002    9.99999999999999715783E+001    9.99999999999999715783E+001    1.00000000000000042633E+002    9.99999999999999431566E+001    9.99999999999999715783E+001    9.99999999999999715783E+001    1.00000000000000000000E+002    1.00000000000000028422E+002    1.00000000000000000000E+002    1.00000000000000000000E+002    9.99999999999999573674E+001
   1.05789116454215879060E+001    1.09597434378201921135E+001    1.13557987578854575617E+001    1.17677091056833251770E+001    1.21961300895771813657E+001    1.26417419452325425766E+001    1.31052500078006808337E+001    1.35873851275173755937E+001    1.40889040178165885209E+001    1.46105895238229095412E+001    1.51532507977582273639E+001    1.57177233663676556574E+001    1.63048690739487334156E+001    1.69155758829446583036E+001    1.75507575123483903212E+001    1.82113528923742400423E+001    1.88983254119736159282E+001    1.96126619338473098253E+001    2.03553715496285825282E+001    2.11274840459255024427E+001    2.19300480499251371214E+001    2.27641288213459453971E+001    2.36308056556813816940E+001    2.45311688620084140666E+001    2.54663162771630986470E+001    2.64373492769180984396E+001    2.74453682440047401769E+001    2.84914674525118378767E+001    2.95767293284799208664E+001    3.07022180475194765847E+001    3.18689742753195019986E+001    3.30785667177152831187E+001    3.43353399922098176944E+001    3.56447788106439205080E+001    3.70107055489548457672E+001    3.84350985005170642239E+001    3.99189972428352817246E+001    4.13733030210566212759E+001    4.24947837472218949983E+001    4.36350409840880004708E+001    4.47890274078377572664E+001    4.59536368321581178975E+001    4.71277052204030937332E+001    4.83106507856965663450E+001    4.95019881217875621360E+001    5.09229485758244990734E+001    5.25745024506860261226E+001    5.42636493376611142025E+001    5.59866062194014375564E+001    5.68899800089765008693E+001    5.69738059310686111303E+001    5.63686459162278907797E+001    5.51936050256265815506E+001    5.35363726667307773255E+001    5.11907858156143618089E+001    5.37580643829233437714E+001
   1.00000000000000071054E+002    1.00000000000000042633E+002    1.00000000000000042633E+002    1.00000000000000028422E+002    1.00000000000000028422E+002    1.00000000000000028422E+002    1.00000000000000042633E+002    9.99999999999999857891E+001    9.99999999999999573674E+001    9.99999999999999715783E+001    1.00000000000000071054E+002    1.00000000000000028422E+002    9.99999999999999715783E+001    9.99999999999999715783E+001    9.99999999999999715783E+001    1.00000000000000000000E+002    9.99999999999999857891E+001    1.00000000000000042633E+002    1.00000000000000028422E+002    1.00000000000000042633E+002    1.00000000000000000000E+002    1.00000000000000000000E+002    1.00000000000000028422E+002    1.00000000000000028422E+002    9.99999999999999715783E+001    9.99999999999999715783E+001    9.99999999999999431566E+001    1.00000000000000028422E+002    1.00000000000000042633E+002    1.00000000000000028422E+002    9.99999999999999715783E+001    1.00000000000000028422E+002    9.99999999999999573674E+001    9.99999999999999715783E+001    9.99999999999999715783E+001    9.99999999999999857891E+001    1.00000000000000042633E+002    1.00000000000000042633E+002    9.99999999999999857891E+001    1.00000000000000042633E+002    9.99999999999999857891E+001    9.99999999999999715783E+001    9.99999999999999715783E+001    9.99999999999999431566E+001    9.99999999999999857891E+001    1.00000000000000028422E+002    1.00000000000000042633E+002    1.00000000000000071054E+002    1.00000000000000028422E+002    1.00000000000000000000E+002    1.00000000000000028422E+002    1.00000000000000000000E+002    9.99999999999999857891E+001    1.00000000000000000000E+002    1.00000000000000000000E+002    9.99999999999999573674E+001
   9.99999999999999289457E+001    9.99999999999999715783E+001    1.00000000000000042633E+002    1.00000000000000042633E+002    1.00000000000000028422E+002    9.99999999999999573674E+001    1.00000000000000042633E+002    1.00000000000000042633E+002    9.99999999999999573674E+001    9.99999999999999857891E+001    9.99999999999999857891E+001    1.00000000000000042633E+002    9.99999999999999715783E+001    1.00000000000000028422E+002    1.00000000000000028422E+002    1.00000000000000028422E+002    1.00000000000000042633E+002    9.99999999999999715783E+001    9.99999999999999715783E+001    1.00000000000000028422E+002    9.99999999999999715783E+001    1.00000000000000028422E+002    1.00000000000000042633E+002    1.00000000000000000000E+002    9.99999999999999715783E+001    9.99999999999999715783E+001    1.00000000000000000000E+002    1.00000000000000028422E+002    1.00000000000000042633E+002    1.00000000000000000000E+002    1.00000000000000028422E+002    1.00000000000000028422E+002    9.99999999999999715783E+001    1.00000000000000028422E+002    9.99999999999999715783E+001    9.99999999999999715783E+001    9.99999999999999857891E+001    1.00000000000000028422E+002    9.99999999999999857891E+001    9.99999999999999857891E+001    9.99999999999999857891E+001    1.00000000000000000000E+002    1.00000000000000028422E+002    1.00000000000000000000E+002    1.00000000000000042633E+002    1.00000000000000028422E+002    9.99999999999999715783E+001    1.00000000000000042633E+002    1.00000000000000071054E+002    1.00000000000000042633E+002    9.99999999999999573674E+001    1.00000000000000028422E+002    9.99999999999999857891E+001    1.00000000000000000000E+002    9.99999999999999857891E+001    1.00000000000000000000E+002
   2.64885408455714106424E+001    2.74179409301357210893E+001    2.83798259128935868034E+001    2.93750774366206179877E+001    3.04045689982765701131E+001    3.14691617739654247998E+001    3.25697382231231102878E+001    3.37080804274791887565E+001    3.48877788600011982112E+001    3.61132710534780656531E+001    3.73880535641003390879E+001    3.87141337125834894550E+001    4.00925660427883912007E+001    4.12175908894290330409E+001    4.22400990479697853175E+001    4.32773971208440215719E+001    4.43257714401768438961E+001    4.53826960329597852706E+001    4.64470732404786872394E+001    4.75184309489690122064E+001    4.87046085899523504281E+001    5.01893358063273637981E+001    5.17085252474925951560E+001    5.32618652133964403106E+001    5.48489369313834487230E+001    5.64692088032019725574E+001    5.81220312585743670297E+001    5.98066386443771094150E+001    6.15221574965739606000E+001    6.32675797545968592317E+001    6.50417419760683799268E+001    6.68433291035439367533E+001    6.86697270242263186901E+001    7.05169642262288931533E+001    7.23865644126367726585E+001    7.42766551804501062861E+001    7.61852265565117363622E+001    7.81101343536282968216E+001    8.00491047679656588798E+001    8.19997402527507688319E+001    8.39595266874355132813E+001    8.59258418439059852290E+001    8.78962931085391971919E+001    8.98729346916940130541E+001    9.18494097492014986983E+001    9.38181490862545217624E+001    9.57750148436748389713E+001    9.77160847860781416330E+001    9.80580496814947224493E+001    9.91806867428295788613E+001    9.99999999999999431566E+001    9.99999999999998721023E+001    1.00000000000000028422E+002    9.99999999999999715783E+001    1.00000000000000326850E+002    1.00000000000000028422E+002
   1.00000000000000000000E+002    1.00000000000000028422E+002    9.99999999999999857891E+001    9.99999999999999857891E+001    9.99999999999999715783E+001    9.99999999999999573674E+001    1.00000000000000028422E+002    9.99999999999999857891E+001    9.99999999999999715783E+001    9.99999999999999857891E+001    1.00000000000000028422E+002    9.99999999999999715783E+001    1.00000000000000028422E+002    9.99999999999999715783E+001    1.00000000000000000000E+002    9.99999999999999715783E+001    1.00000000000000028422E+002    1.00000000000000028422E+002    9.99999999999999715783E+001    1.00000000000000028422E+002    9.99999999999999715783E+001    9.99999999999999715783E+001    1.00000000000000028422E+002    1.00000000000000042633E+002    1.00000000000000028422E+002    1.00000000000000028422E+002    1.00000000000000028422E+002    1.00000000000000028422E+002    9.99999999999999715783E+001    1.00000000000000042633E+002    9.99999999999999857891E+001    9.99999999999999715783E+001    1.00000000000000028422E+002    9.99999999999999715783E+001    9.99999999999999715783E+001    9.99999999999999289457E+001    1.00000000000000028422E+002    1.00000000000000028422E+002    1.00000000000000042633E+002    9.99999999999999715783E+001    1.00000000000000042633E+002    1.00000000000000042633E+002    1.00000000000000028422E+002    1.00000000000000028422E+002    9.99999999999999857891E+001    9.99999999999999857891E+001    9.99999999999999857891E+001    1.00000000000000028422E+002    1.00000000000000000000E+002    1.00000000000000000000E+002    1.00000000000000000000E+002    1.00000000000000028422E+002    1.00000000000000000000E+002    1.00000000000000000000E+002    9.99999999999999715783E+001    9.99999999999999715783E+001
   4.57252432428394470776E+001    4.67268353605025552611E+001    4.79264271241082866482E+001    4.93234039550808773811E+001    5.07525166296450720438E+001    5.22136496898998458960E+001    5.37066106309055157908E+001    5.52311255288764115789E+001    5.67868347993539472895E+001    5.83732900563472796307E+001    5.99899584001242658360E+001    6.16362223786592906549E+001    6.33113628465250570798E+001    6.50145434682098652956E+001    6.67448102819363668914E+001    6.84985814087406197359E+001    7.02751371708856851228E+001    7.20749997690941626161E+001    7.38967830962200764588E+001    7.57389929739614302662E+001    7.76000286476509870681E+001    7.94781850756308756445E+001    8.13716560428228774526E+001    8.32785381199451393286E+001    8.51968354807042231869E+001    8.71247078530808352070E+001    8.90617889215521358892E+001    9.10067205089877404589E+001    9.29542694852292186170E+001    9.48993426830056279186E+001    9.68381872182846450414E+001    9.78676613009452154301E+001    9.85357952314326297483E+001    9.99860617529657105251E+001    1.00000000000000113687E+002    1.00000000000000028422E+002    1.00000000000000042633E+002    1.00000000000000028422E+002    1.00000000000000028422E+002    9.99999999999999147349E+001    9.99999999999999289457E+001    1.00000000000000042633E+002    1.00000000000000028422E+002    1.00000000000000000000E+002    9.99999999999999715783E+001    1.00000000000000085265E+002    1.00000000000000028422E+002    1.00000000000000426326E+002    1.00000000000000028422E+002    9.99999999999999147349E+001    9.99999999999999857891E+001    9.99999999999999715783E+001    1.00000000000000028422E+002    1.00000000000000042633E+002    1.00000000000000426326E+002    9.99999999999999289457E+001
   7.27017036820049042944E+001    7.44726783626763619850E+001    7.62648374103822987990E+001    7.80769575661071257855E+001    7.99077331477322303499E+001    8.17557778751579746768E+001    8.36196272583049307059E+001    8.54977415590979035187E+001    8.73887784065751276330E+001    8.92923181063938358193E+001    9.12072291936415524560E+001    9.31299674849160936674E+001    9.50563021275171422531E+001    9.69827421548400963047E+001    9.77954016406047514920E+001    9.86957259056740099368E+001    9.99999999999998721023E+001    1.00000000000000042633E+002    9.99999999999999715783E+001    9.99999999999999573674E+001    9.99999999999999147349E+001    9.99999999999999289457E+001    9.99999999999999289457E+001    9.99999999999999147349E+001    1.00000000000000028422E+002    1.00000000000000071054E+002    1.00000000000000042633E+002    1.00000000000000028422E+002    9.99999999999999857891E+001    1.00000000000000085265E+002    9.99999999999999289457E+001    9.99999999999999573674E+001    9.99999999999999147349E+001    1.00000000000000071054E+002    1.00000000000000028422E+002    1.00000000000000071054E+002    9.99999999999999857891E+001    1.00000000000000071054E+002    9.99999999999999573674E+001    1.00000000000000085265E+002    1.00000000000000042633E+002    1.00000000000000042633E+002    9.99999999999999431566E+001    9.99999999999999573674E+001    9.99999999999999431566E+001    9.99999999999999431566E+001    1.00000000000000028422E+002    9.99999999999999715783E+001    9.99999999999999857891E+001    9.99999999999999715783E+001    9.99999999999999857891E+001    9.99999999999999857891E+001    1.00000000000000028422E+002    1.00000000000000000000E+002    9.99999999999999715783E+001    1.00000000000000000000E+002
   9.99999999999999715783E+001    9.99999999999999715783E+001    1.00000000000000000000E+002    1.00000000000000000000E+002    1.00000000000000000000E+002    1.00000000000000000000E+002    1.00000000000000000000E+002    1.00000000000000000000E+002    9.99999999999999857891E+001    1.00000000000000000000E+002    1.00000000000000000000E+002    1.00000000000000028422E+002    1.00000000000000000000E+002    9.99999999999999715783E+001    1.00000000000000000000E+002    9.99999999999999715783E+001    1.00000000000000000000E+002    1.00000000000000000000E+002    1.00000000000000000000E+002    9.99999999999999715783E+001    1.00000000000000000000E+002    1.00000000000000000000E+002    1.00000000000000000000E+002    1.00000000000000000000E+002    1.00000000000000000000E+002    1.00000000000000000000E+002    9.99999999999999857891E+001    1.00000000000000000000E+002    9.99999999999999857891E+001    1.00000000000000000000E+002    1.00000000000000000000E+002    1.00000000000000000000E+002    9.99999999999999715783E+001    1.00000000000000000000E+002    1.00000000000000000000E+002    9.99999999999999715783E+001    1.00000000000000000000E+002    9.99999999999999857891E+001    1.00000000000000000000E+002    9.99999999999999857891E+001    1.00000000000000000000E+002    9.99999999999999715783E+001    9.99999999999999715783E+001    1.00000000000000000000E+002    1.00000000000000000000E+002    1.00000000000000000000E+002    9.99999999999999857891E+001    1.00000000000000000000E+002    9.99999999999999715783E+001    1.00000000000000000000E+002    1.00000000000000000000E+002    9.99999999999999715783E+001    9.99999999999999715783E+001    9.99999999999999715783E+001    1.00000000000000000000E+002    9.99999999999999715783E+001
   9.99999999999999431566E+001    9.99999999999999857891E+001    1.00000000000000028422E+002    9.99999999999999289457E+001    9.99999999999999573674E+001    1.00000000000000028422E+002    1.00000000000000028422E+002    9.99999999999999857891E+001    9.99999999999999857891E+001    9.99999999999999715783E+001    1.00000000000000000000E+002    1.00000000000000042633E+002    9.99999999999999857891E+001    1.00000000000000000000E+002    1.00000000000000028422E+002    1.00000000000000028422E+002    9.99999999999999857891E+001    9.99999999999999857891E+001    9.99999999999999715783E+001    9.99999999999999857891E+001    9.99999999999999857891E+001    1.00000000000000028422E+002    9.99999999999999715783E+001    1.00000000000000028422E+002    9.99999999999999715783E+001    1.00000000000000028422E+002    1.00000000000000042633E+002    9.99999999999999715783E+001    1.00000000000000000000E+002    9.99999999999999715783E+001    1.00000000000000028422E+002    9.99999999999999573674E+001    1.00000000000000000000E+002    1.00000000000000028422E+002    1.00000000000000042633E+002    9.99999999999999573674E+001    1.00000000000000028422E+002    1.00000000000000042633E+002    9.99999999999999573674E+001    1.00000000000000028422E+002    1.00000000000000000000E+002    9.99999999999999715783E+001    1.00000000000000000000E+002    1.00000000000000000000E+002    1.00000000000000000000E+002    9.99999999999999857891E+001    1.00000000000000000000E+002    1.00000000000000028422E+002    9.99999999999999573674E+001    1.00000000000000028422E+002    9.99999999999999431566E+001    9.99999999999999573674E+001    9.99999999999999573674E+001    1.00000000000000028422E+002    1.00000000000000028422E+002    1.00000000000000000000E+002
   9.99999999999999857891E+001    9.99999999999999857891E+001    9.99999999999999715783E+001    1.00000000000000028422E+002    1.00000000000000000000E+002    1.00000000000000000000E+002    1.00000000000000000000E+002    9.99999999999999715783E+001    9.99999999999999715783E+001    9.99999999999999715783E+001    1.00000000000000028422E+002    9.99999999999999715783E+001    9.99999999999999715783E+001    1.00000000000000028422E+002    1.00000000000000042633E+002    1.00000000000000000000E+002    1.00000000000000028422E+002    1.00000000000000028422E+002    9.99999999999999715783E+001    1.00000000000000028422E+002    1.00000000000000028422E+002    1.00000000000000000000E+002    1.00000000000000028422E+002    1.00000000000000028422E+002    9.99999999999999715783E+001    9.99999999999999715783E+001    9.99999999999999857891E+001    1.00000000000000028422E+002    9.99999999999999857891E+001    1.00000000000000028422E+002    1.00000000000000028422E+002    9.99999999999999573674E+001    9.99999999999999857891E+001    1.00000000000000028422E+002    1.00000000000000028422E+002    9.99999999999999857891E+001    9.99999999999999715783E+001    1.00000000000000028422E+002    1.00000000000000000000E+002    1.00000000000000000000E+002    9.99999999999999857891E+001    1.00000000000000000000E+002    9.99999999999999857891E+001    1.00000000000000000000E+002    9.99999999999999715783E+001    1.00000000000000000000E+002    1.00000000000000028422E+002    1.00000000000000000000E+002    9.99999999999999715783E+001    1.00000000000000000000E+002    1.00000000000000028422E+002    1.00000000000000000000E+002    1.00000000000000000000E+002    1.00000000000000000000E+002    1.00000000000000000000E+002    9.99999999999999857891E+001
   1.00000000000000028422E+002    9.99999999999999857891E+001    1.00000000000000071054E+002    1.00000000000000042633E+002    1.00000000000000042633E+002    9.99999999999999715783E+001    1.00000000000000071054E+002    1.00000000000000042633E+002    1.00000000000000042633E+002    1.00000000000000028422E+002    1.00000000000000000000E+002    9.99999999999999715783E+001    9.99999999999999715783E+001    9.99999999999999715783E+001    1.00000000000000000000E+002    9.99999999999999857891E+001    9.99999999999999857891E+001    1.00000000000000028422E+002    1.00000000000000000000E+002    9.99999999999999715783E+001    1.00000000000000028422E+002    9.99999999999999715783E+001    9.99999999999999715783E+001    9.99999999999999715783E+001    9.99999999999999715783E+001    1.00000000000000042633E+002    1.00000000000000000000E+002    9.99999999999999715783E+001    9.99999999999999715783E+001    9.99999999999999715783E+001    9.99999999999999715783E+001    9.99999999999999715783E+001    1.00000000000000028422E+002    1.00000000000000028422E+002    1.00000000000000000000E+002    1.00000000000000000000E+002    1.00000000000000028422E+002    1.00000000000000000000E+002    1.00000000000000028422E+002    9.99999999999999857891E+001    1.00000000000000000000E+002    1.00000000000000028422E+002    9.99999999999999715783E+001    1.00000000000000028422E+002    1.00000000000000028422E+002    1.00000000000000042633E+002    9.99999999999999857891E+001    1.00000000000000028422E+002    1.00000000000000028422E+002    9.99999999999999857891E+001    1.00000000000000028422E+002    1.00000000000000028422E+002    9.99999999999999857891E+001    1.00000000000000028422E+002    1.00000000000000028422E+002    1.00000000000000028422E+002
   9.99999999999999857891E+001    1.00000000000000000000E+002    9.99999999999999857891E+001    9.99999999999999715783E+001    1.00000000000000028422E+002    1.00000000000000028422E+002    9.99999999999999715783E+001    1.00000000000000028422E+002    9.99999999999999715783E+001    9.99999999999999857891E+001    1.00000000000000000000E+002    1.00000000000000000000E+002    1.00000000000000000000E+002    9.99999999999999857891E+001    1.00000000000000028422E+002    1.00000000000000000000E+002    1.00000000000000000000E+002    1.00000000000000042633E+002    1.00000000000000000000E+002    1.00000000000000028422E+002    1.00000000000000000000E+002    1.00000000000000000000E+002    1.00000000000000000000E+002    9.99999999999999715783E+001    1.00000000000000000000E+002    9.99999999999999715783E+001    9.99999999999999715783E+001    9.99999999999999715783E+001    1.00000000000000000000E+002    1.00000000000000000000E+002    9.99999999999999857891E+001    1.00000000000000000000E+002    1.00000000000000000000E+002    1.00000000000000000000E+002    9.99999999999999857891E+001    1.00000000000000000000E+002    9.99999999999999857891E+001    1.00000000000000000000E+002    1.00000000000000000000E+002    1.00000000000000000000E+002    1.00000000000000000000E+002    1.00000000000000028422E+002    9.99999999999999857891E+001    9.99999999999999715783E+001    1.00000000000000000000E+002    1.00000000000000000000E+002    9.99999999999999715783E+001    1.00000000000000000000E+002    9.99999999999999715783E+001    1.00000000000000000000E+002    9.99999999999999715783E+001    1.00000000000000000000E+002    1.00000000000000000000E+002    1.00000000000000000000E+002    1.00000000000000000000E+002    1.00000000000000028422E+002
   9.99999999999999715783E+001    1.00000000000000000000E+002    1.00000000000000000000E+002    1.00000000000000000000E+002    1.00000000000000000000E+002    1.00000000000000000000E+002    1.00000000000000000000E+002    9.99999999999999857891E+001    9.99999999999999857891E+001    9.99999999999999715783E+001    1.00000000000000000000E+002    1.00000000000000000000E+002    9.99999999999999857891E+001    1.00000000000000000000E+002    9.99999999999999715783E+001    1.00000000000000000000E+002    1.00000000000000000000E+002    1.00000000000000000000E+002    1.00000000000000000000E+002    9.99999999999999715783E+001    1.00000000000000000000E+002    1.00000000000000028422E+002    9.99999999999999857891E+001    1.00000000000000000000E+002    1.00000000000000000000E+002    1.00000000000000000000E+002    1.00000000000000000000E+002    9.99999999999999715783E+001    9.99999999999999857891E+001    1.00000000000000000000E+002    9.99999999999999715783E+001    9.99999999999999857891E+001    1.00000000000000000000E+002    9.99999999999999857891E+001    1.00000000000000000000E+002    1.00000000000000000000E+002    1.00000000000000000000E+002    9.99999999999999715783E+001    1.00000000000000000000E+002    1.00000000000000000000E+002    1.00000000000000000000E+002    9.99999999999999715783E+001    9.99999999999999715783E+001    1.00000000000000000000E+002    1.00000000000000000000E+002    1.00000000000000000000E+002    1.00000000000000000000E+002    1.00000000000000028422E+002    9.99999999999999715783E+001    1.00000000000000028422E+002    1.00000000000000000000E+002    1.00000000000000000000E+002    1.00000000000000000000E+002    1.00000000000000000000E+002    1.00000000000000000000E+002    1.00000000000000000000E+002
   1.00000000000000000000E+002    1.00000000000000028422E+002    1.00000000000000028422E+002    9.99999999999999573674E+001    1.00000000000000028422E+002    9.99999999999999715783E+001    1.00000000000000028422E+002    9.99999999999999857891E+001    9.99999999999999857891E+001    9.99999999999999573674E+001    9.99999999999999715783E+001    1.00000000000000000000E+002    9.99999999999999715783E+001    9.99999999999999715783E+001    1.00000000000000028422E+002    9.99999999999999715783E+001    9.99999999999999715783E+001    9.99999999999999715783E+001    1.00000000000000028422E+002    9.99999999999999715783E+001    1.00000000000000000000E+002    9.99999999999999573674E+001    1.00000000000000071054E+002    9.99999999999999573674E+001    9.99999999999999573674E+001    1.00000000000000000000E+002    1.00000000000000028422E+002    1.00000000000000042633E+002    9.99999999999999715783E+001    9.99999999999999857891E+001    1.00000000000000028422E+002    1.00000000000000000000E+002    1.00000000000000028422E+002    9.99999999999999857891E+001    1.00000000000000042633E+002    1.00000000000000028422E+002    1.00000000000000000000E+002    9.99999999999999857891E+001    1.00000000000000028422E+002    1.00000000000000028422E+002    9.99999999999999715783E+001    1.00000000000000071054E+002    1.00000000000000028422E+002    9.99999999999999573674E+001    9.99999999999999573674E+001    1.00000000000000000000E+002    1.00000000000000000000E+002    9.99999999999999857891E+001    9.99999999999999573674E+001    9.99999999999999715783E+001    9.99999999999999715783E+001    1.00000000000000042633E+002    9.99999999999999715783E+001    1.00000000000000000000E+002    1.00000000000000028422E+002    9.99999999999999715783E+001
