   3.02327420748164001907E+002    3.01650651206551515315E+002    3.00976523651423235606E+002    3.00305148069876452155E+002    2.99636638152717978301E+002    2.98971089843382173967E+002    2.98308146230639749774E+002    2.97646767748435877365E+002    2.96985887571052671774E+002    2.96325076238674057549E+002    2.95664512802290516902E+002    2.95004653706724525364E+002    2.94473317889723830376E+002    2.93956931384242523109E+002    2.93445240441334817660E+002    2.92939163087138638275E+002    2.92439138170475928291E+002    2.91945196091412867645E+002    2.91457212935848247071E+002    2.90923625480854639136E+002    2.90344630371532844038E+002    2.89770096730376508276E+002    2.89200150780161834518E+002    2.88634918805320580759E+002    2.88074526824818292425E+002    2.87519100123062514740E+002    2.86968760758707446712E+002    2.86423626330123113348E+002    2.85883814429191829731E+002    2.85349444432106622571E+002    2.84820635184227910486E+002    2.84297838761869627433E+002    2.83781300109476489979E+002    2.83270652835764224164E+002    2.82765997091415385967E+002    2.82267427851922263926E+002    2.81775034401503830850E+002    2.81288899816975515478E+002    2.80809100455275029162E+002    2.80335705448550072560E+002    2.79868774128470647611E+002    2.79408283169839705806E+002    2.78953669021690132013E+002    2.78505555497658235709E+002    2.78064494528454531519E+002    2.77630590813589321897E+002    2.77211625368445993445E+002    2.76989149427844608908E+002    2.76639526954364441735E+002    2.76371022364203497546E+002    2.76171049771435377806E+002    2.75969476942624794447E+002    2.75766280294586920263E+002    2.75561435788410847181E+002    2.75354918919979525072E+002    2.75146704710348444678E+002
   2.92520442804771789724E+002    2.92251019603244401424E+002    2.91979458495973574372E+002    2.91705738403067414310E+002    2.91429838259345785900E+002    2.91151737029342768892E+002    2.90871413723038472199E+002    2.90588847412333166176E+002    2.90304017248277432373E+002    2.90016902479066345677E+002    2.89727482468810194405E+002    2.89435736717085433156E+002    2.89141644879272860180E+002    2.88845186787686770913E+002    2.88546342473493155012E+002    2.88245092189417277950E+002    2.87941416433234223859E+002    2.87635295972034896295E+002    2.87326711867256449295E+002    2.87015645500461403117E+002    2.86702078599847766327E+002    2.86385993267467256373E+002    2.86067372007124333777E+002    2.85746197752926150315E+002    2.85422453898445894538E+002    2.85096124326460824250E+002    2.84767193439217578543E+002    2.84435646189175827203E+002    2.84101468110172845627E+002    2.83764645348948704395E+002    2.83425164696964998257E+002    2.83083013622444241264E+002    2.82738180302553928414E+002    2.82390653655649202847E+002    2.82040423373488067682E+002    2.81687479953324043436E+002    2.81331814729776510831E+002    2.80973419906375909250E+002    2.80612288586674083035E+002    2.80248414804807453038E+002    2.79881793555395290696E+002    2.79512420822653098185E+002    2.79140293608596891772E+002    2.78765409960213844442E+002    2.78387768995470082700E+002    2.78007370928027057744E+002    2.77624217090538195407E+002    2.77238309956395028166E+002    2.76849653159798208435E+002    2.76458251514023800155E+002    2.76064111027766500683E+002    2.75667238919438261746E+002    2.75267643629309475273E+002    2.74865334829386085858E+002    2.74460323430919913790E+002    2.74052621589460216001E+002
   2.91666335323083160347E+002    2.91367752388802045971E+002    2.91066873574129658664E+002    2.90763682871476305536E+002    2.90458164595447385636E+002    2.90150303405462523187E+002    2.89840084328866112173E+002    2.89527492784505511736E+002    2.89212514606743013701E+002    2.88895136069869636231E+002    2.88575343912881919550E+002    2.88253125364581080703E+002    2.87928468168948825223E+002    2.87601360610750703017E+002    2.87271791541314144069E+002    2.86939750404425240049E+002    2.86605227262282426182E+002    2.86268212821442716631E+002    2.85928698458693986595E+002    2.85586676246778722543E+002    2.85242138979896424189E+002    2.84895080198904224744E+002    2.84545494216134784438E+002    2.84193376139746533227E+002    2.83838721897518723836E+002    2.83481528260001823583E+002    2.83121792862931329182E+002    2.82759514228813145564E+002    2.82394691787584122267E+002    2.82027325896254694726E+002    2.81657417857438247211E+002    2.81284969936672041513E+002    2.80909985378436488190E+002    2.80532468420780730867E+002    2.80152424308464333080E+002    2.79769859304528608845E+002    2.79384780700213013915E+002    2.78997196823137926458E+002    2.78607117043678726986E+002    2.78214551779460691705E+002    2.77819512497913308380E+002    2.77422011716825750227E+002    2.77022063002853826674E+002    2.76619680967937256355E+002    2.76214881263593554195E+002    2.75807680573063066731E+002    2.75398096601290262697E+002    2.74986148062734002906E+002    2.74571854667011450601E+002    2.74155237102387729919E+002    2.73736317017136457252E+002    2.73315116998802864146E+002    2.72891660551414986458E+002    2.72465972070696068386E+002    2.72038076817341334390E+002    2.71608000888433593900E+002
   2.92710797209175439093E+002    2.92482740635031973397E+002    2.92252911864778639028E+002    2.92021289335713333912E+002    2.91787851241950363601E+002    2.91552575536188385286E+002    2.91315439931831633658E+002    2.91076421905487734421E+002    2.90835498699860579563E+002    2.90592647327064412366E+002    2.90347844572380893169E+002    2.90101066998483645420E+002    2.89852290950156316285E+002    2.89601492559529731352E+002    2.89348647751864803013E+002    2.89093732251908988928E+002    2.88836721590855233899E+002    2.88577591113930679967E+002    2.88316315988646806545E+002    2.88052871213739877021E+002    2.87787231628832842034E+002    2.87519371924849565403E+002    2.87249266655213887134E+002    2.86976890247863707373E+002    2.86702217018113344693E+002    2.86425221182395432606E+002    2.86145876872914413980E+002    2.85864158153242783555E+002    2.85580039034891910887E+002    2.85293493494886945427E+002    2.85004495494376158149E+002    2.84713018998302914042E+002    2.84419037996167617166E+002    2.84122526523905150952E+002    2.83823458686902029058E+002    2.83521808684174914106E+002    2.83217550833728978432E+002    2.82910659599113841978E+002    2.82601109617189990786E+002    2.82288875727114657366E+002    2.81973933000554268347E+002    2.81656256773125107884E+002    2.81335822677057933561E+002    2.81012606675079325669E+002    2.80686585095496752729E+002    2.80357734668465070627E+002    2.80026032563411263254E+002    2.79691456427582295419E+002    2.79353984425676060255E+002    2.79013595280507672669E+002    2.78670268314654549613E+002    2.78323983493015020940E+002    2.77974721466207427056E+002    2.77622463614726314063E+002    2.77267192093763128469E+002    2.76908889878589377531E+002
   2.91630612159094653180E+002    2.91331107712358061690E+002    2.91029304267782720217E+002    2.90725186050103786783E+002    2.90418737616723603878E+002    2.90109943880450998677E+002    2.89798790132715225809E+002    2.89485262067225789906E+002    2.89169345804046429294E+002    2.88851027914047506329E+002    2.88530295443697411883E+002    2.88207135940149896669E+002    2.87881537476579751456E+002    2.87553488677718291910E+002    2.87222978745532145695E+002    2.86889997484987759435E+002    2.86554535329839723090E+002    2.86216583368377371244E+002    2.85876133369059118650E+002    2.85533177805962736784E+002    2.85187709883974264358E+002    2.84839723563636255221E+002    2.84489213585573338605E+002    2.84136175494408291797E+002    2.83780605662082109575E+002    2.83422501310488655690E+002    2.83061860533330445833E+002    2.82698682317104498907E+002    2.82332966561123157589E+002    2.81964714096477621297E+002    2.81593926703848012494E+002    2.81220607130067548951E+002    2.80844759103350213536E+002    2.80466387347088186743E+002    2.80085497592136562162E+002    2.79702096587494395408E+002    2.79316192109306882685E+002    2.78927792968108178684E+002    2.78536909014235732229E+002    2.78143551141348268629E+002    2.77747731287989779503E+002    2.77349462437144495652E+002    2.76948758613739641987E+002    2.76545634880056695692E+002    2.76140107329023180682E+002    2.75732193075363170465E+002    2.75321910244598541340E+002    2.74909277959895405274E+002    2.74494316326767091141E+002    2.74077046415649988376E+002    2.73657490242381754797E+002    2.73235670746618495741E+002    2.72811611768240652509E+002    2.72385338021804443542E+002    2.71956875069106729370E+002    2.71526249289940324161E+002
   2.89977449328821649033E+002    2.89645053861484313984E+002    2.89310347773200703614E+002    2.88973326393291813474E+002    2.88633985718410144727E+002    2.88292322431113802850E+002    2.87948333917933325665E+002    2.87602018286864563379E+002    2.87253374384220421689E+002    2.86902401810775927515E+002    2.86549100937137097844E+002    2.86193472918266593297E+002    2.85835519707099138031E+002    2.85475244067178323348E+002    2.85112649584251869328E+002    2.84747740676757757683E+002    2.84380522605142004977E+002    2.84011001479945718984E+002    2.83639184268605106354E+002    2.83265078800910373502E+002    2.82888693773071850046E+002    2.82510038750347746372E+002    2.82129124168190173805E+002    2.81745961331871853872E+002    2.81360562414561456990E+002    2.80972940453820569928E+002    2.80583109346498815739E+002    2.80191083842015245864E+002    2.79796879534013214652E+002    2.79400512850389077357E+002    2.79002001041696473749E+002    2.78601362167939555547E+002    2.78198615083769027478E+002    2.77793779422110105770E+002    2.77386875576250588438E+002    2.76977924680427634030E+002    2.76566948588960030975E+002    2.76153969853974729176E+002    2.75739011701787774200E+002    2.75322098008000523350E+002    2.74903253271383391620E+002    2.74482502586619375506E+002    2.74059871615987617588E+002    2.73635386560071367512E+002    2.73209074127576911906E+002    2.72780961504357208014E+002    2.72351076321731000007E+002    2.71919446624197519213E+002    2.71486100836642663126E+002    2.71051067731137607097E+002    2.70614376393430006829E+002    2.70176056189227892901E+002    2.69736136730376472315E+002    2.69294647841026687729E+002    2.68851619523892736652E+002    2.68407081926694502272E+002
   2.97429355489846045657E+002    2.96944001146545360825E+002    2.96464308155997059657E+002    2.95990231885389903255E+002    2.95491662836046145912E+002    2.94928245226431727133E+002    2.94368713218590357883E+002    2.93813173199131540514E+002    2.93261731775890609697E+002    2.92714495542743065926E+002    2.92171570828180108492E+002    2.91633063267920135786E+002    2.91099076017772290470E+002    2.90569708604253719386E+002    2.90045059596821602099E+002    2.89525228998473835418E+002    2.89010317233872001452E+002    2.88500788657392206460E+002    2.87996799624355276137E+002    2.87498013489513027707E+002    2.87004516366524342175E+002    2.86516390411036411479E+002    2.86033713434600542769E+002    2.85556558517773680705E+002    2.85084993624815353996E+002    2.84619081222521970176E+002    2.84158877905849010403E+002    2.83704402843669640788E+002    2.83255457361019637119E+002    2.82811968071309252082E+002    2.82374391401310504079E+002    2.81943093626113807204E+002    2.81518209419953223005E+002    2.81200073723265461467E+002    2.80936780086644432686E+002    2.80572529977227304698E+002    2.80378808641974217153E+002    2.80185224248655970314E+002    2.79990155142937965138E+002    2.79793580410419735927E+002    2.79595478751550786001E+002    2.79395828474042616563E+002    2.79194607485176902628E+002    2.78991793284014022447E+002    2.78787362953505635232E+002    2.78581293152515854672E+002    2.78373560107757214155E+002    2.78164139605647051212E+002    2.77953006984091246068E+002    2.77740137124203101848E+002    2.77525504441966461400E+002    2.77309082879852041970E+002    2.77090845898397788005E+002    2.76870766467765406560E+002    2.76648817059285647701E+002    2.76424969637006313405E+002
   3.08706264945964051094E+002    3.07969899344689679310E+002    3.07235059985877626332E+002    3.06501818982150041393E+002    3.05770251614181006516E+002    3.05040436447201216197E+002    3.04312455448585808426E+002    3.03586394106069292320E+002    3.02862341546065295006E+002    3.02140390651489553875E+002    3.01420638178405170038E+002    3.00703184870719042010E+002    2.99988135572060343748E+002    2.99275599333869251950E+002    2.98565689518616466103E+002    2.97858523896950487142E+002    2.97154224737452352656E+002    2.96452918887541841286E+002    2.95754737843947566489E+002    2.95059813861417410408E+002    2.94368033545465266343E+002    2.93678504636164234398E+002    2.92989989921137862439E+002    2.92301827746316291723E+002    2.91614098738424445401E+002    2.90927273382076634789E+002    2.90285301003488825700E+002    2.89745766063473013219E+002    2.89210881715951927617E+002    2.88681848506334404192E+002    2.88159339139779660854E+002    2.87643461192291852058E+002    2.87134096685855581654E+002    2.86631082999455884419E+002    2.86057139109316267422E+002    2.85461522462641767106E+002    2.84871079228398059513E+002    2.84285960402321336460E+002    2.83706316695577015707E+002    2.83132298003829305344E+002    2.82564049578998208290E+002    2.82001711459735247445E+002    2.81445425720886873933E+002    2.80895335795591051919E+002    2.80351582887678375755E+002    2.79814645495297327216E+002    2.79284790532028807775E+002    2.78761658808944275734E+002    2.78247326006165110357E+002    2.77846345525465380888E+002    2.77534237020516570738E+002    2.77282228314166104610E+002    2.77067429484963213326E+002    2.76870737089217698212E+002    2.76852401788977488195E+002    2.75144425289458240513E+002
   2.91655686139469139562E+002    2.91208553015351810700E+002    2.90766096362263169794E+002    2.90328310268710140463E+002    2.89895062189494979066E+002    2.89466349228821798079E+002    2.89042444563852882311E+002    2.88623643308778525807E+002    2.88210114634918454612E+002    2.87971851086818105614E+002    2.87652295617605432199E+002    2.87352566376863990172E+002    2.87170905890008270944E+002    2.86987957103883957188E+002    2.86803703264259468142E+002    2.86618127332307096822E+002    2.86431211979434635850E+002    2.86242939582052258629E+002    2.86053292216277327498E+002    2.85862251652577356253E+002    2.85669799350355788192E+002    2.85475916452483659214E+002    2.85280583779778680764E+002    2.85083781825437938551E+002    2.84885490749426764978E+002    2.84685690372829526495E+002    2.84484360172166816483E+002    2.84281479273685249609E+002    2.84077026447626337813E+002    2.83870980102480245932E+002    2.83663318279233976682E+002    2.83454018645619726158E+002    2.83243058490374778557E+002    2.83030414717521296097E+002    2.82816063840676804375E+002    2.82599981977407196609E+002    2.82382144843634819154E+002    2.82162527748114200676E+002    2.81941105586991227483E+002    2.81717852838460771636E+002    2.81492743557539313315E+002    2.81265751370971486267E+002    2.81036849472289475216E+002    2.80806010617046752031E+002    2.80573207118247978542E+002    2.80338410841999746026E+002    2.80101593203407333021E+002    2.79862725162745675789E+002    2.79621777221933200508E+002    2.79378719421340520057E+002    2.79133521336966566651E+002    2.78886152078018938028E+002    2.78636580284934552765E+002    2.78384774127882621997E+002    2.78130701305790353217E+002    2.77874329045938623040E+002
   2.92787467610569535736E+002    2.92550907317132953267E+002    2.92312490178495693272E+002    2.92072194194198914374E+002    2.91829997152900318724E+002    2.91585876636446130306E+002    2.91339810024398843780E+002    2.91091774499043310698E+002    2.90841747050896685778E+002    2.90589704484745311674E+002    2.90335623426235656552E+002    2.90079480329043633446E+002    2.89821251482649984155E+002    2.89560913020748500912E+002    2.89298440930313688568E+002    2.89033811061357198469E+002    2.88766999137399409392E+002    2.88497980766685714116E+002    2.88226731454175478575E+002    2.87953226614331754263E+002    2.87677441584740222424E+002    2.87399351640585791756E+002    2.87118932010013452327E+002    2.86836157890401182158E+002    2.86551004465570883895E+002    2.86263446923962590063E+002    2.85973460477795811130E+002    2.85681020383241616400E+002    2.85386101961626025059E+002    2.85088680621682726724E+002    2.84788731882876049895E+002    2.84486231399803671138E+002    2.84181154987695663294E+002    2.83873478649016192321E+002    2.83563178601173831339E+002    2.83250231305343163513E+002    2.82934613496394092635E+002    2.82616302213923859199E+002    2.82295274834378290052E+002    2.81971509104246763400E+002    2.81644983174308606522E+002    2.81315675634902277125E+002    2.80983565552182597003E+002    2.80648632505325053899E+002    2.80310856624629423095E+002    2.79970218630465694787E+002    2.79626699872999665786E+002    2.79280282372627539189E+002    2.78930948861038643827E+002    2.78578682822819018838E+002    2.78223468537499400099E+002    2.77865291121941879737E+002    2.77504136572952461393E+002    2.77139991809994569394E+002    2.76772844717874818343E+002    2.76402684189260639869E+002
   3.27807062164477599708E+002    3.26951807073641134593E+002    3.26096824882785028876E+002    3.25242133092167250652E+002    3.24387750100843049950E+002    3.23533695255000395719E+002    3.22679988898975750544E+002    3.21826652429098260200E+002    3.20973708350513902587E+002    3.20121180337147791306E+002    3.19269093294973117736E+002    3.18417473428757830334E+002    3.17566348312469358461E+002    3.16715746963525532465E+002    3.15865699921085195001E+002    3.15016239328577341894E+002    3.14167399020676612054E+002    3.13319214614936640828E+002    3.12471723608298418640E+002    3.11624965478694377907E+002    3.10778981791974274529E+002    3.09933816314378532297E+002    3.09089515130786196551E+002    3.08246126768965950760E+002    3.07403702330051828540E+002    3.06562295625462127191E+002    3.05721963320472696068E+002    3.04882765084640141140E+002    3.04044763749261335306E+002    3.03208025472028737113E+002    3.02372619909022773754E+002    3.01538620394145766568E+002    3.00706104126070158600E+002    2.99875152362724861632E+002    2.99045850623289823034E+002    2.98218288897609681953E+002    2.97392561862858769928E+002    2.96568769107204673219E+002    2.95747015360119746674E+002    2.94927410728871791434E+002    2.94110070940595676348E+002    2.93295117589195115215E+002    2.92482678386157203931E+002    2.91672887414166211784E+002    2.90865885382189901520E+002    2.90061819880470295629E+002    2.89260845633581482161E+002    2.88463124749422377135E+002    2.87668826961682952970E+002    2.87095248851179007943E+002    2.86877293747568387516E+002    2.86935718087909208407E+002    2.87225736938731643022E+002    2.87722162227462661122E+002    2.88426205538760200398E+002    2.89935783333192603095E+002
   3.26504299998495298496E+002    3.25656027054322294134E+002    3.24808064141766010380E+002    3.23960430478756279626E+002    3.23113146267459910632E+002    3.22266232746935770592E+002    3.21419712248672738042E+002    3.20573608255166448089E+002    3.19727945461689671447E+002    3.18882749841425265913E+002    3.18038048714129274686E+002    3.17193870818503796727E+002    3.16350246388464597658E+002    3.15507207233490191811E+002    3.14664786823250551606E+002    3.13823020376713486712E+002    3.12981944955935034614E+002    3.12141599564741056838E+002    3.11302025252511953113E+002    3.10463265223281609906E+002    3.09625364950364769356E+002    3.08788372296723139243E+002    3.07952337641276926661E+002    3.07117314011365408533E+002    3.06283357221546680194E+002    3.05450526018921436844E+002    3.04618882235141938963E+002    3.03788490945256796749E+002    3.02959420633509751042E+002    3.02131743366184252864E+002    3.01305534971550912360E+002    3.00480875226924752042E+002    2.99657848052796225602E+002    2.98836541713930330388E+002    2.98017049027264135930E+002    2.97199467576345057296E+002    2.96383899931959717833E+002    2.95570453878494220135E+002    2.94759242645437154806E+002    2.93950385143302014512E+002    2.93144006203074297900E+002    2.92340236818120956741E+002    2.91539214387281219842E+002    2.90741082957646142404E+002    2.89945993465271101286E+002    2.89154103971796473616E+002    2.88365579894641484771E+002    2.87580594228105269394E+002    2.86799327752351246090E+002    2.86239028106820683206E+002    2.86018988625318684171E+002    2.86064885047505526927E+002    2.86333876225409483141E+002    2.86801930149760892164E+002    2.87470652026375091737E+002    2.88956098774425413467E+002
   3.48034044086327185141E+002    3.47074946823839241006E+002    3.46115836198058104856E+002    3.45156716709177715074E+002    3.44197593098019126501E+002    3.43238470359146958799E+002    3.42279353754757664774E+002    3.41320248829389356615E+002    3.40361161425505144962E+002    3.39402097700004048875E+002    3.38443064141719787585E+002    3.37484067589968560696E+002    3.36525115254214824745E+002    3.35566214734924074037E+002    3.34607374045681069674E+002    3.33648601636652415436E+002    3.32689906419482326783E+002    3.31731297793712030852E+002    3.30772785674822330293E+002    3.29814380524003922801E+002    3.28856093379767287388E+002    3.27897935891512474882E+002    3.26939920355184938217E+002    3.25982059751153428806E+002    3.25024367784454966568E+002    3.24066858927561611381E+002    3.23109548465830755504E+002    3.22152452545817482132E+002    3.21195588226631798534E+002    3.20238973534542708421E+002    3.19282627521036317830E+002    3.18326570324554779745E+002    3.17370823236155331415E+002    3.16415408769340785966E+002    3.15460350734332223510E+002    3.14505674317069519930E+002    3.13551406163242290859E+002    3.12597574467672757237E+002    3.11644209069389262368E+002    3.10691341552751282507E+002    3.09739005355002348097E+002    3.08787235880654520770E+002    3.07836070623121656809E+002    3.06885549294045802071E+002    3.05935713960781015430E+002    3.04986609192518358213E+002    3.04038282215561309840E+002    3.03090783078276672313E+002    3.02144164826270582580E+002    3.01372252778561858122E+002    3.01101935275887228727E+002    3.01201975433940845051E+002    3.01607042192814787995E+002    3.02278937378506896039E+002    3.03212237252653949326E+002    3.04871580263143982847E+002
   2.90826910158876444257E+002    2.90509510797516327330E+002    2.90189780015891983567E+002    2.89867707425366404550E+002    2.89543283167795550526E+002    2.89216497938256736688E+002    2.88887343007781339566E+002    2.88555810246032194755E+002    2.88221892143870547898E+002    2.87885581835746904744E+002    2.87546873121855128375E+002    2.87205760489979240901E+002    2.86862239136965797570E+002    2.86516304989748334719E+002    2.86167954725852666797E+002    2.85817185793304702202E+002    2.85463996429866313065E+002    2.85108385681521497190E+002    2.84750353420132682913E+002    2.84389900360190551964E+002    2.84027028074577060579E+002    2.83661739009265431832E+002    2.83294036496877822628E+002    2.82923924769026939430E+002    2.82551408967367024161E+002    2.82176495153283042328E+002    2.81799190316149633873E+002    2.81419502380095991612E+002    2.81037440209214196329E+002    2.80653013611155756735E+002    2.80266233339064797292E+002    2.79877111091801168641E+002    2.79485659512414088113E+002    2.79091892184832431667E+002    2.78695823628743085010E+002    2.78297469292640528238E+002    2.77896845545030657831E+002    2.77493969663787538593E+002    2.77088859823663483439E+002    2.76681535081964284473E+002    2.76272015362408410510E+002    2.75860321437197228533E+002    2.75446474907331150916E+002    2.75030498181215364184E+002    2.74612414451606980492E+002    2.74192247670960966843E+002    2.73770022525243291511E+002    2.73345764406283194603E+002    2.72919499382746323590E+002    2.72491254169813373665E+002    2.72061056097659616171E+002    2.71628933078829732040E+002    2.71194913574612314733E+002    2.70759026560519941995E+002    2.70321301490984865268E+002    2.69881768263381843553E+002
   2.91501419681755635338E+002    2.91198692404744349460E+002    2.90893656271137160729E+002    2.90586296353312718566E+002    2.90276598092935671502E+002    2.89964547324033333098E+002    2.89650130296479972003E+002    2.89333333699852403242E+002    2.89014144687620841978E+002    2.88692550901632955629E+002    2.88368540496847060695E+002    2.88042102166264271546E+002    2.87713225166010204248E+002    2.87381899340507175111E+002    2.87048115147679880010E+002    2.86711863684130719321E+002    2.86373136710216158463E+002    2.86031926674957958312E+002    2.85688226740711229468E+002    2.85342030807516778168E+002    2.84993333537055718807E+002    2.84642130376124498525E+002    2.84288417579548138292E+002    2.83932192232441082069E+002    2.83573452271731582641E+002    2.83212196506855775624E+002    2.82848424639535039660E+002    2.82482137282542055345E+002    2.82113335977366034513E+002    2.81742023210687705159E+002    2.81368202429571738321E+002    2.80991878055291522287E+002    2.80613055495699711628E+002    2.80231741156061502807E+002    2.79847942448271680860E+002    2.79461667798380290151E+002    2.79072926652356784416E+002    2.78681729480025865087E+002    2.78288087777117425503E+002    2.77892014065376145027E+002    2.77493521890686622555E+002    2.77092625819171928470E+002    2.76689341431240563907E+002    2.76283685313554030927E+002    2.75875675048904952291E+002    2.75465329204001648122E+002    2.75052667315161784245E+002    2.74637709871931690486E+002    2.74220478298656132665E+002    2.73800994934028949501E+002    2.73379283008673155564E+002    2.72955366620798315580E+002    2.72529270710001924272E+002    2.72101021029282946984E+002    2.71670644115349318781E+002    2.71238167257307907221E+002
   3.13826029648543908479E+002    3.13052456397377909525E+002    3.12279859784578434301E+002    3.11508289127803891461E+002    3.10737796101468575216E+002    3.09968434844778073511E+002    3.09200262073689714271E+002    3.08433337196785259948E+002    3.07667722435018447413E+002    3.06903482945270582150E+002    3.06140686947611754931E+002    3.05379405856126368235E+002    3.04619714413116923879E+002    3.03861690826451649627E+002    3.03105416909760208455E+002    3.02350978225123355969E+002    3.01598464227826980277E+002    3.00847968412675527361E+002    3.00099588461269263462E+002    2.99353426389553987974E+002    2.98609588694847388979E+002    2.97868186501427203439E+002    2.97129335703641572763E+002    2.96393157105364366544E+002    2.95659776554470568044E+002    2.94929325070844981838E+002    2.94201938966274383347E+002    2.93477759954385987839E+002    2.92756935248612819578E+002    2.92039617379146932308E+002    2.91325895839058887304E+002    2.90614740024028151311E+002    2.89904683224895848070E+002    2.89195071757351058750E+002    2.88486086701741669458E+002    2.87778273123313567794E+002    2.87080640219014469494E+002    2.86524052036710259017E+002    2.85972239929178158491E+002    2.85426616721777349994E+002    2.84887977346972206760E+002    2.84356410583366198352E+002    2.83831780646728418560E+002    2.83313917085350510661E+002    2.82760698455509214000E+002    2.82149755552903229727E+002    2.81544499883257913098E+002    2.80945103677656447871E+002    2.80352508775002092989E+002    2.79947494484877097420E+002    2.79717143167545714277E+002    2.79629731040864612623E+002    2.79661710411697754353E+002    2.79799291746951553250E+002    2.80106806711072238159E+002    2.79225048171397361330E+002
   2.92801713759412336913E+002    2.92558930325479423118E+002    2.92314230682254333260E+002    2.92067592667062399414E+002    2.91818993936794754518E+002    2.91568411973864385800E+002    2.91315824092688956171E+002    2.91061207446726882608E+002    2.90804539036089579440E+002    2.90545795715755048150E+002    2.90284954204409530121E+002    2.90021991093941210238E+002    2.89756882859613540404E+002    2.89489605870942682486E+002    2.89220136403307378714E+002    2.88948450650314612176E+002    2.88674524736949933867E+002    2.88398334733535648411E+002    2.88119856670523574849E+002    2.87839066554146597809E+002    2.87555940382952826440E+002    2.87270454165245212153E+002    2.86982583937449476252E+002    2.86692305783428878385E+002    2.86399595854767653691E+002    2.86104430392037386355E+002    2.85806785747064452607E+002    2.85506638406208253400E+002    2.85203965014664618138E+002    2.84898742401797733237E+002    2.84590947607508439887E+002    2.84280557909637366265E+002    2.83967550852401870998E+002    2.83651904275859180871E+002    2.83333596346383103537E+002    2.83012605588140900181E+002    2.82688910915546159686E+002    2.82362491666662890566E+002    2.82033327637527406750E+002    2.81701399117348898926E+002    2.81366686924545376769E+002    2.81029172443560298689E+002    2.80688837662403727791E+002    2.80345665210850313542E+002    2.79999638399220543761E+002    2.79650741257664606110E+002    2.79298958575858875975E+002    2.78944275943019306396E+002    2.78586679788124570223E+002    2.78226157420238735085E+002    2.77862697068810518886E+002    2.77496287923821967070E+002    2.77126920175650525380E+002    2.76754585054501148988E+002    2.76379274869259631942E+002    2.76000983045610155386E+002
   3.06801776365952321157E+002    3.06081239942989554947E+002    3.05362503878170855387E+002    3.04645650739369784787E+002    3.03930766539169212592E+002    3.03217940842597727169E+002    3.02507266873499816029E+002    3.01798841618816481969E+002    3.01092765929966049043E+002    3.00389144620429249244E+002    2.99688086558533143489E+002    2.98989704754334184145E+002    2.98294116439384822570E+002    2.97601443138055117288E+002    2.96911810728963814654E+002    2.96225342835498111072E+002    2.95541869535146588532E+002    2.94860508528247066806E+002    2.94180089794479386001E+002    2.93499974694006823484E+002    2.92820226180412703343E+002    2.92141291664522555038E+002    2.91522638190119039336E+002    2.90989586591791692172E+002    2.90461114686844382504E+002    2.89938407242258904262E+002    2.89422093345630401018E+002    2.88912258391246837164E+002    2.88408779886409433857E+002    2.87911497606524108051E+002    2.87327805193317431076E+002    2.86738071359409445904E+002    2.86153326471223238059E+002    2.85573713984986284231E+002    2.84999377105931557708E+002    2.84430458293224432964E+002    2.83867096285314858051E+002    2.83309424271922580374E+002    2.82757576602839094448E+002    2.82211689464087328361E+002    2.81671897521680250520E+002    2.81138620008491898261E+002    2.80612221339289476418E+002    2.80092288553616413083E+002    2.79578933662696556439E+002    2.79072262330243461292E+002    2.78572373228847595783E+002    2.78079357397446813138E+002    2.77595305858763822471E+002    2.77190510959009657199E+002    2.76838150528336825573E+002    2.76509863625717514424E+002    2.76180688923275113211E+002    2.75825657825831228820E+002    2.75655279382808544142E+002    2.74012301497312762422E+002
   2.94016568082008859619E+002    2.93509124220426656393E+002    2.93006050742334991810E+002    2.92507693432252381172E+002    2.92014392733021054482E+002    2.91525709913709420107E+002    2.91041719890586648489E+002    2.90562494526588693589E+002    2.90088102336528550040E+002    2.89618608191026112308E+002    2.89154073020769487812E+002    2.88694553522805506418E+002    2.88240101870636692638E+002    2.87790765429960629262E+002    2.87346538127326368794E+002    2.86907235010834313016E+002    2.86472890593785507463E+002    2.86043861506096277481E+002    2.85620448587965086062E+002    2.85202800752328130329E+002    2.84958182452246944649E+002    2.84640876318519815413E+002    2.84338082771667131965E+002    2.84151729185769738706E+002    2.83964010555910135736E+002    2.83774908522181533499E+002    2.83584404401721826616E+002    2.83392479182626004786E+002    2.83199113517778243931E+002    2.83004287718605212376E+002    2.82807981748755423723E+002    2.82610175217706114381E+002    2.82410847374302534263E+002    2.82209977100233913916E+002    2.82007542903449916594E+002    2.81803522911524169103E+002    2.81597894864970385242E+002    2.81390636110516936697E+002    2.81181723594348341067E+002    2.80971133855321113515E+002    2.80758843018162281169E+002    2.80544826786661758433E+002    2.80329060436867564476E+002    2.80111518810295876847E+002    2.79892176307169961547E+002    2.79671006879699177716E+002    2.79447984025415905762E+002    2.79223080780583359228E+002    2.78996269713695426162E+002    2.78767522919084399291E+002    2.78536812010659161842E+002    2.78304108115795315825E+002    2.78069381869400785945E+002    2.77832603408183672400E+002    2.77593742365148898443E+002    2.77352767864354518679E+002
   2.90324929946242718870E+002    2.90070995387726100034E+002    2.89706547516596629066E+002    2.89518431765478453599E+002    2.89339464235792604541E+002    2.89159253592302547986E+002    2.88977784033594900848E+002    2.88795039496576180227E+002    2.88611003651866212749E+002    2.88425659899137087905E+002    2.88238991362400497565E+002    2.88050980885243859575E+002    2.87861611026019204473E+002    2.87670864052987667492E+002    2.87478721939420893250E+002    2.87285166358665719599E+002    2.87090178679172879583E+002    2.86893739959496485881E+002    2.86695830943267139901E+002    2.86496432054144861468E+002    2.86295523390756613935E+002    2.86093084721625302791E+002    2.85889095480095875246E+002    2.85683534759266819947E+002    2.85476381306933774340E+002    2.85267613520554903062E+002    2.85057209442245778064E+002    2.84845146753815242846E+002    2.84631402771851639955E+002    2.84415954442872077834E+002    2.84198778338545992028E+002    2.83979850651007609486E+002    2.83759147188271128925E+002    2.83536643369763169176E+002    2.83312314221991698560E+002    2.83086134374365485655E+002    2.82858078055186467736E+002    2.82628119087833113099E+002    2.82396230887157798861E+002    2.82162386456120316325E+002    2.81926558382682685533E+002    2.81688718836991824901E+002    2.81448839568876962858E+002    2.81206891905692941691E+002    2.80962846750539142704E+002    2.80716674580888877699E+002    2.80468345447664148651E+002    2.80217828974792610097E+002    2.79965094359287093084E+002    2.79710110371888674763E+002    2.79452845358318143099E+002    2.79193267241181047211E+002    2.78931343522576071337E+002    2.78667041287457209364E+002    2.78400327207803229612E+002    2.78131167547651614314E+002
   3.08545023701879699729E+002    3.07809947939499238601E+002    3.07076419949597323011E+002    3.06344512689727423549E+002    3.05614302310435277832E+002    3.04885868271384993022E+002    3.04159293458396689402E+002    3.03434664300921099311E+002    3.02712070889404742502E+002    3.01991607091923242479E+002    3.01273370669374003228E+002    3.00557463388432609008E+002    2.99843991131373115877E+002    2.99133064001754235051E+002    2.98424796424858925548E+002    2.97719307241651961249E+002    2.97016719794905554863E+002    2.96317162006000557994E+002    2.95620766440785246232E+002    2.94927661693236927931E+002    2.94237464638994651978E+002    2.93549056471224389497E+002    2.92861350056504079475E+002    2.92173965275601915437E+002    2.91487145622513992294E+002    2.90801413388268599647E+002    2.90209533192978824445E+002    2.89671911264308278078E+002    2.89139313797265572248E+002    2.88612901719869569206E+002    2.88093114382633245896E+002    2.87579926344661032545E+002    2.87073186324643302214E+002    2.86563916358536118878E+002    2.85965432289209900318E+002    2.85372005533087190088E+002    2.84783786385924713613E+002    2.84200925154322192157E+002    2.83623571712736861627E+002    2.83051874913303777248E+002    2.82485976322200258437E+002    2.81926015707268902588E+002    2.81372135495228633317E+002    2.80824478106941228361E+002    2.80283182971700341568E+002    2.79748993820423663692E+002    2.79221637741473898586E+002    2.78701022235671700855E+002    2.78189239234532294631E+002    2.77788053073067544574E+002    2.77472744745726629390E+002    2.77214597300631567123E+002    2.76990606463971118956E+002    2.76781276502297828301E+002    2.76750764150197369418E+002    2.75013670543985995209E+002
   2.90322031296933459998E+002    2.90076248478254512975E+002    2.89711616652512759629E+002    2.89514360460804141439E+002    2.89335434746068301592E+002    2.89155266388743314110E+002    2.88973839594137587028E+002    2.88791138305966285316E+002    2.88607146201744058089E+002    2.88421846688123878266E+002    2.88235222896182847308E+002    2.88047257676658432501E+002    2.87857933595135477844E+002    2.87667232927189502334E+002    2.87475137653487252010E+002    2.87281629454849053218E+002    2.87086689707275922956E+002    2.86890299476946836421E+002    2.86692439515189391841E+002    2.86493090253430011671E+002    2.86292231798128682385E+002    2.86089843925704315097E+002    2.85885906077457661922E+002    2.85680397354498154527E+002    2.85473296512683873516E+002    2.85264581957581299321E+002    2.85054231739455815386E+002    2.84842223548301035407E+002    2.84628534708919687546E+002    2.84413142176065150579E+002    2.84196022529658762323E+002    2.83977151970094041644E+002    2.83756506313642773875E+002    2.83534060987979671609E+002    2.83309791027839992239E+002    2.83083671070829609562E+002    2.82855675353405445094E+002    2.82625777707047006970E+002    2.82393951554640409540E+002    2.82160169907098236308E+002    2.81924405360239632046E+002    2.81686630091956601518E+002    2.81446815859695220752E+002    2.81204933998280068863E+002    2.80960955418114963322E+002    2.80714850603791205685E+002    2.80466589613140911297E+002    2.80216142076771177472E+002    2.79963477198118766864E+002    2.79708563754068165963E+002    2.79451370096175082836E+002    2.79191864152542734701E+002    2.78930013430400094876E+002    2.78665785019431382352E+002    2.78399145595912273166E+002    2.78130061427707573785E+002
   3.21798085347733319850E+002    3.20975795458492711987E+002    3.20153986778379305633E+002    3.19332686422683082128E+002    3.18511922875760205898E+002    3.17691726062158181776E+002    3.16872127421376717393E+002    3.16053159986424645922E+002    3.15234858466336106630E+002    3.14417259332809578609E+002    3.13600400911137171533E+002    3.12784323475589815189E+002    3.11969069349422227333E+002    3.11154683009662335280E+002    3.10341211196839708464E+002    3.09528703029810969838E+002    3.08717210125819008226E+002    3.07906786725923268477E+002    3.07097489825919694795E+002    3.06289379312849632697E+002    3.05482518107179203071E+002    3.04676972310703774838E+002    3.03872811360201410480E+002    3.03070108186822551488E+002    3.02268939381162681457E+002    3.01469385363911612785E+002    3.00671530561920064883E+002    2.99875463589455762303E+002    2.99081277434344372068E+002    2.98289069648608119678E+002    2.97498942543112946169E+002    2.96711003385630135654E+002    2.95925364601585670243E+002    2.95142143976641818881E+002    2.94361464860091189166E+002    2.93583456367878682158E+002    2.92808253583870964576E+002    2.92035997757790880769E+002    2.91266836497998838240E+002    2.90500923957062241243E+002    2.89738421007781141725E+002    2.88979495407051558686E+002    2.88224321944642497328E+002    2.87473082573634656001E+002    2.86725966518931556948E+002    2.85981494479516413776E+002    2.85238009236388961654E+002    2.84495159897921951142E+002    2.83753399290756760820E+002    2.83236881702085156576E+002    2.82993997527939256997E+002    2.83127120978453888256E+002    2.83474557319731275129E+002    2.84011999152033979499E+002    2.84747770992241157728E+002    2.85391250215822594782E+002
   2.92801049797163386756E+002    2.92557378780582553190E+002    2.92311783285995090864E+002    2.92064241139243904399E+002    2.91814729990556884331E+002    2.91563227320782459628E+002    2.91309710448163968977E+002    2.91054156535675247142E+002    2.90796542598943574376E+002    2.90536845514783408362E+002    2.90275042030368183532E+002    2.90011108773063654098E+002    2.89745022260950634063E+002    2.89476758914061008454E+002    2.89206295066354812207E+002    2.88933606978462421466E+002    2.88658670851218118969E+002    2.88381462840010897253E+002    2.88101959069975237071E+002    2.87820135652047497388E+002    2.87535968699910711166E+002    2.87249434347848989546E+002    2.86960508769533248596E+002    2.86669168197757471717E+002    2.86375388945143413366E+002    2.86079147425829262374E+002    2.85780420178156248312E+002    2.85479183888364900668E+002    2.85175415415308634692E+002    2.84869091816191314592E+002    2.84560190373330783586E+002    2.84248688621946655530E+002    2.83934564378968445908E+002    2.83617795772853128256E+002    2.83298361274399155718E+002    2.82976239728537848350E+002    2.82651410387077987707E+002    2.82323852942373321184E+002    2.81993547561878187935E+002    2.81660474923549145387E+002    2.81324616252043199438E+002    2.80985953355659319186E+002    2.80644468663958946308E+002    2.80300145265996775379E+002    2.79952966949085578108E+002    2.79602918238008385288E+002    2.79249984434587076976E+002    2.78894151657506142783E+002    2.78535406882284405583E+002    2.78173737981277156450E+002    2.77809133763587283283E+002    2.77441584014751413179E+002    2.77071079536066349647E+002    2.76697612183407954944E+002    2.76321174905392354049E+002    2.75941761780721776631E+002
   2.92639906668857406657E+002    2.92416412739315205727E+002    2.92191193482609833154E+002    2.91964227664652696603E+002    2.91735493795132697414E+002    2.91504970128192383072E+002    2.91272634663405256106E+002    2.91038465147071690353E+002    2.90802439073856191953E+002    2.90564533688785218146E+002    2.90324725989628689149E+002    2.90082992729687532574E+002    2.89839310421011703056E+002    2.89593655338073347139E+002    2.89346003521919442392E+002    2.89096330784832673544E+002    2.88844612715525840940E+002    2.88590824684899303065E+002    2.88334941852390045369E+002    2.88076939172941933975E+002    2.87816791404628816053E+002    2.87554473116960139123E+002    2.87289958699902967965E+002    2.87023222373651606176E+002    2.86754238199178246305E+002    2.86482980089598470386E+002    2.86209421822385252199E+002    2.85933537052465396755E+002    2.85655299326232693602E+002    2.85374682096511833151E+002    2.85091658738506794180E+002    2.84806202566767296958E+002    2.84518286853205893294E+002    2.84227884846197810020E+002    2.83934969790795264544E+002    2.83639514950083764688E+002    2.83341493627711372483E+002    2.83040879191614408228E+002    2.82737645098965629131E+002    2.82431764922365175607E+002    2.82123212377292645670E+002    2.81811961350837634654E+002    2.81497985931717153107E+002    2.81181260441590325172E+002    2.80861759467672357005E+002    2.80539457896645160417E+002    2.80214330949858378972E+002    2.79886354219807628851E+002    2.79555503707868808760E+002    2.79221755863264036179E+002    2.78885087623223967057E+002    2.78545476454305799052E+002    2.78202900394816310836E+002    2.77857338098281843486E+002    2.77508768877897182392E+002    2.77157172751876771599E+002
   2.90538626046153069638E+002    2.90125342436771404664E+002    2.89801667027958160361E+002    2.89551075734516928151E+002    2.89185889747525436633E+002    2.88993875676792129070E+002    2.88814138406683696303E+002    2.88633145789246668755E+002    2.88450881775472055324E+002    2.88267330048966016420E+002    2.88082474021211226045E+002    2.87896296826773038902E+002    2.87708781318450292019E+002    2.87519910062375004145E+002    2.87329665333061484489E+002    2.87138029108409398305E+002    2.86944983064663233563E+002    2.86750508571331693020E+002    2.86554586686071559143E+002    2.86357198149540124632E+002    2.86158323380220110721E+002    2.85957942469224065007E+002    2.85756035175082672595E+002    2.85552580918524029130E+002    2.85347558777250014828E+002    2.85140947480718409679E+002    2.84932725404937286839E+002    2.84722870567282939192E+002    2.84511360621347705546E+002    2.84298172851831338903E+002    2.84083284169484613813E+002    2.83866671106118815260E+002    2.83648309809693046191E+002    2.83428176039494474026E+002    2.83206245161425215429E+002    2.82982492143413594476E+002    2.82756891550965690385E+002    2.82529417542876558400E+002    2.82300043867121246421E+002    2.82068743856945843618E+002    2.81835490427182435269E+002    2.81600256070811781228E+002    2.81363012855799183853E+002    2.81123732422231967121E+002    2.80882385979786704411E+002    2.80638944305558766246E+002    2.80393377742286077137E+002    2.80145656197002494991E+002    2.79895749140158329737E+002    2.79643625605246711530E+002    2.79389254188978043203E+002    2.79132603052045737968E+002    2.78873639920529569736E+002    2.78612332087986203533E+002    2.78348646418276530312E+002    2.78082549349184944276E+002
   2.91908101855826487281E+002    2.91616164818118249968E+002    2.91321958131853932628E+002    2.91025464246377907784E+002    2.90726665858197861780E+002    2.90425545932451768749E+002    2.90122087724978825918E+002    2.89816274804977808799E+002    2.89508091078233235294E+002    2.89197520810887397147E+002    2.88884548653731712875E+002    2.88569159666989094148E+002    2.88251339345552992199E+002    2.87931073644646573939E+002    2.87608349005861668957E+002    2.87283152383531557916E+002    2.86955471271390138099E+002    2.86625293729462327974E+002    2.86292608411130345303E+002    2.85957404590313103654E+002    2.85619672188693982662E+002    2.85279401802925974607E+002    2.84936584731741561427E+002    2.84591213002889219297E+002    2.84243279399815094166E+002    2.83892777488004185216E+002    2.83539701640893611057E+002    2.83184047065266440768E+002    2.82825809826030706517E+002    2.82464986870288726095E+002    2.82101576050597202538E+002    2.81735576147318226958E+002    2.81366986889959775908E+002    2.80995808977405317819E+002    2.80622044096928902945E+002    2.80245694941896942964E+002    2.79866765228055442094E+002    2.79485259708305477488E+002    2.79101184185871659338E+002    2.78714545525771939083E+002    2.78325351664500885818E+002    2.77933611617842188934E+002    2.77539335486734159986E+002    2.77142534461115189970E+002    2.76743220821685838473E+002    2.76341407939527414328E+002    2.75937110273530834093E+002    2.75530343365592386817E+002    2.75121123833546448623E+002    2.74709469361811557064E+002    2.74295398689740238751E+002    2.73878931597667929054E+002    2.73460088890673773676E+002    2.73038892380069569299E+002    2.72615364862650665145E+002    2.72189530097749411652E+002
   2.90718015260319418758E+002    2.90535547658679661254E+002    2.90351803004639350547E+002    2.90166765131511908749E+002    2.89980417610417191554E+002    2.89792743745949621825E+002    2.89603726571811193935E+002    2.89413348846413839510E+002    2.89221593048453257779E+002    2.89028441372458644310E+002    2.88833875724322467704E+002    2.88637877716814102769E+002    2.88440428665082777115E+002    2.88241509582155458702E+002    2.88041101174434402310E+002    2.87839183837201403549E+002    2.87635737650135524746E+002    2.87430742372851511846E+002    2.87224177440466348799E+002    2.87016021959203442293E+002    2.86806254702042735971E+002    2.86594854104427895436E+002    2.86381798260038976878E+002    2.86167064916645188077E+002    2.85950631472046893577E+002    2.85732474970122154900E+002    2.85512572096991107173E+002    2.85290899177312837764E+002    2.85067432170732161012E+002    2.84842146668491409400E+002    2.84615017890227932185E+002    2.84386020680974354491E+002    2.84155129508384845849E+002    2.83922318460207179669E+002    2.83687561242025253705E+002    2.83450831175297025766E+002    2.83212101195713159996E+002    2.82971343851905885458E+002    2.82728531304535692925E+002    2.82483635325788384307E+002    2.82236627299315557593E+002    2.81987478220651553329E+002    2.81736158698145572998E+002    2.81482638954445860691E+002    2.81226888828576875312E+002    2.80968877778652085908E+002    2.80708574885266500587E+002    2.80445948855614915374E+002    2.80180968028385564139E+002    2.79913600379479248659E+002    2.79643813528605846841E+002    2.79371574746814815171E+002    2.79096850965015221391E+002    2.78819608783544026664E+002    2.78539814482844917620E+002    2.78257434035319420218E+002
   2.72608239429857803771E+002    2.72208922279720354709E+002    2.71809253134225116355E+002    2.71409241757651727767E+002    2.71008897717269462646E+002    2.70608230384193973350E+002    2.70207248934398478468E+002    2.69805962349869503214E+002    2.69404379419900578796E+002    2.69002508742517647988E+002    2.68600358726026115619E+002    2.68197937590674769126E+002    2.67795253370427701611E+002    2.67392313914838950950E+002    2.66989126891021442134E+002    2.66585699785703980069E+002    2.66182039907370608489E+002    2.65778154388475400083E+002    2.65374050187726084005E+002    2.64969734092431451700E+002    2.64565212720906060895E+002    2.64160492524927633440E+002    2.63755579792239473136E+002    2.63350480649096425623E+002    2.62945201062845626439E+002    2.62539746844539536141E+002    2.62134123651575634995E+002    2.61728336990359309766E+002    2.61322392218984077772E+002    2.60916294549927158641E+002    2.60510049052754482091E+002    2.60103660656833540088E+002    2.59697134154048512755E+002    2.59290474201515849018E+002    2.58883685324296379804E+002    2.58476771918102031123E+002    2.58069738251992419009E+002    2.57662588471060928441E+002    2.57255326599105728747E+002    2.56847956541285213916E+002    2.56440482086754172997E+002    2.56032906911280065287E+002    2.55625234579835648674E+002    2.55217468549168643221E+002    2.54809612170343882553E+002    2.54401668691259658317E+002    2.53993641259133710264E+002    2.53585532922959998814E+002    2.53177346635933929520E+002    2.52769085257844977832E+002    2.52360751557436202575E+002    2.51952348214729681786E+002    2.51543877823316421427E+002    2.51135342892611362231E+002    2.50726745850071552013E+002    2.50318089043377881353E+002
   2.91717324429999678159E+002    2.91520334588340404025E+002    2.91321905592058271850E+002    2.91122019143895613524E+002    2.90920656667006824136E+002    2.90717799301455841032E+002    2.90513427900759552358E+002    2.90307523028486059502E+002    2.90100064954915580984E+002    2.89891033653774456980E+002    2.89680408799050553625E+002    2.89468169761902117898E+002    2.89254295607670542267E+002    2.89038765093008635176E+002    2.88821556663138210297E+002    2.88602648449249443274E+002    2.88382018266057400524E+002    2.88159643609529666719E+002    2.87935501654802919802E+002    2.87709569254303801245E+002    2.87481822936094033594E+002    2.87252238902457349923E+002    2.87020793028749778841E+002    2.86787460862533521322E+002    2.86552217623018577797E+002    2.86315038200833839710E+002    2.86075897158154702993E+002    2.85834768729211987193E+002    2.85591626821210809339E+002    2.85346445015687947944E+002    2.85099196570337710455E+002    2.84849854421339500732E+002    2.84598391186218179882E+002    2.84344779167274111842E+002    2.84088990355617511341E+002    2.83830996435845634096E+002    2.83570768791401462749E+002    2.83308278510654758975E+002    2.83043496393747773254E+002    2.82776392960247903829E+002    2.82506938457654769081E+002    2.82235102870804723807E+002    2.81960855932223182663E+002    2.81684167133471476063E+002    2.81405005737539795518E+002    2.81123340792334772686E+002    2.80839141145316091297E+002    2.80552375459332381524E+002    2.80263012229709829626E+002    2.79971019802647049346E+002    2.79676366394969022622E+002    2.79379020115292917126E+002    2.79078948986658588183E+002    2.78776120970674810451E+002    2.78470503993232341600E+002    2.78162065971831850675E+002
   2.95579272548614028437E+002    2.95039617004847286807E+002    2.94503984339960481975E+002    2.93972471490226553215E+002    2.93445174121855643534E+002    2.92922184485070431492E+002    2.92403592232389200944E+002    2.91889487813628761614E+002    2.91379963108739673316E+002    2.90875203843241877166E+002    2.90375895395287329848E+002    2.89881432601934420745E+002    2.89391896056906375634E+002    2.88907363022498998362E+002    2.88427907098205878356E+002    2.87953597887700766478E+002    2.87484500666069379804E+002    2.87020676049288738341E+002    2.86562179668051555836E+002    2.86109061848106875914E+002    2.85661315999052362713E+002    2.85218709926313408687E+002    2.84781324957888216431E+002    2.84349577754170411481E+002    2.83923757447092043549E+002    2.83503994809403593536E+002    2.83262049828190583867E+002    2.82940939041698527490E+002    2.82642106862713205828E+002    2.82452997713678598757E+002    2.82262477471351360236E+002    2.82070526789099915277E+002    2.81877125973177669493E+002    2.81682254976041804184E+002    2.81485893389580837720E+002    2.81288020438254761757E+002    2.81088614972150139693E+002    2.80887655459954999060E+002    2.80685119981856473714E+002    2.80480986222367619121E+002    2.80275231463087266093E+002    2.80067832575400416317E+002    2.79858766013125261907E+002    2.79648007805114048097E+002    2.79435533547816930877E+002    2.79221318397818038193E+002    2.79005337064353113874E+002    2.78787563801820851950E+002    2.78567972402299176338E+002    2.78346536188081529417E+002    2.78123228004245675038E+002    2.77898020211272978486E+002    2.77670884677733909029E+002    2.77441792773060171839E+002    2.77210715360422909725E+002    2.76977622789739029940E+002
   2.85126960633315036375E+002    2.84744448392118613356E+002    2.84360198637895393858E+002    2.83974229151797317172E+002    2.83586558201984075822E+002    2.83197204527130793394E+002    2.82806187319194407337E+002    2.82413526205480081899E+002    2.82019241230053125946E+002    2.81623352834540526146E+002    2.81225881838372288257E+002    2.80826849418511415024E+002    2.80426277088724873465E+002    2.80024186678448927523E+002    2.79620600311303519447E+002    2.79215540383308734818E+002    2.78809029540861956775E+002    2.78401090658530563360E+002    2.77991746816714282886E+002    2.77581021279236381361E+002    2.77168937470917114752E+002    2.76755518955183617891E+002    2.76340789411770799688E+002    2.75924772614565654294E+002    2.75507492409644669351E+002    2.75088972693555490423E+002    2.74669237391888202637E+002    2.74248310438183466431E+002    2.73826215753219742055E+002    2.73402977224720189042E+002    2.72978618687519542618E+002    2.72553163904224106773E+002    2.72126636546401130090E+002    2.71699060176326327110E+002    2.71270458229317171117E+002    2.70840853996679186366E+002    2.70410270609285475985E+002    2.69978731021809551294E+002    2.69546257997628742942E+002    2.69112874094411949955E+002    2.68678601650403038548E+002    2.68243462771408019307E+002    2.67807479318493960818E+002    2.67370672896400378704E+002    2.66933064842668215988E+002    2.66494676217480844116E+002    2.66055527794218960480E+002    2.65615640050719889587E+002    2.65175033161236342494E+002    2.64733726989085596415E+002    2.64291741079977555273E+002    2.63849094656010379367E+002    2.63405806610319132233E+002    2.62961895502363802279E+002    2.62517379553838679840E+002    2.62072276645188026123E+002
   3.04433414087829817163E+002    3.03734696078490060245E+002    3.03038186209942068672E+002    3.02343981285472295895E+002    3.01652181793498129991E+002    3.00962891986872932648E+002    3.00276219956261456900E+002    2.99592277696474639015E+002    2.98911181164560332491E+002    2.98233050328342358171E+002    2.97557992465813867966E+002    2.96885642300591712228E+002    2.96214942853985576221E+002    2.95544827543041719764E+002    2.94874877206802977980E+002    2.94205283773939981984E+002    2.93536518685986607125E+002    2.92982635001154449128E+002    2.92458906190842753858E+002    2.91939963253754172001E+002    2.91426798792482202316E+002    2.90919872152715811353E+002    2.90419203582387012830E+002    2.89924660531757467652E+002    2.89400831872413391466E+002    2.88815047199152445501E+002    2.88233923002033691319E+002    2.87657593482435402166E+002    2.87086192894849773438E+002    2.86519855183587765168E+002    2.85958713464930724513E+002    2.85402896580088793144E+002    2.84852529255241961437E+002    2.84307737226847507372E+002    2.83768647710656523486E+002    2.83235386589566303428E+002    2.82708498884104528770E+002    2.82188066495889415819E+002    2.81673809601729544738E+002    2.81165833184301334313E+002    2.80664236442673541205E+002    2.80169112218385748747E+002    2.79680546422507518400E+002    2.79198617468046677459E+002    2.78723395712306626137E+002    2.78254926895797325415E+002    2.77792929409231419413E+002    2.77337124981079000463E+002    2.76889915803216069889E+002    2.76475788845282750117E+002    2.76066179836863170749E+002    2.75721436940827345552E+002    2.75506227871321584644E+002    2.75060405953603208218E+002    2.74821335457402767588E+002    2.74618183516799376775E+002
   3.31793090080483580095E+002    3.30916857888555512091E+002    3.30040805576887294137E+002    3.29164946350317279666E+002    3.28289294096641128817E+002    3.27413863423734937896E+002    3.26538669698797093588E+002    3.25663729089829132590E+002    3.24789058609486914975E+002    3.23914676161435977519E+002    3.23040600589356813543E+002    3.22166851728749520589E+002    3.21293450461696920684E+002    3.20420418774752192803E+002    3.19547779820128141637E+002    3.18675557980368239441E+002    3.17803778936694470758E+002    3.16932469741231955140E+002    3.16061658893318508490E+002    3.15191376420118729129E+002    3.14321653961770095975E+002    3.13452524861295842129E+002    3.12584024259528689527E+002    3.11716189195296749403E+002    3.10849058711130226129E+002    3.09982673964756997975E+002    3.09117078346653386234E+002    3.08252317603928247536E+002    3.07388439970818239999E+002    3.06525496306071374875E+002    3.05663540237497443286E+002    3.04802628313958223316E+002    3.03942820165064517823E+002    3.03084178668833146730E+002    3.02226770127547069933E+002    3.01370664452035725844E+002    3.00515935354569649007E+002    2.99662660550530915771E+002    2.98810921968975321761E+002    2.97960805972160642341E+002    2.97112403584044500349E+002    2.96265810727692439741E+002    2.95421128471446365893E+002    2.94578463283606311052E+002    2.93737927295259453331E+002    2.92899638570756735589E+002    2.92063721385179803747E+002    2.91230306507964314733E+002    2.90399531491636935243E+002    2.89785234710886584253E+002    2.89567937570737910846E+002    2.89654473335766908804E+002    2.89994567638182900282E+002    2.90559666350718487138E+002    2.91349563908421373526E+002    2.92917190410552336743E+002
   2.91929394812061445919E+002    2.91728249427201262733E+002    2.91525618898388358957E+002    2.91321484372555516984E+002    2.91115826715467051145E+002    2.90908626508631357410E+002    2.90699864046289803809E+002    2.90489519332494239734E+002    2.90277572078281309587E+002    2.90064001698956815289E+002    2.89848787311499563657E+002    2.89631907732099989516E+002    2.89413341473843900076E+002    2.89193066744557995662E+002    2.88971061444830866094E+002    2.88747303166225094628E+002    2.88521769189697977254E+002    2.88294436484248478791E+002    2.88065281705808331481E+002    2.87834281196398137581E+002    2.87601410983567916446E+002    2.87366646780146083984E+002    2.87129963984316873393E+002    2.86891337680054107295E+002    2.86650742637932751222E+002    2.86408153316348659700E+002    2.86163543863171639714E+002    2.85916888117862697527E+002    2.85668159614084743225E+002    2.85417331582840290594E+002    2.85164376956167529897E+002    2.84909268371430414390E+002    2.84651978176238628748E+002    2.84392478434034387647E+002    2.84130740930385002230E+002    2.83866737180020777487E+002    2.83600438434659736231E+002    2.83331815691661859091E+002    2.83060839703555870983E+002    2.82787480988483991950E+002    2.82511709841609956584E+002    2.82233496347537482052E+002    2.81952810393786478471E+002    2.81669621685375261677E+002    2.81383899760557426362E+002    2.81095614007763174413E+002    2.80804733683792733245E+002    2.80511227933313364247E+002    2.80215065809705663469E+002    2.79916216297310882055E+002    2.79614648335122353728E+002    2.79310330841970767324E+002    2.79003232743244268477E+002    2.78693322999187159894E+002    2.78380570634815796893E+002    2.78064944771488683273E+002
   3.48635253311344797567E+002    3.47673106344059362982E+002    3.46710942095003588292E+002    3.45748764896335103458E+002    3.44786579312341814330E+002    3.43824390152088824379E+002    3.42862202482810403126E+002    3.41900021644092475981E+002    3.40937853262898443063E+002    3.39975703269489201830E+002    3.39013577914296604376E+002    3.38051483785807590721E+002    3.37089427829527778613E+002    3.36127417368089538741E+002    3.35165460122581180258E+002    3.34203564235172905228E+002    3.33241738293126900317E+002    3.32279991354276148741E+002    3.31318332974071608987E+002    3.30356773234295701513E+002    3.29395322773554028117E+002    3.28433992819657476048E+002    3.27472795224019876059E+002    3.26511742498203034302E+002    3.25550847852747608613E+002    3.24590125238440748490E+002    3.23629589390179205566E+002    3.22669255873598274320E+002    3.21709141134645676630E+002    3.20749262552295590467E+002    3.19789638494606094810E+002    3.18830288378339048450E+002    3.17871232732374380703E+002    3.16912493265166062884E+002    3.15954092936502661360E+002    3.14996056033849413325E+002    3.14038408253570537454E+002    3.13081176787342712942E+002    3.12124390414094364132E+002    3.11168079597820849358E+002    3.10212276591649072088E+002    3.09257015548543279237E+002    3.08302332639066264619E+002    3.07348266176633330815E+002    3.06394856750714666305E+002    3.05442147368469875346E+002    3.04490183605314200577E+002    3.03539013764944400009E+002    3.02588689049367076223E+002    3.01811282673444054581E+002    3.01537963912263990096E+002    3.01636598017444157449E+002    3.02041478515125618287E+002    3.02714157663126968600E+002    3.03649061660960228437E+002    3.05309207038983231541E+002
   2.90807928404484243856E+002    2.90490157764435082299E+002    2.90170055647588071679E+002    2.89847611794259819362E+002    2.89522816479100129072E+002    2.89195660533767863853E+002    2.88866135369596179316E+002    2.88534233000193921725E+002    2.88199946063920435790E+002    2.87863267846173812359E+002    2.87524192301426921858E+002    2.87182714074944044569E+002    2.86838828524108066631E+002    2.86492531739286562242E+002    2.86143820564163490872E+002    2.85792692615459827721E+002    2.85439146301968833086E+002    2.85083180842825470336E+002    2.84724796284933859170E+002    2.84363993519473751803E+002    2.84000774297407701852E+002    2.83635141243911448328E+002    2.83267097871649980334E+002    2.82896648592826920776E+002    2.82523798729930717855E+002    2.82148554525110455415E+002    2.81770923148111762657E+002    2.81390912702709954374E+002    2.81008532231580545613E+002    2.80623791719551661572E+002    2.80236702095188547901E+002    2.79847275230664422452E+002    2.79455523939880890794E+002    2.79061461974803364683E+002    2.78665104019987040829E+002    2.78266465685274795305E+002    2.77865563496655852305E+002    2.77462414885280622912E+002    2.77057038174638250894E+002    2.76649452565907097323E+002    2.76239678121499593999E+002    2.75827735746830455810E+002    2.75413647170344063397E+002    2.74997434921846320321E+002    2.74579122309193508045E+002    2.74158733393398563294E+002    2.73736292962221568814E+002    2.73311826502320684540E+002    2.72885360170043213657E+002    2.72456920760944569793E+002    2.72026535678129448570E+002    2.71594232899511609958E+002    2.71160040944096977000E+002    2.70723988837394699658E+002    2.70286106076068449511E+002    2.69846422591938051028E+002
   2.92312213482363233652E+002    2.92033709494871686729E+002    2.91753007209395832433E+002    2.91470086660443030269E+002    2.91184927985317642651E+002    2.90897511442070594967E+002    2.90607817428170562835E+002    2.90315826499900992985E+002    2.90021519392482389321E+002    2.89724877040921796834E+002    2.89425880601583457974E+002    2.89124511474476776129E+002    2.88820751326251354385E+002    2.88514582113887911419E+002    2.88205986109070238399E+002    2.87894945923218926964E+002    2.87581444533164585664E+002    2.87265465307435647446E+002    2.86946992033129731681E+002    2.86626008943334397827E+002    2.86302500745058864595E+002    2.85976452647633891502E+002    2.85647850391531676451E+002    2.85316680277553473388E+002    2.84982929196328029775E+002    2.84646584658057975048E+002    2.84307634822447198530E+002    2.83966068528739015164E+002    2.83621875325784628785E+002    2.83275045502064074299E+002    2.82925570115570337748E+002    2.82573441023467808009E+002    2.82218650911428085237E+002    2.81861193322545432238E+002    2.81501062685726537893E+002    2.81138254343450682882E+002    2.80772764578787928258E+002    2.80404590641565221176E+002    2.80033730773565253003E+002    2.79660184232641313429E+002    2.79283951315632691603E+002    2.78905033379963526841E+002    2.78523432863807045123E+002    2.78139153304701494562E+002    2.77752199356502899263E+002    2.77362576804564412214E+002    2.76970292579035458402E+002    2.76575354766176474186E+002    2.76177772617593404902E+002    2.75777556557299192264E+002    2.75374718186517895901E+002    2.74969270286155961003E+002    2.74561226816869918821E+002    2.74150602916674415610E+002    2.73737414896039808809E+002    2.73321680230441415915E+002
   2.92599260750858775282E+002    2.92126526191328309778E+002    2.91658403374241459005E+002    2.91194951717365540844E+002    2.90736226987309919423E+002    2.90282281039750216678E+002    2.89833161563390376614E+002    2.89388907892606937367E+002    2.88949489451068814105E+002    2.88514740152412230145E+002    2.88084746841378319004E+002    2.87659861939810184595E+002    2.87240350416653768661E+002    2.86839744160499321879E+002    2.86632843402069340755E+002    2.86276736045667576036E+002    2.86018672814551393913E+002    2.85834719941572984681E+002    2.85649442544116880072E+002    2.85462823131332470439E+002    2.85274843910709364536E+002    2.85085486782518557902E+002    2.84894733334182546969E+002    2.84702564834576946851E+002    2.84508962228267023420E+002    2.84313906129680844970E+002    2.84117376817223771468E+002    2.83919354227337692009E+002    2.83719817948508591599E+002    2.83518747215228643199E+002    2.83316120901917429364E+002    2.83111917516807920947E+002    2.82906115195803806728E+002    2.82698691696316359412E+002    2.82489624391086920241E+002    2.82278890262005063505E+002    2.82066465893931024311E+002    2.81852327468532962484E+002    2.81636450758149919693E+002    2.81418811119692691136E+002    2.81199383488595685776E+002    2.80978142372834156504E+002    2.80755061847021522681E+002    2.80530115546604463361E+002    2.80303276662172663691E+002    2.80074517933902598088E+002    2.79843811646157519135E+002    2.79611129622263717920E+002    2.79376443219488578507E+002    2.79139723324246574521E+002    2.78900940347558787380E+002    2.78660064220797494272E+002    2.78417064391746691854E+002    2.78171909821011354325E+002    2.77924568978813283593E+002    2.77675009842209988165E+002
   2.85130180393917044057E+002    2.84747688467775390109E+002    2.84363458543712567916E+002    2.83977508395496442972E+002    2.83589856284301788492E+002    2.83200520942229275079E+002    2.82809521555081801125E+002    2.82416877744440455444E+002    2.82022609549084279479E+002    2.81626737405799531189E+002    2.81229282129625744346E+002    2.80830264893591561304E+002    2.80429707207989338258E+002    2.80027630899242865326E+002    2.79624058088422884794E+002    2.79219011169464522482E+002    2.78812512787143134574E+002    2.78404585814864958593E+002    2.77995253332326967666E+002    2.77584538603103851528E+002    2.77172465052215841297E+002    2.76759056243732800340E+002    2.76344335858468127753E+002    2.75928327671814713540E+002    2.75511055531773820348E+002    2.75092543337226402400E+002    2.74672815016494553220E+002    2.74251894506237874793E+002    2.73829805730728764956E+002    2.73406572581547152367E+002    2.72982218897733616814E+002    2.72556768446436365139E+002    2.72130244904086282531E+002    2.71702671838129390380E+002    2.71274072689346837706E+002    2.70844470754784708788E+002    2.70413889171318714943E+002    2.69982350899871789807E+002    2.69549878710301982210E+002    2.69116495166974686981E+002    2.68682222615029900226E+002    2.68247083167354844591E+002    2.67811098692266625676E+002    2.67374290801909353377E+002    2.66936680841366467121E+002    2.66498289878488890281E+002    2.66059138694433784167E+002    2.65619247774910377302E+002    2.65178637302124457165E+002    2.64737327147414134743E+002    2.64295336864564887946E+002    2.63852685683791662541E+002    2.63409392506376150322E+002    2.62965475899941907301E+002    2.62520954094352987340E+002    2.62075844978218071901E+002
   2.92540973554221693576E+002    2.92322272952568141591E+002    2.92101897198878873496E+002    2.91879825468302328773E+002    2.91656036669154616447E+002    2.91430509442565607969E+002    2.91203222162371218928E+002    2.90974152935268534748E+002    2.90743279601254357658E+002    2.90510579734363432181E+002    2.90276030643728859104E+002    2.90039609374984877377E+002    2.89801292712033443877E+002    2.89561057179198598988E+002    2.89318879043791127970E+002    2.89074734319109666103E+002    2.88828598767903201860E+002    2.88580447906321523988E+002    2.88330257008382432105E+002    2.88078001110982654609E+002    2.87823655019484135664E+002    2.87567193313904169827E+002    2.87308590355742808242E+002    2.87047820295477663421E+002    2.86784857080761071302E+002    2.86519674465352863990E+002    2.86252246018822745555E+002    2.85982545137058309592E+002    2.85710545053613429900E+002    2.85436218851934768281E+002    2.85159539478500732912E+002    2.84880479756911483946E+002    2.84599012402965456658E+002    2.84315110040759122967E+002    2.84028745219847223780E+002    2.83739890433497293998E+002    2.83448518138075883144E+002    2.83154600773597962871E+002    2.82858110785474252680E+002    2.82559020647486875077E+002    2.82257302886022898747E+002    2.81952930105592258769E+002    2.81645875015656429241E+002    2.81336110458787629796E+002    2.81023609440178461227E+002    2.80708345158516181073E+002    2.80390291038231339371E+002    2.80069420763128732688E+002    2.79745708311398573187E+002    2.79419127992005655869E+002    2.79089654482443108918E+002    2.78757262867834811004E+002    2.78421928681360498103E+002    2.78083627945971102235E+002    2.77742337217353053802E+002    2.77398033628092605340E+002
   3.20756641413800650753E+002    3.19940309564809524545E+002    3.19124506455342498157E+002    3.18309261380363921035E+002    3.17494605107492418483E+002    3.16680569952785219812E+002    3.15867189860311384564E+002    3.15054500485667745124E+002    3.14242539283594851440E+002    3.13431345599850885719E+002    3.12620960767499582289E+002    3.11811428207763185583E+002    3.11002793535593923480E+002    3.10195104670103489752E+002    3.09388411949988778815E+002    3.08582768254079098824E+002    3.07778229127114741459E+002    3.06974852910855474875E+002    3.06172700880593026795E+002    3.05371837387119796858E+002    3.04572330004177615592E+002    3.03774249681374783449E+002    3.02977670902521367680E+002    3.02182671849288226440E+002    3.01389334570036282912E+002    3.00597745153607604607E+002    2.99807993907795889754E+002    2.99020175542133472391E+002    2.98234389354543736772E+002    2.97450739421302898791E+002    2.96669334789640856798E+002    2.95890289672182234426E+002    2.95113723642284980997E+002    2.94339761829173085061E+002    2.93568535111588005293E+002    2.92800180308487824732E+002    2.92034840365108209426E+002    2.91272664532481883271E+002    2.90513808538249918456E+002    2.89758434746342686594E+002    2.89006712302822620586E+002    2.88258817264872675423E+002    2.87514932709608217465E+002    2.86774095822825074720E+002    2.86034701561765359656E+002    2.85295999369597950590E+002    2.84558193293219744646E+002    2.83821887016184518870E+002    2.83087803026711867460E+002    2.82684649290798290622E+002    2.82595475209264350269E+002    2.82732315980258476884E+002    2.83068102763515923925E+002    2.83589638706162702420E+002    2.84305890996454877495E+002    2.84596122405084315687E+002
   3.36114201125345914534E+002    3.35215676371407937495E+002    3.34317257456798188286E+002    3.33418954193167962785E+002    3.32520776902952661658E+002    3.31622736447284466976E+002    3.30724844255527443693E+002    3.29827112356528800774E+002    3.28929553411693007092E+002    3.28032180749984718204E+002    3.27135008404980169416E+002    3.26238051154087031591E+002    3.25341324560064606430E+002    3.24444845014980273845E+002    3.23548629786749756931E+002    3.22652697068412464887E+002    3.21757066030307726123E+002    3.20861756875317780668E+002    3.19966790897366195168E+002    3.19072190543354338388E+002    3.18177979478741349340E+002    3.17284182656977804982E+002    3.16390826393013355755E+002    3.15497938441111614338E+002    3.14605548077216724323E+002    3.13713686186124959931E+002    3.12822385353728861901E+002    3.11931679964609884337E+002    3.11041606305268487631E+002    3.10152202673291014889E+002    3.09263509492761102138E+002    3.08375569436236673937E+002    3.07488427553616531895E+002    3.06602131408233617549E+002    3.05716731220514986944E+002    3.04832280019550807992E+002    3.03948833802921114966E+002    3.03066451705121266968E+002    3.02185196174929444624E+002    3.01305133162043205175E+002    3.00426332313304726540E+002    2.99548867178809700818E+002    2.98672815428173294094E+002    2.97798259077185207389E+002    2.96925284725053302282E+002    2.96053983802368406941E+002    2.95184452829866870616E+002    2.94316793687984386452E+002    2.93451113897093819105E+002    2.92793243879862075119E+002    2.92568869777206600702E+002    2.92671834850537891271E+002    2.93046772441449434154E+002    2.93661922715934224470E+002    2.94515488487549532692E+002    2.96125350170638455438E+002
   2.91574310160138281844E+002    2.91273380780738818885E+002    2.90970147842265987492E+002    2.90664595937497153955E+002    2.90356710008074571761E+002    2.90046475367410266699E+002    2.89733877724036574364E+002    2.89418903205370440901E+002    2.89101538381859370475E+002    2.88781770291466557410E+002    2.88459586464458539012E+002    2.88134974948445631071E+002    2.87807924333628136537E+002    2.87478423778194667193E+002    2.87146463033816303323E+002    2.86812032471175086812E+002    2.86475123105463751472E+002    2.86135726621788080593E+002    2.85793835400401349034E+002    2.85449442541694793363E+002    2.85102541890867883012E+002    2.84753128062196594783E+002    2.84401196462815846644E+002    2.84046743315930541485E+002    2.83689765683367511429E+002    2.83330261487376901641E+002    2.82968229531593294723E+002    2.82603669521063523007E+002    2.82236582081248172926E+002    2.81866968775904467748E+002    2.81494832123759692877E+002    2.81120175613880348919E+002    2.80743003719651653682E+002    2.80363321911279228971E+002    2.79981136666726570184E+002    2.79596455481010934818E+002    2.79209286873778694371E+002    2.78819640395089550111E+002    2.78427526629343503828E+002    2.78032957197289192663E+002    2.77635944756061121552E+002    2.77236502997198329012E+002    2.76834646642605605393E+002    2.76430391438427818684E+002    2.76023754146813246280E+002    2.75614752535554259794E+002    2.75203405365600644927E+002    2.74789732376451922846E+002    2.74373754269443224985E+002    2.73955492688950471347E+002    2.73534970201550265756E+002    2.73112210273178220632E+002    2.72687237244341929454E+002    2.72260076303451228341E+002    2.71830753458340723228E+002    2.71399295506064220262E+002
   2.92801123354593983095E+002    2.92560056319348746001E+002    2.92317089209318510257E+002    2.92072199892439073210E+002    2.91825366047231227640E+002    2.91576565168221634394E+002    2.91325774571873182595E+002    2.91072971403046267369E+002    2.90818132642018099432E+002    2.90561235112083807053E+002    2.90302255487764455211E+002    2.90041170303649607831E+002    2.89777955963899159997E+002    2.89512588752431099692E+002    2.89245044843823336578E+002    2.88975300314953813086E+002    2.88703331157408513263E+002    2.88429113290681300441E+002    2.88152622576193721216E+002    2.87873834832159843700E+002    2.87592725849321823262E+002    2.87309271407580183677E+002    2.87023447293543540582E+002    2.86735229319018856131E+002    2.86444593340465587517E+002    2.86151515279431180261E+002    2.85855971143987687810E+002    2.85557937051183785115E+002    2.85257389250528376579E+002    2.84954304148513301698E+002    2.84648658334186961838E+002    2.84340428605780687121E+002    2.84029591998392334062E+002    2.83716125812722225419E+002    2.83400007644856600564E+002    2.83081215417086582420E+002    2.82759727409747938509E+002    2.82435522294059467185E+002    2.82108579165933917920E+002    2.81778877580728476460E+002    2.81446397588897639253E+002    2.81111119772499932878E+002    2.80773025282510104716E+002    2.80432095876874257101E+002    2.80088313959242782403E+002    2.79741662618306406785E+002    2.79392125667652521770E+002    2.79039687686051365745E+002    2.78684334058074739460E+002    2.78326051014939537254E+002    2.77964825675461952414E+002    2.77600646086998892770E+002    2.77233501266247799322E+002    2.76863381239763668873E+002    2.76490277084051342626E+002    2.76114180965076627672E+002
   2.73722988510480661262E+002    2.73322029998892503500E+002    2.72920652463703902413E+002    2.72518867150410983413E+002    2.72116685096476260242E+002    2.71714117131182320009E+002    2.71311173875698273150E+002    2.70907865743346690124E+002    2.70504202940065908933E+002    2.70100195465056401645E+002    2.69695853111606027142E+002    2.69291185468081607723E+002    2.68886201919082850509E+002    2.68480911646746392307E+002    2.68075323632195534174E+002    2.67669446657123671685E+002    2.67263289305507100835E+002    2.66856859965436967741E+002    2.66450166831063711470E+002    2.66043217904646724037E+002    2.65636020998700473683E+002    2.65228583738232600808E+002    2.64820913563064038954E+002    2.64413017730226385993E+002    2.64004903316429533788E+002    2.63596577220593530910E+002    2.63188046166436492967E+002    2.62779316705116286812E+002    2.62370395217917291575E+002    2.61961287918977006939E+002    2.61552000858049666476E+002    2.61142539923298784288E+002    2.60732910844114769588E+002    2.60323119193954482853E+002    2.59913170393196139685E+002    2.59503069712006492864E+002    2.59092822273215972473E+002    2.58682433055197691374E+002    2.58271906894747928618E+002    2.57861248489962349595E+002    2.57450462403107280807E+002    2.57039553063480866513E+002    2.56628524770262799848E+002    2.56217381695348365156E+002    2.55806127886165654672E+002    2.55394767268473430022E+002    2.54983303649135450542E+002    2.54571740718872405296E+002    2.54160082054986588673E+002    2.53748331124059404829E+002    2.53336491284619029329E+002    2.52924565789777631153E+002    2.52512557789835284439E+002    2.52100470334851138432E+002    2.51688306377179401352E+002    2.51276068773969626591E+002
   2.82474034787125162893E+002    2.82078744488673635260E+002    2.81682113280865223714E+002    2.81284162054313071621E+002    2.80884911860845932097E+002    2.80484383894606821741E+002    2.80082599473177594973E+002    2.79679580018772526273E+002    2.79275347039542623406E+002    2.78869922111029723055E+002    2.78463326857809818193E+002    2.78055582935363077013E+002    2.77646712012207160569E+002    2.77236735752327263071E+002    2.76825675797936639810E+002    2.76413553752597920266E+002    2.76000391164734082849E+002    2.75586209511557171936E+002    2.75171030183438119820E+002    2.74754874468742798399E+002    2.74337763539153002057E+002    2.73919718435492939079E+002    2.73500760054076636152E+002    2.73080909133591774207E+002    2.72660186242531324297E+002    2.72238611767185318513E+002    2.71816205900198383461E+002    2.71392988629702358594E+002    2.70968979729026330006E+002    2.70544198746987490267E+002    2.70118664998764586471E+002    2.69692397557350659554E+002    2.69265415245585529647E+002    2.68837736628761660995E+002    2.68409380007798745282E+002    2.67980363412980352678E+002    2.67550704598243839882E+002    2.67120421036014249694E+002    2.66689529912572368175E+002    2.66258048123943808605E+002    2.65825992272299004071E+002    2.65393378662848647309E+002    2.64960223301222072223E+002    2.64526541891313115684E+002    2.64092349833578964535E+002    2.63657662223775560051E+002    2.63222493852114098445E+002    2.62786859202822768111E+002    2.62350772454095135799E+002    2.61914247478411368775E+002    2.61477297843212738826E+002    2.61039936811914117243E+002    2.60602177345237521422E+002    2.60164032102848580053E+002    2.59725513445281251279E+002    2.59286633436132603947E+002
   3.10482656742065216804E+002    3.09732617102058327418E+002    3.08983885150660455565E+002    3.08236524208553589688E+002    3.07490600481316846526E+002    3.06746183176757654110E+002    3.06003344624815724728E+002    3.05262160399785841491E+002    3.04522709444552162950E+002    3.03785074196462687723E+002    3.03049340714415620823E+002    3.02315598806650427832E+002    3.01583942158665820443E+002    3.00854468460593125201E+002    3.00127279533267085299E+002    2.99402481452129677564E+002    2.98680184667995717973E+002    2.97960504123590453673E+002    2.97243559364641782850E+002    2.96529474644178833387E+002    2.95818379018544305836E+002    2.95110406433480193300E+002    2.94405695798490341986E+002    2.93704384657000332481E+002    2.93006042452557665001E+002    2.92309480348170779962E+002    2.91613621504203763379E+002    2.90918152548216653486E+002    2.90223371218910642710E+002    2.89529831864403888630E+002    2.88928365222246100075E+002    2.88384543899780226184E+002    2.87845950398686170502E+002    2.87313785088527083644E+002    2.86788429196301024149E+002    2.86269824630233699736E+002    2.85757812975413514778E+002    2.85249593239263845135E+002    2.84645531186398841328E+002    2.84046725125216084962E+002    2.83453333218800707982E+002    2.82865513586685665359E+002    2.82283423817954542301E+002    2.81707220345213556811E+002    2.81137049998843110643E+002    2.80573060465933735941E+002    2.80015402404088320054E+002    2.79464225210496579166E+002    2.78921306649571135949E+002    2.78521164853420145846E+002    2.78241808310313331276E+002    2.78053577911602417316E+002    2.77934211959258277602E+002    2.77867865189254587222E+002    2.77975663388707232571E+002    2.76574734060051468987E+002
   2.90593467926793096012E+002    2.90271630299214052684E+002    2.89947462383940262498E+002    2.89620955377446932744E+002    2.89292101051388726773E+002    2.88960891774527226517E+002    2.88627320534515718009E+002    2.88291380959480648016E+002    2.87953067339335007091E+002    2.87612374646760656560E+002    2.87269298557789454662E+002    2.86923835471914799200E+002    2.86575982531662077690E+002    2.86225737641544867529E+002    2.85873099486333501318E+002    2.85518067548559940860E+002    2.85160642125186200246E+002    2.84800824343357930957E+002    2.84438616175170864153E+002    2.84074020451373883134E+002    2.83707040873936932712E+002    2.83337682027411631225E+002    2.82965949389014895132E+002    2.82591849337369808381E+002    2.82215389159838593969E+002    2.81836577058388456862E+002    2.81455422153932602214E+002    2.81071934489096918242E+002    2.80686125029362301575E+002    2.80298005662544255756E+002    2.79907589196570484091E+002    2.79514889355530613102E+002    2.79119920773971159633E+002    2.78722698989422895011E+002    2.78323240433148157535E+002    2.77921562419109136499E+002    2.77517683131161106758E+002    2.77111621608484313128E+002    2.76703397729276218797E+002    2.76293032192731971008E+002    2.75880546499351112288E+002    2.75465962929613795040E+002    2.75049304521077942809E+002    2.74630595043957669077E+002    2.74209858975247868784E+002    2.73787121471467798983E+002    2.73362408340103002047E+002    2.72935746009829927061E+002    2.72507161499613175693E+002    2.72076682386770983157E+002    2.71644336774107216570E+002    2.71210153256213573059E+002    2.70774160885047479042E+002    2.70336389134893408936E+002    2.69896867866819320625E+002    2.69455627292737688094E+002
   2.91905716469683397918E+002    2.91705064619956033312E+002    2.91502933073572307876E+002    2.91299303041958921767E+002    2.91094155455472275662E+002    2.90887470960256791841E+002    2.90679229915176506438E+002    2.90469412388830789951E+002    2.90257998156662836209E+002    2.90044966698172800079E+002    2.89830297194247350490E+002    2.89613968524616609557E+002    2.89395959265453484477E+002    2.89176247687127158770E+002    2.88954811752127454838E+002    2.88731629113173653423E+002    2.88506677111526300905E+002    2.88279932775517579557E+002    2.88051372819319510654E+002    2.87820973641969771961E+002    2.87588711326674967950E+002    2.87354561640413066925E+002    2.87118500033857571907E+002    2.86880501641648208988E+002    2.86640541283032234787E+002    2.86398593462902738338E+002    2.86154632373262074907E+002    2.85908631895139421886E+002    2.85660565600991560586E+002    2.85410406757619853124E+002    2.85158128329635246700E+002    2.84903702983505979773E+002    2.84647103092224313059E+002    2.84388300740627414598E+002    2.84127267731412985086E+002    2.83863975591887992778E+002    2.83598395581491899975E+002    2.83330498700136558909E+002    2.83060255697406830677E+002    2.82787637082665753496E+002    2.82512613136111099266E+002    2.82235153920828850005E+002    2.81955229295892934260E+002    2.81672808930557266649E+002    2.81387862319591874893E+002    2.81100358799809953325E+002    2.80810267567837286151E+002    2.80517557699172868979E+002    2.80222198168590011846E+002    2.79924157871927434371E+002    2.79623405649317305688E+002    2.79319910309898375544E+002    2.79013640658058307054E+002    2.78704565521249264748E+002    2.78392653779416662019E+002    2.78077874396080801489E+002
   2.90698324134990627954E+002    2.90279592958049818208E+002    2.89865842327507152731E+002    2.89538196841415413019E+002    2.89290515037175453017E+002    2.88924928803801208232E+002    2.88729573453268187677E+002    2.88549453799902721585E+002    2.88368072667898388772E+002    2.88185413883186754447E+002    2.88001461001408927132E+002    2.87816197303109788663E+002    2.87629605788875437611E+002    2.87441669174414073495E+002    2.87252369885584755593E+002    2.87061690053374604759E+002    2.86869611508829677859E+002    2.86676115777939855889E+002    2.86481184076484737488E+002    2.86284797304841561072E+002    2.86086936042761749377E+002    2.85887580544119600745E+002    2.85686710731640005179E+002    2.85484306191608766312E+002    2.85280346168574737931E+002    2.85074809560048834101E+002    2.84867674911207757305E+002    2.84658920409612221647E+002    2.84448523879946890247E+002    2.84236462778792940753E+002    2.84022714189443092891E+002    2.83807254816771944661E+002    2.83590060982171564774E+002    2.83371108618568484872E+002    2.83150373265533971789E+002    2.82927830064504405527E+002    2.82703453754128304354E+002    2.82477218665756595328E+002    2.82249098719096423338E+002    2.82019067418048564377E+002    2.81787097846749531982E+002    2.81553162665842478418E+002    2.81317234109001617526E+002    2.81079283979736089805E+002    2.80839283648502146207E+002    2.80597204050153493426E+002    2.80353015681761178257E+002    2.80106688600838253933E+002    2.79858192424003220822E+002    2.79607496326122259234E+002    2.79354569039968851030E+002    2.79099378856445468955E+002    2.78841893625409454671E+002    2.78582080757153278228E+002    2.78319907224587552719E+002    2.78055339566179327448E+002
   2.92241771537353713484E+002    2.91778433931018298608E+002    2.91319743768638772963E+002    2.90865752916999042554E+002    2.90416509249085208921E+002    2.89972056399975144814E+002    2.89532389822513664512E+002    2.89097368644330515508E+002    2.88666990987943222535E+002    2.88241543881977747787E+002    2.87821328138990509160E+002    2.87406512543165433726E+002    2.87160182238790127940E+002    2.86846280551838106021E+002    2.86539967949486992893E+002    2.86357091646342155400E+002    2.86172907268220171773E+002    2.85987397650367881852E+002    2.85800545333707759710E+002    2.85612332559438243607E+002    2.85422741263565058034E+002    2.85231753071365631058E+002    2.85039349291789505969E+002    2.84845510911797362041E+002    2.84650218590641713945E+002    2.84453452654093212004E+002    2.84255193088616806563E+002    2.84055419535501471273E+002    2.83854111284949283345E+002    2.83651247270129374556E+002    2.83446806061201868943E+002    2.83240765859320276832E+002    2.83033104490617859028E+002    2.82823799400187169795E+002    2.82612827646061475662E+002    2.82400165893206860801E+002    2.82185790407536899238E+002    2.81969677049959329906E+002    2.81751801270469059091E+002    2.81532138102299597904E+002    2.81310662156146975121E+002    2.81087347614483519465E+002    2.80862168225976517988E+002    2.80635097300030565748E+002    2.80406107701473274574E+002    2.80175171845405429849E+002    2.79942261692237309489E+002    2.79707348742936574126E+002    2.79470404034512625913E+002    2.79231398135765516599E+002    2.78990301143329304523E+002    2.78747082678041238069E+002    2.78501711881670587445E+002    2.78254157414043447716E+002    2.78004387450601427645E+002    2.77752369680435265309E+002
   3.01584644194489158053E+002    3.00916319539280777917E+002    3.00250807254512835698E+002    2.99588202495692712546E+002    2.98928226062001442642E+002    2.98269951177302345968E+002    2.97612305450548376484E+002    2.96954749423833106903E+002    2.96297365807563494400E+002    2.95640567988626344231E+002    2.95095727206594801828E+002    2.94581338852492706337E+002    2.94071444923146202655E+002    2.93566995683092670788E+002    2.93068506857740828764E+002    2.92576053021930420073E+002    2.92089521865915912713E+002    2.91567284214644246276E+002    2.90990057395027690745E+002    2.90417202621160868148E+002    2.89848843292868480148E+002    2.89285102920652036573E+002    2.88726104814149323374E+002    2.88171971682358105227E+002    2.87622824070012086395E+002    2.87078777457815704111E+002    2.86539946236223386222E+002    2.86006446853397108043E+002    2.85478395935408400419E+002    2.84956086777249879560E+002    2.84440075888308683716E+002    2.83929840501555361243E+002    2.83425479758501126071E+002    2.82927087906292058506E+002    2.82434753801539955020E+002    2.81948560413285804316E+002    2.81468584328549866314E+002    2.80994895264121737455E+002    2.80527555588407608411E+002    2.80066579721822733973E+002    2.79611523704460637418E+002    2.79162648539784129298E+002    2.78720594510894784435E+002    2.78285565798608843124E+002    2.77857656863974796124E+002    2.77589084434167261861E+002    2.77282482387691231907E+002    2.76964925636259977182E+002    2.76766332119147193680E+002    2.76566161779048968583E+002    2.76364391551019082272E+002    2.76160997927459675338E+002    2.75955956948963319064E+002    2.75749244195017467973E+002    2.75540834774575898791E+002    2.75330703316502820144E+002
   2.92793475940500968591E+002    2.92555554900908305171E+002    2.92315763835811765148E+002    2.92074080697355782377E+002    2.91830483232961910289E+002    2.91584948989799784158E+002    2.91337455319729428993E+002    2.91087979384738844146E+002    2.90836498162901420983E+002    2.90582988454877693130E+002    2.90327426890987169372E+002    2.90069789938876056112E+002    2.89810053911807642635E+002    2.89548194977602236122E+002    2.89284189168253874413E+002    2.89018012390250930821E+002    2.88749640435629430613E+002    2.88479048993785966104E+002    2.88206213664078688907E+002    2.87931109969243436808E+002    2.87653713369653530663E+002    2.87373999278449389294E+002    2.87091943077564565101E+002    2.86807520134674746259E+002    2.86520705821093997656E+002    2.86231475530641773730E+002    2.85939804699503952179E+002    2.85645668827107954257E+002    2.85349043498031107902E+002    2.85049904404960273041E+002    2.84748227372715177808E+002    2.84443988383350244931E+002    2.84137163602340365287E+002    2.83827729405860168299E+002    2.83515662409155765999E+002    2.83200939496008516016E+002    2.82883537849284323329E+002    2.82563434982557510011E+002    2.82240608772793052594E+002    2.81915037494066211821E+002    2.81586699852291928892E+002    2.81255575020930848495E+002    2.80921642677631894003E+002    2.80584883041765067446E+002    2.80245276912789563539E+002    2.79902805709396886868E+002    2.79557451509359054853E+002    2.79209197090005034170E+002    2.78858025969239008646E+002    2.78503922447007937535E+002    2.78146871647115403903E+002    2.77786859559270681075E+002    2.77423873081253702821E+002    2.77057900061068494324E+002    2.76688929338948526038E+002    2.76316950789070176597E+002
   2.92288707616914734899E+002    2.91824115779949636362E+002    2.91364167401372696986E+002    2.90908915382366728863E+002    2.90458408674045927000E+002    2.90012692031034873708E+002    2.89571773787822621671E+002    2.89135542406511945046E+002    2.88703943607002543104E+002    2.88277210364556651712E+002    2.87855663080126646491E+002    2.87439503088600019964E+002    2.87144986004519807921E+002    2.86869094414707888063E+002    2.86520873469129412570E+002    2.86336498321569422387E+002    2.86152521068361636480E+002    2.85967220986667825855E+002    2.85780580652899743654E+002    2.85592582344214406476E+002    2.85403208033042631087E+002    2.85212439381549643258E+002    2.85020257736030544038E+002    2.84826644121244214602E+002    2.84631579234686853397E+002    2.84435043440810886750E+002    2.84237016765191697232E+002    2.84037478888647171971E+002    2.83836409141315300531E+002    2.83633786496694256130E+002    2.83429589565652520378E+002    2.83223796590413485319E+002    2.83016385438524423535E+002    2.82807333596815169585E+002    2.82596618165357256203E+002    2.82384215851431520150E+002    2.82170102963515148531E+002    2.81954255405299477388E+002    2.81736648669750479712E+002    2.81517257833224618935E+002    2.81296057549655301955E+002    2.81073022044824597288E+002    2.80848125110737328214E+002    2.80621340100114764482E+002    2.80392639921027978289E+002    2.80161997031691441862E+002    2.79929383435438637662E+002    2.79694770675904351265E+002    2.79458129832438658013E+002    2.79219431515780797781E+002    2.78978645864021359557E+002    2.78735742538884949226E+002    2.78490690722366991849E+002    2.78243459113759115553E+002    2.77994015927102566366E+002    2.77742328889109899137E+002
   2.92764015164607599218E+002    2.92530984349321386162E+002    2.92296131362322910263E+002    2.92059434355896371471E+002    2.91820871256748205269E+002    2.91580419769082254788E+002    2.91338057378088137739E+002    2.91093761353865886576E+002    2.90847508755809201375E+002    2.90599276437473292845E+002    2.90349041051950166548E+002    2.90096779057778576316E+002    2.89842466725413544282E+002    2.89586080144283016580E+002    2.89327595230459564846E+002    2.89066987734973849911E+002    2.88804233252799861020E+002    2.88539307232539499637E+002    2.88272184986837260112E+002    2.88002841703553031039E+002    2.87731252457723826410E+002    2.87457392224344118858E+002    2.87181235891993935638E+002    2.86902758277344787530E+002    2.86621934140572250271E+002    2.86338738201704074982E+002    2.86053145157931794529E+002    2.85765129701912485416E+002    2.85474666541086946836E+002    2.85181730418039649066E+002    2.84886296131921199049E+002    2.84588338560957708978E+002    2.84287832686063097754E+002    2.83984753615573254137E+002    2.83679076611114453499E+002    2.83370777114617510506E+002    2.83059830776485398474E+002    2.82746213484917120695E+002    2.82429901396387663226E+002    2.82110870967279765864E+002    2.81789098986655972112E+002    2.81464562610157372546E+002    2.81137239395006417908E+002    2.80807107336088222382E+002    2.80474144903074886770E+002    2.80138331078554017495E+002    2.79799645397112215051E+002    2.79458067985318791671E+002    2.79113579602544859881E+002    2.78766161682548045064E+002    2.78415796375739944324E+002    2.78062466592048565417E+002    2.77706156044276667672E+002    2.77346849291848855046E+002    2.76984531784830949164E+002    2.76619189908094710972E+002
   2.72091668623981718156E+002    2.71693220501544601575E+002    2.71294448252313145531E+002    2.70895360993744475309E+002    2.70495967652895785704E+002    2.70096276967625215093E+002    2.69696297487922947766E+002    2.69296037577363676974E+002    2.68895505414674858002E+002    2.68494708995413532193E+002    2.68093656133744616454E+002    2.67692354464314405504E+002    2.67290811444211726666E+002    2.66889034355012654487E+002    2.66487030304899974453E+002    2.66084806230853700981E+002    2.65682368900904634756E+002    2.65279724916447605665E+002    2.64876880714607011669E+002    2.64473842570650447215E+002    2.64070616600444964206E+002    2.63667208762951474910E+002    2.63263624862751044020E+002    2.62859870552601194049E+002    2.62455951336015573361E+002    2.62051872569863348872E+002    2.61647639466985310719E+002    2.61243257098821629825E+002    2.60838730398048312509E+002    2.60434064161218657318E+002    2.60029263051406701379E+002    2.59624331600849188817E+002    2.59219274213583162236E+002    2.58814095168077130893E+002    2.58408798619851211242E+002    2.58003388604086694613E+002    2.57597869038219698723E+002    2.57192243724519073567E+002    2.56786516352644923700E+002    2.56380690502186780577E+002    2.55974769645179350164E+002    2.55568757148593647344E+002    2.55162656276803346600E+002    2.54756470194023052045E+002    2.54350201966719168922E+002    2.53943854565990307037E+002    2.53537430869917784548E+002    2.53130933665884043648E+002    2.52724365652858807607E+002    2.52317729443651387555E+002    2.51911027567129679028E+002    2.51504262470403887164E+002    2.51097436520975264784E+002    2.50690552008849238064E+002    2.50283611148611953467E+002    2.49876616081471127018E+002
   3.10030671818891335079E+002    3.09284023249365191077E+002    3.08538734864064849717E+002    3.07794872130257090248E+002    3.07052503473030526493E+002    3.06311700392932323211E+002    3.05572537585860686704E+002    3.04835093064914815386E+002    3.04099448283840786189E+002    3.03365688261652223900E+002    3.02633901707935763170E+002    3.01904181148274972202E+002    3.01176623049139038812E+002    3.00451327941500778707E+002    2.99728400542341830715E+002    2.99007949873100130844E+002    2.98290089374002036493E+002    2.97574937013097326144E+002    2.96862615388685583184E+002    2.96153251823687810429E+002    2.95446978450370295377E+002    2.94743932283680805995E+002    2.94044249282421048974E+002    2.93347583290316833882E+002    2.92652815079918070751E+002    2.91958820076088045425E+002    2.91265198744366159644E+002    2.90572198567296993588E+002    2.89880354719596198265E+002    2.89269137970110648439E+002    2.88726391643579120228E+002    2.88188722362610462824E+002    2.87657354579010871021E+002    2.87132738156965899634E+002    2.86614846177208335121E+002    2.86103526599948054354E+002    2.85598611297052968894E+002    2.84999890131242466396E+002    2.84401899194791326408E+002    2.83809261114147773242E+002    2.83222132189088483756E+002    2.82640668253409330646E+002    2.82065024069567016340E+002    2.81495346115785480379E+002    2.80931780006408359895E+002    2.80374474249958780092E+002    2.79823576786167848240E+002    2.79279232092398274290E+002    2.78743952606323546206E+002    2.78343889097032160862E+002    2.78056630127168944000E+002    2.77852837039610221836E+002    2.77710190390646687320E+002    2.77612187034167277488E+002    2.77689253550545572580E+002    2.76212483481609751834E+002
   3.37672537101503621670E+002    3.36766045025905725652E+002    3.35859637249751528998E+002    3.34953322606215522228E+002    3.34047110389444583234E+002    3.33141010379769568317E+002    3.32235032870388124593E+002    3.31329188695604216264E+002    3.30423489260723613370E+002    3.29517946573702204205E+002    3.28612573278655418108E+002    3.27707382691342388625E+002    3.26802388836743261891E+002    3.25897606488858741614E+002    3.24993051212864145327E+002    3.24088739409763434196E+002    3.23184688363691634549E+002    3.22280916292026631709E+002    3.21377442398480184238E+002    3.20474286929343179509E+002    3.19571471233078341356E+002    3.18669017823454737481E+002    3.17766950446436624134E+002    3.16865294151045702620E+002    3.15964075364429845649E+002    3.15063321971380446485E+002    3.14163063398556403172E+002    3.13263330703681617706E+002    3.12364156669995395532E+002    3.11465575906249796390E+002    3.10567624952557650886E+002    3.09670342392407178522E+002    3.08773768971173183218E+002    3.07877947721460770936E+002    3.06982924095632540684E+002    3.06088746105875713965E+002    3.05195464472172773185E+002    3.04303132778548672377E+002    3.03411807637962965600E+002    3.02521548866223497498E+002    3.01632419665290115063E+002    3.00744486816328731038E+002    2.99857820882867315504E+002    2.98972496424382029545E+002    2.98088592220619773343E+002    2.97206191506927837054E+002    2.96325382220818084988E+002    2.95446257259939045525E+002    2.94568914751562488163E+002    2.93895586517229560286E+002    2.93667096778723191619E+002    2.93773145131923058671E+002    2.94156743612981699698E+002    2.94785100531969135318E+002    2.95655871418196852574E+002    2.97276938883990169415E+002
   3.16160586172574255670E+002    3.15371879035712197492E+002    3.14583967580559033195E+002    3.13796893164582400004E+002    3.13010699166459232856E+002    3.12225431083723890424E+002    3.11441136634566532848E+002    3.10657865863864060429E+002    3.09875671253513303327E+002    3.09094607837119554006E+002    3.08314733319075514828E+002    3.07536108198044360051E+002    3.06758795894829120243E+002    3.05982862884590190333E+002    3.05208378833324502466E+002    3.04435416738493813682E+002    3.03664053073629247592E+002    3.02894367936697449295E+002    3.02126445201948342856E+002    3.01360372674898030709E+002    3.00596242250025341036E+002    2.99834150070676457744E+002    2.99074196690575888624E+002    2.98316487236238288006E+002    2.97561131569461338131E+002    2.96808244448950688366E+002    2.96057945689987434434E+002    2.95310360320902702824E+002    2.94565618734950305679E+002    2.93823856835998867609E+002    2.93085216176267522314E+002    2.92349844084131461841E+002    2.91617893779801363507E+002    2.90889524476462781877E+002    2.90164900215268119155E+002    2.89443233825037054885E+002    2.88723071563514508853E+002    2.88003549163255684107E+002    2.87284688680611964173E+002    2.86566985442610075552E+002    2.85851096047306214132E+002    2.85244064846657352064E+002    2.84683095605493804214E+002    2.84128258898562080503E+002    2.83580620475901923783E+002    2.83040294236534350603E+002    2.82507139828088440936E+002    2.81980987340344995573E+002    2.81460565392373780469E+002    2.81048732369674326037E+002    2.80844600881394569569E+002    2.80814847801166422414E+002    2.80933880530504382023E+002    2.81187398054263610447E+002    2.81610566432645555324E+002    2.81051864352252266599E+002
   3.10729991194420449574E+002    3.09978119496424824320E+002    3.09227527610726326657E+002    3.08478277709490384950E+002    3.07730434809818632402E+002    3.06984066890784902171E+002    3.06239245013204822499E+002    3.05496043441905612781E+002    3.04754539770211522409E+002    3.04014815046309081481E+002    3.03276953901085221332E+002    3.02541044676973683636E+002    3.01807179557260099045E+002    3.01075454695217558765E+002    3.00345970342354405602E+002    2.99618830974953425539E+002    2.98894145417977540546E+002    2.98172026965302904955E+002    2.97452593495111102584E+002    2.96735967579147370543E+002    2.96022276584404778532E+002    2.95311652765651501795E+002    2.94604233347061096993E+002    2.93900159410422133988E+002    2.93199456458252939228E+002    2.92501247821458719045E+002    2.91804170195259530374E+002    2.91107487416003948510E+002    2.90411277463347914818E+002    2.89716028101529900596E+002    2.89040053021307755898E+002    2.88493428588449944527E+002    2.87951422716639569899E+002    2.87415290224710361144E+002    2.86885817855742857319E+002    2.86363152142105263920E+002    2.85847178980923843028E+002    2.85337733216076458120E+002    2.84780140897178853265E+002    2.84177999943360362067E+002    2.83581220355718812698E+002    2.82989961349870725371E+002    2.82404381847808053863E+002    2.81824639921122923170E+002    2.81250888458240581258E+002    2.80683274970781951652E+002    2.80121949782659328321E+002    2.79567064187747064352E+002    2.79020340683696986162E+002    2.78619744319283256573E+002    2.78344589323936986602E+002    2.78164685186518624960E+002    2.78057775234092105165E+002    2.78008329904511072073E+002    2.78132564537123300852E+002    2.76772525905999998486E+002
   3.13621175486876893501E+002    3.12848975389650377110E+002    3.12077769599226314767E+002    3.11307608199673836680E+002    3.10538543662874417350E+002    3.09770630957372816283E+002    3.09003927661111049474E+002    3.08238494078021403766E+002    3.07474393358429324508E+002    3.06711691623186140987E+002    3.05950458091411462647E+002    3.05190765211690688830E+002    3.04432688796520267260E+002    3.03676308159744507975E+002    3.02921706256668471724E+002    3.02168969826464319794E+002    3.01418189536415809471E+002    3.00669460127465356436E+002    2.99922880560434521158E+002    2.99178554162194018318E+002    2.98436588770944979387E+002    2.97697096879660932700E+002    2.96960195776603825379E+002    2.96226007681692919959E+002    2.95494659877351580235E+002    2.94766284832298424590E+002    2.94041020316575838933E+002    2.93319009505928818271E+002    2.92600401073458328938E+002    2.91885346997414217185E+002    2.91173498098879178997E+002    2.90463625132075151214E+002    2.89754566326737688087E+002    2.89045997682562926911E+002    2.88338245961748327773E+002    2.87631898528209376309E+002    2.86993369461703423440E+002    2.86439047720955500154E+002    2.85890083501704452829E+002    2.85347734427580633110E+002    2.84812436909805455798E+002    2.84284151086896827110E+002    2.83762721175523608963E+002    2.83247973905130095318E+002    2.82656222095040845943E+002    2.82048023262383537713E+002    2.81445555938016525488E+002    2.80848991381436690062E+002    2.80259322132926683935E+002    2.79854764402817806968E+002    2.79621786928239544068E+002    2.79528804941686587426E+002    2.79552412944094953673E+002    2.79678803175471102804E+002    2.79975247761555579018E+002    2.79063888848960743871E+002
   3.03232687262017066132E+002    3.02546145328117063400E+002    3.01862050147450986515E+002    3.01180506043934713034E+002    3.00501621068124165959E+002    2.99825507051889360355E+002    2.99152279654158974154E+002    2.98482043326108964720E+002    2.97814537594625903694E+002    2.97148846684442276000E+002    2.96483885229075951884E+002    2.95819092757449652709E+002    2.95154544208591687493E+002    2.94490659215429957385E+002    2.93923085568628721376E+002    2.93402729132575586846E+002    2.92886892925565348378E+002    2.92376606376211384486E+002    2.91872423577317363197E+002    2.91374417996276463327E+002    2.90882471211629251684E+002    2.90371343937563551663E+002    2.89788565738673696615E+002    2.89210310133844757274E+002    2.88636706713503826904E+002    2.88067885188546540576E+002    2.87503975052530279299E+002    2.86945105146461628465E+002    2.86391401692215652020E+002    2.85842985625614403489E+002    2.85299977494412587475E+002    2.84762499954580164285E+002    2.84230675313884773914E+002    2.83704843991722555074E+002    2.83185487192261291511E+002    2.82672123999406380790E+002    2.82164857623929549391E+002    2.81663785947297128587E+002    2.81169000981512567705E+002    2.80680588328597366399E+002    2.80198626643640182010E+002    2.79723187105572151268E+002    2.79254332900005692863E+002    2.78792073587336801666E+002    2.78335767888022473926E+002    2.77886058597039493634E+002    2.77443537124303077235E+002    2.77008302487881451270E+002    2.76580930269419013712E+002    2.76364786742703358868E+002    2.76023463823196209432E+002    2.75734717122859251504E+002    2.75533675262697784092E+002    2.75331013485305788890E+002    2.75126707743053884769E+002    2.74920733520023361507E+002
   2.92542072414832716731E+002    2.92070817262819446114E+002    2.91604180358816563512E+002    2.91142219962980334458E+002    2.90684990628147829739E+002    2.90232542942270129060E+002    2.89784923274983555075E+002    2.89342153843079756825E+002    2.88904154079035834002E+002    2.88470813522514163196E+002    2.88042317157583454446E+002    2.87619014007569660407E+002    2.87201116125835255843E+002    2.86857667696904059085E+002    2.86620065855744655892E+002    2.86250819166179667263E+002    2.86043188868790423385E+002    2.85858992851802497626E+002    2.85673469472340173070E+002    2.85486601197583638623E+002    2.85298370192491290709E+002    2.85108758314243743826E+002    2.84917747106618264752E+002    2.84725317794295392559E+002    2.84531451277101496089E+002    2.84336128124189770006E+002    2.84139328568163193722E+002    2.83941032499143943824E+002    2.83741219458792897967E+002    2.83539868634285198823E+002    2.83336958852246141305E+002    2.83132468572654204308E+002    2.82926375882718105004E+002    2.82718658490733787403E+002    2.82509293719931122268E+002    2.82298258502317594321E+002    2.82085529372529606462E+002    2.81871082461700780186E+002    2.81654893491359189284E+002    2.81436937767365975560E+002    2.81217190173908079487E+002    2.80995625167559580859E+002    2.80772216771427792992E+002    2.80546938569400310826E+002    2.80319763700511600746E+002    2.80090664853448402027E+002    2.79859614261214915132E+002    2.79626583695980741595E+002    2.79391544464136188708E+002    2.79154467401579495345E+002    2.78915322869265537520E+002    2.78674080749045288030E+002    2.78430710439827407754E+002    2.78185180854097040992E+002    2.77937460414827057775E+002    2.77687517052821476682E+002
   2.91954169001707896314E+002    2.91752498217512027168E+002    2.91549336495134468805E+002    2.91344664913319661537E+002    2.91138464269567009524E+002    2.90930715077101410770E+002    2.90721397561925357422E+002    2.90510491659963179245E+002    2.90297977014307605259E+002    2.90083832972580239584E+002    2.89868038584418172832E+002    2.89650572599098779847E+002    2.89431413463317198875E+002    2.89210539319130532476E+002    2.88987928002083833690E+002    2.88763557039533736770E+002    2.88537403649188377130E+002    2.88309444737878834530E+002    2.88079656900584268442E+002    2.87848016419728253368E+002    2.87614499264768767262E+002    2.87379081092104001982E+002    2.87141737245316846838E+002    2.86902442755782715267E+002    2.86661172343667033147E+002    2.86417900419339048312E+002    2.86172601085229644013E+002    2.85925248138163851763E+002    2.85675815072197906375E+002    2.85424275081993982894E+002    2.85170601066764902498E+002    2.84914765634824902918E+002    2.84656741108782455285E+002    2.84396499531411507178E+002    2.84134012672242192821E+002    2.83869252034908470250E+002    2.83602188865296909626E+002    2.83332794160537048356E+002    2.83061038678877878283E+002    2.82786892950496110188E+002    2.82510327289280439800E+002    2.82231311805639393242E+002    2.81949816420380898307E+002    2.81665810879709681558E+002    2.81379264771393081901E+002    2.81090147542142460679E+002    2.80798428516259377830E+002    2.80504076915595931041E+002    2.80207061880875585302E+002    2.79907352494423150802E+002    2.79604917804349497601E+002    2.79299726850236027076E+002    2.78991748690360793717E+002    2.78680952430508000361E+002    2.78367307254397530869E+002    2.78050782455769990520E+002
   2.92826586043127178982E+002    2.92348058223509212894E+002    2.91874113563012429040E+002    2.91404815894650766950E+002    2.90940225627516952045E+002    2.90480399479308914579E+002    2.90025390211010289931E+002    2.89575246365281714134E+002    2.89130012010165842185E+002    2.88689671933261251979E+002    2.88254048004555841089E+002    2.87823195851801813205E+002    2.87397465884011751314E+002    2.86977141050758802976E+002    2.86562357135233185090E+002    2.86354581325837216355E+002    2.86009498796395234876E+002    2.85738777865681811363E+002    2.85554457207546363406E+002    2.85368805733494127708E+002    2.85181805816870905801E+002    2.84993439526014924468E+002    2.84803688618614160077E+002    2.84612534535990391760E+002    2.84419958397314019294E+002    2.84225940993751066799E+002    2.84030462782546521794E+002    2.83833503881046453898E+002    2.83635044060664199606E+002    2.83435062740792886871E+002    2.83233538982672030215E+002    2.83030451483210583774E+002    2.82825778568775376698E+002    2.82619498188948625739E+002    2.82411587910264472612E+002    2.82202024909930685226E+002    2.81990785969544901945E+002    2.81777847468815252796E+002    2.81563185379295020994E+002    2.81346775258143679821E+002    2.81128592241925275630E+002    2.80908611040459220476E+002    2.80686805930736284154E+002    2.80463150750916781817E+002    2.80237618894426759653E+002    2.80010183304171846430E+002    2.79780816466887301885E+002    2.79549490407645805590E+002    2.79316176684545723674E+002    2.79080846383605660321E+002    2.78843470113889225104E+002    2.78604018002890143180E+002    2.78362459692207380613E+002    2.78118764333542515033E+002    2.77872900585053457689E+002    2.77624836608102555147E+002
   3.05297414707961024760E+002    3.04590425112053026169E+002    3.03885485611404533302E+002    3.03182687691117564555E+002    3.02482126453291186863E+002    3.01783900709469719459E+002    3.01088113069036921843E+002    3.00394870022589088876E+002    2.99704282019227832734E+002    2.99016463536610785923E+002    2.98331533142496198252E+002    2.97649613546407522335E+002    2.96970816515270939817E+002    2.96294752620061160542E+002    2.95620331752718925600E+002    2.94946492468962446765E+002    2.94272846903711922550E+002    2.93599612381744066170E+002    2.92927277206022836253E+002    2.92369344718158458818E+002    2.91842796415937186794E+002    2.91321115082752442049E+002    2.90805309878943091917E+002    2.90295824633652216562E+002    2.89792665706773334477E+002    2.89295694962237803338E+002    2.88772273767169963321E+002    2.88183915526567318466E+002    2.87600304612009665561E+002    2.87021578563968773778E+002    2.86447874959204682455E+002    2.85879331030916603140E+002    2.85316083128353113807E+002    2.84758262591702930422E+002    2.84205997149079166775E+002    2.83659416076288380282E+002    2.83118649812965827550E+002    2.82583827030280360759E+002    2.82055558601607685887E+002    2.81533803329383943037E+002    2.81018344795536677339E+002    2.80509289748199762471E+002    2.80006738867444653351E+002    2.79510786166386367313E+002    2.79021518393929000013E+002    2.78539014443821031364E+002    2.78063344774942891036E+002    2.77594550193213763123E+002    2.77133966966101354501E+002    2.76723504907322194413E+002    2.76335337321614758821E+002    2.75940960021872399466E+002    2.75512504014051899048E+002    2.75190617114883252725E+002    2.74894359328593338887E+002    2.74398510603694603560E+002
   2.96614358723992211253E+002    2.96055803400559341299E+002    2.95501011463643692423E+002    2.94950084546433743071E+002    2.94403124488954063054E+002    2.93860233119809265645E+002    2.93321512023112575207E+002    2.92787062155345324754E+002    2.92256982391943495259E+002    2.91731368099431222163E+002    2.91210313190743477207E+002    2.90693912829873283954E+002    2.90182262957815680693E+002    2.89675764665797885300E+002    2.89174685447410070083E+002    2.88678630224634503065E+002    2.88187681898259540958E+002    2.87701919712408823671E+002    2.87221418897506566736E+002    2.86746250312158679208E+002    2.86276480086085143739E+002    2.85812169266365003750E+002    2.85353373469346081492E+002    2.84900125179126291641E+002    2.84452315103458261092E+002    2.84009743048695440848E+002    2.83572763648619968535E+002    2.83141806582991762298E+002    2.82717031533181966552E+002    2.82352916204381870102E+002    2.82127052198086005319E+002    2.81751669413064860237E+002    2.81528521884509416395E+002    2.81337123706276258872E+002    2.81144277397734981605E+002    2.80949962834995858429E+002    2.80754159528490390585E+002    2.80556846615856670724E+002    2.80358002854728908915E+002    2.80157606615433110164E+002    2.79955635873593564611E+002    2.79752068202654015749E+002    2.79546880766318849965E+002    2.79340050310919139065E+002    2.79131553157710072810E+002    2.78921365195107284762E+002    2.78709461870868494771E+002    2.78495818184230188308E+002    2.78280408678008541301E+002    2.78063207430674651732E+002    2.77844188048416185666E+002    2.77623323657197829561E+002    2.77400586894834475515E+002    2.77175949903092373461E+002    2.76949384319835303359E+002    2.76720861271233104617E+002
   2.90992813133870242837E+002    2.90806937044364644862E+002    2.90619745756085762878E+002    2.90431222580565759017E+002    2.90241350561594060764E+002    2.90050112470999465586E+002    2.89857490804413544083E+002    2.89663467777018240668E+002    2.89468025319282901364E+002    2.89271145072695389899E+002    2.89072808385492237448E+002    2.88872996308394135667E+002    2.88671689590352798405E+002    2.88468868674315444878E+002    2.88264513693014635010E+002    2.88058604464791415012E+002    2.87851120489459447072E+002    2.87642040944219957055E+002    2.87431344679636595174E+002    2.87219010215681464615E+002    2.87005015737861924663E+002    2.86789339093442208650E+002    2.86571957787770884352E+002    2.86352848980729106643E+002    2.86131989483313191158E+002    2.85909355754367936697E+002    2.85684923897487237809E+002    2.85458669658098756372E+002    2.85230568420752888414E+002    2.85000595206634898204E+002    2.84768724671321933783E+002    2.84534931102807433945E+002    2.84299188419816630358E+002    2.84061470170438440164E+002    2.83821749531100863351E+002    2.83579999305917624497E+002    2.83336191926435560617E+002    2.83090299451815610610E+002    2.82842293569478840709E+002    2.82592145596252919404E+002    2.82339826480056501623E+002    2.82085306802157845141E+002    2.81828556780050519137E+002    2.81569546270985881620E+002    2.81308244776207743598E+002    2.81044621445934467374E+002    2.80778645085137213755E+002    2.80510284160162541411E+002    2.80239506806252734350E+002    2.79966280836016039757E+002    2.79690573748903034357E+002    2.79412352741746019547E+002    2.79131584720419823498E+002    2.78848236312685457960E+002    2.78562273882277452230E+002    2.78273663544299552086E+002
   2.89217218542832540606E+002    2.88873615007656496800E+002    2.88527751386119405197E+002    2.88179627875094979572E+002    2.87829245404589073587E+002    2.87476605650495514510E+002    2.87121711046478083063E+002    2.86764564794921511748E+002    2.86405170876892611886E+002    2.86043534061055993334E+002    2.85679659911489352453E+002    2.85313554794348192445E+002    2.84945225883328760119E+002    2.84574681163882758028E+002    2.84201929436143416297E+002    2.83826980316520177894E+002    2.83449844237929085011E+002    2.83070532448627261601E+002    2.82689057009623638805E+002    2.82305430790648415496E+002    2.81919667464660165024E+002    2.81531781500883710123E+002    2.81141788156370864726E+002    2.80749703466087225934E+002    2.80355544231528881483E+002    2.79959328007883414102E+002    2.79561073089752710530E+002    2.79160798495462472602E+002    2.78758523949988841650E+002    2.78354269866538913902E+002    2.77948057326826415192E+002    2.77539908060092443520E+002    2.77129844420921472192E+002    2.76717889365913720212E+002    2.76304066429277042971E+002    2.75888399697403087885E+002    2.75470913782504624123E+002    2.75051633795385214398E+002    2.74630585317423481229E+002    2.74207794371852855875E+002    2.73783287394421222416E+002    2.73357091203517256872E+002    2.72929232969852193946E+002    2.72499740185784219193E+002    2.72068640634377231891E+002    2.71635962358282085916E+002    2.71201733628529325415E+002    2.70765982913322773129E+002    2.70328738846919236494E+002    2.69890030198680335616E+002    2.69449885842378193956E+002    2.69008334725835652534E+002    2.68565405840977234675E+002    2.68121128194365383024E+002    2.67675530778290521994E+002    2.67228642542482191402E+002
   2.75739144968312757555E+002    2.75336185676641377995E+002    2.74932659690190632773E+002    2.74528581153496361367E+002    2.74123964001269598612E+002    2.73718821955362670906E+002    2.73313168522061857857E+002    2.72907016989699684473E+002    2.72500380426579226878E+002    2.72093271679201848201E+002    2.71685703370790633926E+002    2.71277687900098896989E+002    2.70869237440496817726E+002    2.70460363939325702631E+002    2.70051079117509857497E+002    2.69641394469417946311E+002    2.69231321262962467245E+002    2.68820870539929387633E+002    2.68410053116525659789E+002    2.67998879584137398524E+002    2.67587360310286953791E+002    2.67175505439779840344E+002    2.66763324896032258948E+002    2.66350828382568238339E+002    2.65938025384678780938E+002    2.65524925171231927834E+002    2.65111536796625728130E+002    2.64697869102874449254E+002    2.64283930721819274368E+002    2.63869730077455756145E+002    2.63455275388367624601E+002    2.63040574670260582479E+002    2.62625635738588016466E+002    2.62210466211259415559E+002    2.61795073511425073320E+002    2.61379464870330082249E+002    2.60963647330230344323E+002    2.60547627747362469108E+002    2.60131412794964205659E+002    2.59715008966334949037E+002    2.59298422577935298250E+002    2.58881659772514524320E+002    2.58464726522265209496E+002    2.58047628631996758486E+002    2.57630371742324541628E+002    2.57212961332868076170E+002    2.56795402725456426651E+002    2.56377701087333548458E+002    2.55959861434361613419E+002    2.55541888634218224752E+002    2.55123787409582547525E+002    2.54705562341308933583E+002    2.54287217871582981843E+002    2.53868758307058726587E+002    2.53450187821973031532E+002    2.53031510461234432796E+002
   3.23580945662793112660E+002    3.22748649551369396704E+002    3.21916762093235831799E+002    3.21085307063414859385E+002    3.20254309444953776165E+002    3.19423795492529848161E+002    3.18593792799411005490E+002    3.17764330367935031063E+002    3.16935438683669644888E+002    3.16107149793427709028E+002    3.15279497387308992984E+002    3.14452516884946987830E+002    3.13626245526140110087E+002    3.12800722466051524862E+002    3.11975988875157156599E+002    3.11152088044125378019E+002    3.10329065493809366671E+002    3.09506969090526069976E+002    3.08685849166794412213E+002    3.07865758647691961869E+002    3.07046753182984730302E+002    3.06228891285163172142E+002    3.05412234473506259747E+002    3.04596847424268389659E+002    3.03782798127061312243E+002    3.02970158047466838980E+002    3.02159002295881748523E+002    3.01349409802548620974E+002    3.00541463498675511801E+002    2.99735250503482632212E+002    2.98930862316947866475E+002    2.98128395017938430556E+002    2.97327949467322355304E+002    2.96529631515549453979E+002    2.95733552214070414266E+002    2.94939828029825832800E+002    2.94148581061885579402E+002    2.93359939259152611157E+002    2.92574036637847598286E+002    2.91791013497291828571E+002    2.91011016632267342175E+002    2.90234199539985468164E+002    2.89460722619417026635E+002    2.88690753360441533459E+002    2.87924466519949817211E+002    2.87162044281693795256E+002    2.86403676396312619090E+002    2.85649506608040269384E+002    2.84897826484898985200E+002    2.84366147043697935715E+002    2.84135915612262749619E+002    2.84145336531193606788E+002    2.84356172509258385617E+002    2.84752206513178350633E+002    2.85517346369390622840E+002    2.86746863508499984619E+002
   2.92474981705299967416E+002    2.92258924762003857722E+002    2.92041220705922114576E+002    2.91821848964032426466E+002    2.91600788691932677921E+002    2.91378018772970165173E+002    2.91153517817589033712E+002    2.90927264162911058065E+002    2.90699235872567726346E+002    2.90469410736800966788E+002    2.90237766272852411475E+002    2.90004279725660296663E+002    2.89768928068884690674E+002    2.89531688006283218328E+002    2.89292535973460132936E+002    2.89051448140011359556E+002    2.88808400412091600629E+002    2.88563368435427662462E+002    2.88316327598806253718E+002    2.88067253038062688120E+002    2.87816119640599936247E+002    2.87562902050466902892E+002    2.87307574674028501249E+002    2.87050111686256514076E+002    2.86790487037676371074E+002    2.86528674462001845313E+002    2.86264647484492911644E+002    2.85998379431070588907E+002    2.85729843438227646857E+002    2.85459012463767635381E+002    2.85185859298413447505E+002    2.84910356578320090648E+002    2.84632476798531399709E+002    2.84352192327417981232E+002    2.84069475422134871678E+002    2.83784298245137222239E+002    2.83496632881791413183E+002    2.83206451359119228073E+002    2.82913725665711183410E+002    2.82618427772845222989E+002    2.82320529656843689281E+002    2.82020003322702848436E+002    2.81716820829024072737E+002    2.81410954314276295918E+002    2.81102376024414240874E+002    2.80791058341876578197E+002    2.80476973815981807547E+002    2.80160095194738289592E+002    2.79840395458078091906E+002    2.79517847852522208996E+002    2.79192425927275849062E+002    2.78864103571750092669E+002    2.78532855054497360925E+002    2.78198655063541536947E+002    2.77861478748076763168E+002    2.77521301761500751581E+002
   2.90890586801762538016E+002    2.90706018392907481029E+002    2.90520149418487733328E+002    2.90332963388908467550E+002    2.90144443548866036053E+002    2.89954572873081133366E+002    2.89763334062006322256E+002    2.89570709537512186671E+002    2.89376681438555237946E+002    2.89181231616833144926E+002    2.88984341632430925983E+002    2.88785992749464242024E+002    2.88586165931725190603E+002    2.88384841838336285491E+002    2.88182000819420125026E+002    2.87977622911791399929E+002    2.87771687834679084972E+002    2.87564174985487170488E+002    2.87355063435603142352E+002    2.87144331926264158028E+002    2.86931958864489615735E+002    2.86717922319094611794E+002    2.86502200016792528459E+002    2.86284769338402156791E+002    2.86065607315171973823E+002    2.85844690625236637516E+002    2.85621995590220706163E+002    2.85397498172007431094E+002    2.85171173969688538818E+002    2.84942998216716318893E+002    2.84712945778275468456E+002    2.84480991148898624488E+002    2.84247108450346161135E+002    2.84011271429775547404E+002    2.83773453458224935275E+002    2.83533627529439058890E+002    2.83291766259064615952E+002    2.83047841884245599431E+002    2.82801826263651435056E+002    2.82553690877969245321E+002    2.82303406830897927193E+002    2.82050944850678831699E+002    2.81796275292203006302E+002    2.81539368139736154717E+002    2.81280193010303037227E+002    2.81018719157776047268E+002    2.80754915477715883299E+002    2.80488750513010586474E+002    2.80220192460366206433E+002    2.79949209177699231077E+002    2.79675768192486998487E+002    2.79399836711131626998E+002    2.79121381629396239532E+002    2.78840369543972713018E+002    2.78556766765244447015E+002    2.78270539331304746611E+002
   2.91911302246172454034E+002    2.91710534711520722340E+002    2.91508286202981025781E+002    2.91304537916824642707E+002    2.91099270768227256667E+002    2.90892465388140010418E+002    2.90684102120234342692E+002    2.90474161017931976403E+002    2.90262621841528869027E+002    2.90049464055425005427E+002    2.89834666825470833373E+002    2.89618209016443643122E+002    2.89400069189666339753E+002    2.89180225600782364381E+002    2.88958656197702509871E+002    2.88735338618738012428E+002    2.88510250190937483694E+002    2.88283367928644395306E+002    2.88054668532294328998E+002    2.87824128387470750567E+002    2.87591723564240282940E+002    2.87357429816789476718E+002    2.87121222583384792415E+002    2.86883076986681089693E+002    2.86642967834402611516E+002    2.86400869620423861761E+002    2.86156756526277263220E+002    2.85910602423116927184E+002    2.85662380874168945866E+002    2.85412065137699585193E+002    2.85159628170534062974E+002    2.84905042632161666916E+002    2.84648280889460295384E+002    2.84389315022080950257E+002    2.84128116828526970039E+002    2.83864657832970692652E+002    2.83598909292847395136E+002    2.83330842207268347011E+002    2.83060427326297883610E+002    2.82787635161137927753E+002    2.82512435995266741884E+002    2.82234799896578010703E+002    2.81954696730568400653E+002    2.81672096174621344744E+002    2.81386967733436620165E+002    2.81099280755654717723E+002    2.80809004451725627405E+002    2.80516107913071436997E+002    2.80220560132592538594E+002    2.79922330026564736727E+002    2.79621386457977109785E+002    2.79317698261355189970E+002    2.79011234269116073392E+002    2.78701963339496671779E+002    2.78389854386098647865E+002    2.78074876409082946793E+002
   2.91666740900420620619E+002    2.91368168508797793947E+002    2.91067300273203329652E+002    2.90764120183415343490E+002    2.90458612551287444603E+002    2.90150762033366220294E+002    2.89840553654000643746E+002    2.89527972828919132553E+002    2.89213005389240720433E+002    2.88895637605888509825E+002    2.88575856214366126551E+002    2.88253648439857045105E+002    2.87929002022600570854E+002    2.87601905243495707509E+002    2.87272346949881068667E+002    2.86940316581432171006E+002    2.86605804196117048832E+002    2.86268800496145445322E+002    2.85929296853842629389E+002    2.85587285337376954431E+002    2.85242758736265557218E+002    2.84895710586578502443E+002    2.84546135195761792147E+002    2.84194027666991871683E+002    2.83839383922976082886E+002    2.83482200729109194981E+002    2.83122475715893301640E+002    2.82760207400529793631E+002    2.82395395207587284858E+002    2.82028039488652325417E+002    2.81658141540866154173E+002    2.81285703624254438182E+002    2.80910728977756207314E+002    2.80533221833857794536E+002    2.80153187431745152480E+002    2.79770632028884790543E+002    2.79385562910951023241E+002    2.78997988400018925859E+002    2.78607917860949726219E+002    2.78215361705897066713E+002    2.77820331396872234109E+002    2.77422839446311513711E+002    2.77022899415594110906E+002    2.76620525911471588643E+002    2.76215734580372895834E+002    2.75808542100561169264E+002    2.75398966172125653884E+002    2.74987025504803966669E+002    2.74572739803636466149E+002    2.74156129752466313221E+002    2.73737216995310404855E+002    2.73316024115632615121E+002    2.72892574613563681396E+002    2.72466892881123044390E+002    2.72039004175503862371E+002    2.71608934590495834982E+002
   2.93063484017182588559E+002    2.92579064093214242348E+002    2.92099193283892645923E+002    2.91623939712452056483E+002    2.91153368320295044214E+002    2.90687540593282790269E+002    2.90226514288552209564E+002    2.89770343163390577956E+002    2.89319076707766726031E+002    2.88872759882162711165E+002    2.88431381816673990670E+002    2.87994768868777157422E+002    2.87562960700157361771E+002    2.87136298513421081680E+002    2.86715073795395483103E+002    2.86299431748432539280E+002    2.86074141736017566018E+002    2.85742635368978540100E+002    2.85456324280171827468E+002    2.85271647248829992805E+002    2.85085633213249764140E+002    2.84898264411688785458E+002    2.84709522774029153425E+002    2.84519389916047998668E+002    2.84327847133614625363E+002    2.84134875396815573367E+002    2.83940455344010842964E+002    2.83744567275824124408E+002    2.83547191149071011296E+002    2.83348306570628949430E+002    2.83147892791252786537E+002    2.82945928699342005075E+002    2.82742392814664356138E+002    2.82537263282041919865E+002    2.82330517865006697775E+002    2.82122133939433126670E+002    2.81912088487155415351E+002    2.81700358089578230647E+002    2.81486918921291419338E+002    2.81271746743698770388E+002    2.81054816898671617764E+002    2.80836104302241778896E+002    2.80615583438345254308E+002    2.80393228352633400391E+002    2.80169012646365729324E+002    2.79942909470403265004E+002    2.79714891519320076441E+002    2.79484931025653963843E+002    2.79252999754316476810E+002    2.79019068997187730474E+002    2.78783109567919211713E+002    2.78545091796972656084E+002    2.78304985526922905592E+002    2.78062760108056920672E+002    2.77818384394300494478E+002    2.77571826739509049276E+002
   2.79768344212763963696E+002    2.79366590197638970494E+002    2.78963858072800178434E+002    2.78560167413175292950E+002    2.78155537715357581874E+002    2.77749988384715436496E+002    2.77343538722904781935E+002    2.76936207915799400325E+002    2.76528015021851217625E+002    2.76118978960894310148E+002    2.75709118503400418376E+002    2.75298452260195517738E+002    2.74886998672644040198E+002    2.74474776003306146777E+002    2.74061802327071518448E+002    2.73648095522772564436E+002    2.73233673265276536313E+002    2.72818553018059219539E+002    2.72402752026254347584E+002    2.71986287310179932319E+002    2.71569175659334405282E+002    2.71151433626859045489E+002    2.70733077524460952645E+002    2.70314123417786504433E+002    2.69894587122241659927E+002    2.69474484199247115157E+002    2.69053829952919443258E+002    2.68632639427168953716E+002    2.68210927403202390451E+002    2.67788708397419327412E+002    2.67365996659691177229E+002    2.66942806172009682086E+002    2.66519150647492494954E+002    2.66095043529733288779E+002    2.65670497992483092276E+002    2.65245526939650176246E+002    2.64820143005603597430E+002    2.64394358555768349106E+002    2.63968185687498817060E+002    2.63541636231215477437E+002    2.63114721751793354088E+002    2.62687453550186944540E+002    2.62259842665280984875E+002    2.61831899875950966816E+002    2.61403635703323971029E+002    2.60975060413223445721E+002    2.60546184018789858783E+002    2.60117016283261023091E+002    2.59687566722903625305E+002    2.59257844610081917835E+002    2.58827858976454592721E+002    2.58397618616287388704E+002    2.57967132089871654443E+002    2.57536407727038181292E+002    2.57105453630758461259E+002    2.56674277680819784564E+002
   3.13844718624920744787E+002    3.13071020493902437920E+002    3.12298297404720869963E+002    3.11526598605682295329E+002    3.10755975699027089831E+002    3.09986482748890011862E+002    3.09218176393188457496E+002    3.08451115959428136648E+002    3.07685363584389335756E+002    3.06920984337627373861E+002    3.06158046348688117178E+002    3.05396620937896045689E+002    3.04636782750534052866E+002    3.03878609894178453033E+002    3.03122184078898499138E+002    3.02367590759968152270E+002    3.01614919282661048783E+002    3.00864263028628556640E+002    3.00115719563266850400E+002    2.99369390783386791099E+002    2.98625383064391030530E+002    2.97883807406049925248E+002    2.97144779575840686903E+002    2.96408420248673508013E+002    2.95674855141687487503E+002    2.94944215142633936466E+002    2.94216636430198377639E+002    2.93492260584435030069E+002    2.92771234685293052280E+002    2.92053711298413702480E+002    2.91339820054295842056E+002    2.90628548760592195777E+002    2.89918403007838321628E+002    2.89208698907168582082E+002    2.88499604115482043198E+002    2.87791659769644184053E+002    2.87088628750768293685E+002    2.86531834555546652155E+002    2.85979763233513779142E+002    2.85433841583189575886E+002    2.84894897368418696715E+002    2.84363031204214848913E+002    2.83838109159182636176E+002    2.83319961061737842556E+002    2.82770260250249350520E+002    2.82159067895149689775E+002    2.81553558715439805837E+002    2.80953905027158100438E+002    2.80361044081699844810E+002    2.79955986932491725838E+002    2.79725872503865161889E+002    2.79638964294892105045E+002    2.79671701287052826501E+002    2.79810295020364947050E+002    2.80118812177100835470E+002    2.79239745626121134592E+002
   2.91687871829368759791E+002    2.91389851274685952376E+002    2.91089536806010698911E+002    2.90786912276167981872E+002    2.90481961853790494388E+002    2.90174670045859045331E+002    2.89865021720745914990E+002    2.89553002131735922831E+002    2.89238596940995989826E+002    2.88921792243957952451E+002    2.88602574594081147552E+002    2.88280931027950998669E+002    2.87956849090671937574E+002    2.87630316861505207271E+002    2.87301322979699818916E+002    2.86969856670461695103E+002    2.86635907770999665445E+002    2.86299466756586582505E+002    2.85960524766566322796E+002    2.85619073630237210182E+002    2.85275105892536373631E+002    2.84928614839446368023E+002    2.84579594523044193011E+002    2.84228039786107274267E+002    2.83873946286189607235E+002    2.83517310519078534981E+002    2.83158129841541381211E+002    2.82796402493267180489E+002    2.82432127617910680328E+002    2.82065305283142663484E+002    2.81695936499610184001E+002    2.81324023238713266437E+002    2.80949568449101832357E+002    2.80572576071800710906E+002    2.80193051053870874512E+002    2.79810999360519303991E+002    2.79426427985570740020E+002    2.79039344960222422287E+002    2.78649759360001439745E+002    2.78257681309857161978E+002    2.77863121987320198514E+002    2.77466093623669223689E+002    2.77066609503054962715E+002    2.76664683959534613678E+002    2.76260332371982769928E+002    2.75853571156848829560E+002    2.75444417758743838931E+002    2.75032890638847447917E+002    2.74619009261134522148E+002    2.74202794076433860937E+002    2.73784266504336756043E+002    2.73363448912989724704E+002    2.72940364596809558861E+002    2.72515037752173668650E+002    2.72087493451145917334E+002    2.71657757613309343014E+002
   2.92782571151943045606E+002    2.92546911838081598489E+002    2.92309404464529791312E+002    2.92070027065771967045E+002    2.91828757461482666713E+002    2.91585573260337980628E+002    2.91340451864273290994E+002    2.91093370473208096882E+002    2.90844306090263273745E+002    2.90593235527494925918E+002    2.90340135412169559004E+002    2.90084982193608141188E+002    2.89827752150623268790E+002    2.89568421399578369346E+002    2.89306965903095488102E+002    2.89043361479439340656E+002    2.88777583812607247182E+002    2.88509608463150982516E+002    2.88239410879762431250E+002    2.87966966411648627400E+002    2.87692250321727044593E+002    2.87415237800668762702E+002    2.87135903981817932618E+002    2.86854223957014880853E+002    2.86570172793350252505E+002    2.86283725550876681609E+002    2.85994857301302431551E+002    2.85703543147691618742E+002    2.85409758245193359016E+002    2.85113477822819845642E+002    2.84814677206293595191E+002    2.84513331841978697412E+002    2.84209417321911018917E+002    2.83902909409937876717E+002    2.83593784068974969159E+002    2.83282017489385168574E+002    2.82967586118478834578E+002    2.82650466691132407959E+002    2.82330636261515337537E+002    2.82008072235913971326E+002    2.81682752406630470432E+002    2.81354654986934349381E+002    2.81023758647033787383E+002    2.80690042551030046525E+002    2.80353486394810488491E+002    2.80014070444827268602E+002    2.79671775577703613180E+002    2.79326583320599127092E+002    2.78978475892260064484E+002    2.78627436244668103882E+002    2.78273448105198156100E+002    2.77916496019181295196E+002    2.77556565392764184708E+002    2.77193642535945059535E+002    2.76827714705659161609E+002    2.76458770148777261966E+002
   3.53732350734087219735E+002    3.52744292731030441246E+002    3.51756189272370818344E+002    3.50768043505577963970E+002    3.49779858750621087893E+002    3.48791638509317692751E+002    3.47803386475234560749E+002    3.46815106544171385394E+002    3.45826802825268657671E+002    3.44838479652775617978E+002    3.43850141598522384356E+002    3.42861793485141902238E+002    3.41873440400087929447E+002    3.40885087710503000835E+002    3.39896741078989350626E+002    3.38908406480342023315E+002    3.37920090219307610369E+002    3.36931798949434835322E+002    3.35943539693088951026E+002    3.34955319862706232925E+002    3.33967147283370991317E+002    3.32979030216800936159E+002    3.31990977386837016638E+002    3.31002998006534255637E+002    3.30015101806963684794E+002    3.29027299067836509039E+002    3.28039600650075556132E+002    3.27052018030460430964E+002    3.26064563338490813749E+002    3.25077249395612398075E+002    3.24090089756967188350E+002    3.23103098755837663703E+002    3.22116291550966934665E+002    3.21129684176948899221E+002    3.20143293597895251423E+002    3.19157137764603135111E+002    3.18171235675457012348E+002    3.17185607441319405098E+002    3.16200274354679038424E+002    3.15215258963342932930E+002    3.14230585148979344012E+002    3.13246278210837260758E+002    3.12262364954988470345E+002    3.11278873789462522836E+002    3.10295834825666304368E+002    3.09313279986502607244E+002    3.08331243121633690407E+002    3.07349760130353161003E+002    3.06368869092563784307E+002    3.05545809458815369908E+002    3.05245309433239469854E+002    3.05328816586360744623E+002    3.05727811634061254153E+002    3.06401940026628437863E+002    3.07344457413363159048E+002    3.09007170869898004639E+002
   2.88133916339652500938E+002    2.87776982582452887982E+002    2.87417896656199445715E+002    2.87056664973809233743E+002    2.86693294696292753088E+002    2.86327793735962245592E+002    2.85960170758479762299E+002    2.85590435183710553702E+002    2.85218597185355690726E+002    2.84844667689336006333E+002    2.84468658370908656252E+002    2.84090581650498620547E+002    2.83710450688232469929E+002    2.83328279377168598785E+002    2.82944082335218979551E+002    2.82557874895766133250E+002    2.82169673096982819516E+002    2.81779493669864848471E+002    2.81387354024997478064E+002    2.80993272238074553115E+002    2.80597267034201763636E+002    2.80199357771013069396E+002    2.79799564420640706430E+002    2.79397907550579361668E+002    2.78994408303492775758E+002    2.78589088376011943637E+002    2.78181969996583120519E+002    2.77773075902421169303E+002    2.77362429315635267812E+002    2.76950053918588935176E+002    2.76535973828564124233E+002    2.76120213571803333252E+002    2.75702798056998460652E+002    2.75283752548304789798E+002    2.74863102637955478258E+002    2.74440874218552323782E+002    2.74017093455112785705E+002    2.73591786756949204573E+002    2.73164980749457470210E+002    2.72736702245893241070E+002    2.72306978219209383951E+002    2.71875835774029383174E+002    2.71443302118829194569E+002    2.71009404538396779571E+002    2.70574170366636451490E+002    2.70137626959784313385E+002    2.69699801670093791017E+002    2.69260721820052367548E+002    2.68820414677182668584E+002    2.68378907429479227176E+002    2.67936227161529473051E+002    2.67492400831361464952E+002    2.67047455248058611232E+002    2.66601417050176451085E+002    2.66154312684993783478E+002    2.65706168388624973886E+002
   2.90289454367276277935E+002    2.90111714919910184562E+002    2.89932751320208524248E+002    2.89752548141650777325E+002    2.89571089704463133785E+002    2.89388360071199429058E+002    2.89204343042270295427E+002    2.89019022151422404932E+002    2.88832380661169963787E+002    2.88644401558180902612E+002    2.88455067548620263551E+002    2.88264361053453455952E+002    2.88072264203713018560E+002    2.87878758835732696753E+002    2.87683826486351790663E+002    2.87487448388095060636E+002    2.87289605464332737483E+002    2.87090278324425185019E+002    2.86889447258859263457E+002    2.86687092234380656919E+002    2.86483192889130918957E+002    2.86277728527795090940E+002    2.86070678116767965093E+002    2.85862020279348655549E+002    2.85651733290971151291E+002    2.85439795074481821757E+002    2.85226183195474789045E+002    2.85010874857695569062E+002    2.84793846898527021949E+002    2.84575075784569833104E+002    2.84354537607331963045E+002    2.84132208079043550697E+002    2.83908062528611822017E+002    2.83682075897735956005E+002    2.83454222737198449522E+002    2.83224477203354865651E+002    2.82992813054842599740E+002    2.82759203649531514202E+002    2.82523621941740884722E+002    2.82286040479748578491E+002    2.82046431403620204037E+002    2.81804766443386426999E+002    2.81561016917600738907E+002    2.81315153732309170209E+002    2.81067147380467361018E+002    2.80816967941840971434E+002    2.80564585083429108181E+002    2.80309968060449818950E+002    2.80053085717932049192E+002    2.79793906492958171839E+002    2.79532398417605293162E+002    2.79268529122633424322E+002    2.79002265841974292471E+002    2.78733575418074167374E+002    2.78462424308147035390E+002    2.78188778591398374829E+002
   3.02019016189439923892E+002    3.01345703983889620758E+002    3.00675103381238614020E+002    3.00007326274987462966E+002    2.99342471832519720465E+002    2.98680301458108885981E+002    2.98019943144380761169E+002    2.97360319990665516343E+002    2.96700836151932605844E+002    2.96041526904282875421E+002    2.95382788061272776758E+002    2.94821404461063934832E+002    2.94305125976961107881E+002    2.93793266040271930706E+002    2.93286821028068800388E+002    2.92786359324156478579E+002    2.92291976576087108697E+002    2.91803563589205452899E+002    2.91291539632920773784E+002    2.90712510467529455127E+002    2.90137883674523038735E+002    2.89567784257812490978E+002    2.89002337357704050191E+002    2.88441667934252166106E+002    2.87885900381546889548E+002    2.87335157189300957725E+002    2.86789555420752265036E+002    2.86249210880294469916E+002    2.85714241579925499082E+002    2.85184765785124000104E+002    2.84661028683175914011E+002    2.84143689095416277723E+002    2.83632174767351841638E+002    2.83126586274971259627E+002    2.82627019225704145811E+002    2.82133563751065537417E+002    2.81646303998293547011E+002    2.81165317624540250563E+002    2.80690675297381687869E+002    2.80222440205586110551E+002    2.79760629237073601416E+002    2.79304788219989006848E+002    2.78855178463661957267E+002    2.78412460074782131869E+002    2.77976830705096460861E+002    2.77548384668413916643E+002    2.77275971697223667434E+002    2.76971997982739651434E+002    2.76651273260543234755E+002    2.76452149227298036749E+002    2.76251438741523429599E+002    2.76049118513876749148E+002    2.75845164806368245536E+002    2.75639553423040638336E+002    2.75432259700507700018E+002    2.75223258498357495228E+002
   3.55216096033834674017E+002    3.54220469872673334066E+002    3.53224791478618385554E+002    3.52229063721828140388E+002    3.51233289631093839489E+002    3.50237472402421929019E+002    3.49241615408123948328E+002    3.48245722206439666024E+002    3.47249796551733481920E+002    3.46253842405296836660E+002    3.45257863946795964694E+002    3.44261865586407623141E+002    3.43265851977686963892E+002    3.42269828031212796304E+002    3.41273798929063332253E+002    3.40277770140175107372E+002    3.39281747436643115634E+002    3.38285736911023491302E+002    3.37289744994704733472E+002    3.36293778477418584316E+002    3.35297844527964912231E+002    3.34301950716231488059E+002    3.33306105036595852198E+002    3.32310315932799312577E+002    3.31314592324393117906E+002    3.30318943634862648651E+002    3.29323379821539958812E+002    3.28327911407428416624E+002    3.27332549515065807100E+002    3.26337305902565503857E+002    3.25342193001982082023E+002    3.24347223960160022216E+002    3.23352412682234103158E+002    3.22357773877962074494E+002    3.21363323111082308969E+002    3.20369076851902207181E+002    3.19375052533339783167E+002    3.18381268610651545714E+002    3.17387744625099742279E+002    3.16394501271828346489E+002    3.15401560472232574739E+002    3.14408945451129625326E+002    3.13416680819056466589E+002    3.12424792660043237902E+002    3.11433308625230495181E+002    3.10442258032728489070E+002    3.09451671974132807463E+002    3.08461583428147378072E+002    3.07472027381782368138E+002    3.06635975277891645874E+002    3.06327062756380598785E+002    3.06405243328218546139E+002    3.06801289736320995871E+002    3.07474353305565045957E+002    3.08417379025578441087E+002    3.10079625315478210723E+002
   2.93361620461304141827E+002    2.92869988401279613299E+002    2.92382857164486154034E+002    2.91900299836073429560E+002    2.91422386628784522600E+002    2.90949184603848777897E+002    2.90480757390410303742E+002    2.90017164904972048589E+002    2.89558463072414383532E+002    2.89104703550222893682E+002    2.88655933457614878535E+002    2.88212160459079939301E+002    2.87773251937708892001E+002    2.87339161568642168731E+002    2.86910166724136047378E+002    2.86486597086831295655E+002    2.86068645110226384531E+002    2.85776114022713443319E+002    2.85497387034613097967E+002    2.85150679713930685466E+002    2.84965670843642669752E+002    2.84779510369787715263E+002    2.84591991326702952847E+002    2.84403095542574078536E+002    2.84212804528487595235E+002    2.84021099472534956476E+002    2.83827961233842017919E+002    2.83633370336527264044E+002    2.83437306963590856412E+002    2.83239750950738823576E+002    2.83040681780146087476E+002    2.82840078574162532732E+002    2.82637920088966950516E+002    2.82434184708175223477E+002    2.82228850436407299185E+002    2.82021894892821194389E+002    2.81813295304620282877E+002    2.81603028500542677648E+002    2.81391070904340836023E+002    2.81177398528262187938E+002    2.80961986966540621324E+002    2.80744811388910534333E+002    2.80525846534155903100E+002    2.80305066703708860132E+002    2.80082445755311994162E+002    2.79857957096760003424E+002    2.79631573679739403815E+002    2.79403267993783970269E+002    2.79173012060366886544E+002    2.78940777427151431311E+002    2.78706535162422937901E+002    2.78470255849728744124E+002    2.78231909582752678034E+002    2.77991465960452330819E+002    2.77748894082492597590E+002    2.77504162545006579421E+002
   2.90686697384454930670E+002    2.90366599686586994267E+002    2.90044170781715990870E+002    2.89719401233646408400E+002    2.89392282164177572668E+002    2.89062805275386949688E+002    2.88730962871829035521E+002    2.88396747882589465917E+002    2.88060153883134319130E+002    2.87721175116888559842E+002    2.87379806516478595313E+002    2.87036043724568230573E+002    2.86689883114219981053E+002    2.86341321808705231433E+002    2.85990357700692754861E+002    2.85636989470738853925E+002    2.85281216605002043707E+002    2.84923039412108323631E+002    2.84562459039087457313E+002    2.84199477486306193441E+002    2.83834097621322257510E+002    2.83466323191584081087E+002    2.83096158835903565887E+002    2.82723610094633386325E+002    2.82348683418477662599E+002    2.81971386175873306001E+002    2.81591726658880531886E+002    2.81209714087524616843E+002    2.80825358612536945202E+002    2.80438671316447198478E+002    2.80049664212985646827E+002    2.79658350244757627934E+002    2.79264743279162530598E+002    2.78868858102531305576E+002    2.78470710412469372841E+002    2.78070316808393556585E+002    2.77667694780262024778E+002    2.77262862695505248212E+002    2.76855839784168949791E+002    2.76446646122294396264E+002    2.76035302613563146679E+002    2.75621830969245650067E+002    2.75206253686499280775E+002    2.74788594025067538951E+002    2.74368875982442887107E+002    2.73947124267559843247E+002    2.73523364273092283838E+002    2.73097622046437493282E+002    2.72669924259471429195E+002    2.72240298177169393057E+002    2.71808771625187262089E+002    2.71375372956506623723E+002    2.70940131017245732892E+002    2.70503075111748557902E+002    2.70064234967057927861E+002    2.69623640696887491686E+002
   3.04566745819404843587E+002    3.03866726254179752686E+002    3.03168889715328987222E+002    3.02473332178194652897E+002    3.01780153294526314767E+002    3.01089456474042606260E+002    3.00401348960369375618E+002    2.99715941900263828757E+002    2.99033350404945394985E+002    2.98353693602242742600E+002    2.97677084579014433530E+002    2.97003339054822390608E+002    2.96331615705826038720E+002    2.95660792706232939508E+002    2.94990217948859253738E+002    2.94319911199214061526E+002    2.93650282122195392276E+002    2.93051625351239749762E+002    2.92526101641316017776E+002    2.92005010186836329922E+002    2.91489503819864751222E+002    2.90980214056916054233E+002    2.90477229117086835686E+002    2.89980426048637070835E+002    2.89486910537386165743E+002    2.88899297591181721145E+002    2.88316316544007577249E+002    2.87738102021306929146E+002    2.87164788807639922652E+002    2.86596511489014176277E+002    2.86033404015321764291E+002    2.85475597853054807729E+002    2.84923218537270884099E+002    2.84376391420606580596E+002    2.83835244152926350125E+002    2.83299903846837821675E+002    2.82770673483857308383E+002    2.82248125866753298396E+002    2.81731738438493550802E+002    2.81221618150080132637E+002    2.80717866305211657618E+002    2.80220577983097825836E+002    2.79729841461031412564E+002    2.79245737641053665357E+002    2.78768339485290653101E+002    2.78297708319221044349E+002    2.77833798016964067301E+002    2.77375953140234457805E+002    2.76926521077147469896E+002    2.76512923153644351260E+002    2.76106636938217263832E+002    2.75696091908990695174E+002    2.75504496149638782754E+002    2.75109883682049598974E+002    2.74787241695985926526E+002    2.74584393418186891722E+002
   2.92784056210054359326E+002    2.92535144302176604469E+002    2.92284260184710490194E+002    2.92031381677974763988E+002    2.91776486457554597109E+002    2.91519552062243349155E+002    2.91260555902578801124E+002    2.90999475269996821680E+002    2.90736287346626795625E+002    2.90470969215753200388E+002    2.90203497872967091098E+002    2.89933850238032675861E+002    2.89662003167491036493E+002    2.89387933468026915307E+002    2.89111617910620395833E+002    2.88833033245506328512E+002    2.88552156217964352436E+002    2.88268963584959180935E+002    2.87983432132653092594E+002    2.87695538694807680713E+002    2.87405260172093164783E+002    2.87112573552321919124E+002    2.86817455931617701026E+002    2.86519884536534732433E+002    2.86219836747135218502E+002    2.85917290121031612671E+002    2.85612222418398459922E+002    2.85304611627953136122E+002    2.84994435993905483429E+002    2.84681674043865825752E+002    2.84366304617704827251E+002    2.84048306897347458744E+002    2.83727660437482370526E+002    2.83404345197162740533E+002    2.83078341572266936055E+002    2.82749630428785337699E+002    2.82418193136890351980E+002    2.82084011605743569362E+002    2.81747068318984190682E+002    2.81407346370839661631E+002    2.81064829502790985316E+002    2.80719502140716997474E+002    2.80371349432437568794E+002    2.80020357285565978600E+002    2.79666512405574223976E+002    2.79309802333969514621E+002    2.78950215486469232928E+002    2.78587741191057830292E+002    2.78222369725802707308E+002    2.77854092356294927413E+002    2.77482901372580840871E+002    2.77108790125439327312E+002    2.76731753061858171350E+002    2.76351785759554843480E+002    2.75968884960386560579E+002    2.75583048602488247525E+002
   2.92596058381774923873E+002    2.92330697164451009940E+002    2.92063227848513520257E+002    2.91793628985093391748E+002    2.91521879103831508928E+002    2.91247956726488041568E+002    2.90971840381268350484E+002    2.90693508617883878742E+002    2.90412940023361556996E+002    2.90130113238618719151E+002    2.89845006975814953876E+002    2.89557600036494989126E+002    2.89267871330530908835E+002    2.88975799895873763035E+002    2.88681364919120539980E+002    2.88384545756901331970E+002    2.88085321958087604344E+002    2.87783673286822249793E+002    2.87479579746366937343E+002    2.87173021603759650588E+002    2.86863979415273831819E+002    2.86552434052663443254E+002    2.86238366730178654507E+002    2.85921759032328054673E+002    2.85602592942363969541E+002    2.85280850871458767415E+002    2.84956515688536853759E+002    2.84629570750724496975E+002    2.84299999934368429422E+002    2.83967787666576214178E+002    2.83632918957219430922E+002    2.83295379431340109022E+002    2.82955155361891115717E+002    2.82612233702738762986E+002    2.82266602121847085982E+002    2.81918249034561029021E+002    2.81567163636895088530E+002    2.81213335938733678177E+002    2.80856756796840386414E+002    2.80497417947569203989E+002    2.80135312039165228271E+002    2.79770432663539281748E+002    2.79402774387394003952E+002    2.79032332782577555008E+002    2.78659104455535612033E+002    2.78283087075732169069E+002    2.77904279402904421659E+002    2.77522681313017358207E+002    2.77138293822784135045E+002    2.76751119112615469930E+002    2.76361160547864812997E+002    2.75968422698237077384E+002    2.75572911355232236019E+002    2.75174633547495943731E+002    2.74773597553961224094E+002    2.74369812914661963532E+002
   3.03268890113174677481E+002    3.02581968457402581407E+002    3.01897486025942214383E+002    3.01215546915246306980E+002    3.00536258948256033818E+002    2.99859733729937374846E+002    2.99186086693985373586E+002    2.98515424076363899530E+002    2.97847531613850378562E+002    2.97181553890272198259E+002    2.96516396609036178234E+002    2.95851436827768850435E+002    2.95186699509511242923E+002    2.94522584990770781133E+002    2.93942494535334503780E+002    2.93421648157978893323E+002    2.92905225039502340678E+002    2.92394293370927130127E+002    2.91889456093647083890E+002    2.91390807846565280670E+002    2.90898234004585560797E+002    2.90395610800895497050E+002    2.89812330831360270622E+002    2.89233565677990782206E+002    2.88659445042735285369E+002    2.88090098776033130434E+002    2.87525656540487659640E+002    2.86966247399999645040E+002    2.86411998258949779483E+002    2.85863030314174523028E+002    2.85319464008159741297E+002    2.84781422078443767987E+002    2.84249027143457624334E+002    2.83722551500501936061E+002    2.83202614353441902040E+002    2.82688666537583571881E+002    2.82180811784056061242E+002    2.81679148530999100331E+002    2.81183769382619914268E+002    2.80694760567574405741E+002    2.80212201400594835832E+002    2.79736163751513117859E+002    2.79266711526018582390E+002    2.78803858418614538550E+002    2.78347005274764796923E+002    2.77896689204118274574E+002    2.77453540557889539286E+002    2.77017678393745541143E+002    2.76589717935008195582E+002    2.76357333063589408084E+002    2.76030784779311545662E+002    2.75725298377634430835E+002    2.75524340686902519337E+002    2.75321764170191045196E+002    2.75117544797791993005E+002    2.74911658071971999107E+002
   2.91786877102334415213E+002    2.91588586079577055443E+002    2.91388841473417130601E+002    2.91187624809515909874E+002    2.90984917333270175277E+002    2.90780700006430322446E+002    2.90574953503774167984E+002    2.90367658209844933026E+002    2.90158794215763180091E+002    2.89948341316121911859E+002    2.89736279005975404743E+002    2.89522586477933771221E+002    2.89307242619373425896E+002    2.89090226009777950367E+002    2.88871514918221464541E+002    2.88651087301009170005E+002    2.88428920799490867921E+002    2.88204992738061889668E+002    2.87979280122369971195E+002    2.87751759637745408327E+002    2.87522407647873365022E+002    2.87291200193728229806E+002    2.87058112992791905071E+002    2.86823121438577857134E+002    2.86586200600483778089E+002    2.86347325223999177979E+002    2.86106469731292065717E+002    2.85863608222203254172E+002    2.85618714475676426900E+002    2.85371761951653638789E+002    2.85122723793468139775E+002    2.84871572830767036066E+002    2.84618281582997269652E+002    2.84362822263492091679E+002    2.84105166784192988416E+002    2.83845286761047304935E+002    2.83583153520120959001E+002    2.83318738104466604000E+002    2.83052011281791351394E+002    2.82782943552967594769E+002    2.82511505161431614397E+002    2.82237666103517540250E+002    2.81961396139774308267E+002    2.81682664807313074107E+002    2.81401441433236982448E+002    2.81117695149202063476E+002    2.80831394907160586172E+002    2.80542509496339846464E+002    2.80251007561506469301E+002    2.79956857622569259547E+002    2.79660028095571476570E+002    2.79360487315124373708E+002    2.79058203558331797467E+002    2.78753145070254163329E+002    2.78445280090960181951E+002    2.78134576884211298875E+002
   2.90308163308714085815E+002    2.90101521028192109952E+002    2.89736009506056063856E+002    2.89494809805742988829E+002    2.89316084210875260396E+002    2.89136118228467751123E+002    2.88954896096014692830E+002    2.88772401789833565999E+002    2.88588619020456292219E+002    2.88403531227964776917E+002    2.88217121577274042465E+002    2.88029372953363065335E+002    2.87840267956457864784E+002    2.87649788897168491530E+002    2.87457917791582417522E+002    2.87264636356319385868E+002    2.87069926003549198867E+002    2.86873767835979037955E+002    2.86676142641812759848E+002    2.86477030889688194293E+002    2.86276412723597672993E+002    2.86074267957798042517E+002    2.85870576071715902344E+002    2.85665316204855628257E+002    2.85458467151718423338E+002    2.85250007356739615716E+002    2.85039914909253297992E+002    2.84828167538496018096E+002    2.84614742608656968059E+002    2.84399617113988483652E+002    2.84182767673988166734E+002    2.83964170528666159043E+002    2.83743801533911380375E+002    2.83521636156971794662E+002    2.83297649472066041199E+002    2.83071816156143313492E+002    2.82844110484809505124E+002    2.82614506328441393634E+002    2.82382977148508814480E+002    2.82149495994127846643E+002    2.81914035498870703123E+002    2.81676567877856541600E+002    2.81437064925151616990E+002    2.81195498011508448144E+002    2.80951838082474978364E+002    2.80706055656905732576E+002    2.80458120825912203600E+002    2.80208003252287085161E+002    2.79955672170443392588E+002    2.79701096386908886871E+002    2.79444244281420026255E+002    2.79185083808660351679E+002    2.78923582500693328257E+002    2.78659707470138755525E+002    2.78393425414147088759E+002    2.78124702619227036848E+002
   2.92753281564028497996E+002    2.92499983162390265079E+002    2.92244674134106674046E+002    2.91987332379963504536E+002    2.91727935685033799018E+002    2.91466461728102274265E+002    2.91202888091724730657E+002    2.90937192272947072524E+002    2.90669351694705369482E+002    2.90399343717931287756E+002    2.90127145654383241435E+002    2.89852734780228104228E+002    2.89576088350391728454E+002    2.89297183613702259208E+002    2.89015997828844774631E+002    2.88732508281145953788E+002    2.88446692300208269444E+002    2.88158527278408939765E+002    2.87867990690279896171E+002    2.87575060112780704458E+002    2.87279713246478252131E+002    2.86981927937638999992E+002    2.86681682201244711905E+002    2.86378954244932231177E+002    2.86073722493860088889E+002    2.85765965616500523083E+002    2.85455662551349519163E+002    2.85142792534547595551E+002    2.84827335128396157415E+002    2.84509270250752990705E+002    2.84188578205283874922E+002    2.83865239712543029782E+002    2.83539235941849938172E+002    2.83210548543925256126E+002    2.82879159684240619299E+002    2.82545052077033801652E+002    2.82208209019933292439E+002    2.81868614429129991095E+002    2.81526252875025875255E+002    2.81181109618287337071E+002    2.80833170646216956357E+002    2.80482422709357990698E+002    2.80128853358233641302E+002    2.79772450980119401720E+002    2.79413204835738838483E+002    2.79051105095766843078E+002    2.78686142877018141917E+002    2.78318310278193905560E+002    2.77947600415051226719E+002    2.77574007454858303845E+002    2.77197526649990265923E+002    2.76818154370520176144E+002    2.76435888135652135134E+002    2.76050726643845848685E+002    2.75662669801475658460E+002    2.75271718749869023668E+002
   2.92684988955331448324E+002    2.92458762243921285062E+002    2.92230782021737866216E+002    2.92001026850425319026E+002    2.91769475042863348335E+002    2.91536104664484184923E+002    2.91300893534922465733E+002    2.91063819230017998052E+002    2.90824859084191871261E+002    2.90583990193219449338E+002    2.90341189417422583574E+002    2.90096433385304635522E+002    2.89849698497653832874E+002    2.89600960932140026216E+002    2.89350196648431278845E+002    2.89097381393857347121E+002    2.88842490709648927805E+002    2.88585499937780241453E+002    2.88326384228445306235E+002    2.88065118548197631299E+002    2.87801677688784195652E+002    2.87536036276705942782E+002    2.87268168783534179056E+002    2.86998049537018744104E+002    2.86725652733016545426E+002    2.86450952448276950690E+002    2.86173922654113482622E+002    2.85894537230996775179E+002    2.85612769984100737020E+002    2.85328594659832958769E+002    2.85041984963382788010E+002    2.84752914577315948463E+002    2.84461357181246455639E+002    2.84167286472614193826E+002    2.83870676188594529776E+002    2.83571500129166111037E+002    2.83269732181358335765E+002    2.82965346344701288217E+002    2.82658316757893771864E+002    2.82348617726705697351E+002    2.82036223753125966596E+002    2.81721109565761821614E+002    2.81403250151495399223E+002    2.81082620788392830491E+002    2.80759197079861110069E+002    2.80432954990040229859E+002    2.80103870880410624977E+002    2.79771921547592626212E+002    2.79437084262305120319E+002    2.79099336809443911989E+002    2.78758657529232834804E+002    2.78415025359392245718E+002    2.78068419878259987854E+002    2.77718821348791948367E+002    2.77366210763359674729E+002    2.77010569889252394660E+002
   3.32400367339468289174E+002    3.31520979505312993751E+002    3.30641759677921186267E+002    3.29762720515731814430E+002    3.28883875332495904331E+002    3.28005238132936142392E+002    3.27126823650447647651E+002    3.26248647386956065475E+002    3.25370725655061448833E+002    3.24493075622600372299E+002    3.23615715359762134540E+002    3.22738663888910537025E+002    3.21861941237263124549E+002    3.20985568492591937684E+002    3.20109567862115909520E+002    3.19233962734766009817E+002    3.18358777747009696668E+002    3.17484038852433627653E+002    3.16609773395289266773E+002    3.15736010188218699568E+002    3.14862779594382857340E+002    3.13990113614227880134E+002    3.13118045977130350366E+002    3.12246612238173270271E+002    3.11375849880311022844E+002    3.10505798422190594010E+002    3.09636499531901961291E+002    3.08767997146936863828E+002    3.07900337600639204538E+002    3.07033569755433290993E+002    3.06167745143118338547E+002    3.05302918112513680171E+002    3.04439145984737820072E+002    3.03576489216396282700E+002    3.02715011570939964258E+002    3.01854780298442960884E+002    3.00995866324026110306E+002    3.00138344445125540005E+002    2.99282293537770613057E+002    2.98427796771994906067E+002    2.97574941836447862897E+002    2.96723821172219402342E+002    2.95874532215806993918E+002    2.95027177651069564490E+002    2.94181865669910393990E+002    2.93338710241307637716E+002    2.92497831388167583100E+002    2.91659355471317610409E+002    2.90823415479765628788E+002    2.90202943110692899609E+002    2.89985087702750661265E+002    2.90074722463260059158E+002    2.90420802880655344325E+002    2.90994294007476014485E+002    2.91794763744651675097E+002    2.93369464587792720067E+002
   2.92195923701787080518E+002    2.91913145338707465726E+002    2.91628143499404529848E+002    2.91340898885827812137E+002    2.91051392347147839246E+002    2.90759604898963232245E+002    2.90465517743205225543E+002    2.90169112288740677741E+002    2.89870370172665161590E+002    2.89569273282281983484E+002    2.89265803777755309056E+002    2.88959944115424661959E+002    2.88651677071765334404E+002    2.88340985767973961629E+002    2.88027853695156181857E+002    2.87712264740090915893E+002    2.87394203211538297182E+002    2.87073653867057771549E+002    2.86750601940297030978E+002    2.86425033168708182529E+002    2.86096933821643347073E+002    2.85766290728776937158E+002    2.85433091308798907448E+002    2.85097323598315085746E+002    2.84758976280890408361E+002    2.84418038716163209756E+002    2.84074500968954339442E+002    2.83728353838291468492E+002    2.83379588886265082692E+002    2.83028198466625553920E+002    2.82674175753029430780E+002    2.82317514766838712603E+002    2.81958210404372550784E+002    2.81596258463507865599E+002    2.81231655669524570840E+002    2.80864399700085016320E+002    2.80494489209239702632E+002    2.80121923850347172902E+002    2.79746704297796384253E+002    2.79368832267419861637E+002    2.78988310535487016750E+002    2.78605142956166673684E+002    2.78219334477352219892E+002    2.77830891154744676896E+002    2.77439820164091884180E+002    2.77046129811487162442E+002    2.76649829541637416241E+002    2.76250929944012739270E+002    2.75849442756802716303E+002    2.75445380868604559055E+002    2.75038758317783617713E+002    2.74629590289451300578E+002    2.74217893110016916580E+002    2.73803684239279789381E+002    2.73386982260039985704E+002    2.72967806865214811296E+002
   2.90289485550977417461E+002    2.90111745781653382892E+002    2.89932781856394171882E+002    2.89752578348628276217E+002    2.89571119578530272065E+002    2.89388389608601698910E+002    2.89204372239200381500E+002    2.89019051004019274842E+002    2.88832409165518583904E+002    2.88644429710311385406E+002    2.88455095344507242316E+002    2.88264388489015516370E+002    2.88072291274812187112E+002    2.87878785538173815439E+002    2.87683852815881891729E+002    2.87487474340402854978E+002    2.87289631035047932528E+002    2.87090303509118484726E+002    2.86889472053041288291E+002    2.86687116633501773322E+002    2.86483216888580784598E+002    2.86277752122902313658E+002    2.86070701302799704990E+002    2.85862043051510283931E+002    2.85651755644405852763E+002    2.85439817004270707912E+002    2.85226204696636273184E+002    2.85010895925185536726E+002    2.84793867527238774073E+002    2.84575095969333915491E+002    2.84354557342916336893E+002    2.84132227360153535756E+002    2.83908081349890551337E+002    2.83682094253764489622E+002    2.83454240622496286051E+002    2.83224494612380283343E+002    2.82992829981993281763E+002    2.82759220089145230759E+002    2.82523637888096232018E+002    2.82286055927066001914E+002    2.82046446346063021338E+002    2.81804780875061908318E+002    2.81561030832561698389E+002    2.81315167124555102873E+002    2.81067160243946261744E+002    2.80816980270451438173E+002    2.80564596871022047253E+002    2.80309979300830605098E+002    2.80053096404863254065E+002    2.79793916620162292475E+002    2.79532407978767025725E+002    2.79268538111403472612E+002    2.79002274251972494312E+002    2.78733583242893189436E+002    2.78462431541356409070E+002    2.78188785226548418450E+002
   2.98021529236824164855E+002    2.97519467249507670203E+002    2.97021502754652715339E+002    2.96528533168180331359E+002    2.96041146966104633975E+002    2.95559501406262143064E+002    2.95083519424483313287E+002    2.94567054233251894857E+002    2.94001206026588704390E+002    2.93439358425097566396E+002    2.92881621331946632836E+002    2.92328104820787302742E+002    2.91778918883595054012E+002    2.91234173161222884119E+002    2.90693976395323034012E+002    2.90158433665086420206E+002    2.89627646804951837112E+002    2.89101718164330577565E+002    2.88580751556503173560E+002    2.88064850311080590473E+002    2.87554721991566736961E+002    2.87050044452184181409E+002    2.86550720633248772629E+002    2.86056837910344142983E+002    2.85568479372889214574E+002    2.85085723416042753797E+002    2.84608643332678411753E+002    2.84137306908085577106E+002    2.83671776020187110134E+002    2.83212106248181100909E+002    2.82758292973899472145E+002    2.82309982345281810012E+002    2.81867400834519855835E+002    2.81431068738542478513E+002    2.81001222949388647976E+002    2.80577961817194761807E+002    2.80342863360543162798E+002    2.80013182442000413630E+002    2.79723254616015537977E+002    2.79529240273430559682E+002    2.79333730874844320624E+002    2.79136705227871914303E+002    2.78938141746609005622E+002    2.78738018443778003075E+002    2.78536312922762874678E+002    2.78333002369535904563E+002    2.78128063544479857683E+002    2.77921472774111862236E+002    2.77713205942712136221E+002    2.77503238483866027764E+002    2.77291545371924030405E+002    2.77078101113388754584E+002    2.76862879738237722904E+002    2.76645854791190458855E+002    2.76426999322931067127E+002    2.76206285881299095308E+002
   2.92800360455006909888E+002    2.92556171301581230182E+002    2.92310052867226772833E+002    2.92061982972470616460E+002    2.91811939265092462392E+002    2.91559899226526056282E+002    2.91305840178803521212E+002    2.91049739292068011309E+002    2.90791573592678105342E+002    2.90531319971930201973E+002    2.90268955195423359328E+002    2.90004455913092101582E+002    2.89737798669933226847E+002    2.89468959917451911679E+002    2.89197916025853373867E+002    2.88924643297005047771E+002    2.88649117978193828549E+002    2.88371316276705499604E+002    2.88091214375247773205E+002    2.87808788448242296454E+002    2.87524014679007507311E+002    2.87236869277854054872E+002    2.86947328501113361199E+002    2.86655368671117116719E+002    2.86360966197146296963E+002    2.86064097597362547276E+002    2.85764739521737794803E+002    2.85462868775989079495E+002    2.85158462346529120168E+002    2.84851497426435116722E+002    2.84541951442438517006E+002    2.84229802082931257701E+002    2.83915027326984557021E+002    2.83597605474366673661E+002    2.83277515176546557996E+002    2.82954735468660771858E+002    2.82629245802419688971E+002    2.82301026079919722633E+002    2.81970056688326053518E+002    2.81636318535379928107E+002    2.81299793085682097171E+002    2.80960462397694072934E+002    2.80618309161393597151E+002    2.80273316736511560521E+002    2.79925469191273464276E+002    2.79574751341555781892E+002    2.79221148790365873538E+002    2.78864647967540008722E+002    2.78505236169552517822E+002    2.78142901599316473948E+002    2.77777633405850394865E+002    2.77409421723681134608E+002    2.77038257711839435160E+002    2.76664133592305688580E+002    2.76287042687751181802E+002    2.75906979458418447848E+002
   2.91427305825525422733E+002    2.91235226372976853781E+002    2.91041762406147086040E+002    2.90846896318836002138E+002    2.90650610229212304603E+002    2.90452885975926676565E+002    2.90253705114240005969E+002    2.90053048912170936546E+002    2.89850898346671101535E+002    2.89647234099834577137E+002    2.89442036555148945354E+002    2.89235285793796720100E+002    2.89026961591016288367E+002    2.88817043412531120339E+002    2.88605510411057821329E+002    2.88392341422904451065E+002    2.88177514964669342135E+002    2.87961009230054912678E+002    2.87742802086807273554E+002    2.87522871073798171437E+002    2.87301193398261943912E+002    2.87077745933205392248E+002    2.86852505215006431172E+002    2.86625447441219364464E+002    2.86396548468606908955E+002    2.86165783811417725246E+002    2.85933128639931737780E+002    2.85698557779296038461E+002    2.85462045708673883837E+002    2.85223566560733900133E+002    2.84983094121504109353E+002    2.84740601830619766588E+002    2.84496062781994453417E+002    2.84249449724944781792E+002    2.84000735065801052315E+002    2.83749890870038655066E+002    2.83496888864964603272E+002    2.83241700442997284881E+002    2.82984296665577801377E+002    2.82724648267753195796E+002    2.82462725663474316207E+002    2.82198498951651060906E+002    2.81931937923011446401E+002    2.81663012067811280303E+002    2.81391690584441676037E+002    2.81117942388987387403E+002    2.80841736125784450451E+002    2.80563040179032213928E+002    2.80281822685513645865E+002    2.79998051548478315453E+002    2.79711694452745973649E+002    2.79422718881087007503E+002    2.79131092131938487455E+002    2.78836781338513219453E+002    2.78539753489361260108E+002    2.78239975450442045712E+002
   2.90351885248304768083E+002    2.90022541739949133444E+002    2.89734219269631694260E+002    2.89556094476439398022E+002    2.89376737789611638618E+002    2.89196133603170608239E+002    2.89014266053202447893E+002    2.88831119013310114951E+002    2.88646676090011737870E+002    2.88460920618084969647E+002    2.88273835655861603300E+002    2.88085403980472563035E+002    2.87895608083047306991E+002    2.87704430163869687931E+002    2.87511852127494535125E+002    2.87317855577827288016E+002    2.87122421813171627036E+002    2.86925531821249080622E+002    2.86727166274195212736E+002    2.86527305523537847876E+002    2.86325929595163586328E+002    2.86123018184277441378E+002    2.85918550650364181820E+002    2.85712506012157348323E+002    2.85504862942624527022E+002    2.85295599763978316332E+002    2.85084694442720547158E+002    2.84872124584731921004E+002    2.84657867430416956722E+002    2.84441899849916126186E+002    2.84224198338398366559E+002    2.84004739011447497887E+002    2.83783497600556529505E+002    2.83560449448747192491E+002    2.83335569506330045897E+002    2.83108832326823858239E+002    2.82880212063054671034E+002    2.82649682463452847969E+002    2.82417216868572836574E+002    2.82182788207857186080E+002    2.81946368996671253626E+002    2.81707931333634292059E+002    2.81467446898276193679E+002    2.81224886949049391660E+002    2.80980222321728092538E+002    2.80733423428228661578E+002    2.80484460255887540825E+002    2.80233302367233591212E+002    2.79979918900295956519E+002    2.79724278569489115398E+002    2.79466349667119914102E+002    2.79206100065563191492E+002    2.78943497220155222749E+002    2.78678508172856936653E+002    2.78411099556740907701E+002    2.78141237601358341180E+002
   2.92450203145340367428E+002    2.92177445867391099910E+002    2.91902527471324674480E+002    2.91625427239248381284E+002    2.91346124499233326333E+002    2.91064598641431985016E+002    2.90780829134929490465E+002    2.90494795545336899067E+002    2.90206477553136153347E+002    2.89915854972782994992E+002    2.89622907772572716567E+002    2.89327616095271764607E+002    2.89029960279515194088E+002    2.88729920881967927926E+002    2.88427478700245217169E+002    2.88122614796584286978E+002    2.87815310522255288106E+002    2.87505547542699162022E+002    2.87193307863372126576E+002    2.86878573856276148035E+002    2.86561328287149819971E+002    2.86241554343288555629E+002    2.85919235661960385642E+002    2.85594356359377911758E+002    2.85266901060182647143E+002    2.84936854927392857917E+002    2.84604203692761302591E+002    2.84268933687483354333E+002    2.83931031873192694093E+002    2.83590485873172667652E+002    2.83247284003711115474E+002    2.82901415305517275556E+002    2.82552869575114982581E+002    2.82201637396124283441E+002    2.81847710170332788948E+002    2.81491080148459616339E+002    2.81131740460505795909E+002    2.80769685145583821395E+002    2.80404909181111861471E+002    2.80037408511258888666E+002    2.79667180074520615563E+002    2.79294221830305502863E+002    2.78918532784407659619E+002    2.78540113013242773832E+002    2.78158963686722188413E+002    2.77775087089641260718E+002    2.77388486641457518544E+002    2.76999166914339980394E+002    2.76607133649367824546E+002    2.76212393770765515910E+002    2.75814955398064114434E+002    2.75414827856083263669E+002    2.75012021682635349862E+002    2.74606548633861564213E+002    2.74198421687116479006E+002    2.73787655041326900118E+002
   2.95014917795394808309E+002    2.94486351101039588229E+002    2.93961942076959473980E+002    2.93441780323634247907E+002    2.92925953372214110004E+002    2.92414549609100788530E+002    2.91907658606833877002E+002    2.91405584494364575221E+002    2.90908766496943997026E+002    2.90416719819357524557E+002    2.89929522784226548993E+002    2.89447250457725658634E+002    2.88969974331306161730E+002    2.88497762002049626062E+002    2.88030676853447516805E+002    2.87568777738504138597E+002    2.87112118667146830830E+002    2.86660748499996373084E+002    2.86214656041485341120E+002    2.85773612639988414230E+002    2.85337711917193644240E+002    2.84907363970576170686E+002    2.84482849360281988993E+002    2.84064293813701567615E+002    2.83837664250121918030E+002    2.83505053183247412107E+002    2.83219545344917719376E+002    2.83031295656408531158E+002    2.82841649674654263436E+002    2.82650588377701467380E+002    2.82458092404627336691E+002    2.82264142049065753781E+002    2.82068717252645626559E+002    2.81871797598346290670E+002    2.81673362303771000370E+002    2.81473390214344135529E+002    2.81271859796434569034E+002    2.81068749130411731585E+002    2.80864035903637329739E+002    2.80657697403401073188E+002    2.80449710509805015590E+002    2.80240051688604751234E+002    2.80028696984015198268E+002    2.79815622011490290788E+002    2.79600801950485390535E+002    2.79384211537214127929E+002    2.79165825057410756926E+002    2.78945616339111268189E+002    2.78723558745467073550E+002    2.78499625167606382092E+002    2.78273788017560264052E+002    2.78046019221270910293E+002    2.77816290211702266788E+002    2.77584571922073621408E+002    2.77350834779239221461E+002    2.77115048697239046760E+002
   2.96235312938587185272E+002    2.95683474634969627459E+002    2.95135495706079723277E+002    2.94591476454219332481E+002    2.94051517090402569465E+002    2.93515717501979906956E+002    2.92984176753016527073E+002    2.92456990984299693537E+002    2.91934253110396127795E+002    2.91416055839159184870E+002    2.90902493327827130543E+002    2.90393659866527173108E+002    2.89890218692467840356E+002    2.89391904778724097014E+002    2.88898585913314605023E+002    2.88410342684204749730E+002    2.87927251993109166506E+002    2.87449386707087796822E+002    2.86976815309708399582E+002    2.86509601553875484115E+002    2.86047804118529882089E+002    2.85591476271517251462E+002    2.85140630996075856274E+002    2.84695087475616048778E+002    2.84254797873156064725E+002    2.83820150290780361502E+002    2.83391494759119495939E+002    2.82968996583701823511E+002    2.82664104546335636314E+002    2.82391987212708670540E+002    2.82038365810692710056E+002    2.81846987664113441951E+002    2.81655800102996010992E+002    2.81463169339093099097E+002    2.81269075377882245448E+002    2.81073497862968451955E+002    2.80876416069087269989E+002    2.80677808895015743929E+002    2.80477654856392462079E+002    2.80275932078452797214E+002    2.80072618288681894683E+002    2.79867690809390524009E+002    2.79661126550220672016E+002    2.79452902000585652331E+002    2.79242993222052177771E+002    2.79031375840672069444E+002    2.78818025039272697541E+002    2.78602915549714566623E+002    2.78386021645127641477E+002    2.78167317132136815871E+002    2.77946775343090223487E+002    2.77724369128303578691E+002    2.77500070848335610663E+002    2.77273852366311189144E+002    2.77045685040310843306E+002    2.76815539715844806778E+002
   3.12199332900007334501E+002    3.11436895258003517029E+002    3.10675583491473901177E+002    3.09915453326337228646E+002    3.09156563097615673996E+002    3.08398973863229741710E+002    3.07642749521254529554E+002    3.06887956930523159826E+002    3.06134666034430949821E+002    3.05382949987746712850E+002    3.04632885286188013652E+002    3.03884551898472636822E+002    3.03138033400483550395E+002    3.02393417111132293940E+002    3.01650794229421308046E+002    3.00910259972127732908E+002    3.00171913711441334272E+002    2.99435859111787806341E+002    2.98702204264963938840E+002    2.97971061822592332646E+002    2.97242549124776076042E+002    2.96516788323701291574E+002    2.95793906500785794833E+002    2.95074035775821585048E+002    2.94357313406392449906E+002    2.93643881875679710447E+002    2.92933887533291624550E+002    2.92227275517821567519E+002    2.91523036445858281240E+002    2.90819827854255720467E+002    2.90117042497336512952E+002    2.89414852920428756988E+002    2.88713788730216322165E+002    2.88043293180400155507E+002    2.87492362457274282406E+002    2.86946277032263935780E+002    2.86406337014509688288E+002    2.85873240848236889633E+002    2.85347068023151564375E+002    2.84827685971520622843E+002    2.84314925792015571915E+002    2.83748951807101377653E+002    2.83143195482425369391E+002    2.82542971613439306111E+002    2.81948445509805480924E+002    2.81359782073560324989E+002    2.80777145196857759402E+002    2.80200691054977255590E+002    2.79631770302613233525E+002    2.79229661173507452077E+002    2.78976911026675054472E+002    2.78842871605573861871E+002    2.78805551450959626436E+002    2.78850586006657181315E+002    2.79067113931936489735E+002    2.77941438883578769037E+002
   2.96861937580887399690E+002    2.96368066461664682265E+002    2.95807733986463119891E+002    2.95251186499681807618E+002    2.94698526894166718648E+002    2.94149858298466199358E+002    2.93605283855778623092E+002    2.93064906487695964188E+002    2.92528828541044561007E+002    2.91997150511759798519E+002    2.91469969249185396620E+002    2.90947379807297295429E+002    2.90429478480740272062E+002    2.89916362504421442736E+002    2.89408358971241625568E+002    2.88905888636687564031E+002    2.88408481377467296625E+002    2.87916221389144368459E+002    2.87429189171779682965E+002    2.86947461165321442422E+002    2.86471109383729299225E+002    2.86000201050028124428E+002    2.85534798234610775580E+002    2.85074957499213383016E+002    2.84620715484675145035E+002    2.84171975761966223217E+002    2.83728500711395042799E+002    2.83290652873503461251E+002    2.82858877736023259786E+002    2.82433336201936981524E+002    2.82057952496186544522E+002    2.81840624075202299537E+002    2.81464622295463755108E+002    2.81231739582056889049E+002    2.81039906877431917565E+002    2.80846618345337560640E+002    2.80651853688676908405E+002    2.80455592240217754352E+002    2.80257812955361487184E+002    2.80058494404813700385E+002    2.79857614767158793256E+002    2.79655151821343224583E+002    2.79451082939071625333E+002    2.79245385077119749440E+002    2.79038034769571595461E+002    2.78829008119985644498E+002    2.78618280793497433478E+002    2.78405828008867501921E+002    2.78191624530481306010E+002    2.77975644660313093937E+002    2.77757862229863007997E+002    2.77538250592079521084E+002    2.77316782613280054193E+002    2.77093430665085065812E+002    2.76868166616379141942E+002    2.76640961825318129286E+002
   2.89869207463033603744E+002    2.89535105027857525783E+002    2.89198697577323855512E+002    2.88859981153053865910E+002    2.88518952476484571434E+002    2.88175608966705397052E+002    2.87829948757728175224E+002    2.87481970715123793525E+002    2.87131674451961430350E+002    2.86779060343981484493E+002    2.86424129543937624476E+002    2.86066883995039404454E+002    2.85707326443432918950E+002    2.85345460449651511681E+002    2.84981290398975886546E+002    2.84614821510641547775E+002    2.84246059845833713098E+002    2.83875012314415016590E+002    2.83501686680330806212E+002    2.83126091565643775994E+002    2.82748236453150298075E+002    2.82368131687537982089E+002    2.81985788475047399970E+002    2.81601218881603927002E+002    2.81214435829395767996E+002    2.80825453091874123857E+002    2.80434285287162765599E+002    2.80040947869865249231E+002    2.79645457121269998879E+002    2.79247830137953656049E+002    2.78848084818796110085E+002    2.78446239850422614381E+002    2.78042314691096692059E+002    2.77636329553095947631E+002    2.77228305383606198120E+002    2.76818263844178943600E+002    2.76406227288801858322E+002    2.75992218740638747931E+002    2.75576261867501159486E+002    2.75158380956119458460E+002    2.74738600885285450204E+002    2.74316947097947149814E+002    2.73893445572333007476E+002    2.73468122792197789295E+002    2.73041005716273673443E+002    2.72612121747023877560E+002    2.72181498698789937407E+002    2.71749164765431942214E+002    2.71315148487558531087E+002    2.70879478719444023227E+002    2.70442184595734431696E+002    2.70003295498037857669E+002    2.69562841021497149541E+002    2.69120850941442540716E+002    2.68677355180216011377E+002    2.68232383774259346865E+002
   3.29550811694149558662E+002    3.28686316630018666274E+002    3.27822050283013140870E+002    3.26958028110799432397E+002    3.26094266367559384889E+002    3.25230782147063905541E+002    3.24367593428167822367E+002    3.23504719122866447378E+002    3.22642179127051178966E+002    3.21779994374119610256E+002    3.20918186891591972199E+002    3.20056779860901656320E+002    3.19195797680532280083E+002    3.18335266032676997838E+002    3.17475211953612358684E+002    3.16615663907979751457E+002    3.15756651867176117321E+002    3.14898207392066751709E+002    3.14040363720235291112E+002    3.13183155857997974181E+002    3.12326620677410289773E+002    3.11470797018503731124E+002    3.10615725796995718611E+002    3.09761450117713764030E+002    3.08908015393987170683E+002    3.08055469473250070678E+002    3.07203862769105739972E+002    3.06353248400098664206E+002    3.05503682335430085004E+002    3.04655223547848777343E+002    3.03807934173934540922E+002    3.02961879681974494360E+002    3.02117129047610205816E+002    3.01273754937407375110E+002    3.00431833900466983778E+002    2.99591446568147944163E+002    2.98752677861933079839E+002    2.97915617209399158583E+002    2.97080358768187295482E+002    2.96247001657786654505E+002    2.95415650198842854479E+002    2.94586414159596415629E+002    2.93759409008922148132E+002    2.92934756175294296554E+002    2.92112583310832292227E+002    2.91293024559388697980E+002    2.90476220827424128856E+002    2.89662320056171665783E+002    2.88851477493315144329E+002    2.88260070602046084787E+002    2.88043389877249012443E+002    2.88115880791355095880E+002    2.88430266693904343356E+002    2.88959846959186052118E+002    2.89705237951417132081E+002    2.91242891253659763606E+002
   2.90280193187560257684E+002    2.89995044773336985600E+002    2.89817291054235681713E+002    2.89638311319979663949E+002    2.89458090083092258737E+002    2.89276611600883938991E+002    2.89093859870968401538E+002    2.88909818626724131718E+002    2.88724471332704467841E+002    2.88537801179997359213E+002    2.88349791081537659920E+002    2.88160423667373891021E+002    2.87969681279893109149E+002    2.87777545969006382620E+002    2.87583999487298740405E+002    2.87389023285147288789E+002    2.87192598505812497933E+002    2.86994705980505727894E+002    2.86795326223440042668E+002    2.86594439426868632381E+002    2.86392025456117721660E+002    2.86188063844619819065E+002    2.85982533788955606724E+002    2.85775414143911405063E+002    2.85566683417561364422E+002    2.85356319766383307979E+002    2.85144300990418003039E+002    2.84930604528483513604E+002    2.84715207453454354436E+002    2.84498086467620851181E+002    2.84279217898138540477E+002    2.84058577692585060959E+002    2.83836141414638120750E+002    2.83611884239892162896E+002    2.83385780951830440699E+002    2.83157805937972170796E+002    2.82927933186214886518E+002    2.82696136281393364698E+002    2.82462388402077920091E+002    2.82226662317637362776E+002    2.81988930385591856975E+002    2.81749164549283932502E+002    2.81507336335896468427E+002    2.81263416854849822357E+002    2.81017376796610335532E+002    2.80769186431945229288E+002    2.80518815611662091669E+002    2.80266233766869731880E+002    2.80011409909804456220E+002    2.79754312635262692766E+002    2.79494910122687485909E+002    2.79233170138955586026E+002    2.78969060041916293358E+002    2.78702546784734749963E+002    2.78433596921094476784E+002    2.78162176611317249808E+002
   3.25712146941640810383E+002    3.24868157721527211379E+002    3.24024503037201327516E+002    3.23181203239954356832E+002    3.22338279721379365128E+002    3.21495754968819312580E+002    3.20653652623826587842E+002    3.19811997543791108001E+002    3.18970815866893019574E+002    3.18130135080555589866E+002    3.17289984093564783052E+002    3.16450393312039011562E+002    3.15611394719432894362E+002    3.14773021960763060179E+002    3.13935310431254094965E+002    3.13098297369597901252E+002    3.12262021956032924663E+002    3.11426525415442654321E+002    3.10591851125679283996E+002    3.09758044731315294484E+002    3.08925154263025831369E+002    3.08093230262796510033E+002    3.07262325915148608146E+002    3.06432497184560418191E+002    3.05603802959255801852E+002    3.04776305201507568654E+002    3.03950069104589715607E+002    3.03125163256481926055E+002    3.02301659810401702089E+002    3.01479634662198748174E+002    3.00659167634607229047E+002    2.99840342668290588790E+002    2.99023248019561037836E+002    2.98207976464575381215E+002    2.97394625509733657509E+002    2.96583297607902352411E+002    2.95774100379984361098E+002    2.94967146841223893716E+002    2.94162555631497809827E+002    2.93360451248685251358E+002    2.92560964284024407789E+002    2.91764231658167432215E+002    2.90970396856421245957E+002    2.90179610161411858371E+002    2.89392028881140788599E+002    2.88607817570102554328E+002    2.87827148240803012413E+002    2.87050200562676877780E+002    2.86277162045012460112E+002    2.85724896614832005071E+002    2.85503072998358504719E+002    2.85540434677217035642E+002    2.85795352041245450891E+002    2.86244500273751555142E+002    2.86889691677135772352E+002    2.88358994300910069342E+002
   2.91725904610344628054E+002    2.91528757189237296643E+002    2.91330168864842221410E+002    2.91130121318314365908E+002    2.90928595951130262165E+002    2.90725573881599530068E+002    2.90521035941423861004E+002    2.90314962672311537517E+002    2.90107334322656242875E+002    2.89898130844289823926E+002    2.89687331889318613776E+002    2.89474916807053944012E+002    2.89260864641048101475E+002    2.89045154126248064586E+002    2.88827763686279524791E+002    2.88608671430875290298E+002    2.88387855153461714508E+002    2.88165292328918894782E+002    2.87940960111531808252E+002    2.87714835333148073460E+002    2.87486894501561380366E+002    2.87257113799140086030E+002    2.87025469081721269049E+002    2.86791935877791161147E+002    2.86556489387974920646E+002    2.86319104484860872617E+002    2.86079755713181896226E+002    2.85838417290382778901E+002    2.85595063107599628438E+002    2.85349666731081754278E+002    2.85102201404085406011E+002    2.84852640049271883527E+002    2.84600955271643215383E+002    2.84347119362050591462E+002    2.84091104301310849678E+002    2.83832881764970125005E+002    2.83572423128752859611E+002    2.83309699474737215041E+002    2.83044681598299064262E+002    2.82777340015868787759E+002    2.82507644973544017830E+002    2.82235566456606932206E+002    2.81961074199992310696E+002    2.81684137699754785444E+002    2.81404726225586728106E+002    2.81122808834435488734E+002    2.80838354385273589742E+002    2.80551331555072181345E+002    2.80261708856032612402E+002    2.79969454654126877813E+002    2.79674537189001966908E+002    2.79376924595299328757E+002    2.79076584925442375607E+002    2.78773486173943354061E+002    2.78467596303278980940E+002    2.78158883271384240743E+002
   2.92332648374325287932E+002    2.92121399934631313045E+002    2.91908555969001383801E+002    2.91694096406451308212E+002    2.91478000898614538983E+002    2.91260248818028799178E+002    2.91040819256590282293E+002    2.90819691024190319695E+002    2.90596842647549010508E+002    2.90372252369262525917E+002    2.90145898147079208229E+002    2.89917757653423905140E+002    2.89687808275187478557E+002    2.89456027113801781070E+002    2.89222390985619824733E+002    2.88986876422623140570E+002    2.88749459673477929300E+002    2.88510116704964104883E+002    2.88268823203801389354E+002    2.88025554578897413194E+002    2.87780285964045674518E+002    2.87532992221099789276E+002    2.87283647943653647872E+002    2.87032227461257207324E+002    2.86778704844198557566E+002    2.86523053908885287910E+002    2.86265248223857213361E+002    2.86005261116465987925E+002    2.85743065680255654115E+002    2.85478634783081531623E+002    2.85211941076004166007E+002    2.84942957002996138272E+002    2.84671654811501127824E+002    2.84398006563885246578E+002    2.84121984149819581944E+002    2.83843559299635728621E+002    2.83562703598695463825E+002    2.83279388502814924777E+002    2.82993585354785466279E+002    2.82705265402031841404E+002    2.82414399815448859954E+002    2.82120959709455974007E+002    2.81824916163310149386E+002    2.81526240243713687050E+002    2.81224903028754567913E+002    2.80920875633214336631E+002    2.80614129235274504026E+002    2.80304635104653243616E+002    2.79992364632198302843E+002    2.79677289360959605347E+002    2.79359381018761894211E+002    2.79038611552291001772E+002    2.78714953162705512568E+002    2.78388378342777116359E+002    2.78058859915558628018E+002    2.77726371074571943609E+002
   3.14282263481507129654E+002    3.13505660046407172103E+002    3.12729994995712331729E+002    3.11955315980897239569E+002    3.11181672941889985395E+002    3.10409118213220892812E+002    3.09637706634173241582E+002    3.08867495662949522739E+002    3.08098545494839015646E+002    3.07330919184348772433E+002    3.06564682771227012381E+002    3.05799905410275698614E+002    3.05036659504804219978E+002    3.04275020843531478931E+002    3.03515068740695994620E+002    3.02756886179064963471E+002    3.02000559955478536267E+002    3.01246180828484000358E+002    3.00493843667536680186E+002    2.99743647603149725001E+002    2.98995696177282070494E+002    2.98250097493133011994E+002    2.97506964363402403251E+002    2.96766414455936057948E+002    2.96028570435537346839E+002    2.95293560100572051397E+002    2.94561516512827779479E+002    2.93832578118914170773E+002    2.93106888861304639704E+002    2.92384598276921963134E+002    2.91665860793562444542E+002    2.90950606712663898179E+002    2.90237701956139517279E+002    2.89525783334154084514E+002    2.88814338924986145685E+002    2.88103621619539012499E+002    2.87394201596911045726E+002    2.86715338167825052551E+002    2.86157900759414701497E+002    2.85605491677225131752E+002    2.85059490848368739080E+002    2.84520554316933043992E+002    2.83988712560824581033E+002    2.83463819467456744405E+002    2.82945702765936516698E+002    2.82378561074096353423E+002    2.81767158563615794264E+002    2.81161517558555203777E+002    2.80562470022401157621E+002    2.80156352740397380785E+002    2.79931656276806961614E+002    2.79856345138244023474E+002    2.79906530384385462185E+002    2.80068421761752006205E+002    2.80400035708727443762E+002    2.79583640347240418578E+002
   2.91735181164746052218E+002    2.91537862467615411788E+002    2.91339100966928242542E+002    2.91138878320419507872E+002    2.90937175906050299545E+002    2.90733974818534647966E+002    2.90529255865915047252E+002    2.90322999566195449006E+002    2.90115186144039284954E+002    2.89905795527543205026E+002    2.89694807345095512119E+002    2.89482200922331060156E+002    2.89267955279192619855E+002    2.89052049127112013593E+002    2.88834460866323752271E+002    2.88615168583324134488E+002    2.88394150048491383131E+002    2.88171382713881314430E+002    2.87946843711215876738E+002    2.87720509850081157310E+002    2.87492357616353388039E+002    2.87262363170872561113E+002    2.87030502348384231937E+002    2.86796750656770711885E+002    2.86561083276594729341E+002    2.86323475060979490081E+002    2.86083900535850773394E+002    2.85842333900566757166E+002    2.85598749028964618901E+002    2.85353119470852107042E+002    2.85105418453975232751E+002    2.84855618886493857644E+002    2.84603693359999624590E+002    2.84349614153108916526E+002    2.84093353235670349477E+002    2.83834882273621531112E+002    2.83574172634537035265E+002    2.83311195393906700701E+002    2.83045921342187284608E+002    2.82778320992670558098E+002    2.82508364590214284817E+002    2.82236022120880136299E+002    2.81961263322528282060E+002    2.81684057696416232375E+002    2.81404374519852467529E+002    2.81122182859954421019E+002    2.80837451588564192662E+002    2.80550149398372354881E+002    2.80260244820303739743E+002    2.79967706242217104773E+002    2.79672501928972621954E+002    2.79374600043918178471E+002    2.79073968671847808309E+002    2.78770575843482333767E+002    2.78464389561522239092E+002    2.78155377828320297340E+002
   2.91690935617922605161E+002    2.91494425468578072014E+002    2.91296481489835002776E+002    2.91097085450386884986E+002    2.90896218839629398190E+002    2.90693862864115146749E+002    2.90489998444051309434E+002    2.90284606209848561775E+002    2.90077666498729001887E+002    2.89869159351402458924E+002    2.89659064508821074924E+002    2.89447361409022335010E+002    2.89234029184071289365E+002    2.89019046657113506171E+002    2.88802392339552454814E+002    2.88584044428363029056E+002    2.88363980803556160026E+002    2.88142179025809525683E+002    2.87918616334279818147E+002    2.87693269644613792480E+002    2.87466115547176002565E+002    2.87237130305511300321E+002    2.87006289855063471350E+002    2.86773569802169447485E+002    2.86538945423352686248E+002    2.86302391664938284066E+002    2.86063883143015232235E+002    2.85823394143770826759E+002    2.85580898624225312687E+002    2.85336370213395468909E+002    2.85089782213916123510E+002    2.84841107604152512067E+002    2.84590319040835083797E+002    2.84337388862251884802E+002    2.84082289092034272926E+002    2.83824991443572741900E+002    2.83565467325102702034E+002    2.83303687845499496234E+002    2.83039623820825283929E+002    2.82773245781670482302E+002    2.82504523981335069038E+002    2.82233428404895391850E+002    2.81959928779203835347E+002    2.81683994583870685346E+002    2.81405595063277246481E+002    2.81124699239671258510E+002    2.80841275927396907264E+002    2.80555293748311441959E+002    2.80266721148441433797E+002    2.79975526415932961299E+002    2.79681677700348359394E+002    2.79385143033363931409E+002    2.79085890350921260961E+002    2.78783887516885215518E+002    2.78479102348258948041E+002    2.78171502642006885253E+002
   3.02814262951454111317E+002    3.02132170427673202084E+002    3.01452613220887826628E+002    3.00775698280748258640E+002    3.00101536279583683609E+002    2.99430241656521388904E+002    2.98761916625042772466E+002    2.98096297402777906882E+002    2.97432468449043597047E+002    2.96769348698068029080E+002    2.96106380479617826040E+002    2.95443637612880934284E+002    2.94781536583565696219E+002    2.94219067714175423589E+002    2.93700198980665334147E+002    2.93185839165552522445E+002    2.92676997531026756860E+002    2.92174221504373917924E+002    2.91677586839004391095E+002    2.91186977202237528672E+002    2.90673496681513199746E+002    2.90092097231858417672E+002    2.89515181631014911545E+002    2.88942877889845249229E+002    2.88375314138698968236E+002    2.87812618296503671900E+002    2.87254917645604393783E+002    2.86702336995181212842E+002    2.86154995894867511197E+002    2.85613013304068886100E+002    2.85076510299085839506E+002    2.84545607756708591296E+002    2.84020630720320468754E+002    2.83502086430839369768E+002    2.82989479915129606979E+002    2.82482913378338878374E+002    2.81982483811399958995E+002    2.81488282462260201555E+002    2.81000394306591260829E+002    2.80518897521785049776E+002    2.80043862968258224555E+002    2.79575353682267632394E+002    2.79113380384904701259E+002    2.78657357265927714707E+002    2.78207815341350226390E+002    2.77765369431447879833E+002    2.77330145261828931780E+002    2.76902218045277606961E+002    2.76665156194081419017E+002    2.76336712159882608830E+002    2.76043824479832267116E+002    2.75843407690950300548E+002    2.75641382023683320313E+002    2.75437723683094077387E+002    2.75232408412572397083E+002    2.75025411484183337052E+002
   2.92102496156808115302E+002    2.91897461719690682003E+002    2.91690899375366598179E+002    2.91482789777978666734E+002    2.91273113300619911570E+002    2.91061850032711618042E+002    2.90848979777492047560E+002    2.90634482049626058142E+002    2.90418336072948648052E+002    2.90200520778355496532E+002    2.89981014801853234530E+002    2.89759796482784906857E+002    2.89536843862244950287E+002    2.89312134681701252248E+002    2.89085646381839353580E+002    2.88857356101649145330E+002    2.88627240677770657840E+002    2.88395276644121395293E+002    2.88161440231823632985E+002    2.87925707369455892604E+002    2.87688053683650821313E+002    2.87448454500063576234E+002    2.87206884844737146523E+002    2.86963319445890192583E+002    2.86717732736155596740E+002    2.86470098855299511342E+002    2.86220391653450349168E+002    2.85968584694869150553E+002    2.85714651262295717515E+002    2.85458564361902006112E+002    2.85200296728890975828E+002    2.84939820833775002029E+002    2.84677108889372959766E+002    2.84412132858565200877E+002    2.84144864462844509490E+002    2.83875275191707089562E+002    2.83603336312922920115E+002    2.83329018883730725520E+002    2.83052293762999795490E+002    2.82773131624404641116E+002    2.82491502970656199523E+002    2.82207378148837051413E+002    2.81920727366884364073E+002    2.81631520711268422019E+002    2.81339728165910912594E+002    2.81045319632389634990E+002    2.80748264951473231577E+002    2.80448533926030108887E+002    2.80146096345354123969E+002    2.79840922010946997034E+002    2.79532980763796842893E+002    2.79222242513188746216E+002    2.78908677267080236106E+002    2.78592255164071559648E+002    2.78272946506997811866E+002    2.77950721798161623610E+002
   2.97000308526098933726E+002    2.96529626059944064309E+002    2.96011984466036551567E+002    2.95451779648200272277E+002    2.94895409813251887954E+002    2.94342978800438629605E+002    2.93794590628846606251E+002    2.93250349269155890397E+002    2.92710358399956533049E+002    2.92174720948175320245E+002    2.91643537135767644486E+002    2.91116903761164792286E+002    2.90594917014640088837E+002    2.90077674501229580528E+002    2.89565274104442551106E+002    2.89058266716397440632E+002    2.88556625824355080567E+002    2.88060103585734907483E+002    2.87568783812630499597E+002    2.87082746468576488041E+002    2.86602067298153599495E+002    2.86126817455961258929E+002    2.85657063137236320927E+002    2.85192865212519848228E+002    2.84734278868872081603E+002    2.84281320179637702950E+002    2.83833795501271993089E+002    2.83391647677475134515E+002    2.82955303941039744586E+002    2.82525121421193375681E+002    2.82101250416476489136E+002    2.81789978644515144879E+002    2.81521939053053074531E+002    2.81163348977884822943E+002    2.80970571575257565655E+002    2.80777950203736907042E+002    2.80583860911777833280E+002    2.80388283159519573928E+002    2.80191196031492893326E+002    2.79992578229276944057E+002    2.79792408064056189687E+002    2.79590663449082228453E+002    2.79387321892043416938E+002    2.79182360487347636990E+002    2.78975755908323037602E+002    2.78767484399343061341E+002    2.78557521767882121821E+002    2.78345843376508923939E+002    2.78132424134826919726E+002    2.77917238491369403164E+002    2.77700260425461351588E+002    2.77481463439057165488E+002    2.77260820548568688082E+002    2.77038304276695043882E+002    2.76813886644271292425E+002    2.76587539162150505945E+002
   2.92686675202286721742E+002    2.92211696511391892273E+002    2.91741319074706439096E+002    2.91275604042871862021E+002    2.90814609002044846875E+002    2.90358387710958822936E+002    2.89906989841111851547E+002    2.89460460721643414672E+002    2.89018804229688043961E+002    2.88581890851626724270E+002    2.88149686974931569239E+002    2.87722459581371083459E+002    2.87300525989884533828E+002    2.86884074537620790579E+002    2.86605297661235965734E+002    2.86316499115002557119E+002    2.85981310667698096495E+002    2.85797725322404744475E+002    2.85612819741956684538E+002    2.85426576499022473854E+002    2.85238977865467745687E+002    2.85050005806791773466E+002    2.84859641976492241611E+002    2.84667867710359473676E+002    2.84474664020704153700E+002    2.84280011590519848141E+002    2.84083890767584819059E+002    2.83886281558505856992E+002    2.83687163622709761057E+002    2.83486516266385365270E+002    2.83284318436382534401E+002    2.83080548714073245264E+002    2.82875185309181517823E+002    2.82668206053588278337E+002    2.82459588395120022142E+002    2.82249309391328210950E+002    2.82037345703270034392E+002    2.81823673589298664410E+002    2.81608268898876133335E+002    2.81391107066418044269E+002    2.81172163105185461518E+002    2.80951411601235463422E+002    2.80728826707447353783E+002    2.80504382137639709072E+002    2.80278051160795769192E+002    2.80049806595416725941E+002    2.79819620804022633820E+002    2.79587465687823168992E+002    2.79353312681581428478E+002    2.79117132748696917588E+002    2.78878896376533646162E+002    2.78638573572022835378E+002    2.78396133857572067427E+002    2.78151546267312482996E+002    2.77904779343720349516E+002    2.77655801134651483153E+002
   2.84677248594151421912E+002    2.84292024338759574675E+002    2.83905130501110193109E+002    2.83516585799379981836E+002    2.83126409382287590688E+002    2.82734620811258992035E+002    2.82341240041991795806E+002    2.81946287405462499009E+002    2.81549783588426123515E+002    2.81151749613456274801E+002    2.80752206818575643865E+002    2.80351176836530441960E+002    2.79948681573758904051E+002    2.79544743189109169634E+002    2.79139384072359177935E+002    2.78732626822591839755E+002    2.78324494226479771442E+002    2.77915009236533194326E+002    2.77504194949361874478E+002    2.77092074584004137705E+002    2.76678671460374005164E+002    2.76264008977874311768E+002    2.75848110594225090608E+002    2.75430999804552016030E+002    2.75012700120781346413E+002    2.74593235051380872846E+002    2.74172628081489449414E+002    2.73750902653472451220E+002    2.73328082147937436730E+002    2.72904189865245029978E+002    2.72479249007543955940E+002    2.72053282661359219219E+002    2.71626313780758209759E+002    2.71198365171117814043E+002    2.70769459473511801662E+002    2.70339619149736904546E+002    2.69908866467992083926E+002    2.69477223489221557884E+002    2.69044712054134151913E+002    2.68611353770903747318E+002    2.68177170003556454958E+002    2.67742181861047129132E+002    2.67306410187025221603E+002    2.66869875550287815713E+002    2.66432598235916827889E+002    2.65994598237093612170E+002    2.65555895247583634955E+002    2.65116508654882579776E+002    2.64676457534011490225E+002    2.64235760641951060279E+002    2.63794436412698473760E+002    2.63352502952935310532E+002    2.62909978038287704294E+002    2.62466879110163517907E+002    2.62023223273149483248E+002    2.61579027292947216665E+002
   2.91535994468826061166E+002    2.91342162075148735312E+002    2.91146925631097701626E+002    2.90950267279836964462E+002    2.90752168887240088679E+002    2.90552612038128074801E+002    2.90351578032532188445E+002    2.90149047881988394693E+002    2.89945002305871469162E+002    2.89739421727776175430E+002    2.89532286271954092172E+002    2.89323575759815412312E+002    2.89113269706504809164E+002    2.88901347317562454009E+002    2.88687787485680985355E+002    2.88472568787570196491E+002    2.88255669480941548954E+002    2.88037067501627461752E+002    2.87816740460847881877E+002    2.87594665642640222813E+002    2.87370820001468700866E+002    2.87145180160030236038E+002    2.86917722407274823126E+002    2.86688422696659131361E+002    2.86457256644655558375E+002    2.86224199529534928388E+002    2.85989226290449437329E+002    2.85752311526836138000E+002    2.85513429498168761711E+002    2.85272554124083171700E+002    2.85029658984904983754E+002    2.84784717322608344148E+002    2.84537702042236446687E+002    2.84288585713817383294E+002    2.84037340574807387839E+002    2.83783938533098307744E+002    2.83528351170625114719E+002    2.83270549747613188174E+002    2.83010505207504365899E+002    2.82748188182604110352E+002    2.82483569000492821033E+002    2.82216617691246767663E+002    2.81947303995513379959E+002    2.81675597373491712005E+002    2.81401467014863612803E+002    2.81124881849730059002E+002    2.80845810560601705674E+002    2.80564221595498622719E+002    2.80280083182212308657E+002    2.79993363343785460984E+002    2.79704029915265607542E+002    2.79412050561787623337E+002    2.79117392798043169932E+002    2.78820024009192479753E+002    2.78519911473275215030E+002    2.78217022385175539512E+002
   2.92407003336108232361E+002    2.92193368024481344492E+002    2.91978111490622154633E+002    2.91761213407488412486E+002    2.91542653173276448797E+002    2.91322409910110536657E+002    2.91100462462924610918E+002    2.90876789398551181876E+002    2.90651369005033927806E+002    2.90424179291180507789E+002    2.90195197986373500498E+002    2.89964402540658852558E+002    2.89731770125129969529E+002    2.89497277632629902655E+002    2.89260901678791640279E+002    2.89022618603439696017E+002    2.88782404472376413196E+002    2.88540235079577996657E+002    2.88296085949824714589E+002    2.88049932341793237356E+002    2.87801749251638568694E+002    2.87551511417093081491E+002    2.87299193322114604143E+002    2.87044769202112547646E+002    2.86788213049785383646E+002    2.86529498621601590003E+002    2.86268599444958113054E+002    2.86005488826052044260E+002    2.85740139858499730963E+002    2.85472525432741690565E+002    2.85202618246269423707E+002    2.84930390814712609426E+002    2.84655815483825961110E+002    2.84378864442413657798E+002    2.84099509736231766510E+002    2.83817723282908502824E+002    2.83533476887920642184E+002    2.83246742261667861840E+002    2.82957491037682245860E+002    2.82665694792012573089E+002    2.82371325063821700496E+002    2.82074353377231943796E+002    2.81774751264456369881E+002    2.81472490290247890243E+002    2.81167542077697646619E+002    2.80859878335413270634E+002    2.80549470886102142231E+002    2.80236291696583066368E+002    2.79920312909245751598E+002    2.79601506874973892991E+002    2.79279846187540613300E+002    2.78955303719484220437E+002    2.78627852659461495932E+002    2.78297466551072830043E+002    2.77964119333146015833E+002    2.77627785381456305913E+002
   2.91622527504155812039E+002    2.91427227649777819352E+002    2.91230507415053352815E+002    2.91032348736627170638E+002    2.90832733272672555813E+002    2.90631642399244128683E+002    2.90429057206665106605E+002    2.90224958495956457227E+002    2.90019326775316415024E+002    2.89812142256658376027E+002    2.89603384852216947820E+002    2.89393034171230965512E+002    2.89181069516714785550E+002    2.88967469882328202857E+002    2.88752213949358008449E+002    2.88535280083821760400E+002    2.88316646333709400096E+002    2.88096290426375958305E+002    2.87874189766099902954E+002    2.87650321431824352203E+002    2.87424662175097807904E+002    2.87197188418232485674E+002    2.86967876252698488315E+002    2.86736701437775764134E+002    2.86503639399484029582E+002    2.86268665229813450424E+002    2.86031753686279785143E+002    2.85792879191829058527E+002    2.85552015835119163967E+002    2.85309137371203803468E+002    2.85064217222650540862E+002    2.84817228481121105688E+002    2.84568143909448167506E+002    2.84316935944240015033E+002    2.84063576699049349372E+002    2.83808037968142627960E+002    2.83550291230907134832E+002    2.83290307656936420244E+002    2.83028058111834468491E+002    2.82763513163781567528E+002    2.82496643090905820372E+002    2.82227417889506227766E+002    2.81955807283173840005E+002    2.81681780732860033822E+002    2.81405307447941140708E+002    2.81126356398330358388E+002    2.80844896327689298232E+002    2.80560895767791350863E+002    2.80274323054091553331E+002    2.79985146342556845411E+002    2.79693333627810545750E+002    2.79398852762648118642E+002    2.79101671478976925300E+002    2.78801757410235893531E+002    2.78499078115347799667E+002    2.78193601104257822954E+002
   2.92751089172077229250E+002    2.92497540853838131625E+002    2.92241979764772338513E+002    2.91984383812665441837E+002    2.91724730791330102875E+002    2.91462998390115615166E+002    2.91199164204055705341E+002    2.90933205744676797622E+002    2.90665100451491070999E+002    2.90394825704194715854E+002    2.90122358835596003246E+002    2.89847677145293516787E+002    2.89570757914126602373E+002    2.89291578419418783596E+002    2.89010115951033469628E+002    2.88726347828262078110E+002    2.88440251417560375558E+002    2.88151804151151509359E+002    2.87860983546509260123E+002    2.87567767226734474661E+002    2.87272132941836559894E+002    2.86974058590928450485E+002    2.86673522245341416692E+002    2.86370502172662725116E+002    2.86064976861698653465E+002    2.85756925048358311869E+002    2.85446325742452870600E+002    2.85133158255401042425E+002    2.84817402228825528709E+002    2.84499037664022637273E+002    2.84178044952282732538E+002    2.83854404906031675182E+002    2.83528098790761646342E+002    2.83199108357712418638E+002    2.82867415877257258217E+002    2.82533004172944629317E+002    2.82195856656138062135E+002    2.81855957361191542532E+002    2.81513290981090392506E+002    2.81167842903481584926E+002    2.80819599247010842191E+002    2.80468546897875967261E+002    2.80114673546500057455E+002    2.79757967724221714434E+002    2.79398418839890894105E+002    2.79036017216255800122E+002    2.78670754126016277041E+002    2.78302621827416828637E+002    2.77931613599243348744E+002    2.77557723775086515161E+002    2.77180947776726895881E+002    2.76801282146493804248E+002    2.76418724578449428009E+002    2.76033273948242367624E+002    2.75644930341478129776E+002    2.75253695080449915622E+002
   2.88591485632110618553E+002    2.88239850547803257541E+002    2.87886013471541161834E+002    2.87529978310582578160E+002    2.87171749724110384250E+002    2.86811333130518107737E+002    2.86448734713619614922E+002    2.86083961427740575800E+002    2.85717021001646287459E+002    2.85347921941268623414E+002    2.84976673531194819589E+002    2.84603285834885923578E+002    2.84227769693597167588E+002    2.83850136723974685538E+002    2.83470399314310668615E+002    2.83088570619439565235E+002    2.82704664554268049415E+002    2.82318695785929890008E+002    2.81930679724570552480E+002    2.81540632512762272199E+002    2.81148571013563980614E+002    2.80754512797241034150E+002    2.80358476126666516848E+002    2.79960479941431515272E+002    2.79560543840697960150E+002    2.79158688064830812436E+002    2.78754933475852624269E+002    2.78349301536770212806E+002    2.77941814289823582840E+002    2.77532494333717238533E+002    2.77121364799892603514E+002    2.76708449327908567739E+002    2.76293772039998884793E+002    2.75877357514877076028E+002    2.75459230760865068532E+002    2.75039417188422021354E+002    2.74617942582152522846E+002    2.74194833072373455707E+002    2.73770115106323771670E+002    2.73343815419096245023E+002    2.72915961004376015353E+002    2.72486579085066068728E+002    2.72055697083882193965E+002    2.71623342593997506356E+002    2.71189543349814584872E+002    2.70754327197942302519E+002    2.70317722068452667372E+002    2.69879755946488160134E+002    2.69440456844289258242E+002    2.68999852773708710174E+002    2.68557971719273382405E+002    2.68114841611853876202E+002    2.67670490302995119691E+002    2.67224945539960458518E+002    2.66778234941534833524E+002    2.66330385974629564316E+002
   2.92084707767059512662E+002    2.91880098488012606595E+002    2.91673965961771386901E+002    2.91466290894971166381E+002    2.91257053713105676707E+002    2.91046234557850880265E+002    2.90833813284494453910E+002    2.90619769459483904939E+002    2.90404082358103096340E+002    2.90186730962292585900E+002    2.89967693958624408879E+002    2.89746949736447731993E+002    2.89524476386219475899E+002    2.89300251698035822301E+002    2.89074253160381942962E+002    2.88846457959117117298E+002    2.88616842976714622182E+002    2.88385384791775379654E+002    2.88152059678837019874E+002    2.87916843608499391394E+002    2.87679712247889710852E+002    2.87440640961491737926E+002    2.87199604812363645578E+002    2.86956578563771927293E+002    2.86711536681267148197E+002    2.86464453335232406062E+002    2.86215302403933719688E+002    2.85964057477102926441E+002    2.85710691860087422356E+002    2.85455178578598292916E+002    2.85197490384094635374E+002    2.84937599759838235514E+002    2.84675478927657138684E+002    2.84411099855456882324E+002    2.84144434265519180371E+002    2.83875453643629498401E+002    2.83604129249074730978E+002    2.83330432125555205403E+002    2.83054333113053701254E+002    2.82775802860707472064E+002    2.82494811840727720664E+002    2.82211330363412059796E+002    2.81925328593297535917E+002    2.81636776566498554075E+002    2.81345644209277452319E+002    2.81051901357892802480E+002    2.80755517779770798370E+002    2.80456463196044069264E+002    2.80154707305501801784E+002    2.79850219809991187958E+002    2.79542970441311922514E+002    2.79232928989639503925E+002    2.78920065333512809502E+002    2.78604349471416242068E+002    2.78285751554985722578E+002    2.77964241923859106009E+002
