1.09083214755532020845E+00 1.09083214755532020845E+00 1.09083214755532020845E+00 1.09083214755532020845E+00 1.09083214755532020845E+00 1.09083214755532020845E+00 1.09083214755532020845E+00 1.09083214755532020845E+00 1.09083214755532020845E+00 1.09083214755532020845E+00 1.09083214755532020845E+00 1.09083214755532020845E+00 1.09083214755532020845E+00 1.09083214755532020845E+00 1.09083214755532020845E+00 1.09083214755532020845E+00 1.09083214755532020845E+00 1.09083214755532020845E+00 1.09083214755532020845E+00 1.09083214755532020845E+00 1.09083214755532020845E+00 1.09083214755532020845E+00 1.09083214755532020845E+00 1.09083214755532020845E+00 1.09083214755532020845E+00 1.09083214755532020845E+00 1.09083214755532020845E+00 1.09083214755532020845E+00 1.09083214755532020845E+00 1.09083214755532020845E+00 1.09083214755532020845E+00 1.09083214755532020845E+00 1.09083214755532020845E+00 1.09083214755532020845E+00 1.09083214755532020845E+00 1.09083214755532020845E+00 1.09083214755532020845E+00 1.09083214755532020845E+00 1.09083214755532020845E+00 1.09083214755532020845E+00 1.09083214755532020845E+00 1.09083214755532020845E+00 1.09083214755532020845E+00 1.09083214755532020845E+00 1.09083214755532020845E+00 1.09083214755532020845E+00 1.09083214755532020845E+00 1.09083214755532020845E+00 1.09083214755532020845E+00 1.09083214755532020845E+00 1.09083214755532020845E+00 1.09083214755532020845E+00 1.09083214755532020845E+00 1.09083214755532020845E+00 1.09083214755532020845E+00 1.09083214755532020845E+00
9.40459106920458198786E-01 9.40459106920458198786E-01 9.40459106920458198786E-01 9.40459106920458198786E-01 9.40459106920458198786E-01 9.40459106920458198786E-01 9.40459106920458198786E-01 9.40459106920458198786E-01 9.40459106920458198786E-01 9.40459106920458198786E-01 9.40459106920458198786E-01 9.40459106920458198786E-01 9.40459106920458198786E-01 9.40459106920458198786E-01 9.40459106920458198786E-01 9.40459106920458198786E-01 9.40459106920458198786E-01 9.40459106920458198786E-01 9.40459106920458198786E-01 9.40459106920458198786E-01 9.40459106920458198786E-01 9.40459106920458198786E-01 9.40459106920458198786E-01 9.40459106920458198786E-01 9.40459106920458198786E-01 9.40459106920458198786E-01 9.40459106920458198786E-01 9.40459106920458198786E-01 9.40459106920458198786E-01 9.40459106920458198786E-01 9.40459106920458198786E-01 9.40459106920458198786E-01 9.40459106920458198786E-01 9.40459106920458198786E-01 9.40459106920458198786E-01 9.40459106920458198786E-01 9.40459106920458198786E-01 9.40459106920458198786E-01 9.40459106920458198786E-01 9.40459106920458198786E-01 9.40459106920458198786E-01 9.40459106920458198786E-01 9.40459106920458198786E-01 9.40459106920458198786E-01 9.40459106920458198786E-01 9.40459106920458198786E-01 9.40459106920458198786E-01 9.40459106920458198786E-01 9.40459106920458198786E-01 9.40459106920458198786E-01 9.40459106920458198786E-01 9.40459106920458198786E-01 9.40459106920458198786E-01 9.40459106920458198786E-01 9.40459106920458198786E-01 9.40459106920458198786E-01
9.23905850920472726528E-01 9.23905850920472726528E-01 9.23905850920472726528E-01 9.23905850920472726528E-01 9.23905850920472726528E-01 9.23905850920472726528E-01 9.23905850920472726528E-01 9.23905850920472726528E-01 9.23905850920472726528E-01 9.23905850920472726528E-01 9.23905850920472726528E-01 9.23905850920472726528E-01 9.23905850920472726528E-01 9.23905850920472726528E-01 9.23905850920472726528E-01 9.23905850920472726528E-01 9.23905850920472726528E-01 9.23905850920472726528E-01 9.23905850920472726528E-01 9.23905850920472726528E-01 9.23905850920472726528E-01 9.23905850920472726528E-01 9.23905850920472726528E-01 9.23905850920472726528E-01 9.23905850920472726528E-01 9.23905850920472726528E-01 9.23905850920472726528E-01 9.23905850920472726528E-01 9.23905850920472726528E-01 9.23905850920472726528E-01 9.23905850920472726528E-01 9.23905850920472726528E-01 9.23905850920472726528E-01 9.23905850920472726528E-01 9.23905850920472726528E-01 9.23905850920472726528E-01 9.23905850920472726528E-01 9.23905850920472726528E-01 9.23905850920472726528E-01 9.23905850920472726528E-01 9.23905850920472726528E-01 9.23905850920472726528E-01 9.23905850920472726528E-01 9.23905850920472726528E-01 9.23905850920472726528E-01 9.23905850920472726528E-01 9.23905850920472726528E-01 9.23905850920472726528E-01 9.23905850920472726528E-01 9.23905850920472726528E-01 9.23905850920472726528E-01 9.23905850920472726528E-01 9.23905850920472726528E-01 9.23905850920472726528E-01 9.23905850920472726528E-01 9.23905850920472726528E-01
9.68960820304323955376E-01 9.68960820304323955376E-01 9.68960820304323955376E-01 9.68960820304323955376E-01 9.68960820304323955376E-01 9.68960820304323955376E-01 9.68960820304323955376E-01 9.68960820304323955376E-01 9.68960820304323955376E-01 9.68960820304323955376E-01 9.68960820304323955376E-01 9.68960820304323955376E-01 9.68960820304323955376E-01 9.68960820304323955376E-01 9.68960820304323955376E-01 9.68960820304323955376E-01 9.68960820304323955376E-01 9.68960820304323955376E-01 9.68960820304323955376E-01 9.68960820304323955376E-01 9.68960820304323955376E-01 9.68960820304323955376E-01 9.68960820304323955376E-01 9.68960820304323955376E-01 9.68960820304323955376E-01 9.68960820304323955376E-01 9.68960820304323955376E-01 9.68960820304323955376E-01 9.68960820304323955376E-01 9.68960820304323955376E-01 9.68960820304323955376E-01 9.68960820304323955376E-01 9.68960820304323955376E-01 9.68960820304323955376E-01 9.68960820304323955376E-01 9.68960820304323955376E-01 9.68960820304323955376E-01 9.68960820304323955376E-01 9.68960820304323955376E-01 9.68960820304323955376E-01 9.68960820304323955376E-01 9.68960820304323955376E-01 9.68960820304323955376E-01 9.68960820304323955376E-01 9.68960820304323955376E-01 9.68960820304323955376E-01 9.68960820304323955376E-01 9.68960820304323955376E-01 9.68960820304323955376E-01 9.68960820304323955376E-01 9.68960820304323955376E-01 9.68960820304323955376E-01 9.68960820304323955376E-01 9.68960820304323955376E-01 9.68960820304323955376E-01 9.68960820304323955376E-01
9.23409181398706646604E-01 9.23409181398706646604E-01 9.23409181398706646604E-01 9.23409181398706646604E-01 9.23409181398706646604E-01 9.23409181398706646604E-01 9.23409181398706646604E-01 9.23409181398706646604E-01 9.23409181398706646604E-01 9.23409181398706646604E-01 9.23409181398706646604E-01 9.23409181398706646604E-01 9.23409181398706646604E-01 9.23409181398706646604E-01 9.23409181398706646604E-01 9.23409181398706646604E-01 9.23409181398706646604E-01 9.23409181398706646604E-01 9.23409181398706646604E-01 9.23409181398706646604E-01 9.23409181398706646604E-01 9.23409181398706646604E-01 9.23409181398706646604E-01 9.23409181398706646604E-01 9.23409181398706646604E-01 9.23409181398706646604E-01 9.23409181398706646604E-01 9.23409181398706646604E-01 9.23409181398706646604E-01 9.23409181398706646604E-01 9.23409181398706646604E-01 9.23409181398706646604E-01 9.23409181398706646604E-01 9.23409181398706646604E-01 9.23409181398706646604E-01 9.23409181398706646604E-01 9.23409181398706646604E-01 9.23409181398706646604E-01 9.23409181398706646604E-01 9.23409181398706646604E-01 9.23409181398706646604E-01 9.23409181398706646604E-01 9.23409181398706646604E-01 9.23409181398706646604E-01 9.23409181398706646604E-01 9.23409181398706646604E-01 9.23409181398706646604E-01 9.23409181398706646604E-01 9.23409181398706646604E-01 9.23409181398706646604E-01 9.23409181398706646604E-01 9.23409181398706646604E-01 9.23409181398706646604E-01 9.23409181398706646604E-01 9.23409181398706646604E-01 9.23409181398706646604E-01
9.06103317676381747603E-01 9.06103317676381747603E-01 9.06103317676381747603E-01 9.06103317676381747603E-01 9.06103317676381747603E-01 9.06103317676381747603E-01 9.06103317676381747603E-01 9.06103317676381747603E-01 9.06103317676381747603E-01 9.06103317676381747603E-01 9.06103317676381747603E-01 9.06103317676381747603E-01 9.06103317676381747603E-01 9.06103317676381747603E-01 9.06103317676381747603E-01 9.06103317676381747603E-01 9.06103317676381747603E-01 9.06103317676381747603E-01 9.06103317676381747603E-01 9.06103317676381747603E-01 9.06103317676381747603E-01 9.06103317676381747603E-01 9.06103317676381747603E-01 9.06103317676381747603E-01 9.06103317676381747603E-01 9.06103317676381747603E-01 9.06103317676381747603E-01 9.06103317676381747603E-01 9.06103317676381747603E-01 9.06103317676381747603E-01 9.06103317676381747603E-01 9.06103317676381747603E-01 9.06103317676381747603E-01 9.06103317676381747603E-01 9.06103317676381747603E-01 9.06103317676381747603E-01 9.06103317676381747603E-01 9.06103317676381747603E-01 9.06103317676381747603E-01 9.06103317676381747603E-01 9.06103317676381747603E-01 9.06103317676381747603E-01 9.06103317676381747603E-01 9.06103317676381747603E-01 9.06103317676381747603E-01 9.06103317676381747603E-01 9.06103317676381747603E-01 9.06103317676381747603E-01 9.06103317676381747603E-01 9.06103317676381747603E-01 9.06103317676381747603E-01 9.06103317676381747603E-01 9.06103317676381747603E-01 9.06103317676381747603E-01 9.06103317676381747603E-01 9.06103317676381747603E-01
1.06982834675731930396E+00 1.06982834675731930396E+00 1.06982834675731930396E+00 1.06982834675731930396E+00 1.06982834675731930396E+00 1.06982834675731930396E+00 1.06982834675731930396E+00 1.06982834675731930396E+00 1.06982834675731930396E+00 1.06982834675731930396E+00 1.06982834675731930396E+00 1.06982834675731930396E+00 1.06982834675731930396E+00 1.06982834675731930396E+00 1.06982834675731930396E+00 1.06982834675731930396E+00 1.06982834675731930396E+00 1.06982834675731930396E+00 1.06982834675731930396E+00 1.06982834675731930396E+00 1.06982834675731930396E+00 1.06982834675731930396E+00 1.06982834675731930396E+00 1.06982834675731930396E+00 1.06982834675731930396E+00 1.06982834675731930396E+00 1.06982834675731930396E+00 1.06982834675731930396E+00 1.06982834675731930396E+00 1.06982834675731930396E+00 1.06982834675731930396E+00 1.06982834675731930396E+00 1.06982834675731930396E+00 1.06982834675731930396E+00 1.06982834675731930396E+00 1.06982834675731930396E+00 1.06982834675731930396E+00 1.06982834675731930396E+00 1.06982834675731930396E+00 1.06982834675731930396E+00 1.06982834675731930396E+00 1.06982834675731930396E+00 1.06982834675731930396E+00 1.06982834675731930396E+00 1.06982834675731930396E+00 1.06982834675731930396E+00 1.06982834675731930396E+00 1.06982834675731930396E+00 1.06982834675731930396E+00 1.06982834675731930396E+00 1.06982834675731930396E+00 1.06982834675731930396E+00 1.06982834675731930396E+00 1.06982834675731930396E+00 1.06982834675731930396E+00 1.06982834675731930396E+00
1.11391130986276221115E+00 1.11391130986276221115E+00 1.11391130986276221115E+00 1.11391130986276221115E+00 1.11391130986276221115E+00 1.11391130986276221115E+00 1.11391130986276221115E+00 1.11391130986276221115E+00 1.11391130986276221115E+00 1.11391130986276221115E+00 1.11391130986276221115E+00 1.11391130986276221115E+00 1.11391130986276221115E+00 1.11391130986276221115E+00 1.11391130986276221115E+00 1.11391130986276221115E+00 1.11391130986276221115E+00 1.11391130986276221115E+00 1.11391130986276221115E+00 1.11391130986276221115E+00 1.11391130986276221115E+00 1.11391130986276221115E+00 1.11391130986276221115E+00 1.11391130986276221115E+00 1.11391130986276221115E+00 1.11391130986276221115E+00 1.11391130986276221115E+00 1.11391130986276221115E+00 1.11391130986276221115E+00 1.11391130986276221115E+00 1.11391130986276221115E+00 1.11391130986276221115E+00 1.11391130986276221115E+00 1.11391130986276221115E+00 1.11391130986276221115E+00 1.11391130986276221115E+00 1.11391130986276221115E+00 1.11391130986276221115E+00 1.11391130986276221115E+00 1.11391130986276221115E+00 1.11391130986276221115E+00 1.11391130986276221115E+00 1.11391130986276221115E+00 1.11391130986276221115E+00 1.11391130986276221115E+00 1.11391130986276221115E+00 1.11391130986276221115E+00 1.11391130986276221115E+00 1.11391130986276221115E+00 1.11391130986276221115E+00 1.11391130986276221115E+00 1.11391130986276221115E+00 1.11391130986276221115E+00 1.11391130986276221115E+00 1.11391130986276221115E+00 1.11391130986276221115E+00
1.03633155754437389362E+00 1.03633155754437389362E+00 1.03633155754437389362E+00 1.03633155754437389362E+00 1.03633155754437389362E+00 1.03633155754437389362E+00 1.03633155754437389362E+00 1.03633155754437389362E+00 1.03633155754437389362E+00 1.03633155754437389362E+00 1.03633155754437389362E+00 1.03633155754437389362E+00 1.03633155754437389362E+00 1.03633155754437389362E+00 1.03633155754437389362E+00 1.03633155754437389362E+00 1.03633155754437389362E+00 1.03633155754437389362E+00 1.03633155754437389362E+00 1.03633155754437389362E+00 1.03633155754437389362E+00 1.03633155754437389362E+00 1.03633155754437389362E+00 1.03633155754437389362E+00 1.03633155754437389362E+00 1.03633155754437389362E+00 1.03633155754437389362E+00 1.03633155754437389362E+00 1.03633155754437389362E+00 1.03633155754437389362E+00 1.03633155754437389362E+00 1.03633155754437389362E+00 1.03633155754437389362E+00 1.03633155754437389362E+00 1.03633155754437389362E+00 1.03633155754437389362E+00 1.03633155754437389362E+00 1.03633155754437389362E+00 1.03633155754437389362E+00 1.03633155754437389362E+00 1.03633155754437389362E+00 1.03633155754437389362E+00 1.03633155754437389362E+00 1.03633155754437389362E+00 1.03633155754437389362E+00 1.03633155754437389362E+00 1.03633155754437389362E+00 1.03633155754437389362E+00 1.03633155754437389362E+00 1.03633155754437389362E+00 1.03633155754437389362E+00 1.03633155754437389362E+00 1.03633155754437389362E+00 1.03633155754437389362E+00 1.03633155754437389362E+00 1.03633155754437389362E+00
9.62391499429702257373E-01 9.62391499429702257373E-01 9.62391499429702257373E-01 9.62391499429702257373E-01 9.62391499429702257373E-01 9.62391499429702257373E-01 9.62391499429702257373E-01 9.62391499429702257373E-01 9.62391499429702257373E-01 9.62391499429702257373E-01 9.62391499429702257373E-01 9.62391499429702257373E-01 9.62391499429702257373E-01 9.62391499429702257373E-01 9.62391499429702257373E-01 9.62391499429702257373E-01 9.62391499429702257373E-01 9.62391499429702257373E-01 9.62391499429702257373E-01 9.62391499429702257373E-01 9.62391499429702257373E-01 9.62391499429702257373E-01 9.62391499429702257373E-01 9.62391499429702257373E-01 9.62391499429702257373E-01 9.62391499429702257373E-01 9.62391499429702257373E-01 9.62391499429702257373E-01 9.62391499429702257373E-01 9.62391499429702257373E-01 9.62391499429702257373E-01 9.62391499429702257373E-01 9.62391499429702257373E-01 9.62391499429702257373E-01 9.62391499429702257373E-01 9.62391499429702257373E-01 9.62391499429702257373E-01 9.62391499429702257373E-01 9.62391499429702257373E-01 9.62391499429702257373E-01 9.62391499429702257373E-01 9.62391499429702257373E-01 9.62391499429702257373E-01 9.62391499429702257373E-01 9.62391499429702257373E-01 9.62391499429702257373E-01 9.62391499429702257373E-01 9.62391499429702257373E-01 9.62391499429702257373E-01 9.62391499429702257373E-01 9.62391499429702257373E-01 9.62391499429702257373E-01 9.62391499429702257373E-01 9.62391499429702257373E-01 9.62391499429702257373E-01 9.62391499429702257373E-01
1.17825477963429747774E+00 1.17825477963429747774E+00 1.17825477963429747774E+00 1.17825477963429747774E+00 1.17825477963429747774E+00 1.17825477963429747774E+00 1.17825477963429747774E+00 1.17825477963429747774E+00 1.17825477963429747774E+00 1.17825477963429747774E+00 1.17825477963429747774E+00 1.17825477963429747774E+00 1.17825477963429747774E+00 1.17825477963429747774E+00 1.17825477963429747774E+00 1.17825477963429747774E+00 1.17825477963429747774E+00 1.17825477963429747774E+00 1.17825477963429747774E+00 1.17825477963429747774E+00 1.17825477963429747774E+00 1.17825477963429747774E+00 1.17825477963429747774E+00 1.17825477963429747774E+00 1.17825477963429747774E+00 1.17825477963429747774E+00 1.17825477963429747774E+00 1.17825477963429747774E+00 1.17825477963429747774E+00 1.17825477963429747774E+00 1.17825477963429747774E+00 1.17825477963429747774E+00 1.17825477963429747774E+00 1.17825477963429747774E+00 1.17825477963429747774E+00 1.17825477963429747774E+00 1.17825477963429747774E+00 1.17825477963429747774E+00 1.17825477963429747774E+00 1.17825477963429747774E+00 1.17825477963429747774E+00 1.17825477963429747774E+00 1.17825477963429747774E+00 1.17825477963429747774E+00 1.17825477963429747774E+00 1.17825477963429747774E+00 1.17825477963429747774E+00 1.17825477963429747774E+00 1.17825477963429747774E+00 1.17825477963429747774E+00 1.17825477963429747774E+00 1.17825477963429747774E+00 1.17825477963429747774E+00 1.17825477963429747774E+00 1.17825477963429747774E+00 1.17825477963429747774E+00
1.17395840337218659855E+00 1.17395840337218659855E+00 1.17395840337218659855E+00 1.17395840337218659855E+00 1.17395840337218659855E+00 1.17395840337218659855E+00 1.17395840337218659855E+00 1.17395840337218659855E+00 1.17395840337218659855E+00 1.17395840337218659855E+00 1.17395840337218659855E+00 1.17395840337218659855E+00 1.17395840337218659855E+00 1.17395840337218659855E+00 1.17395840337218659855E+00 1.17395840337218659855E+00 1.17395840337218659855E+00 1.17395840337218659855E+00 1.17395840337218659855E+00 1.17395840337218659855E+00 1.17395840337218659855E+00 1.17395840337218659855E+00 1.17395840337218659855E+00 1.17395840337218659855E+00 1.17395840337218659855E+00 1.17395840337218659855E+00 1.17395840337218659855E+00 1.17395840337218659855E+00 1.17395840337218659855E+00 1.17395840337218659855E+00 1.17395840337218659855E+00 1.17395840337218659855E+00 1.17395840337218659855E+00 1.17395840337218659855E+00 1.17395840337218659855E+00 1.17395840337218659855E+00 1.17395840337218659855E+00 1.17395840337218659855E+00 1.17395840337218659855E+00 1.17395840337218659855E+00 1.17395840337218659855E+00 1.17395840337218659855E+00 1.17395840337218659855E+00 1.17395840337218659855E+00 1.17395840337218659855E+00 1.17395840337218659855E+00 1.17395840337218659855E+00 1.17395840337218659855E+00 1.17395840337218659855E+00 1.17395840337218659855E+00 1.17395840337218659855E+00 1.17395840337218659855E+00 1.17395840337218659855E+00 1.17395840337218659855E+00 1.17395840337218659855E+00 1.17395840337218659855E+00
1.24446329335087546575E+00 1.24446329335087546575E+00 1.24446329335087546575E+00 1.24446329335087546575E+00 1.24446329335087546575E+00 1.24446329335087546575E+00 1.24446329335087546575E+00 1.24446329335087546575E+00 1.24446329335087546575E+00 1.24446329335087546575E+00 1.24446329335087546575E+00 1.24446329335087546575E+00 1.24446329335087546575E+00 1.24446329335087546575E+00 1.24446329335087546575E+00 1.24446329335087546575E+00 1.24446329335087546575E+00 1.24446329335087546575E+00 1.24446329335087546575E+00 1.24446329335087546575E+00 1.24446329335087546575E+00 1.24446329335087546575E+00 1.24446329335087546575E+00 1.24446329335087546575E+00 1.24446329335087546575E+00 1.24446329335087546575E+00 1.24446329335087546575E+00 1.24446329335087546575E+00 1.24446329335087546575E+00 1.24446329335087546575E+00 1.24446329335087546575E+00 1.24446329335087546575E+00 1.24446329335087546575E+00 1.24446329335087546575E+00 1.24446329335087546575E+00 1.24446329335087546575E+00 1.24446329335087546575E+00 1.24446329335087546575E+00 1.24446329335087546575E+00 1.24446329335087546575E+00 1.24446329335087546575E+00 1.24446329335087546575E+00 1.24446329335087546575E+00 1.24446329335087546575E+00 1.24446329335087546575E+00 1.24446329335087546575E+00 1.24446329335087546575E+00 1.24446329335087546575E+00 1.24446329335087546575E+00 1.24446329335087546575E+00 1.24446329335087546575E+00 1.24446329335087546575E+00 1.24446329335087546575E+00 1.24446329335087546575E+00 1.24446329335087546575E+00 1.24446329335087546575E+00
9.13939818088687738751E-01 9.13939818088687738751E-01 9.13939818088687738751E-01 9.13939818088687738751E-01 9.13939818088687738751E-01 9.13939818088687738751E-01 9.13939818088687738751E-01 9.13939818088687738751E-01 9.13939818088687738751E-01 9.13939818088687738751E-01 9.13939818088687738751E-01 9.13939818088687738751E-01 9.13939818088687738751E-01 9.13939818088687738751E-01 9.13939818088687738751E-01 9.13939818088687738751E-01 9.13939818088687738751E-01 9.13939818088687738751E-01 9.13939818088687738751E-01 9.13939818088687738751E-01 9.13939818088687738751E-01 9.13939818088687738751E-01 9.13939818088687738751E-01 9.13939818088687738751E-01 9.13939818088687738751E-01 9.13939818088687738751E-01 9.13939818088687738751E-01 9.13939818088687738751E-01 9.13939818088687738751E-01 9.13939818088687738751E-01 9.13939818088687738751E-01 9.13939818088687738751E-01 9.13939818088687738751E-01 9.13939818088687738751E-01 9.13939818088687738751E-01 9.13939818088687738751E-01 9.13939818088687738751E-01 9.13939818088687738751E-01 9.13939818088687738751E-01 9.13939818088687738751E-01 9.13939818088687738751E-01 9.13939818088687738751E-01 9.13939818088687738751E-01 9.13939818088687738751E-01 9.13939818088687738751E-01 9.13939818088687738751E-01 9.13939818088687738751E-01 9.13939818088687738751E-01 9.13939818088687738751E-01 9.13939818088687738751E-01 9.13939818088687738751E-01 9.13939818088687738751E-01 9.13939818088687738751E-01 9.13939818088687738751E-01 9.13939818088687738751E-01 9.13939818088687738751E-01
9.21680887937879167460E-01 9.21680887937879167460E-01 9.21680887937879167460E-01 9.21680887937879167460E-01 9.21680887937879167460E-01 9.21680887937879167460E-01 9.21680887937879167460E-01 9.21680887937879167460E-01 9.21680887937879167460E-01 9.21680887937879167460E-01 9.21680887937879167460E-01 9.21680887937879167460E-01 9.21680887937879167460E-01 9.21680887937879167460E-01 9.21680887937879167460E-01 9.21680887937879167460E-01 9.21680887937879167460E-01 9.21680887937879167460E-01 9.21680887937879167460E-01 9.21680887937879167460E-01 9.21680887937879167460E-01 9.21680887937879167460E-01 9.21680887937879167460E-01 9.21680887937879167460E-01 9.21680887937879167460E-01 9.21680887937879167460E-01 9.21680887937879167460E-01 9.21680887937879167460E-01 9.21680887937879167460E-01 9.21680887937879167460E-01 9.21680887937879167460E-01 9.21680887937879167460E-01 9.21680887937879167460E-01 9.21680887937879167460E-01 9.21680887937879167460E-01 9.21680887937879167460E-01 9.21680887937879167460E-01 9.21680887937879167460E-01 9.21680887937879167460E-01 9.21680887937879167460E-01 9.21680887937879167460E-01 9.21680887937879167460E-01 9.21680887937879167460E-01 9.21680887937879167460E-01 9.21680887937879167460E-01 9.21680887937879167460E-01 9.21680887937879167460E-01 9.21680887937879167460E-01 9.21680887937879167460E-01 9.21680887937879167460E-01 9.21680887937879167460E-01 9.21680887937879167460E-01 9.21680887937879167460E-01 9.21680887937879167460E-01 9.21680887937879167460E-01 9.21680887937879167460E-01
1.13158278694333924719E+00 1.13158278694333924719E+00 1.13158278694333924719E+00 1.13158278694333924719E+00 1.13158278694333924719E+00 1.13158278694333924719E+00 1.13158278694333924719E+00 1.13158278694333924719E+00 1.13158278694333924719E+00 1.13158278694333924719E+00 1.13158278694333924719E+00 1.13158278694333924719E+00 1.13158278694333924719E+00 1.13158278694333924719E+00 1.13158278694333924719E+00 1.13158278694333924719E+00 1.13158278694333924719E+00 1.13158278694333924719E+00 1.13158278694333924719E+00 1.13158278694333924719E+00 1.13158278694333924719E+00 1.13158278694333924719E+00 1.13158278694333924719E+00 1.13158278694333924719E+00 1.13158278694333924719E+00 1.13158278694333924719E+00 1.13158278694333924719E+00 1.13158278694333924719E+00 1.13158278694333924719E+00 1.13158278694333924719E+00 1.13158278694333924719E+00 1.13158278694333924719E+00 1.13158278694333924719E+00 1.13158278694333924719E+00 1.13158278694333924719E+00 1.13158278694333924719E+00 1.13158278694333924719E+00 1.13158278694333924719E+00 1.13158278694333924719E+00 1.13158278694333924719E+00 1.13158278694333924719E+00 1.13158278694333924719E+00 1.13158278694333924719E+00 1.13158278694333924719E+00 1.13158278694333924719E+00 1.13158278694333924719E+00 1.13158278694333924719E+00 1.13158278694333924719E+00 1.13158278694333924719E+00 1.13158278694333924719E+00 1.13158278694333924719E+00 1.13158278694333924719E+00 1.13158278694333924719E+00 1.13158278694333924719E+00 1.13158278694333924719E+00 1.13158278694333924719E+00
9.57857110267808398163E-01 9.57857110267808398163E-01 9.57857110267808398163E-01 9.57857110267808398163E-01 9.57857110267808398163E-01 9.57857110267808398163E-01 9.57857110267808398163E-01 9.57857110267808398163E-01 9.57857110267808398163E-01 9.57857110267808398163E-01 9.57857110267808398163E-01 9.57857110267808398163E-01 9.57857110267808398163E-01 9.57857110267808398163E-01 9.57857110267808398163E-01 9.57857110267808398163E-01 9.57857110267808398163E-01 9.57857110267808398163E-01 9.57857110267808398163E-01 9.57857110267808398163E-01 9.57857110267808398163E-01 9.57857110267808398163E-01 9.57857110267808398163E-01 9.57857110267808398163E-01 9.57857110267808398163E-01 9.57857110267808398163E-01 9.57857110267808398163E-01 9.57857110267808398163E-01 9.57857110267808398163E-01 9.57857110267808398163E-01 9.57857110267808398163E-01 9.57857110267808398163E-01 9.57857110267808398163E-01 9.57857110267808398163E-01 9.57857110267808398163E-01 9.57857110267808398163E-01 9.57857110267808398163E-01 9.57857110267808398163E-01 9.57857110267808398163E-01 9.57857110267808398163E-01 9.57857110267808398163E-01 9.57857110267808398163E-01 9.57857110267808398163E-01 9.57857110267808398163E-01 9.57857110267808398163E-01 9.57857110267808398163E-01 9.57857110267808398163E-01 9.57857110267808398163E-01 9.57857110267808398163E-01 9.57857110267808398163E-01 9.57857110267808398163E-01 9.57857110267808398163E-01 9.57857110267808398163E-01 9.57857110267808398163E-01 9.57857110267808398163E-01 9.57857110267808398163E-01
1.10718084979394970624E+00 1.10718084979394970624E+00 1.10718084979394970624E+00 1.10718084979394970624E+00 1.10718084979394970624E+00 1.10718084979394970624E+00 1.10718084979394970624E+00 1.10718084979394970624E+00 1.10718084979394970624E+00 1.10718084979394970624E+00 1.10718084979394970624E+00 1.10718084979394970624E+00 1.10718084979394970624E+00 1.10718084979394970624E+00 1.10718084979394970624E+00 1.10718084979394970624E+00 1.10718084979394970624E+00 1.10718084979394970624E+00 1.10718084979394970624E+00 1.10718084979394970624E+00 1.10718084979394970624E+00 1.10718084979394970624E+00 1.10718084979394970624E+00 1.10718084979394970624E+00 1.10718084979394970624E+00 1.10718084979394970624E+00 1.10718084979394970624E+00 1.10718084979394970624E+00 1.10718084979394970624E+00 1.10718084979394970624E+00 1.10718084979394970624E+00 1.10718084979394970624E+00 1.10718084979394970624E+00 1.10718084979394970624E+00 1.10718084979394970624E+00 1.10718084979394970624E+00 1.10718084979394970624E+00 1.10718084979394970624E+00 1.10718084979394970624E+00 1.10718084979394970624E+00 1.10718084979394970624E+00 1.10718084979394970624E+00 1.10718084979394970624E+00 1.10718084979394970624E+00 1.10718084979394970624E+00 1.10718084979394970624E+00 1.10718084979394970624E+00 1.10718084979394970624E+00 1.10718084979394970624E+00 1.10718084979394970624E+00 1.10718084979394970624E+00 1.10718084979394970624E+00 1.10718084979394970624E+00 1.10718084979394970624E+00 1.10718084979394970624E+00 1.10718084979394970624E+00
1.05084633336485078203E+00 1.05084633336485078203E+00 1.05084633336485078203E+00 1.05084633336485078203E+00 1.05084633336485078203E+00 1.05084633336485078203E+00 1.05084633336485078203E+00 1.05084633336485078203E+00 1.05084633336485078203E+00 1.05084633336485078203E+00 1.05084633336485078203E+00 1.05084633336485078203E+00 1.05084633336485078203E+00 1.05084633336485078203E+00 1.05084633336485078203E+00 1.05084633336485078203E+00 1.05084633336485078203E+00 1.05084633336485078203E+00 1.05084633336485078203E+00 1.05084633336485078203E+00 1.05084633336485078203E+00 1.05084633336485078203E+00 1.05084633336485078203E+00 1.05084633336485078203E+00 1.05084633336485078203E+00 1.05084633336485078203E+00 1.05084633336485078203E+00 1.05084633336485078203E+00 1.05084633336485078203E+00 1.05084633336485078203E+00 1.05084633336485078203E+00 1.05084633336485078203E+00 1.05084633336485078203E+00 1.05084633336485078203E+00 1.05084633336485078203E+00 1.05084633336485078203E+00 1.05084633336485078203E+00 1.05084633336485078203E+00 1.05084633336485078203E+00 1.05084633336485078203E+00 1.05084633336485078203E+00 1.05084633336485078203E+00 1.05084633336485078203E+00 1.05084633336485078203E+00 1.05084633336485078203E+00 1.05084633336485078203E+00 1.05084633336485078203E+00 1.05084633336485078203E+00 1.05084633336485078203E+00 1.05084633336485078203E+00 1.05084633336485078203E+00 1.05084633336485078203E+00 1.05084633336485078203E+00 1.05084633336485078203E+00 1.05084633336485078203E+00 1.05084633336485078203E+00
1.02564081470983969879E+00 1.02564081470983969879E+00 1.02564081470983969879E+00 1.02564081470983969879E+00 1.02564081470983969879E+00 1.02564081470983969879E+00 1.02564081470983969879E+00 1.02564081470983969879E+00 1.02564081470983969879E+00 1.02564081470983969879E+00 1.02564081470983969879E+00 1.02564081470983969879E+00 1.02564081470983969879E+00 1.02564081470983969879E+00 1.02564081470983969879E+00 1.02564081470983969879E+00 1.02564081470983969879E+00 1.02564081470983969879E+00 1.02564081470983969879E+00 1.02564081470983969879E+00 1.02564081470983969879E+00 1.02564081470983969879E+00 1.02564081470983969879E+00 1.02564081470983969879E+00 1.02564081470983969879E+00 1.02564081470983969879E+00 1.02564081470983969879E+00 1.02564081470983969879E+00 1.02564081470983969879E+00 1.02564081470983969879E+00 1.02564081470983969879E+00 1.02564081470983969879E+00 1.02564081470983969879E+00 1.02564081470983969879E+00 1.02564081470983969879E+00 1.02564081470983969879E+00 1.02564081470983969879E+00 1.02564081470983969879E+00 1.02564081470983969879E+00 1.02564081470983969879E+00 1.02564081470983969879E+00 1.02564081470983969879E+00 1.02564081470983969879E+00 1.02564081470983969879E+00 1.02564081470983969879E+00 1.02564081470983969879E+00 1.02564081470983969879E+00 1.02564081470983969879E+00 1.02564081470983969879E+00 1.02564081470983969879E+00 1.02564081470983969879E+00 1.02564081470983969879E+00 1.02564081470983969879E+00 1.02564081470983969879E+00 1.02564081470983969879E+00 1.02564081470983969879E+00
1.11334548467874339117E+00 1.11334548467874339117E+00 1.11334548467874339117E+00 1.11334548467874339117E+00 1.11334548467874339117E+00 1.11334548467874339117E+00 1.11334548467874339117E+00 1.11334548467874339117E+00 1.11334548467874339117E+00 1.11334548467874339117E+00 1.11334548467874339117E+00 1.11334548467874339117E+00 1.11334548467874339117E+00 1.11334548467874339117E+00 1.11334548467874339117E+00 1.11334548467874339117E+00 1.11334548467874339117E+00 1.11334548467874339117E+00 1.11334548467874339117E+00 1.11334548467874339117E+00 1.11334548467874339117E+00 1.11334548467874339117E+00 1.11334548467874339117E+00 1.11334548467874339117E+00 1.11334548467874339117E+00 1.11334548467874339117E+00 1.11334548467874339117E+00 1.11334548467874339117E+00 1.11334548467874339117E+00 1.11334548467874339117E+00 1.11334548467874339117E+00 1.11334548467874339117E+00 1.11334548467874339117E+00 1.11334548467874339117E+00 1.11334548467874339117E+00 1.11334548467874339117E+00 1.11334548467874339117E+00 1.11334548467874339117E+00 1.11334548467874339117E+00 1.11334548467874339117E+00 1.11334548467874339117E+00 1.11334548467874339117E+00 1.11334548467874339117E+00 1.11334548467874339117E+00 1.11334548467874339117E+00 1.11334548467874339117E+00 1.11334548467874339117E+00 1.11334548467874339117E+00 1.11334548467874339117E+00 1.11334548467874339117E+00 1.11334548467874339117E+00 1.11334548467874339117E+00 1.11334548467874339117E+00 1.11334548467874339117E+00 1.11334548467874339117E+00 1.11334548467874339117E+00
1.02570089185297796952E+00 1.02570089185297796952E+00 1.02570089185297796952E+00 1.02570089185297796952E+00 1.02570089185297796952E+00 1.02570089185297796952E+00 1.02570089185297796952E+00 1.02570089185297796952E+00 1.02570089185297796952E+00 1.02570089185297796952E+00 1.02570089185297796952E+00 1.02570089185297796952E+00 1.02570089185297796952E+00 1.02570089185297796952E+00 1.02570089185297796952E+00 1.02570089185297796952E+00 1.02570089185297796952E+00 1.02570089185297796952E+00 1.02570089185297796952E+00 1.02570089185297796952E+00 1.02570089185297796952E+00 1.02570089185297796952E+00 1.02570089185297796952E+00 1.02570089185297796952E+00 1.02570089185297796952E+00 1.02570089185297796952E+00 1.02570089185297796952E+00 1.02570089185297796952E+00 1.02570089185297796952E+00 1.02570089185297796952E+00 1.02570089185297796952E+00 1.02570089185297796952E+00 1.02570089185297796952E+00 1.02570089185297796952E+00 1.02570089185297796952E+00 1.02570089185297796952E+00 1.02570089185297796952E+00 1.02570089185297796952E+00 1.02570089185297796952E+00 1.02570089185297796952E+00 1.02570089185297796952E+00 1.02570089185297796952E+00 1.02570089185297796952E+00 1.02570089185297796952E+00 1.02570089185297796952E+00 1.02570089185297796952E+00 1.02570089185297796952E+00 1.02570089185297796952E+00 1.02570089185297796952E+00 1.02570089185297796952E+00 1.02570089185297796952E+00 1.02570089185297796952E+00 1.02570089185297796952E+00 1.02570089185297796952E+00 1.02570089185297796952E+00 1.02570089185297796952E+00
1.15837187913940220518E+00 1.15837187913940220518E+00 1.15837187913940220518E+00 1.15837187913940220518E+00 1.15837187913940220518E+00 1.15837187913940220518E+00 1.15837187913940220518E+00 1.15837187913940220518E+00 1.15837187913940220518E+00 1.15837187913940220518E+00 1.15837187913940220518E+00 1.15837187913940220518E+00 1.15837187913940220518E+00 1.15837187913940220518E+00 1.15837187913940220518E+00 1.15837187913940220518E+00 1.15837187913940220518E+00 1.15837187913940220518E+00 1.15837187913940220518E+00 1.15837187913940220518E+00 1.15837187913940220518E+00 1.15837187913940220518E+00 1.15837187913940220518E+00 1.15837187913940220518E+00 1.15837187913940220518E+00 1.15837187913940220518E+00 1.15837187913940220518E+00 1.15837187913940220518E+00 1.15837187913940220518E+00 1.15837187913940220518E+00 1.15837187913940220518E+00 1.15837187913940220518E+00 1.15837187913940220518E+00 1.15837187913940220518E+00 1.15837187913940220518E+00 1.15837187913940220518E+00 1.15837187913940220518E+00 1.15837187913940220518E+00 1.15837187913940220518E+00 1.15837187913940220518E+00 1.15837187913940220518E+00 1.15837187913940220518E+00 1.15837187913940220518E+00 1.15837187913940220518E+00 1.15837187913940220518E+00 1.15837187913940220518E+00 1.15837187913940220518E+00 1.15837187913940220518E+00 1.15837187913940220518E+00 1.15837187913940220518E+00 1.15837187913940220518E+00 1.15837187913940220518E+00 1.15837187913940220518E+00 1.15837187913940220518E+00 1.15837187913940220518E+00 1.15837187913940220518E+00
9.57227372713107649282E-01 9.57227372713107649282E-01 9.57227372713107649282E-01 9.57227372713107649282E-01 9.57227372713107649282E-01 9.57227372713107649282E-01 9.57227372713107649282E-01 9.57227372713107649282E-01 9.57227372713107649282E-01 9.57227372713107649282E-01 9.57227372713107649282E-01 9.57227372713107649282E-01 9.57227372713107649282E-01 9.57227372713107649282E-01 9.57227372713107649282E-01 9.57227372713107649282E-01 9.57227372713107649282E-01 9.57227372713107649282E-01 9.57227372713107649282E-01 9.57227372713107649282E-01 9.57227372713107649282E-01 9.57227372713107649282E-01 9.57227372713107649282E-01 9.57227372713107649282E-01 9.57227372713107649282E-01 9.57227372713107649282E-01 9.57227372713107649282E-01 9.57227372713107649282E-01 9.57227372713107649282E-01 9.57227372713107649282E-01 9.57227372713107649282E-01 9.57227372713107649282E-01 9.57227372713107649282E-01 9.57227372713107649282E-01 9.57227372713107649282E-01 9.57227372713107649282E-01 9.57227372713107649282E-01 9.57227372713107649282E-01 9.57227372713107649282E-01 9.57227372713107649282E-01 9.57227372713107649282E-01 9.57227372713107649282E-01 9.57227372713107649282E-01 9.57227372713107649282E-01 9.57227372713107649282E-01 9.57227372713107649282E-01 9.57227372713107649282E-01 9.57227372713107649282E-01 9.57227372713107649282E-01 9.57227372713107649282E-01 9.57227372713107649282E-01 9.57227372713107649282E-01 9.57227372713107649282E-01 9.57227372713107649282E-01 9.57227372713107649282E-01 9.57227372713107649282E-01
9.72686964183117619420E-01 9.72686964183117619420E-01 9.72686964183117619420E-01 9.72686964183117619420E-01 9.72686964183117619420E-01 9.72686964183117619420E-01 9.72686964183117619420E-01 9.72686964183117619420E-01 9.72686964183117619420E-01 9.72686964183117619420E-01 9.72686964183117619420E-01 9.72686964183117619420E-01 9.72686964183117619420E-01 9.72686964183117619420E-01 9.72686964183117619420E-01 9.72686964183117619420E-01 9.72686964183117619420E-01 9.72686964183117619420E-01 9.72686964183117619420E-01 9.72686964183117619420E-01 9.72686964183117619420E-01 9.72686964183117619420E-01 9.72686964183117619420E-01 9.72686964183117619420E-01 9.72686964183117619420E-01 9.72686964183117619420E-01 9.72686964183117619420E-01 9.72686964183117619420E-01 9.72686964183117619420E-01 9.72686964183117619420E-01 9.72686964183117619420E-01 9.72686964183117619420E-01 9.72686964183117619420E-01 9.72686964183117619420E-01 9.72686964183117619420E-01 9.72686964183117619420E-01 9.72686964183117619420E-01 9.72686964183117619420E-01 9.72686964183117619420E-01 9.72686964183117619420E-01 9.72686964183117619420E-01 9.72686964183117619420E-01 9.72686964183117619420E-01 9.72686964183117619420E-01 9.72686964183117619420E-01 9.72686964183117619420E-01 9.72686964183117619420E-01 9.72686964183117619420E-01 9.72686964183117619420E-01 9.72686964183117619420E-01 9.72686964183117619420E-01 9.72686964183117619420E-01 9.72686964183117619420E-01 9.72686964183117619420E-01 9.72686964183117619420E-01 9.72686964183117619420E-01
1.02810530246659559417E+00 1.02810530246659559417E+00 1.02810530246659559417E+00 1.02810530246659559417E+00 1.02810530246659559417E+00 1.02810530246659559417E+00 1.02810530246659559417E+00 1.02810530246659559417E+00 1.02810530246659559417E+00 1.02810530246659559417E+00 1.02810530246659559417E+00 1.02810530246659559417E+00 1.02810530246659559417E+00 1.02810530246659559417E+00 1.02810530246659559417E+00 1.02810530246659559417E+00 1.02810530246659559417E+00 1.02810530246659559417E+00 1.02810530246659559417E+00 1.02810530246659559417E+00 1.02810530246659559417E+00 1.02810530246659559417E+00 1.02810530246659559417E+00 1.02810530246659559417E+00 1.02810530246659559417E+00 1.02810530246659559417E+00 1.02810530246659559417E+00 1.02810530246659559417E+00 1.02810530246659559417E+00 1.02810530246659559417E+00 1.02810530246659559417E+00 1.02810530246659559417E+00 1.02810530246659559417E+00 1.02810530246659559417E+00 1.02810530246659559417E+00 1.02810530246659559417E+00 1.02810530246659559417E+00 1.02810530246659559417E+00 1.02810530246659559417E+00 1.02810530246659559417E+00 1.02810530246659559417E+00 1.02810530246659559417E+00 1.02810530246659559417E+00 1.02810530246659559417E+00 1.02810530246659559417E+00 1.02810530246659559417E+00 1.02810530246659559417E+00 1.02810530246659559417E+00 1.02810530246659559417E+00 1.02810530246659559417E+00 1.02810530246659559417E+00 1.02810530246659559417E+00 1.02810530246659559417E+00 1.02810530246659559417E+00 1.02810530246659559417E+00 1.02810530246659559417E+00
9.27525463019212570437E-01 9.27525463019212570437E-01 9.27525463019212570437E-01 9.27525463019212570437E-01 9.27525463019212570437E-01 9.27525463019212570437E-01 9.27525463019212570437E-01 9.27525463019212570437E-01 9.27525463019212570437E-01 9.27525463019212570437E-01 9.27525463019212570437E-01 9.27525463019212570437E-01 9.27525463019212570437E-01 9.27525463019212570437E-01 9.27525463019212570437E-01 9.27525463019212570437E-01 9.27525463019212570437E-01 9.27525463019212570437E-01 9.27525463019212570437E-01 9.27525463019212570437E-01 9.27525463019212570437E-01 9.27525463019212570437E-01 9.27525463019212570437E-01 9.27525463019212570437E-01 9.27525463019212570437E-01 9.27525463019212570437E-01 9.27525463019212570437E-01 9.27525463019212570437E-01 9.27525463019212570437E-01 9.27525463019212570437E-01 9.27525463019212570437E-01 9.27525463019212570437E-01 9.27525463019212570437E-01 9.27525463019212570437E-01 9.27525463019212570437E-01 9.27525463019212570437E-01 9.27525463019212570437E-01 9.27525463019212570437E-01 9.27525463019212570437E-01 9.27525463019212570437E-01 9.27525463019212570437E-01 9.27525463019212570437E-01 9.27525463019212570437E-01 9.27525463019212570437E-01 9.27525463019212570437E-01 9.27525463019212570437E-01 9.27525463019212570437E-01 9.27525463019212570437E-01 9.27525463019212570437E-01 9.27525463019212570437E-01 9.27525463019212570437E-01 9.27525463019212570437E-01 9.27525463019212570437E-01 9.27525463019212570437E-01 9.27525463019212570437E-01 9.27525463019212570437E-01
1.01559517935583465409E+00 1.01559517935583465409E+00 1.01559517935583465409E+00 1.01559517935583465409E+00 1.01559517935583465409E+00 1.01559517935583465409E+00 1.01559517935583465409E+00 1.01559517935583465409E+00 1.01559517935583465409E+00 1.01559517935583465409E+00 1.01559517935583465409E+00 1.01559517935583465409E+00 1.01559517935583465409E+00 1.01559517935583465409E+00 1.01559517935583465409E+00 1.01559517935583465409E+00 1.01559517935583465409E+00 1.01559517935583465409E+00 1.01559517935583465409E+00 1.01559517935583465409E+00 1.01559517935583465409E+00 1.01559517935583465409E+00 1.01559517935583465409E+00 1.01559517935583465409E+00 1.01559517935583465409E+00 1.01559517935583465409E+00 1.01559517935583465409E+00 1.01559517935583465409E+00 1.01559517935583465409E+00 1.01559517935583465409E+00 1.01559517935583465409E+00 1.01559517935583465409E+00 1.01559517935583465409E+00 1.01559517935583465409E+00 1.01559517935583465409E+00 1.01559517935583465409E+00 1.01559517935583465409E+00 1.01559517935583465409E+00 1.01559517935583465409E+00 1.01559517935583465409E+00 1.01559517935583465409E+00 1.01559517935583465409E+00 1.01559517935583465409E+00 1.01559517935583465409E+00 1.01559517935583465409E+00 1.01559517935583465409E+00 1.01559517935583465409E+00 1.01559517935583465409E+00 1.01559517935583465409E+00 1.01559517935583465409E+00 1.01559517935583465409E+00 1.01559517935583465409E+00 1.01559517935583465409E+00 1.01559517935583465409E+00 1.01559517935583465409E+00 1.01559517935583465409E+00
8.26655462797541096265E-01 8.26655462797541096265E-01 8.26655462797541096265E-01 8.26655462797541096265E-01 8.26655462797541096265E-01 8.26655462797541096265E-01 8.26655462797541096265E-01 8.26655462797541096265E-01 8.26655462797541096265E-01 8.26655462797541096265E-01 8.26655462797541096265E-01 8.26655462797541096265E-01 8.26655462797541096265E-01 8.26655462797541096265E-01 8.26655462797541096265E-01 8.26655462797541096265E-01 8.26655462797541096265E-01 8.26655462797541096265E-01 8.26655462797541096265E-01 8.26655462797541096265E-01 8.26655462797541096265E-01 8.26655462797541096265E-01 8.26655462797541096265E-01 8.26655462797541096265E-01 8.26655462797541096265E-01 8.26655462797541096265E-01 8.26655462797541096265E-01 8.26655462797541096265E-01 8.26655462797541096265E-01 8.26655462797541096265E-01 8.26655462797541096265E-01 8.26655462797541096265E-01 8.26655462797541096265E-01 8.26655462797541096265E-01 8.26655462797541096265E-01 8.26655462797541096265E-01 8.26655462797541096265E-01 8.26655462797541096265E-01 8.26655462797541096265E-01 8.26655462797541096265E-01 8.26655462797541096265E-01 8.26655462797541096265E-01 8.26655462797541096265E-01 8.26655462797541096265E-01 8.26655462797541096265E-01 8.26655462797541096265E-01 8.26655462797541096265E-01 8.26655462797541096265E-01 8.26655462797541096265E-01 8.26655462797541096265E-01 8.26655462797541096265E-01 8.26655462797541096265E-01 8.26655462797541096265E-01 8.26655462797541096265E-01 8.26655462797541096265E-01 8.26655462797541096265E-01
9.98001204198461389083E-01 9.98001204198461389083E-01 9.98001204198461389083E-01 9.98001204198461389083E-01 9.98001204198461389083E-01 9.98001204198461389083E-01 9.98001204198461389083E-01 9.98001204198461389083E-01 9.98001204198461389083E-01 9.98001204198461389083E-01 9.98001204198461389083E-01 9.98001204198461389083E-01 9.98001204198461389083E-01 9.98001204198461389083E-01 9.98001204198461389083E-01 9.98001204198461389083E-01 9.98001204198461389083E-01 9.98001204198461389083E-01 9.98001204198461389083E-01 9.98001204198461389083E-01 9.98001204198461389083E-01 9.98001204198461389083E-01 9.98001204198461389083E-01 9.98001204198461389083E-01 9.98001204198461389083E-01 9.98001204198461389083E-01 9.98001204198461389083E-01 9.98001204198461389083E-01 9.98001204198461389083E-01 9.98001204198461389083E-01 9.98001204198461389083E-01 9.98001204198461389083E-01 9.98001204198461389083E-01 9.98001204198461389083E-01 9.98001204198461389083E-01 9.98001204198461389083E-01 9.98001204198461389083E-01 9.98001204198461389083E-01 9.98001204198461389083E-01 9.98001204198461389083E-01 9.98001204198461389083E-01 9.98001204198461389083E-01 9.98001204198461389083E-01 9.98001204198461389083E-01 9.98001204198461389083E-01 9.98001204198461389083E-01 9.98001204198461389083E-01 9.98001204198461389083E-01 9.98001204198461389083E-01 9.98001204198461389083E-01 9.98001204198461389083E-01 9.98001204198461389083E-01 9.98001204198461389083E-01 9.98001204198461389083E-01 9.98001204198461389083E-01 9.98001204198461389083E-01
1.05914989500602052530E+00 1.05914989500602052530E+00 1.05914989500602052530E+00 1.05914989500602052530E+00 1.05914989500602052530E+00 1.05914989500602052530E+00 1.05914989500602052530E+00 1.05914989500602052530E+00 1.05914989500602052530E+00 1.05914989500602052530E+00 1.05914989500602052530E+00 1.05914989500602052530E+00 1.05914989500602052530E+00 1.05914989500602052530E+00 1.05914989500602052530E+00 1.05914989500602052530E+00 1.05914989500602052530E+00 1.05914989500602052530E+00 1.05914989500602052530E+00 1.05914989500602052530E+00 1.05914989500602052530E+00 1.05914989500602052530E+00 1.05914989500602052530E+00 1.05914989500602052530E+00 1.05914989500602052530E+00 1.05914989500602052530E+00 1.05914989500602052530E+00 1.05914989500602052530E+00 1.05914989500602052530E+00 1.05914989500602052530E+00 1.05914989500602052530E+00 1.05914989500602052530E+00 1.05914989500602052530E+00 1.05914989500602052530E+00 1.05914989500602052530E+00 1.05914989500602052530E+00 1.05914989500602052530E+00 1.05914989500602052530E+00 1.05914989500602052530E+00 1.05914989500602052530E+00 1.05914989500602052530E+00 1.05914989500602052530E+00 1.05914989500602052530E+00 1.05914989500602052530E+00 1.05914989500602052530E+00 1.05914989500602052530E+00 1.05914989500602052530E+00 1.05914989500602052530E+00 1.05914989500602052530E+00 1.05914989500602052530E+00 1.05914989500602052530E+00 1.05914989500602052530E+00 1.05914989500602052530E+00 1.05914989500602052530E+00 1.05914989500602052530E+00 1.05914989500602052530E+00
8.76221618536624280438E-01 8.76221618536624280438E-01 8.76221618536624280438E-01 8.76221618536624280438E-01 8.76221618536624280438E-01 8.76221618536624280438E-01 8.76221618536624280438E-01 8.76221618536624280438E-01 8.76221618536624280438E-01 8.76221618536624280438E-01 8.76221618536624280438E-01 8.76221618536624280438E-01 8.76221618536624280438E-01 8.76221618536624280438E-01 8.76221618536624280438E-01 8.76221618536624280438E-01 8.76221618536624280438E-01 8.76221618536624280438E-01 8.76221618536624280438E-01 8.76221618536624280438E-01 8.76221618536624280438E-01 8.76221618536624280438E-01 8.76221618536624280438E-01 8.76221618536624280438E-01 8.76221618536624280438E-01 8.76221618536624280438E-01 8.76221618536624280438E-01 8.76221618536624280438E-01 8.76221618536624280438E-01 8.76221618536624280438E-01 8.76221618536624280438E-01 8.76221618536624280438E-01 8.76221618536624280438E-01 8.76221618536624280438E-01 8.76221618536624280438E-01 8.76221618536624280438E-01 8.76221618536624280438E-01 8.76221618536624280438E-01 8.76221618536624280438E-01 8.76221618536624280438E-01 8.76221618536624280438E-01 8.76221618536624280438E-01 8.76221618536624280438E-01 8.76221618536624280438E-01 8.76221618536624280438E-01 8.76221618536624280438E-01 8.76221618536624280438E-01 8.76221618536624280438E-01 8.76221618536624280438E-01 8.76221618536624280438E-01 8.76221618536624280438E-01 8.76221618536624280438E-01 8.76221618536624280438E-01 8.76221618536624280438E-01 8.76221618536624280438E-01 8.76221618536624280438E-01
1.09863871914544941610E+00 1.09863871914544941610E+00 1.09863871914544941610E+00 1.09863871914544941610E+00 1.09863871914544941610E+00 1.09863871914544941610E+00 1.09863871914544941610E+00 1.09863871914544941610E+00 1.09863871914544941610E+00 1.09863871914544941610E+00 1.09863871914544941610E+00 1.09863871914544941610E+00 1.09863871914544941610E+00 1.09863871914544941610E+00 1.09863871914544941610E+00 1.09863871914544941610E+00 1.09863871914544941610E+00 1.09863871914544941610E+00 1.09863871914544941610E+00 1.09863871914544941610E+00 1.09863871914544941610E+00 1.09863871914544941610E+00 1.09863871914544941610E+00 1.09863871914544941610E+00 1.09863871914544941610E+00 1.09863871914544941610E+00 1.09863871914544941610E+00 1.09863871914544941610E+00 1.09863871914544941610E+00 1.09863871914544941610E+00 1.09863871914544941610E+00 1.09863871914544941610E+00 1.09863871914544941610E+00 1.09863871914544941610E+00 1.09863871914544941610E+00 1.09863871914544941610E+00 1.09863871914544941610E+00 1.09863871914544941610E+00 1.09863871914544941610E+00 1.09863871914544941610E+00 1.09863871914544941610E+00 1.09863871914544941610E+00 1.09863871914544941610E+00 1.09863871914544941610E+00 1.09863871914544941610E+00 1.09863871914544941610E+00 1.09863871914544941610E+00 1.09863871914544941610E+00 1.09863871914544941610E+00 1.09863871914544941610E+00 1.09863871914544941610E+00 1.09863871914544941610E+00 1.09863871914544941610E+00 1.09863871914544941610E+00 1.09863871914544941610E+00 1.09863871914544941610E+00
1.19136425990633343375E+00 1.19136425990633343375E+00 1.19136425990633343375E+00 1.19136425990633343375E+00 1.19136425990633343375E+00 1.19136425990633343375E+00 1.19136425990633343375E+00 1.19136425990633343375E+00 1.19136425990633343375E+00 1.19136425990633343375E+00 1.19136425990633343375E+00 1.19136425990633343375E+00 1.19136425990633343375E+00 1.19136425990633343375E+00 1.19136425990633343375E+00 1.19136425990633343375E+00 1.19136425990633343375E+00 1.19136425990633343375E+00 1.19136425990633343375E+00 1.19136425990633343375E+00 1.19136425990633343375E+00 1.19136425990633343375E+00 1.19136425990633343375E+00 1.19136425990633343375E+00 1.19136425990633343375E+00 1.19136425990633343375E+00 1.19136425990633343375E+00 1.19136425990633343375E+00 1.19136425990633343375E+00 1.19136425990633343375E+00 1.19136425990633343375E+00 1.19136425990633343375E+00 1.19136425990633343375E+00 1.19136425990633343375E+00 1.19136425990633343375E+00 1.19136425990633343375E+00 1.19136425990633343375E+00 1.19136425990633343375E+00 1.19136425990633343375E+00 1.19136425990633343375E+00 1.19136425990633343375E+00 1.19136425990633343375E+00 1.19136425990633343375E+00 1.19136425990633343375E+00 1.19136425990633343375E+00 1.19136425990633343375E+00 1.19136425990633343375E+00 1.19136425990633343375E+00 1.19136425990633343375E+00 1.19136425990633343375E+00 1.19136425990633343375E+00 1.19136425990633343375E+00 1.19136425990633343375E+00 1.19136425990633343375E+00 1.19136425990633343375E+00 1.19136425990633343375E+00
9.93533319945208104329E-01 9.93533319945208104329E-01 9.93533319945208104329E-01 9.93533319945208104329E-01 9.93533319945208104329E-01 9.93533319945208104329E-01 9.93533319945208104329E-01 9.93533319945208104329E-01 9.93533319945208104329E-01 9.93533319945208104329E-01 9.93533319945208104329E-01 9.93533319945208104329E-01 9.93533319945208104329E-01 9.93533319945208104329E-01 9.93533319945208104329E-01 9.93533319945208104329E-01 9.93533319945208104329E-01 9.93533319945208104329E-01 9.93533319945208104329E-01 9.93533319945208104329E-01 9.93533319945208104329E-01 9.93533319945208104329E-01 9.93533319945208104329E-01 9.93533319945208104329E-01 9.93533319945208104329E-01 9.93533319945208104329E-01 9.93533319945208104329E-01 9.93533319945208104329E-01 9.93533319945208104329E-01 9.93533319945208104329E-01 9.93533319945208104329E-01 9.93533319945208104329E-01 9.93533319945208104329E-01 9.93533319945208104329E-01 9.93533319945208104329E-01 9.93533319945208104329E-01 9.93533319945208104329E-01 9.93533319945208104329E-01 9.93533319945208104329E-01 9.93533319945208104329E-01 9.93533319945208104329E-01 9.93533319945208104329E-01 9.93533319945208104329E-01 9.93533319945208104329E-01 9.93533319945208104329E-01 9.93533319945208104329E-01 9.93533319945208104329E-01 9.93533319945208104329E-01 9.93533319945208104329E-01 9.93533319945208104329E-01 9.93533319945208104329E-01 9.93533319945208104329E-01 9.93533319945208104329E-01 9.93533319945208104329E-01 9.93533319945208104329E-01 9.93533319945208104329E-01
1.24642372549971036655E+00 1.24642372549971036655E+00 1.24642372549971036655E+00 1.24642372549971036655E+00 1.24642372549971036655E+00 1.24642372549971036655E+00 1.24642372549971036655E+00 1.24642372549971036655E+00 1.24642372549971036655E+00 1.24642372549971036655E+00 1.24642372549971036655E+00 1.24642372549971036655E+00 1.24642372549971036655E+00 1.24642372549971036655E+00 1.24642372549971036655E+00 1.24642372549971036655E+00 1.24642372549971036655E+00 1.24642372549971036655E+00 1.24642372549971036655E+00 1.24642372549971036655E+00 1.24642372549971036655E+00 1.24642372549971036655E+00 1.24642372549971036655E+00 1.24642372549971036655E+00 1.24642372549971036655E+00 1.24642372549971036655E+00 1.24642372549971036655E+00 1.24642372549971036655E+00 1.24642372549971036655E+00 1.24642372549971036655E+00 1.24642372549971036655E+00 1.24642372549971036655E+00 1.24642372549971036655E+00 1.24642372549971036655E+00 1.24642372549971036655E+00 1.24642372549971036655E+00 1.24642372549971036655E+00 1.24642372549971036655E+00 1.24642372549971036655E+00 1.24642372549971036655E+00 1.24642372549971036655E+00 1.24642372549971036655E+00 1.24642372549971036655E+00 1.24642372549971036655E+00 1.24642372549971036655E+00 1.24642372549971036655E+00 1.24642372549971036655E+00 1.24642372549971036655E+00 1.24642372549971036655E+00 1.24642372549971036655E+00 1.24642372549971036655E+00 1.24642372549971036655E+00 1.24642372549971036655E+00 1.24642372549971036655E+00 1.24642372549971036655E+00 1.24642372549971036655E+00
9.13745693098257261155E-01 9.13745693098257261155E-01 9.13745693098257261155E-01 9.13745693098257261155E-01 9.13745693098257261155E-01 9.13745693098257261155E-01 9.13745693098257261155E-01 9.13745693098257261155E-01 9.13745693098257261155E-01 9.13745693098257261155E-01 9.13745693098257261155E-01 9.13745693098257261155E-01 9.13745693098257261155E-01 9.13745693098257261155E-01 9.13745693098257261155E-01 9.13745693098257261155E-01 9.13745693098257261155E-01 9.13745693098257261155E-01 9.13745693098257261155E-01 9.13745693098257261155E-01 9.13745693098257261155E-01 9.13745693098257261155E-01 9.13745693098257261155E-01 9.13745693098257261155E-01 9.13745693098257261155E-01 9.13745693098257261155E-01 9.13745693098257261155E-01 9.13745693098257261155E-01 9.13745693098257261155E-01 9.13745693098257261155E-01 9.13745693098257261155E-01 9.13745693098257261155E-01 9.13745693098257261155E-01 9.13745693098257261155E-01 9.13745693098257261155E-01 9.13745693098257261155E-01 9.13745693098257261155E-01 9.13745693098257261155E-01 9.13745693098257261155E-01 9.13745693098257261155E-01 9.13745693098257261155E-01 9.13745693098257261155E-01 9.13745693098257261155E-01 9.13745693098257261155E-01 9.13745693098257261155E-01 9.13745693098257261155E-01 9.13745693098257261155E-01 9.13745693098257261155E-01 9.13745693098257261155E-01 9.13745693098257261155E-01 9.13745693098257261155E-01 9.13745693098257261155E-01 9.13745693098257261155E-01 9.13745693098257261155E-01 9.13745693098257261155E-01 9.13745693098257261155E-01
9.35094599955449412576E-01 9.35094599955449412576E-01 9.35094599955449412576E-01 9.35094599955449412576E-01 9.35094599955449412576E-01 9.35094599955449412576E-01 9.35094599955449412576E-01 9.35094599955449412576E-01 9.35094599955449412576E-01 9.35094599955449412576E-01 9.35094599955449412576E-01 9.35094599955449412576E-01 9.35094599955449412576E-01 9.35094599955449412576E-01 9.35094599955449412576E-01 9.35094599955449412576E-01 9.35094599955449412576E-01 9.35094599955449412576E-01 9.35094599955449412576E-01 9.35094599955449412576E-01 9.35094599955449412576E-01 9.35094599955449412576E-01 9.35094599955449412576E-01 9.35094599955449412576E-01 9.35094599955449412576E-01 9.35094599955449412576E-01 9.35094599955449412576E-01 9.35094599955449412576E-01 9.35094599955449412576E-01 9.35094599955449412576E-01 9.35094599955449412576E-01 9.35094599955449412576E-01 9.35094599955449412576E-01 9.35094599955449412576E-01 9.35094599955449412576E-01 9.35094599955449412576E-01 9.35094599955449412576E-01 9.35094599955449412576E-01 9.35094599955449412576E-01 9.35094599955449412576E-01 9.35094599955449412576E-01 9.35094599955449412576E-01 9.35094599955449412576E-01 9.35094599955449412576E-01 9.35094599955449412576E-01 9.35094599955449412576E-01 9.35094599955449412576E-01 9.35094599955449412576E-01 9.35094599955449412576E-01 9.35094599955449412576E-01 9.35094599955449412576E-01 9.35094599955449412576E-01 9.35094599955449412576E-01 9.35094599955449412576E-01 9.35094599955449412576E-01 9.35094599955449412576E-01
1.04250467597780605011E+00 1.04250467597780605011E+00 1.04250467597780605011E+00 1.04250467597780605011E+00 1.04250467597780605011E+00 1.04250467597780605011E+00 1.04250467597780605011E+00 1.04250467597780605011E+00 1.04250467597780605011E+00 1.04250467597780605011E+00 1.04250467597780605011E+00 1.04250467597780605011E+00 1.04250467597780605011E+00 1.04250467597780605011E+00 1.04250467597780605011E+00 1.04250467597780605011E+00 1.04250467597780605011E+00 1.04250467597780605011E+00 1.04250467597780605011E+00 1.04250467597780605011E+00 1.04250467597780605011E+00 1.04250467597780605011E+00 1.04250467597780605011E+00 1.04250467597780605011E+00 1.04250467597780605011E+00 1.04250467597780605011E+00 1.04250467597780605011E+00 1.04250467597780605011E+00 1.04250467597780605011E+00 1.04250467597780605011E+00 1.04250467597780605011E+00 1.04250467597780605011E+00 1.04250467597780605011E+00 1.04250467597780605011E+00 1.04250467597780605011E+00 1.04250467597780605011E+00 1.04250467597780605011E+00 1.04250467597780605011E+00 1.04250467597780605011E+00 1.04250467597780605011E+00 1.04250467597780605011E+00 1.04250467597780605011E+00 1.04250467597780605011E+00 1.04250467597780605011E+00 1.04250467597780605011E+00 1.04250467597780605011E+00 1.04250467597780605011E+00 1.04250467597780605011E+00 1.04250467597780605011E+00 1.04250467597780605011E+00 1.04250467597780605011E+00 1.04250467597780605011E+00 1.04250467597780605011E+00 1.04250467597780605011E+00 1.04250467597780605011E+00 1.04250467597780605011E+00
8.76237407408925195185E-01 8.76237407408925195185E-01 8.76237407408925195185E-01 8.76237407408925195185E-01 8.76237407408925195185E-01 8.76237407408925195185E-01 8.76237407408925195185E-01 8.76237407408925195185E-01 8.76237407408925195185E-01 8.76237407408925195185E-01 8.76237407408925195185E-01 8.76237407408925195185E-01 8.76237407408925195185E-01 8.76237407408925195185E-01 8.76237407408925195185E-01 8.76237407408925195185E-01 8.76237407408925195185E-01 8.76237407408925195185E-01 8.76237407408925195185E-01 8.76237407408925195185E-01 8.76237407408925195185E-01 8.76237407408925195185E-01 8.76237407408925195185E-01 8.76237407408925195185E-01 8.76237407408925195185E-01 8.76237407408925195185E-01 8.76237407408925195185E-01 8.76237407408925195185E-01 8.76237407408925195185E-01 8.76237407408925195185E-01 8.76237407408925195185E-01 8.76237407408925195185E-01 8.76237407408925195185E-01 8.76237407408925195185E-01 8.76237407408925195185E-01 8.76237407408925195185E-01 8.76237407408925195185E-01 8.76237407408925195185E-01 8.76237407408925195185E-01 8.76237407408925195185E-01 8.76237407408925195185E-01 8.76237407408925195185E-01 8.76237407408925195185E-01 8.76237407408925195185E-01 8.76237407408925195185E-01 8.76237407408925195185E-01 8.76237407408925195185E-01 8.76237407408925195185E-01 8.76237407408925195185E-01 8.76237407408925195185E-01 8.76237407408925195185E-01 8.76237407408925195185E-01 8.76237407408925195185E-01 8.76237407408925195185E-01 8.76237407408925195185E-01 8.76237407408925195185E-01
9.76771889671323445548E-01 9.76771889671323445548E-01 9.76771889671323445548E-01 9.76771889671323445548E-01 9.76771889671323445548E-01 9.76771889671323445548E-01 9.76771889671323445548E-01 9.76771889671323445548E-01 9.76771889671323445548E-01 9.76771889671323445548E-01 9.76771889671323445548E-01 9.76771889671323445548E-01 9.76771889671323445548E-01 9.76771889671323445548E-01 9.76771889671323445548E-01 9.76771889671323445548E-01 9.76771889671323445548E-01 9.76771889671323445548E-01 9.76771889671323445548E-01 9.76771889671323445548E-01 9.76771889671323445548E-01 9.76771889671323445548E-01 9.76771889671323445548E-01 9.76771889671323445548E-01 9.76771889671323445548E-01 9.76771889671323445548E-01 9.76771889671323445548E-01 9.76771889671323445548E-01 9.76771889671323445548E-01 9.76771889671323445548E-01 9.76771889671323445548E-01 9.76771889671323445548E-01 9.76771889671323445548E-01 9.76771889671323445548E-01 9.76771889671323445548E-01 9.76771889671323445548E-01 9.76771889671323445548E-01 9.76771889671323445548E-01 9.76771889671323445548E-01 9.76771889671323445548E-01 9.76771889671323445548E-01 9.76771889671323445548E-01 9.76771889671323445548E-01 9.76771889671323445548E-01 9.76771889671323445548E-01 9.76771889671323445548E-01 9.76771889671323445548E-01 9.76771889671323445548E-01 9.76771889671323445548E-01 9.76771889671323445548E-01 9.76771889671323445548E-01 9.76771889671323445548E-01 9.76771889671323445548E-01 9.76771889671323445548E-01 9.76771889671323445548E-01 9.76771889671323445548E-01
1.15490534438053638056E+00 1.15490534438053638056E+00 1.15490534438053638056E+00 1.15490534438053638056E+00 1.15490534438053638056E+00 1.15490534438053638056E+00 1.15490534438053638056E+00 1.15490534438053638056E+00 1.15490534438053638056E+00 1.15490534438053638056E+00 1.15490534438053638056E+00 1.15490534438053638056E+00 1.15490534438053638056E+00 1.15490534438053638056E+00 1.15490534438053638056E+00 1.15490534438053638056E+00 1.15490534438053638056E+00 1.15490534438053638056E+00 1.15490534438053638056E+00 1.15490534438053638056E+00 1.15490534438053638056E+00 1.15490534438053638056E+00 1.15490534438053638056E+00 1.15490534438053638056E+00 1.15490534438053638056E+00 1.15490534438053638056E+00 1.15490534438053638056E+00 1.15490534438053638056E+00 1.15490534438053638056E+00 1.15490534438053638056E+00 1.15490534438053638056E+00 1.15490534438053638056E+00 1.15490534438053638056E+00 1.15490534438053638056E+00 1.15490534438053638056E+00 1.15490534438053638056E+00 1.15490534438053638056E+00 1.15490534438053638056E+00 1.15490534438053638056E+00 1.15490534438053638056E+00 1.15490534438053638056E+00 1.15490534438053638056E+00 1.15490534438053638056E+00 1.15490534438053638056E+00 1.15490534438053638056E+00 1.15490534438053638056E+00 1.15490534438053638056E+00 1.15490534438053638056E+00 1.15490534438053638056E+00 1.15490534438053638056E+00 1.15490534438053638056E+00 1.15490534438053638056E+00 1.15490534438053638056E+00 1.15490534438053638056E+00 1.15490534438053638056E+00 1.15490534438053638056E+00
1.20552954809357015797E+00 1.20552954809357015797E+00 1.20552954809357015797E+00 1.20552954809357015797E+00 1.20552954809357015797E+00 1.20552954809357015797E+00 1.20552954809357015797E+00 1.20552954809357015797E+00 1.20552954809357015797E+00 1.20552954809357015797E+00 1.20552954809357015797E+00 1.20552954809357015797E+00 1.20552954809357015797E+00 1.20552954809357015797E+00 1.20552954809357015797E+00 1.20552954809357015797E+00 1.20552954809357015797E+00 1.20552954809357015797E+00 1.20552954809357015797E+00 1.20552954809357015797E+00 1.20552954809357015797E+00 1.20552954809357015797E+00 1.20552954809357015797E+00 1.20552954809357015797E+00 1.20552954809357015797E+00 1.20552954809357015797E+00 1.20552954809357015797E+00 1.20552954809357015797E+00 1.20552954809357015797E+00 1.20552954809357015797E+00 1.20552954809357015797E+00 1.20552954809357015797E+00 1.20552954809357015797E+00 1.20552954809357015797E+00 1.20552954809357015797E+00 1.20552954809357015797E+00 1.20552954809357015797E+00 1.20552954809357015797E+00 1.20552954809357015797E+00 1.20552954809357015797E+00 1.20552954809357015797E+00 1.20552954809357015797E+00 1.20552954809357015797E+00 1.20552954809357015797E+00 1.20552954809357015797E+00 1.20552954809357015797E+00 1.20552954809357015797E+00 1.20552954809357015797E+00 1.20552954809357015797E+00 1.20552954809357015797E+00 1.20552954809357015797E+00 1.20552954809357015797E+00 1.20552954809357015797E+00 1.20552954809357015797E+00 1.20552954809357015797E+00 1.20552954809357015797E+00
9.22643419198134973058E-01 9.22643419198134973058E-01 9.22643419198134973058E-01 9.22643419198134973058E-01 9.22643419198134973058E-01 9.22643419198134973058E-01 9.22643419198134973058E-01 9.22643419198134973058E-01 9.22643419198134973058E-01 9.22643419198134973058E-01 9.22643419198134973058E-01 9.22643419198134973058E-01 9.22643419198134973058E-01 9.22643419198134973058E-01 9.22643419198134973058E-01 9.22643419198134973058E-01 9.22643419198134973058E-01 9.22643419198134973058E-01 9.22643419198134973058E-01 9.22643419198134973058E-01 9.22643419198134973058E-01 9.22643419198134973058E-01 9.22643419198134973058E-01 9.22643419198134973058E-01 9.22643419198134973058E-01 9.22643419198134973058E-01 9.22643419198134973058E-01 9.22643419198134973058E-01 9.22643419198134973058E-01 9.22643419198134973058E-01 9.22643419198134973058E-01 9.22643419198134973058E-01 9.22643419198134973058E-01 9.22643419198134973058E-01 9.22643419198134973058E-01 9.22643419198134973058E-01 9.22643419198134973058E-01 9.22643419198134973058E-01 9.22643419198134973058E-01 9.22643419198134973058E-01 9.22643419198134973058E-01 9.22643419198134973058E-01 9.22643419198134973058E-01 9.22643419198134973058E-01 9.22643419198134973058E-01 9.22643419198134973058E-01 9.22643419198134973058E-01 9.22643419198134973058E-01 9.22643419198134973058E-01 9.22643419198134973058E-01 9.22643419198134973058E-01 9.22643419198134973058E-01 9.22643419198134973058E-01 9.22643419198134973058E-01 9.22643419198134973058E-01 9.22643419198134973058E-01
9.59086570371915581035E-01 9.59086570371915581035E-01 9.59086570371915581035E-01 9.59086570371915581035E-01 9.59086570371915581035E-01 9.59086570371915581035E-01 9.59086570371915581035E-01 9.59086570371915581035E-01 9.59086570371915581035E-01 9.59086570371915581035E-01 9.59086570371915581035E-01 9.59086570371915581035E-01 9.59086570371915581035E-01 9.59086570371915581035E-01 9.59086570371915581035E-01 9.59086570371915581035E-01 9.59086570371915581035E-01 9.59086570371915581035E-01 9.59086570371915581035E-01 9.59086570371915581035E-01 9.59086570371915581035E-01 9.59086570371915581035E-01 9.59086570371915581035E-01 9.59086570371915581035E-01 9.59086570371915581035E-01 9.59086570371915581035E-01 9.59086570371915581035E-01 9.59086570371915581035E-01 9.59086570371915581035E-01 9.59086570371915581035E-01 9.59086570371915581035E-01 9.59086570371915581035E-01 9.59086570371915581035E-01 9.59086570371915581035E-01 9.59086570371915581035E-01 9.59086570371915581035E-01 9.59086570371915581035E-01 9.59086570371915581035E-01 9.59086570371915581035E-01 9.59086570371915581035E-01 9.59086570371915581035E-01 9.59086570371915581035E-01 9.59086570371915581035E-01 9.59086570371915581035E-01 9.59086570371915581035E-01 9.59086570371915581035E-01 9.59086570371915581035E-01 9.59086570371915581035E-01 9.59086570371915581035E-01 9.59086570371915581035E-01 9.59086570371915581035E-01 9.59086570371915581035E-01 9.59086570371915581035E-01 9.59086570371915581035E-01 9.59086570371915581035E-01 9.59086570371915581035E-01
8.30589596702556387520E-01 8.30589596702556387520E-01 8.30589596702556387520E-01 8.30589596702556387520E-01 8.30589596702556387520E-01 8.30589596702556387520E-01 8.30589596702556387520E-01 8.30589596702556387520E-01 8.30589596702556387520E-01 8.30589596702556387520E-01 8.30589596702556387520E-01 8.30589596702556387520E-01 8.30589596702556387520E-01 8.30589596702556387520E-01 8.30589596702556387520E-01 8.30589596702556387520E-01 8.30589596702556387520E-01 8.30589596702556387520E-01 8.30589596702556387520E-01 8.30589596702556387520E-01 8.30589596702556387520E-01 8.30589596702556387520E-01 8.30589596702556387520E-01 8.30589596702556387520E-01 8.30589596702556387520E-01 8.30589596702556387520E-01 8.30589596702556387520E-01 8.30589596702556387520E-01 8.30589596702556387520E-01 8.30589596702556387520E-01 8.30589596702556387520E-01 8.30589596702556387520E-01 8.30589596702556387520E-01 8.30589596702556387520E-01 8.30589596702556387520E-01 8.30589596702556387520E-01 8.30589596702556387520E-01 8.30589596702556387520E-01 8.30589596702556387520E-01 8.30589596702556387520E-01 8.30589596702556387520E-01 8.30589596702556387520E-01 8.30589596702556387520E-01 8.30589596702556387520E-01 8.30589596702556387520E-01 8.30589596702556387520E-01 8.30589596702556387520E-01 8.30589596702556387520E-01 8.30589596702556387520E-01 8.30589596702556387520E-01 8.30589596702556387520E-01 8.30589596702556387520E-01 8.30589596702556387520E-01 8.30589596702556387520E-01 8.30589596702556387520E-01 8.30589596702556387520E-01
8.64099998020237403118E-01 8.64099998020237403118E-01 8.64099998020237403118E-01 8.64099998020237403118E-01 8.64099998020237403118E-01 8.64099998020237403118E-01 8.64099998020237403118E-01 8.64099998020237403118E-01 8.64099998020237403118E-01 8.64099998020237403118E-01 8.64099998020237403118E-01 8.64099998020237403118E-01 8.64099998020237403118E-01 8.64099998020237403118E-01 8.64099998020237403118E-01 8.64099998020237403118E-01 8.64099998020237403118E-01 8.64099998020237403118E-01 8.64099998020237403118E-01 8.64099998020237403118E-01 8.64099998020237403118E-01 8.64099998020237403118E-01 8.64099998020237403118E-01 8.64099998020237403118E-01 8.64099998020237403118E-01 8.64099998020237403118E-01 8.64099998020237403118E-01 8.64099998020237403118E-01 8.64099998020237403118E-01 8.64099998020237403118E-01 8.64099998020237403118E-01 8.64099998020237403118E-01 8.64099998020237403118E-01 8.64099998020237403118E-01 8.64099998020237403118E-01 8.64099998020237403118E-01 8.64099998020237403118E-01 8.64099998020237403118E-01 8.64099998020237403118E-01 8.64099998020237403118E-01 8.64099998020237403118E-01 8.64099998020237403118E-01 8.64099998020237403118E-01 8.64099998020237403118E-01 8.64099998020237403118E-01 8.64099998020237403118E-01 8.64099998020237403118E-01 8.64099998020237403118E-01 8.64099998020237403118E-01 8.64099998020237403118E-01 8.64099998020237403118E-01 8.64099998020237403118E-01 8.64099998020237403118E-01 8.64099998020237403118E-01 8.64099998020237403118E-01 8.64099998020237403118E-01
1.12010269341006396537E+00 1.12010269341006396537E+00 1.12010269341006396537E+00 1.12010269341006396537E+00 1.12010269341006396537E+00 1.12010269341006396537E+00 1.12010269341006396537E+00 1.12010269341006396537E+00 1.12010269341006396537E+00 1.12010269341006396537E+00 1.12010269341006396537E+00 1.12010269341006396537E+00 1.12010269341006396537E+00 1.12010269341006396537E+00 1.12010269341006396537E+00 1.12010269341006396537E+00 1.12010269341006396537E+00 1.12010269341006396537E+00 1.12010269341006396537E+00 1.12010269341006396537E+00 1.12010269341006396537E+00 1.12010269341006396537E+00 1.12010269341006396537E+00 1.12010269341006396537E+00 1.12010269341006396537E+00 1.12010269341006396537E+00 1.12010269341006396537E+00 1.12010269341006396537E+00 1.12010269341006396537E+00 1.12010269341006396537E+00 1.12010269341006396537E+00 1.12010269341006396537E+00 1.12010269341006396537E+00 1.12010269341006396537E+00 1.12010269341006396537E+00 1.12010269341006396537E+00 1.12010269341006396537E+00 1.12010269341006396537E+00 1.12010269341006396537E+00 1.12010269341006396537E+00 1.12010269341006396537E+00 1.12010269341006396537E+00 1.12010269341006396537E+00 1.12010269341006396537E+00 1.12010269341006396537E+00 1.12010269341006396537E+00 1.12010269341006396537E+00 1.12010269341006396537E+00 1.12010269341006396537E+00 1.12010269341006396537E+00 1.12010269341006396537E+00 1.12010269341006396537E+00 1.12010269341006396537E+00 1.12010269341006396537E+00 1.12010269341006396537E+00 1.12010269341006396537E+00
9.11621622447571056114E-01 9.11621622447571056114E-01 9.11621622447571056114E-01 9.11621622447571056114E-01 9.11621622447571056114E-01 9.11621622447571056114E-01 9.11621622447571056114E-01 9.11621622447571056114E-01 9.11621622447571056114E-01 9.11621622447571056114E-01 9.11621622447571056114E-01 9.11621622447571056114E-01 9.11621622447571056114E-01 9.11621622447571056114E-01 9.11621622447571056114E-01 9.11621622447571056114E-01 9.11621622447571056114E-01 9.11621622447571056114E-01 9.11621622447571056114E-01 9.11621622447571056114E-01 9.11621622447571056114E-01 9.11621622447571056114E-01 9.11621622447571056114E-01 9.11621622447571056114E-01 9.11621622447571056114E-01 9.11621622447571056114E-01 9.11621622447571056114E-01 9.11621622447571056114E-01 9.11621622447571056114E-01 9.11621622447571056114E-01 9.11621622447571056114E-01 9.11621622447571056114E-01 9.11621622447571056114E-01 9.11621622447571056114E-01 9.11621622447571056114E-01 9.11621622447571056114E-01 9.11621622447571056114E-01 9.11621622447571056114E-01 9.11621622447571056114E-01 9.11621622447571056114E-01 9.11621622447571056114E-01 9.11621622447571056114E-01 9.11621622447571056114E-01 9.11621622447571056114E-01 9.11621622447571056114E-01 9.11621622447571056114E-01 9.11621622447571056114E-01 9.11621622447571056114E-01 9.11621622447571056114E-01 9.11621622447571056114E-01 9.11621622447571056114E-01 9.11621622447571056114E-01 9.11621622447571056114E-01 9.11621622447571056114E-01 9.11621622447571056114E-01 9.11621622447571056114E-01
9.94052560144685015686E-01 9.94052560144685015686E-01 9.94052560144685015686E-01 9.94052560144685015686E-01 9.94052560144685015686E-01 9.94052560144685015686E-01 9.94052560144685015686E-01 9.94052560144685015686E-01 9.94052560144685015686E-01 9.94052560144685015686E-01 9.94052560144685015686E-01 9.94052560144685015686E-01 9.94052560144685015686E-01 9.94052560144685015686E-01 9.94052560144685015686E-01 9.94052560144685015686E-01 9.94052560144685015686E-01 9.94052560144685015686E-01 9.94052560144685015686E-01 9.94052560144685015686E-01 9.94052560144685015686E-01 9.94052560144685015686E-01 9.94052560144685015686E-01 9.94052560144685015686E-01 9.94052560144685015686E-01 9.94052560144685015686E-01 9.94052560144685015686E-01 9.94052560144685015686E-01 9.94052560144685015686E-01 9.94052560144685015686E-01 9.94052560144685015686E-01 9.94052560144685015686E-01 9.94052560144685015686E-01 9.94052560144685015686E-01 9.94052560144685015686E-01 9.94052560144685015686E-01 9.94052560144685015686E-01 9.94052560144685015686E-01 9.94052560144685015686E-01 9.94052560144685015686E-01 9.94052560144685015686E-01 9.94052560144685015686E-01 9.94052560144685015686E-01 9.94052560144685015686E-01 9.94052560144685015686E-01 9.94052560144685015686E-01 9.94052560144685015686E-01 9.94052560144685015686E-01 9.94052560144685015686E-01 9.94052560144685015686E-01 9.94052560144685015686E-01 9.94052560144685015686E-01 9.94052560144685015686E-01 9.94052560144685015686E-01 9.94052560144685015686E-01 9.94052560144685015686E-01
1.02935753061391865870E+00 1.02935753061391865870E+00 1.02935753061391865870E+00 1.02935753061391865870E+00 1.02935753061391865870E+00 1.02935753061391865870E+00 1.02935753061391865870E+00 1.02935753061391865870E+00 1.02935753061391865870E+00 1.02935753061391865870E+00 1.02935753061391865870E+00 1.02935753061391865870E+00 1.02935753061391865870E+00 1.02935753061391865870E+00 1.02935753061391865870E+00 1.02935753061391865870E+00 1.02935753061391865870E+00 1.02935753061391865870E+00 1.02935753061391865870E+00 1.02935753061391865870E+00 1.02935753061391865870E+00 1.02935753061391865870E+00 1.02935753061391865870E+00 1.02935753061391865870E+00 1.02935753061391865870E+00 1.02935753061391865870E+00 1.02935753061391865870E+00 1.02935753061391865870E+00 1.02935753061391865870E+00 1.02935753061391865870E+00 1.02935753061391865870E+00 1.02935753061391865870E+00 1.02935753061391865870E+00 1.02935753061391865870E+00 1.02935753061391865870E+00 1.02935753061391865870E+00 1.02935753061391865870E+00 1.02935753061391865870E+00 1.02935753061391865870E+00 1.02935753061391865870E+00 1.02935753061391865870E+00 1.02935753061391865870E+00 1.02935753061391865870E+00 1.02935753061391865870E+00 1.02935753061391865870E+00 1.02935753061391865870E+00 1.02935753061391865870E+00 1.02935753061391865870E+00 1.02935753061391865870E+00 1.02935753061391865870E+00 1.02935753061391865870E+00 1.02935753061391865870E+00 1.02935753061391865870E+00 1.02935753061391865870E+00 1.02935753061391865870E+00 1.02935753061391865870E+00
1.04023454473799503717E+00 1.04023454473799503717E+00 1.04023454473799503717E+00 1.04023454473799503717E+00 1.04023454473799503717E+00 1.04023454473799503717E+00 1.04023454473799503717E+00 1.04023454473799503717E+00 1.04023454473799503717E+00 1.04023454473799503717E+00 1.04023454473799503717E+00 1.04023454473799503717E+00 1.04023454473799503717E+00 1.04023454473799503717E+00 1.04023454473799503717E+00 1.04023454473799503717E+00 1.04023454473799503717E+00 1.04023454473799503717E+00 1.04023454473799503717E+00 1.04023454473799503717E+00 1.04023454473799503717E+00 1.04023454473799503717E+00 1.04023454473799503717E+00 1.04023454473799503717E+00 1.04023454473799503717E+00 1.04023454473799503717E+00 1.04023454473799503717E+00 1.04023454473799503717E+00 1.04023454473799503717E+00 1.04023454473799503717E+00 1.04023454473799503717E+00 1.04023454473799503717E+00 1.04023454473799503717E+00 1.04023454473799503717E+00 1.04023454473799503717E+00 1.04023454473799503717E+00 1.04023454473799503717E+00 1.04023454473799503717E+00 1.04023454473799503717E+00 1.04023454473799503717E+00 1.04023454473799503717E+00 1.04023454473799503717E+00 1.04023454473799503717E+00 1.04023454473799503717E+00 1.04023454473799503717E+00 1.04023454473799503717E+00 1.04023454473799503717E+00 1.04023454473799503717E+00 1.04023454473799503717E+00 1.04023454473799503717E+00 1.04023454473799503717E+00 1.04023454473799503717E+00 1.04023454473799503717E+00 1.04023454473799503717E+00 1.04023454473799503717E+00 1.04023454473799503717E+00
1.08801873910085733499E+00 1.08801873910085733499E+00 1.08801873910085733499E+00 1.08801873910085733499E+00 1.08801873910085733499E+00 1.08801873910085733499E+00 1.08801873910085733499E+00 1.08801873910085733499E+00 1.08801873910085733499E+00 1.08801873910085733499E+00 1.08801873910085733499E+00 1.08801873910085733499E+00 1.08801873910085733499E+00 1.08801873910085733499E+00 1.08801873910085733499E+00 1.08801873910085733499E+00 1.08801873910085733499E+00 1.08801873910085733499E+00 1.08801873910085733499E+00 1.08801873910085733499E+00 1.08801873910085733499E+00 1.08801873910085733499E+00 1.08801873910085733499E+00 1.08801873910085733499E+00 1.08801873910085733499E+00 1.08801873910085733499E+00 1.08801873910085733499E+00 1.08801873910085733499E+00 1.08801873910085733499E+00 1.08801873910085733499E+00 1.08801873910085733499E+00 1.08801873910085733499E+00 1.08801873910085733499E+00 1.08801873910085733499E+00 1.08801873910085733499E+00 1.08801873910085733499E+00 1.08801873910085733499E+00 1.08801873910085733499E+00 1.08801873910085733499E+00 1.08801873910085733499E+00 1.08801873910085733499E+00 1.08801873910085733499E+00 1.08801873910085733499E+00 1.08801873910085733499E+00 1.08801873910085733499E+00 1.08801873910085733499E+00 1.08801873910085733499E+00 1.08801873910085733499E+00 1.08801873910085733499E+00 1.08801873910085733499E+00 1.08801873910085733499E+00 1.08801873910085733499E+00 1.08801873910085733499E+00 1.08801873910085733499E+00 1.08801873910085733499E+00 1.08801873910085733499E+00
9.61381539434919329956E-01 9.61381539434919329956E-01 9.61381539434919329956E-01 9.61381539434919329956E-01 9.61381539434919329956E-01 9.61381539434919329956E-01 9.61381539434919329956E-01 9.61381539434919329956E-01 9.61381539434919329956E-01 9.61381539434919329956E-01 9.61381539434919329956E-01 9.61381539434919329956E-01 9.61381539434919329956E-01 9.61381539434919329956E-01 9.61381539434919329956E-01 9.61381539434919329956E-01 9.61381539434919329956E-01 9.61381539434919329956E-01 9.61381539434919329956E-01 9.61381539434919329956E-01 9.61381539434919329956E-01 9.61381539434919329956E-01 9.61381539434919329956E-01 9.61381539434919329956E-01 9.61381539434919329956E-01 9.61381539434919329956E-01 9.61381539434919329956E-01 9.61381539434919329956E-01 9.61381539434919329956E-01 9.61381539434919329956E-01 9.61381539434919329956E-01 9.61381539434919329956E-01 9.61381539434919329956E-01 9.61381539434919329956E-01 9.61381539434919329956E-01 9.61381539434919329956E-01 9.61381539434919329956E-01 9.61381539434919329956E-01 9.61381539434919329956E-01 9.61381539434919329956E-01 9.61381539434919329956E-01 9.61381539434919329956E-01 9.61381539434919329956E-01 9.61381539434919329956E-01 9.61381539434919329956E-01 9.61381539434919329956E-01 9.61381539434919329956E-01 9.61381539434919329956E-01 9.61381539434919329956E-01 9.61381539434919329956E-01 9.61381539434919329956E-01 9.61381539434919329956E-01 9.61381539434919329956E-01 9.61381539434919329956E-01 9.61381539434919329956E-01 9.61381539434919329956E-01
1.04053704593695384162E+00 1.04053704593695384162E+00 1.04053704593695384162E+00 1.04053704593695384162E+00 1.04053704593695384162E+00 1.04053704593695384162E+00 1.04053704593695384162E+00 1.04053704593695384162E+00 1.04053704593695384162E+00 1.04053704593695384162E+00 1.04053704593695384162E+00 1.04053704593695384162E+00 1.04053704593695384162E+00 1.04053704593695384162E+00 1.04053704593695384162E+00 1.04053704593695384162E+00 1.04053704593695384162E+00 1.04053704593695384162E+00 1.04053704593695384162E+00 1.04053704593695384162E+00 1.04053704593695384162E+00 1.04053704593695384162E+00 1.04053704593695384162E+00 1.04053704593695384162E+00 1.04053704593695384162E+00 1.04053704593695384162E+00 1.04053704593695384162E+00 1.04053704593695384162E+00 1.04053704593695384162E+00 1.04053704593695384162E+00 1.04053704593695384162E+00 1.04053704593695384162E+00 1.04053704593695384162E+00 1.04053704593695384162E+00 1.04053704593695384162E+00 1.04053704593695384162E+00 1.04053704593695384162E+00 1.04053704593695384162E+00 1.04053704593695384162E+00 1.04053704593695384162E+00 1.04053704593695384162E+00 1.04053704593695384162E+00 1.04053704593695384162E+00 1.04053704593695384162E+00 1.04053704593695384162E+00 1.04053704593695384162E+00 1.04053704593695384162E+00 1.04053704593695384162E+00 1.04053704593695384162E+00 1.04053704593695384162E+00 1.04053704593695384162E+00 1.04053704593695384162E+00 1.04053704593695384162E+00 1.04053704593695384162E+00 1.04053704593695384162E+00 1.04053704593695384162E+00
9.65062431658621378006E-01 9.65062431658621378006E-01 9.65062431658621378006E-01 9.65062431658621378006E-01 9.65062431658621378006E-01 9.65062431658621378006E-01 9.65062431658621378006E-01 9.65062431658621378006E-01 9.65062431658621378006E-01 9.65062431658621378006E-01 9.65062431658621378006E-01 9.65062431658621378006E-01 9.65062431658621378006E-01 9.65062431658621378006E-01 9.65062431658621378006E-01 9.65062431658621378006E-01 9.65062431658621378006E-01 9.65062431658621378006E-01 9.65062431658621378006E-01 9.65062431658621378006E-01 9.65062431658621378006E-01 9.65062431658621378006E-01 9.65062431658621378006E-01 9.65062431658621378006E-01 9.65062431658621378006E-01 9.65062431658621378006E-01 9.65062431658621378006E-01 9.65062431658621378006E-01 9.65062431658621378006E-01 9.65062431658621378006E-01 9.65062431658621378006E-01 9.65062431658621378006E-01 9.65062431658621378006E-01 9.65062431658621378006E-01 9.65062431658621378006E-01 9.65062431658621378006E-01 9.65062431658621378006E-01 9.65062431658621378006E-01 9.65062431658621378006E-01 9.65062431658621378006E-01 9.65062431658621378006E-01 9.65062431658621378006E-01 9.65062431658621378006E-01 9.65062431658621378006E-01 9.65062431658621378006E-01 9.65062431658621378006E-01 9.65062431658621378006E-01 9.65062431658621378006E-01 9.65062431658621378006E-01 9.65062431658621378006E-01 9.65062431658621378006E-01 9.65062431658621378006E-01 9.65062431658621378006E-01 9.65062431658621378006E-01 9.65062431658621378006E-01 9.65062431658621378006E-01
8.24845782296255602972E-01 8.24845782296255602972E-01 8.24845782296255602972E-01 8.24845782296255602972E-01 8.24845782296255602972E-01 8.24845782296255602972E-01 8.24845782296255602972E-01 8.24845782296255602972E-01 8.24845782296255602972E-01 8.24845782296255602972E-01 8.24845782296255602972E-01 8.24845782296255602972E-01 8.24845782296255602972E-01 8.24845782296255602972E-01 8.24845782296255602972E-01 8.24845782296255602972E-01 8.24845782296255602972E-01 8.24845782296255602972E-01 8.24845782296255602972E-01 8.24845782296255602972E-01 8.24845782296255602972E-01 8.24845782296255602972E-01 8.24845782296255602972E-01 8.24845782296255602972E-01 8.24845782296255602972E-01 8.24845782296255602972E-01 8.24845782296255602972E-01 8.24845782296255602972E-01 8.24845782296255602972E-01 8.24845782296255602972E-01 8.24845782296255602972E-01 8.24845782296255602972E-01 8.24845782296255602972E-01 8.24845782296255602972E-01 8.24845782296255602972E-01 8.24845782296255602972E-01 8.24845782296255602972E-01 8.24845782296255602972E-01 8.24845782296255602972E-01 8.24845782296255602972E-01 8.24845782296255602972E-01 8.24845782296255602972E-01 8.24845782296255602972E-01 8.24845782296255602972E-01 8.24845782296255602972E-01 8.24845782296255602972E-01 8.24845782296255602972E-01 8.24845782296255602972E-01 8.24845782296255602972E-01 8.24845782296255602972E-01 8.24845782296255602972E-01 8.24845782296255602972E-01 8.24845782296255602972E-01 8.24845782296255602972E-01 8.24845782296255602972E-01 8.24845782296255602972E-01
1.11853429744022325742E+00 1.11853429744022325742E+00 1.11853429744022325742E+00 1.11853429744022325742E+00 1.11853429744022325742E+00 1.11853429744022325742E+00 1.11853429744022325742E+00 1.11853429744022325742E+00 1.11853429744022325742E+00 1.11853429744022325742E+00 1.11853429744022325742E+00 1.11853429744022325742E+00 1.11853429744022325742E+00 1.11853429744022325742E+00 1.11853429744022325742E+00 1.11853429744022325742E+00 1.11853429744022325742E+00 1.11853429744022325742E+00 1.11853429744022325742E+00 1.11853429744022325742E+00 1.11853429744022325742E+00 1.11853429744022325742E+00 1.11853429744022325742E+00 1.11853429744022325742E+00 1.11853429744022325742E+00 1.11853429744022325742E+00 1.11853429744022325742E+00 1.11853429744022325742E+00 1.11853429744022325742E+00 1.11853429744022325742E+00 1.11853429744022325742E+00 1.11853429744022325742E+00 1.11853429744022325742E+00 1.11853429744022325742E+00 1.11853429744022325742E+00 1.11853429744022325742E+00 1.11853429744022325742E+00 1.11853429744022325742E+00 1.11853429744022325742E+00 1.11853429744022325742E+00 1.11853429744022325742E+00 1.11853429744022325742E+00 1.11853429744022325742E+00 1.11853429744022325742E+00 1.11853429744022325742E+00 1.11853429744022325742E+00 1.11853429744022325742E+00 1.11853429744022325742E+00 1.11853429744022325742E+00 1.11853429744022325742E+00 1.11853429744022325742E+00 1.11853429744022325742E+00 1.11853429744022325742E+00 1.11853429744022325742E+00 1.11853429744022325742E+00 1.11853429744022325742E+00
1.21062926909465828906E+00 1.21062926909465828906E+00 1.21062926909465828906E+00 1.21062926909465828906E+00 1.21062926909465828906E+00 1.21062926909465828906E+00 1.21062926909465828906E+00 1.21062926909465828906E+00 1.21062926909465828906E+00 1.21062926909465828906E+00 1.21062926909465828906E+00 1.21062926909465828906E+00 1.21062926909465828906E+00 1.21062926909465828906E+00 1.21062926909465828906E+00 1.21062926909465828906E+00 1.21062926909465828906E+00 1.21062926909465828906E+00 1.21062926909465828906E+00 1.21062926909465828906E+00 1.21062926909465828906E+00 1.21062926909465828906E+00 1.21062926909465828906E+00 1.21062926909465828906E+00 1.21062926909465828906E+00 1.21062926909465828906E+00 1.21062926909465828906E+00 1.21062926909465828906E+00 1.21062926909465828906E+00 1.21062926909465828906E+00 1.21062926909465828906E+00 1.21062926909465828906E+00 1.21062926909465828906E+00 1.21062926909465828906E+00 1.21062926909465828906E+00 1.21062926909465828906E+00 1.21062926909465828906E+00 1.21062926909465828906E+00 1.21062926909465828906E+00 1.21062926909465828906E+00 1.21062926909465828906E+00 1.21062926909465828906E+00 1.21062926909465828906E+00 1.21062926909465828906E+00 1.21062926909465828906E+00 1.21062926909465828906E+00 1.21062926909465828906E+00 1.21062926909465828906E+00 1.21062926909465828906E+00 1.21062926909465828906E+00 1.21062926909465828906E+00 1.21062926909465828906E+00 1.21062926909465828906E+00 1.21062926909465828906E+00 1.21062926909465828906E+00 1.21062926909465828906E+00
1.13949722530951591537E+00 1.13949722530951591537E+00 1.13949722530951591537E+00 1.13949722530951591537E+00 1.13949722530951591537E+00 1.13949722530951591537E+00 1.13949722530951591537E+00 1.13949722530951591537E+00 1.13949722530951591537E+00 1.13949722530951591537E+00 1.13949722530951591537E+00 1.13949722530951591537E+00 1.13949722530951591537E+00 1.13949722530951591537E+00 1.13949722530951591537E+00 1.13949722530951591537E+00 1.13949722530951591537E+00 1.13949722530951591537E+00 1.13949722530951591537E+00 1.13949722530951591537E+00 1.13949722530951591537E+00 1.13949722530951591537E+00 1.13949722530951591537E+00 1.13949722530951591537E+00 1.13949722530951591537E+00 1.13949722530951591537E+00 1.13949722530951591537E+00 1.13949722530951591537E+00 1.13949722530951591537E+00 1.13949722530951591537E+00 1.13949722530951591537E+00 1.13949722530951591537E+00 1.13949722530951591537E+00 1.13949722530951591537E+00 1.13949722530951591537E+00 1.13949722530951591537E+00 1.13949722530951591537E+00 1.13949722530951591537E+00 1.13949722530951591537E+00 1.13949722530951591537E+00 1.13949722530951591537E+00 1.13949722530951591537E+00 1.13949722530951591537E+00 1.13949722530951591537E+00 1.13949722530951591537E+00 1.13949722530951591537E+00 1.13949722530951591537E+00 1.13949722530951591537E+00 1.13949722530951591537E+00 1.13949722530951591537E+00 1.13949722530951591537E+00 1.13949722530951591537E+00 1.13949722530951591537E+00 1.13949722530951591537E+00 1.13949722530951591537E+00 1.13949722530951591537E+00
1.12095909598490250936E+00 1.12095909598490250936E+00 1.12095909598490250936E+00 1.12095909598490250936E+00 1.12095909598490250936E+00 1.12095909598490250936E+00 1.12095909598490250936E+00 1.12095909598490250936E+00 1.12095909598490250936E+00 1.12095909598490250936E+00 1.12095909598490250936E+00 1.12095909598490250936E+00 1.12095909598490250936E+00 1.12095909598490250936E+00 1.12095909598490250936E+00 1.12095909598490250936E+00 1.12095909598490250936E+00 1.12095909598490250936E+00 1.12095909598490250936E+00 1.12095909598490250936E+00 1.12095909598490250936E+00 1.12095909598490250936E+00 1.12095909598490250936E+00 1.12095909598490250936E+00 1.12095909598490250936E+00 1.12095909598490250936E+00 1.12095909598490250936E+00 1.12095909598490250936E+00 1.12095909598490250936E+00 1.12095909598490250936E+00 1.12095909598490250936E+00 1.12095909598490250936E+00 1.12095909598490250936E+00 1.12095909598490250936E+00 1.12095909598490250936E+00 1.12095909598490250936E+00 1.12095909598490250936E+00 1.12095909598490250936E+00 1.12095909598490250936E+00 1.12095909598490250936E+00 1.12095909598490250936E+00 1.12095909598490250936E+00 1.12095909598490250936E+00 1.12095909598490250936E+00 1.12095909598490250936E+00 1.12095909598490250936E+00 1.12095909598490250936E+00 1.12095909598490250936E+00 1.12095909598490250936E+00 1.12095909598490250936E+00 1.12095909598490250936E+00 1.12095909598490250936E+00 1.12095909598490250936E+00 1.12095909598490250936E+00 1.12095909598490250936E+00 1.12095909598490250936E+00
1.13088476473113308529E+00 1.13088476473113308529E+00 1.13088476473113308529E+00 1.13088476473113308529E+00 1.13088476473113308529E+00 1.13088476473113308529E+00 1.13088476473113308529E+00 1.13088476473113308529E+00 1.13088476473113308529E+00 1.13088476473113308529E+00 1.13088476473113308529E+00 1.13088476473113308529E+00 1.13088476473113308529E+00 1.13088476473113308529E+00 1.13088476473113308529E+00 1.13088476473113308529E+00 1.13088476473113308529E+00 1.13088476473113308529E+00 1.13088476473113308529E+00 1.13088476473113308529E+00 1.13088476473113308529E+00 1.13088476473113308529E+00 1.13088476473113308529E+00 1.13088476473113308529E+00 1.13088476473113308529E+00 1.13088476473113308529E+00 1.13088476473113308529E+00 1.13088476473113308529E+00 1.13088476473113308529E+00 1.13088476473113308529E+00 1.13088476473113308529E+00 1.13088476473113308529E+00 1.13088476473113308529E+00 1.13088476473113308529E+00 1.13088476473113308529E+00 1.13088476473113308529E+00 1.13088476473113308529E+00 1.13088476473113308529E+00 1.13088476473113308529E+00 1.13088476473113308529E+00 1.13088476473113308529E+00 1.13088476473113308529E+00 1.13088476473113308529E+00 1.13088476473113308529E+00 1.13088476473113308529E+00 1.13088476473113308529E+00 1.13088476473113308529E+00 1.13088476473113308529E+00 1.13088476473113308529E+00 1.13088476473113308529E+00 1.13088476473113308529E+00 1.13088476473113308529E+00 1.13088476473113308529E+00 1.13088476473113308529E+00 1.13088476473113308529E+00 1.13088476473113308529E+00
1.09421633902412374084E+00 1.09421633902412374084E+00 1.09421633902412374084E+00 1.09421633902412374084E+00 1.09421633902412374084E+00 1.09421633902412374084E+00 1.09421633902412374084E+00 1.09421633902412374084E+00 1.09421633902412374084E+00 1.09421633902412374084E+00 1.09421633902412374084E+00 1.09421633902412374084E+00 1.09421633902412374084E+00 1.09421633902412374084E+00 1.09421633902412374084E+00 1.09421633902412374084E+00 1.09421633902412374084E+00 1.09421633902412374084E+00 1.09421633902412374084E+00 1.09421633902412374084E+00 1.09421633902412374084E+00 1.09421633902412374084E+00 1.09421633902412374084E+00 1.09421633902412374084E+00 1.09421633902412374084E+00 1.09421633902412374084E+00 1.09421633902412374084E+00 1.09421633902412374084E+00 1.09421633902412374084E+00 1.09421633902412374084E+00 1.09421633902412374084E+00 1.09421633902412374084E+00 1.09421633902412374084E+00 1.09421633902412374084E+00 1.09421633902412374084E+00 1.09421633902412374084E+00 1.09421633902412374084E+00 1.09421633902412374084E+00 1.09421633902412374084E+00 1.09421633902412374084E+00 1.09421633902412374084E+00 1.09421633902412374084E+00 1.09421633902412374084E+00 1.09421633902412374084E+00 1.09421633902412374084E+00 1.09421633902412374084E+00 1.09421633902412374084E+00 1.09421633902412374084E+00 1.09421633902412374084E+00 1.09421633902412374084E+00 1.09421633902412374084E+00 1.09421633902412374084E+00 1.09421633902412374084E+00 1.09421633902412374084E+00 1.09421633902412374084E+00 1.09421633902412374084E+00
1.04214661781238393523E+00 1.04214661781238393523E+00 1.04214661781238393523E+00 1.04214661781238393523E+00 1.04214661781238393523E+00 1.04214661781238393523E+00 1.04214661781238393523E+00 1.04214661781238393523E+00 1.04214661781238393523E+00 1.04214661781238393523E+00 1.04214661781238393523E+00 1.04214661781238393523E+00 1.04214661781238393523E+00 1.04214661781238393523E+00 1.04214661781238393523E+00 1.04214661781238393523E+00 1.04214661781238393523E+00 1.04214661781238393523E+00 1.04214661781238393523E+00 1.04214661781238393523E+00 1.04214661781238393523E+00 1.04214661781238393523E+00 1.04214661781238393523E+00 1.04214661781238393523E+00 1.04214661781238393523E+00 1.04214661781238393523E+00 1.04214661781238393523E+00 1.04214661781238393523E+00 1.04214661781238393523E+00 1.04214661781238393523E+00 1.04214661781238393523E+00 1.04214661781238393523E+00 1.04214661781238393523E+00 1.04214661781238393523E+00 1.04214661781238393523E+00 1.04214661781238393523E+00 1.04214661781238393523E+00 1.04214661781238393523E+00 1.04214661781238393523E+00 1.04214661781238393523E+00 1.04214661781238393523E+00 1.04214661781238393523E+00 1.04214661781238393523E+00 1.04214661781238393523E+00 1.04214661781238393523E+00 1.04214661781238393523E+00 1.04214661781238393523E+00 1.04214661781238393523E+00 1.04214661781238393523E+00 1.04214661781238393523E+00 1.04214661781238393523E+00 1.04214661781238393523E+00 1.04214661781238393523E+00 1.04214661781238393523E+00 1.04214661781238393523E+00 1.04214661781238393523E+00
9.92983811692901063850E-01 9.92983811692901063850E-01 9.92983811692901063850E-01 9.92983811692901063850E-01 9.92983811692901063850E-01 9.92983811692901063850E-01 9.92983811692901063850E-01 9.92983811692901063850E-01 9.92983811692901063850E-01 9.92983811692901063850E-01 9.92983811692901063850E-01 9.92983811692901063850E-01 9.92983811692901063850E-01 9.92983811692901063850E-01 9.92983811692901063850E-01 9.92983811692901063850E-01 9.92983811692901063850E-01 9.92983811692901063850E-01 9.92983811692901063850E-01 9.92983811692901063850E-01 9.92983811692901063850E-01 9.92983811692901063850E-01 9.92983811692901063850E-01 9.92983811692901063850E-01 9.92983811692901063850E-01 9.92983811692901063850E-01 9.92983811692901063850E-01 9.92983811692901063850E-01 9.92983811692901063850E-01 9.92983811692901063850E-01 9.92983811692901063850E-01 9.92983811692901063850E-01 9.92983811692901063850E-01 9.92983811692901063850E-01 9.92983811692901063850E-01 9.92983811692901063850E-01 9.92983811692901063850E-01 9.92983811692901063850E-01 9.92983811692901063850E-01 9.92983811692901063850E-01 9.92983811692901063850E-01 9.92983811692901063850E-01 9.92983811692901063850E-01 9.92983811692901063850E-01 9.92983811692901063850E-01 9.92983811692901063850E-01 9.92983811692901063850E-01 9.92983811692901063850E-01 9.92983811692901063850E-01 9.92983811692901063850E-01 9.92983811692901063850E-01 9.92983811692901063850E-01 9.92983811692901063850E-01 9.92983811692901063850E-01 9.92983811692901063850E-01 9.92983811692901063850E-01
1.04390990949386841535E+00 1.04390990949386841535E+00 1.04390990949386841535E+00 1.04390990949386841535E+00 1.04390990949386841535E+00 1.04390990949386841535E+00 1.04390990949386841535E+00 1.04390990949386841535E+00 1.04390990949386841535E+00 1.04390990949386841535E+00 1.04390990949386841535E+00 1.04390990949386841535E+00 1.04390990949386841535E+00 1.04390990949386841535E+00 1.04390990949386841535E+00 1.04390990949386841535E+00 1.04390990949386841535E+00 1.04390990949386841535E+00 1.04390990949386841535E+00 1.04390990949386841535E+00 1.04390990949386841535E+00 1.04390990949386841535E+00 1.04390990949386841535E+00 1.04390990949386841535E+00 1.04390990949386841535E+00 1.04390990949386841535E+00 1.04390990949386841535E+00 1.04390990949386841535E+00 1.04390990949386841535E+00 1.04390990949386841535E+00 1.04390990949386841535E+00 1.04390990949386841535E+00 1.04390990949386841535E+00 1.04390990949386841535E+00 1.04390990949386841535E+00 1.04390990949386841535E+00 1.04390990949386841535E+00 1.04390990949386841535E+00 1.04390990949386841535E+00 1.04390990949386841535E+00 1.04390990949386841535E+00 1.04390990949386841535E+00 1.04390990949386841535E+00 1.04390990949386841535E+00 1.04390990949386841535E+00 1.04390990949386841535E+00 1.04390990949386841535E+00 1.04390990949386841535E+00 1.04390990949386841535E+00 1.04390990949386841535E+00 1.04390990949386841535E+00 1.04390990949386841535E+00 1.04390990949386841535E+00 1.04390990949386841535E+00 1.04390990949386841535E+00 1.04390990949386841535E+00
1.10178049933745869637E+00 1.10178049933745869637E+00 1.10178049933745869637E+00 1.10178049933745869637E+00 1.10178049933745869637E+00 1.10178049933745869637E+00 1.10178049933745869637E+00 1.10178049933745869637E+00 1.10178049933745869637E+00 1.10178049933745869637E+00 1.10178049933745869637E+00 1.10178049933745869637E+00 1.10178049933745869637E+00 1.10178049933745869637E+00 1.10178049933745869637E+00 1.10178049933745869637E+00 1.10178049933745869637E+00 1.10178049933745869637E+00 1.10178049933745869637E+00 1.10178049933745869637E+00 1.10178049933745869637E+00 1.10178049933745869637E+00 1.10178049933745869637E+00 1.10178049933745869637E+00 1.10178049933745869637E+00 1.10178049933745869637E+00 1.10178049933745869637E+00 1.10178049933745869637E+00 1.10178049933745869637E+00 1.10178049933745869637E+00 1.10178049933745869637E+00 1.10178049933745869637E+00 1.10178049933745869637E+00 1.10178049933745869637E+00 1.10178049933745869637E+00 1.10178049933745869637E+00 1.10178049933745869637E+00 1.10178049933745869637E+00 1.10178049933745869637E+00 1.10178049933745869637E+00 1.10178049933745869637E+00 1.10178049933745869637E+00 1.10178049933745869637E+00 1.10178049933745869637E+00 1.10178049933745869637E+00 1.10178049933745869637E+00 1.10178049933745869637E+00 1.10178049933745869637E+00 1.10178049933745869637E+00 1.10178049933745869637E+00 1.10178049933745869637E+00 1.10178049933745869637E+00 1.10178049933745869637E+00 1.10178049933745869637E+00 1.10178049933745869637E+00 1.10178049933745869637E+00
1.06428975337903630738E+00 1.06428975337903630738E+00 1.06428975337903630738E+00 1.06428975337903630738E+00 1.06428975337903630738E+00 1.06428975337903630738E+00 1.06428975337903630738E+00 1.06428975337903630738E+00 1.06428975337903630738E+00 1.06428975337903630738E+00 1.06428975337903630738E+00 1.06428975337903630738E+00 1.06428975337903630738E+00 1.06428975337903630738E+00 1.06428975337903630738E+00 1.06428975337903630738E+00 1.06428975337903630738E+00 1.06428975337903630738E+00 1.06428975337903630738E+00 1.06428975337903630738E+00 1.06428975337903630738E+00 1.06428975337903630738E+00 1.06428975337903630738E+00 1.06428975337903630738E+00 1.06428975337903630738E+00 1.06428975337903630738E+00 1.06428975337903630738E+00 1.06428975337903630738E+00 1.06428975337903630738E+00 1.06428975337903630738E+00 1.06428975337903630738E+00 1.06428975337903630738E+00 1.06428975337903630738E+00 1.06428975337903630738E+00 1.06428975337903630738E+00 1.06428975337903630738E+00 1.06428975337903630738E+00 1.06428975337903630738E+00 1.06428975337903630738E+00 1.06428975337903630738E+00 1.06428975337903630738E+00 1.06428975337903630738E+00 1.06428975337903630738E+00 1.06428975337903630738E+00 1.06428975337903630738E+00 1.06428975337903630738E+00 1.06428975337903630738E+00 1.06428975337903630738E+00 1.06428975337903630738E+00 1.06428975337903630738E+00 1.06428975337903630738E+00 1.06428975337903630738E+00 1.06428975337903630738E+00 1.06428975337903630738E+00 1.06428975337903630738E+00 1.06428975337903630738E+00
1.01115350070676202066E+00 1.01115350070676202066E+00 1.01115350070676202066E+00 1.01115350070676202066E+00 1.01115350070676202066E+00 1.01115350070676202066E+00 1.01115350070676202066E+00 1.01115350070676202066E+00 1.01115350070676202066E+00 1.01115350070676202066E+00 1.01115350070676202066E+00 1.01115350070676202066E+00 1.01115350070676202066E+00 1.01115350070676202066E+00 1.01115350070676202066E+00 1.01115350070676202066E+00 1.01115350070676202066E+00 1.01115350070676202066E+00 1.01115350070676202066E+00 1.01115350070676202066E+00 1.01115350070676202066E+00 1.01115350070676202066E+00 1.01115350070676202066E+00 1.01115350070676202066E+00 1.01115350070676202066E+00 1.01115350070676202066E+00 1.01115350070676202066E+00 1.01115350070676202066E+00 1.01115350070676202066E+00 1.01115350070676202066E+00 1.01115350070676202066E+00 1.01115350070676202066E+00 1.01115350070676202066E+00 1.01115350070676202066E+00 1.01115350070676202066E+00 1.01115350070676202066E+00 1.01115350070676202066E+00 1.01115350070676202066E+00 1.01115350070676202066E+00 1.01115350070676202066E+00 1.01115350070676202066E+00 1.01115350070676202066E+00 1.01115350070676202066E+00 1.01115350070676202066E+00 1.01115350070676202066E+00 1.01115350070676202066E+00 1.01115350070676202066E+00 1.01115350070676202066E+00 1.01115350070676202066E+00 1.01115350070676202066E+00 1.01115350070676202066E+00 1.01115350070676202066E+00 1.01115350070676202066E+00 1.01115350070676202066E+00 1.01115350070676202066E+00 1.01115350070676202066E+00
9.00162290237923601310E-01 9.00162290237923601310E-01 9.00162290237923601310E-01 9.00162290237923601310E-01 9.00162290237923601310E-01 9.00162290237923601310E-01 9.00162290237923601310E-01 9.00162290237923601310E-01 9.00162290237923601310E-01 9.00162290237923601310E-01 9.00162290237923601310E-01 9.00162290237923601310E-01 9.00162290237923601310E-01 9.00162290237923601310E-01 9.00162290237923601310E-01 9.00162290237923601310E-01 9.00162290237923601310E-01 9.00162290237923601310E-01 9.00162290237923601310E-01 9.00162290237923601310E-01 9.00162290237923601310E-01 9.00162290237923601310E-01 9.00162290237923601310E-01 9.00162290237923601310E-01 9.00162290237923601310E-01 9.00162290237923601310E-01 9.00162290237923601310E-01 9.00162290237923601310E-01 9.00162290237923601310E-01 9.00162290237923601310E-01 9.00162290237923601310E-01 9.00162290237923601310E-01 9.00162290237923601310E-01 9.00162290237923601310E-01 9.00162290237923601310E-01 9.00162290237923601310E-01 9.00162290237923601310E-01 9.00162290237923601310E-01 9.00162290237923601310E-01 9.00162290237923601310E-01 9.00162290237923601310E-01 9.00162290237923601310E-01 9.00162290237923601310E-01 9.00162290237923601310E-01 9.00162290237923601310E-01 9.00162290237923601310E-01 9.00162290237923601310E-01 9.00162290237923601310E-01 9.00162290237923601310E-01 9.00162290237923601310E-01 9.00162290237923601310E-01 9.00162290237923601310E-01 9.00162290237923601310E-01 9.00162290237923601310E-01 9.00162290237923601310E-01 9.00162290237923601310E-01
8.37827875620912876364E-01 8.37827875620912876364E-01 8.37827875620912876364E-01 8.37827875620912876364E-01 8.37827875620912876364E-01 8.37827875620912876364E-01 8.37827875620912876364E-01 8.37827875620912876364E-01 8.37827875620912876364E-01 8.37827875620912876364E-01 8.37827875620912876364E-01 8.37827875620912876364E-01 8.37827875620912876364E-01 8.37827875620912876364E-01 8.37827875620912876364E-01 8.37827875620912876364E-01 8.37827875620912876364E-01 8.37827875620912876364E-01 8.37827875620912876364E-01 8.37827875620912876364E-01 8.37827875620912876364E-01 8.37827875620912876364E-01 8.37827875620912876364E-01 8.37827875620912876364E-01 8.37827875620912876364E-01 8.37827875620912876364E-01 8.37827875620912876364E-01 8.37827875620912876364E-01 8.37827875620912876364E-01 8.37827875620912876364E-01 8.37827875620912876364E-01 8.37827875620912876364E-01 8.37827875620912876364E-01 8.37827875620912876364E-01 8.37827875620912876364E-01 8.37827875620912876364E-01 8.37827875620912876364E-01 8.37827875620912876364E-01 8.37827875620912876364E-01 8.37827875620912876364E-01 8.37827875620912876364E-01 8.37827875620912876364E-01 8.37827875620912876364E-01 8.37827875620912876364E-01 8.37827875620912876364E-01 8.37827875620912876364E-01 8.37827875620912876364E-01 8.37827875620912876364E-01 8.37827875620912876364E-01 8.37827875620912876364E-01 8.37827875620912876364E-01 8.37827875620912876364E-01 8.37827875620912876364E-01 8.37827875620912876364E-01 8.37827875620912876364E-01 8.37827875620912876364E-01
1.16429034969218969664E+00 1.16429034969218969664E+00 1.16429034969218969664E+00 1.16429034969218969664E+00 1.16429034969218969664E+00 1.16429034969218969664E+00 1.16429034969218969664E+00 1.16429034969218969664E+00 1.16429034969218969664E+00 1.16429034969218969664E+00 1.16429034969218969664E+00 1.16429034969218969664E+00 1.16429034969218969664E+00 1.16429034969218969664E+00 1.16429034969218969664E+00 1.16429034969218969664E+00 1.16429034969218969664E+00 1.16429034969218969664E+00 1.16429034969218969664E+00 1.16429034969218969664E+00 1.16429034969218969664E+00 1.16429034969218969664E+00 1.16429034969218969664E+00 1.16429034969218969664E+00 1.16429034969218969664E+00 1.16429034969218969664E+00 1.16429034969218969664E+00 1.16429034969218969664E+00 1.16429034969218969664E+00 1.16429034969218969664E+00 1.16429034969218969664E+00 1.16429034969218969664E+00 1.16429034969218969664E+00 1.16429034969218969664E+00 1.16429034969218969664E+00 1.16429034969218969664E+00 1.16429034969218969664E+00 1.16429034969218969664E+00 1.16429034969218969664E+00 1.16429034969218969664E+00 1.16429034969218969664E+00 1.16429034969218969664E+00 1.16429034969218969664E+00 1.16429034969218969664E+00 1.16429034969218969664E+00 1.16429034969218969664E+00 1.16429034969218969664E+00 1.16429034969218969664E+00 1.16429034969218969664E+00 1.16429034969218969664E+00 1.16429034969218969664E+00 1.16429034969218969664E+00 1.16429034969218969664E+00 1.16429034969218969664E+00 1.16429034969218969664E+00 1.16429034969218969664E+00
9.79105816521462890556E-01 9.79105816521462890556E-01 9.79105816521462890556E-01 9.79105816521462890556E-01 9.79105816521462890556E-01 9.79105816521462890556E-01 9.79105816521462890556E-01 9.79105816521462890556E-01 9.79105816521462890556E-01 9.79105816521462890556E-01 9.79105816521462890556E-01 9.79105816521462890556E-01 9.79105816521462890556E-01 9.79105816521462890556E-01 9.79105816521462890556E-01 9.79105816521462890556E-01 9.79105816521462890556E-01 9.79105816521462890556E-01 9.79105816521462890556E-01 9.79105816521462890556E-01 9.79105816521462890556E-01 9.79105816521462890556E-01 9.79105816521462890556E-01 9.79105816521462890556E-01 9.79105816521462890556E-01 9.79105816521462890556E-01 9.79105816521462890556E-01 9.79105816521462890556E-01 9.79105816521462890556E-01 9.79105816521462890556E-01 9.79105816521462890556E-01 9.79105816521462890556E-01 9.79105816521462890556E-01 9.79105816521462890556E-01 9.79105816521462890556E-01 9.79105816521462890556E-01 9.79105816521462890556E-01 9.79105816521462890556E-01 9.79105816521462890556E-01 9.79105816521462890556E-01 9.79105816521462890556E-01 9.79105816521462890556E-01 9.79105816521462890556E-01 9.79105816521462890556E-01 9.79105816521462890556E-01 9.79105816521462890556E-01 9.79105816521462890556E-01 9.79105816521462890556E-01 9.79105816521462890556E-01 9.79105816521462890556E-01 9.79105816521462890556E-01 9.79105816521462890556E-01 9.79105816521462890556E-01 9.79105816521462890556E-01 9.79105816521462890556E-01 9.79105816521462890556E-01
1.01283252383282573739E+00 1.01283252383282573739E+00 1.01283252383282573739E+00 1.01283252383282573739E+00 1.01283252383282573739E+00 1.01283252383282573739E+00 1.01283252383282573739E+00 1.01283252383282573739E+00 1.01283252383282573739E+00 1.01283252383282573739E+00 1.01283252383282573739E+00 1.01283252383282573739E+00 1.01283252383282573739E+00 1.01283252383282573739E+00 1.01283252383282573739E+00 1.01283252383282573739E+00 1.01283252383282573739E+00 1.01283252383282573739E+00 1.01283252383282573739E+00 1.01283252383282573739E+00 1.01283252383282573739E+00 1.01283252383282573739E+00 1.01283252383282573739E+00 1.01283252383282573739E+00 1.01283252383282573739E+00 1.01283252383282573739E+00 1.01283252383282573739E+00 1.01283252383282573739E+00 1.01283252383282573739E+00 1.01283252383282573739E+00 1.01283252383282573739E+00 1.01283252383282573739E+00 1.01283252383282573739E+00 1.01283252383282573739E+00 1.01283252383282573739E+00 1.01283252383282573739E+00 1.01283252383282573739E+00 1.01283252383282573739E+00 1.01283252383282573739E+00 1.01283252383282573739E+00 1.01283252383282573739E+00 1.01283252383282573739E+00 1.01283252383282573739E+00 1.01283252383282573739E+00 1.01283252383282573739E+00 1.01283252383282573739E+00 1.01283252383282573739E+00 1.01283252383282573739E+00 1.01283252383282573739E+00 1.01283252383282573739E+00 1.01283252383282573739E+00 1.01283252383282573739E+00 1.01283252383282573739E+00 1.01283252383282573739E+00 1.01283252383282573739E+00 1.01283252383282573739E+00
9.93930582292880893114E-01 9.93930582292880893114E-01 9.93930582292880893114E-01 9.93930582292880893114E-01 9.93930582292880893114E-01 9.93930582292880893114E-01 9.93930582292880893114E-01 9.93930582292880893114E-01 9.93930582292880893114E-01 9.93930582292880893114E-01 9.93930582292880893114E-01 9.93930582292880893114E-01 9.93930582292880893114E-01 9.93930582292880893114E-01 9.93930582292880893114E-01 9.93930582292880893114E-01 9.93930582292880893114E-01 9.93930582292880893114E-01 9.93930582292880893114E-01 9.93930582292880893114E-01 9.93930582292880893114E-01 9.93930582292880893114E-01 9.93930582292880893114E-01 9.93930582292880893114E-01 9.93930582292880893114E-01 9.93930582292880893114E-01 9.93930582292880893114E-01 9.93930582292880893114E-01 9.93930582292880893114E-01 9.93930582292880893114E-01 9.93930582292880893114E-01 9.93930582292880893114E-01 9.93930582292880893114E-01 9.93930582292880893114E-01 9.93930582292880893114E-01 9.93930582292880893114E-01 9.93930582292880893114E-01 9.93930582292880893114E-01 9.93930582292880893114E-01 9.93930582292880893114E-01 9.93930582292880893114E-01 9.93930582292880893114E-01 9.93930582292880893114E-01 9.93930582292880893114E-01 9.93930582292880893114E-01 9.93930582292880893114E-01 9.93930582292880893114E-01 9.93930582292880893114E-01 9.93930582292880893114E-01 9.93930582292880893114E-01 9.93930582292880893114E-01 9.93930582292880893114E-01 9.93930582292880893114E-01 9.93930582292880893114E-01 9.93930582292880893114E-01 9.93930582292880893114E-01
9.23911539898478961774E-01 9.23911539898478961774E-01 9.23911539898478961774E-01 9.23911539898478961774E-01 9.23911539898478961774E-01 9.23911539898478961774E-01 9.23911539898478961774E-01 9.23911539898478961774E-01 9.23911539898478961774E-01 9.23911539898478961774E-01 9.23911539898478961774E-01 9.23911539898478961774E-01 9.23911539898478961774E-01 9.23911539898478961774E-01 9.23911539898478961774E-01 9.23911539898478961774E-01 9.23911539898478961774E-01 9.23911539898478961774E-01 9.23911539898478961774E-01 9.23911539898478961774E-01 9.23911539898478961774E-01 9.23911539898478961774E-01 9.23911539898478961774E-01 9.23911539898478961774E-01 9.23911539898478961774E-01 9.23911539898478961774E-01 9.23911539898478961774E-01 9.23911539898478961774E-01 9.23911539898478961774E-01 9.23911539898478961774E-01 9.23911539898478961774E-01 9.23911539898478961774E-01 9.23911539898478961774E-01 9.23911539898478961774E-01 9.23911539898478961774E-01 9.23911539898478961774E-01 9.23911539898478961774E-01 9.23911539898478961774E-01 9.23911539898478961774E-01 9.23911539898478961774E-01 9.23911539898478961774E-01 9.23911539898478961774E-01 9.23911539898478961774E-01 9.23911539898478961774E-01 9.23911539898478961774E-01 9.23911539898478961774E-01 9.23911539898478961774E-01 9.23911539898478961774E-01 9.23911539898478961774E-01 9.23911539898478961774E-01 9.23911539898478961774E-01 9.23911539898478961774E-01 9.23911539898478961774E-01 9.23911539898478961774E-01 9.23911539898478961774E-01 9.23911539898478961774E-01
1.04534520375169592832E+00 1.04534520375169592832E+00 1.04534520375169592832E+00 1.04534520375169592832E+00 1.04534520375169592832E+00 1.04534520375169592832E+00 1.04534520375169592832E+00 1.04534520375169592832E+00 1.04534520375169592832E+00 1.04534520375169592832E+00 1.04534520375169592832E+00 1.04534520375169592832E+00 1.04534520375169592832E+00 1.04534520375169592832E+00 1.04534520375169592832E+00 1.04534520375169592832E+00 1.04534520375169592832E+00 1.04534520375169592832E+00 1.04534520375169592832E+00 1.04534520375169592832E+00 1.04534520375169592832E+00 1.04534520375169592832E+00 1.04534520375169592832E+00 1.04534520375169592832E+00 1.04534520375169592832E+00 1.04534520375169592832E+00 1.04534520375169592832E+00 1.04534520375169592832E+00 1.04534520375169592832E+00 1.04534520375169592832E+00 1.04534520375169592832E+00 1.04534520375169592832E+00 1.04534520375169592832E+00 1.04534520375169592832E+00 1.04534520375169592832E+00 1.04534520375169592832E+00 1.04534520375169592832E+00 1.04534520375169592832E+00 1.04534520375169592832E+00 1.04534520375169592832E+00 1.04534520375169592832E+00 1.04534520375169592832E+00 1.04534520375169592832E+00 1.04534520375169592832E+00 1.04534520375169592832E+00 1.04534520375169592832E+00 1.04534520375169592832E+00 1.04534520375169592832E+00 1.04534520375169592832E+00 1.04534520375169592832E+00 1.04534520375169592832E+00 1.04534520375169592832E+00 1.04534520375169592832E+00 1.04534520375169592832E+00 1.04534520375169592832E+00 1.04534520375169592832E+00
8.53010684386178219540E-01 8.53010684386178219540E-01 8.53010684386178219540E-01 8.53010684386178219540E-01 8.53010684386178219540E-01 8.53010684386178219540E-01 8.53010684386178219540E-01 8.53010684386178219540E-01 8.53010684386178219540E-01 8.53010684386178219540E-01 8.53010684386178219540E-01 8.53010684386178219540E-01 8.53010684386178219540E-01 8.53010684386178219540E-01 8.53010684386178219540E-01 8.53010684386178219540E-01 8.53010684386178219540E-01 8.53010684386178219540E-01 8.53010684386178219540E-01 8.53010684386178219540E-01 8.53010684386178219540E-01 8.53010684386178219540E-01 8.53010684386178219540E-01 8.53010684386178219540E-01 8.53010684386178219540E-01 8.53010684386178219540E-01 8.53010684386178219540E-01 8.53010684386178219540E-01 8.53010684386178219540E-01 8.53010684386178219540E-01 8.53010684386178219540E-01 8.53010684386178219540E-01 8.53010684386178219540E-01 8.53010684386178219540E-01 8.53010684386178219540E-01 8.53010684386178219540E-01 8.53010684386178219540E-01 8.53010684386178219540E-01 8.53010684386178219540E-01 8.53010684386178219540E-01 8.53010684386178219540E-01 8.53010684386178219540E-01 8.53010684386178219540E-01 8.53010684386178219540E-01 8.53010684386178219540E-01 8.53010684386178219540E-01 8.53010684386178219540E-01 8.53010684386178219540E-01 8.53010684386178219540E-01 8.53010684386178219540E-01 8.53010684386178219540E-01 8.53010684386178219540E-01 8.53010684386178219540E-01 8.53010684386178219540E-01 8.53010684386178219540E-01 8.53010684386178219540E-01
1.13164643713240353762E+00 1.13164643713240353762E+00 1.13164643713240353762E+00 1.13164643713240353762E+00 1.13164643713240353762E+00 1.13164643713240353762E+00 1.13164643713240353762E+00 1.13164643713240353762E+00 1.13164643713240353762E+00 1.13164643713240353762E+00 1.13164643713240353762E+00 1.13164643713240353762E+00 1.13164643713240353762E+00 1.13164643713240353762E+00 1.13164643713240353762E+00 1.13164643713240353762E+00 1.13164643713240353762E+00 1.13164643713240353762E+00 1.13164643713240353762E+00 1.13164643713240353762E+00 1.13164643713240353762E+00 1.13164643713240353762E+00 1.13164643713240353762E+00 1.13164643713240353762E+00 1.13164643713240353762E+00 1.13164643713240353762E+00 1.13164643713240353762E+00 1.13164643713240353762E+00 1.13164643713240353762E+00 1.13164643713240353762E+00 1.13164643713240353762E+00 1.13164643713240353762E+00 1.13164643713240353762E+00 1.13164643713240353762E+00 1.13164643713240353762E+00 1.13164643713240353762E+00 1.13164643713240353762E+00 1.13164643713240353762E+00 1.13164643713240353762E+00 1.13164643713240353762E+00 1.13164643713240353762E+00 1.13164643713240353762E+00 1.13164643713240353762E+00 1.13164643713240353762E+00 1.13164643713240353762E+00 1.13164643713240353762E+00 1.13164643713240353762E+00 1.13164643713240353762E+00 1.13164643713240353762E+00 1.13164643713240353762E+00 1.13164643713240353762E+00 1.13164643713240353762E+00 1.13164643713240353762E+00 1.13164643713240353762E+00 1.13164643713240353762E+00 1.13164643713240353762E+00
9.24209537650905965656E-01 9.24209537650905965656E-01 9.24209537650905965656E-01 9.24209537650905965656E-01 9.24209537650905965656E-01 9.24209537650905965656E-01 9.24209537650905965656E-01 9.24209537650905965656E-01 9.24209537650905965656E-01 9.24209537650905965656E-01 9.24209537650905965656E-01 9.24209537650905965656E-01 9.24209537650905965656E-01 9.24209537650905965656E-01 9.24209537650905965656E-01 9.24209537650905965656E-01 9.24209537650905965656E-01 9.24209537650905965656E-01 9.24209537650905965656E-01 9.24209537650905965656E-01 9.24209537650905965656E-01 9.24209537650905965656E-01 9.24209537650905965656E-01 9.24209537650905965656E-01 9.24209537650905965656E-01 9.24209537650905965656E-01 9.24209537650905965656E-01 9.24209537650905965656E-01 9.24209537650905965656E-01 9.24209537650905965656E-01 9.24209537650905965656E-01 9.24209537650905965656E-01 9.24209537650905965656E-01 9.24209537650905965656E-01 9.24209537650905965656E-01 9.24209537650905965656E-01 9.24209537650905965656E-01 9.24209537650905965656E-01 9.24209537650905965656E-01 9.24209537650905965656E-01 9.24209537650905965656E-01 9.24209537650905965656E-01 9.24209537650905965656E-01 9.24209537650905965656E-01 9.24209537650905965656E-01 9.24209537650905965656E-01 9.24209537650905965656E-01 9.24209537650905965656E-01 9.24209537650905965656E-01 9.24209537650905965656E-01 9.24209537650905965656E-01 9.24209537650905965656E-01 9.24209537650905965656E-01 9.24209537650905965656E-01 9.24209537650905965656E-01 9.24209537650905965656E-01
9.63066171416046667986E-01 9.63066171416046667986E-01 9.63066171416046667986E-01 9.63066171416046667986E-01 9.63066171416046667986E-01 9.63066171416046667986E-01 9.63066171416046667986E-01 9.63066171416046667986E-01 9.63066171416046667986E-01 9.63066171416046667986E-01 9.63066171416046667986E-01 9.63066171416046667986E-01 9.63066171416046667986E-01 9.63066171416046667986E-01 9.63066171416046667986E-01 9.63066171416046667986E-01 9.63066171416046667986E-01 9.63066171416046667986E-01 9.63066171416046667986E-01 9.63066171416046667986E-01 9.63066171416046667986E-01 9.63066171416046667986E-01 9.63066171416046667986E-01 9.63066171416046667986E-01 9.63066171416046667986E-01 9.63066171416046667986E-01 9.63066171416046667986E-01 9.63066171416046667986E-01 9.63066171416046667986E-01 9.63066171416046667986E-01 9.63066171416046667986E-01 9.63066171416046667986E-01 9.63066171416046667986E-01 9.63066171416046667986E-01 9.63066171416046667986E-01 9.63066171416046667986E-01 9.63066171416046667986E-01 9.63066171416046667986E-01 9.63066171416046667986E-01 9.63066171416046667986E-01 9.63066171416046667986E-01 9.63066171416046667986E-01 9.63066171416046667986E-01 9.63066171416046667986E-01 9.63066171416046667986E-01 9.63066171416046667986E-01 9.63066171416046667986E-01 9.63066171416046667986E-01 9.63066171416046667986E-01 9.63066171416046667986E-01 9.63066171416046667986E-01 9.63066171416046667986E-01 9.63066171416046667986E-01 9.63066171416046667986E-01 9.63066171416046667986E-01 9.63066171416046667986E-01
1.26303725375074882287E+00 1.26303725375074882287E+00 1.26303725375074882287E+00 1.26303725375074882287E+00 1.26303725375074882287E+00 1.26303725375074882287E+00 1.26303725375074882287E+00 1.26303725375074882287E+00 1.26303725375074882287E+00 1.26303725375074882287E+00 1.26303725375074882287E+00 1.26303725375074882287E+00 1.26303725375074882287E+00 1.26303725375074882287E+00 1.26303725375074882287E+00 1.26303725375074882287E+00 1.26303725375074882287E+00 1.26303725375074882287E+00 1.26303725375074882287E+00 1.26303725375074882287E+00 1.26303725375074882287E+00 1.26303725375074882287E+00 1.26303725375074882287E+00 1.26303725375074882287E+00 1.26303725375074882287E+00 1.26303725375074882287E+00 1.26303725375074882287E+00 1.26303725375074882287E+00 1.26303725375074882287E+00 1.26303725375074882287E+00 1.26303725375074882287E+00 1.26303725375074882287E+00 1.26303725375074882287E+00 1.26303725375074882287E+00 1.26303725375074882287E+00 1.26303725375074882287E+00 1.26303725375074882287E+00 1.26303725375074882287E+00 1.26303725375074882287E+00 1.26303725375074882287E+00 1.26303725375074882287E+00 1.26303725375074882287E+00 1.26303725375074882287E+00 1.26303725375074882287E+00 1.26303725375074882287E+00 1.26303725375074882287E+00 1.26303725375074882287E+00 1.26303725375074882287E+00 1.26303725375074882287E+00 1.26303725375074882287E+00 1.26303725375074882287E+00 1.26303725375074882287E+00 1.26303725375074882287E+00 1.26303725375074882287E+00 1.26303725375074882287E+00 1.26303725375074882287E+00
8.92803848502041530466E-01 8.92803848502041530466E-01 8.92803848502041530466E-01 8.92803848502041530466E-01 8.92803848502041530466E-01 8.92803848502041530466E-01 8.92803848502041530466E-01 8.92803848502041530466E-01 8.92803848502041530466E-01 8.92803848502041530466E-01 8.92803848502041530466E-01 8.92803848502041530466E-01 8.92803848502041530466E-01 8.92803848502041530466E-01 8.92803848502041530466E-01 8.92803848502041530466E-01 8.92803848502041530466E-01 8.92803848502041530466E-01 8.92803848502041530466E-01 8.92803848502041530466E-01 8.92803848502041530466E-01 8.92803848502041530466E-01 8.92803848502041530466E-01 8.92803848502041530466E-01 8.92803848502041530466E-01 8.92803848502041530466E-01 8.92803848502041530466E-01 8.92803848502041530466E-01 8.92803848502041530466E-01 8.92803848502041530466E-01 8.92803848502041530466E-01 8.92803848502041530466E-01 8.92803848502041530466E-01 8.92803848502041530466E-01 8.92803848502041530466E-01 8.92803848502041530466E-01 8.92803848502041530466E-01 8.92803848502041530466E-01 8.92803848502041530466E-01 8.92803848502041530466E-01 8.92803848502041530466E-01 8.92803848502041530466E-01 8.92803848502041530466E-01 8.92803848502041530466E-01 8.92803848502041530466E-01 8.92803848502041530466E-01 8.92803848502041530466E-01 8.92803848502041530466E-01 8.92803848502041530466E-01 8.92803848502041530466E-01 8.92803848502041530466E-01 8.92803848502041530466E-01 8.92803848502041530466E-01 8.92803848502041530466E-01 8.92803848502041530466E-01 8.92803848502041530466E-01
1.02212902781766046267E+00 1.02212902781766046267E+00 1.02212902781766046267E+00 1.02212902781766046267E+00 1.02212902781766046267E+00 1.02212902781766046267E+00 1.02212902781766046267E+00 1.02212902781766046267E+00 1.02212902781766046267E+00 1.02212902781766046267E+00 1.02212902781766046267E+00 1.02212902781766046267E+00 1.02212902781766046267E+00 1.02212902781766046267E+00 1.02212902781766046267E+00 1.02212902781766046267E+00 1.02212902781766046267E+00 1.02212902781766046267E+00 1.02212902781766046267E+00 1.02212902781766046267E+00 1.02212902781766046267E+00 1.02212902781766046267E+00 1.02212902781766046267E+00 1.02212902781766046267E+00 1.02212902781766046267E+00 1.02212902781766046267E+00 1.02212902781766046267E+00 1.02212902781766046267E+00 1.02212902781766046267E+00 1.02212902781766046267E+00 1.02212902781766046267E+00 1.02212902781766046267E+00 1.02212902781766046267E+00 1.02212902781766046267E+00 1.02212902781766046267E+00 1.02212902781766046267E+00 1.02212902781766046267E+00 1.02212902781766046267E+00 1.02212902781766046267E+00 1.02212902781766046267E+00 1.02212902781766046267E+00 1.02212902781766046267E+00 1.02212902781766046267E+00 1.02212902781766046267E+00 1.02212902781766046267E+00 1.02212902781766046267E+00 1.02212902781766046267E+00 1.02212902781766046267E+00 1.02212902781766046267E+00 1.02212902781766046267E+00 1.02212902781766046267E+00 1.02212902781766046267E+00 1.02212902781766046267E+00 1.02212902781766046267E+00 1.02212902781766046267E+00 1.02212902781766046267E+00
1.08966825447188253584E+00 1.08966825447188253584E+00 1.08966825447188253584E+00 1.08966825447188253584E+00 1.08966825447188253584E+00 1.08966825447188253584E+00 1.08966825447188253584E+00 1.08966825447188253584E+00 1.08966825447188253584E+00 1.08966825447188253584E+00 1.08966825447188253584E+00 1.08966825447188253584E+00 1.08966825447188253584E+00 1.08966825447188253584E+00 1.08966825447188253584E+00 1.08966825447188253584E+00 1.08966825447188253584E+00 1.08966825447188253584E+00 1.08966825447188253584E+00 1.08966825447188253584E+00 1.08966825447188253584E+00 1.08966825447188253584E+00 1.08966825447188253584E+00 1.08966825447188253584E+00 1.08966825447188253584E+00 1.08966825447188253584E+00 1.08966825447188253584E+00 1.08966825447188253584E+00 1.08966825447188253584E+00 1.08966825447188253584E+00 1.08966825447188253584E+00 1.08966825447188253584E+00 1.08966825447188253584E+00 1.08966825447188253584E+00 1.08966825447188253584E+00 1.08966825447188253584E+00 1.08966825447188253584E+00 1.08966825447188253584E+00 1.08966825447188253584E+00 1.08966825447188253584E+00 1.08966825447188253584E+00 1.08966825447188253584E+00 1.08966825447188253584E+00 1.08966825447188253584E+00 1.08966825447188253584E+00 1.08966825447188253584E+00 1.08966825447188253584E+00 1.08966825447188253584E+00 1.08966825447188253584E+00 1.08966825447188253584E+00 1.08966825447188253584E+00 1.08966825447188253584E+00 1.08966825447188253584E+00 1.08966825447188253584E+00 1.08966825447188253584E+00 1.08966825447188253584E+00
1.26787148440781716197E+00 1.26787148440781716197E+00 1.26787148440781716197E+00 1.26787148440781716197E+00 1.26787148440781716197E+00 1.26787148440781716197E+00 1.26787148440781716197E+00 1.26787148440781716197E+00 1.26787148440781716197E+00 1.26787148440781716197E+00 1.26787148440781716197E+00 1.26787148440781716197E+00 1.26787148440781716197E+00 1.26787148440781716197E+00 1.26787148440781716197E+00 1.26787148440781716197E+00 1.26787148440781716197E+00 1.26787148440781716197E+00 1.26787148440781716197E+00 1.26787148440781716197E+00 1.26787148440781716197E+00 1.26787148440781716197E+00 1.26787148440781716197E+00 1.26787148440781716197E+00 1.26787148440781716197E+00 1.26787148440781716197E+00 1.26787148440781716197E+00 1.26787148440781716197E+00 1.26787148440781716197E+00 1.26787148440781716197E+00 1.26787148440781716197E+00 1.26787148440781716197E+00 1.26787148440781716197E+00 1.26787148440781716197E+00 1.26787148440781716197E+00 1.26787148440781716197E+00 1.26787148440781716197E+00 1.26787148440781716197E+00 1.26787148440781716197E+00 1.26787148440781716197E+00 1.26787148440781716197E+00 1.26787148440781716197E+00 1.26787148440781716197E+00 1.26787148440781716197E+00 1.26787148440781716197E+00 1.26787148440781716197E+00 1.26787148440781716197E+00 1.26787148440781716197E+00 1.26787148440781716197E+00 1.26787148440781716197E+00 1.26787148440781716197E+00 1.26787148440781716197E+00 1.26787148440781716197E+00 1.26787148440781716197E+00 1.26787148440781716197E+00 1.26787148440781716197E+00
1.04711239125179123022E+00 1.04711239125179123022E+00 1.04711239125179123022E+00 1.04711239125179123022E+00 1.04711239125179123022E+00 1.04711239125179123022E+00 1.04711239125179123022E+00 1.04711239125179123022E+00 1.04711239125179123022E+00 1.04711239125179123022E+00 1.04711239125179123022E+00 1.04711239125179123022E+00 1.04711239125179123022E+00 1.04711239125179123022E+00 1.04711239125179123022E+00 1.04711239125179123022E+00 1.04711239125179123022E+00 1.04711239125179123022E+00 1.04711239125179123022E+00 1.04711239125179123022E+00 1.04711239125179123022E+00 1.04711239125179123022E+00 1.04711239125179123022E+00 1.04711239125179123022E+00 1.04711239125179123022E+00 1.04711239125179123022E+00 1.04711239125179123022E+00 1.04711239125179123022E+00 1.04711239125179123022E+00 1.04711239125179123022E+00 1.04711239125179123022E+00 1.04711239125179123022E+00 1.04711239125179123022E+00 1.04711239125179123022E+00 1.04711239125179123022E+00 1.04711239125179123022E+00 1.04711239125179123022E+00 1.04711239125179123022E+00 1.04711239125179123022E+00 1.04711239125179123022E+00 1.04711239125179123022E+00 1.04711239125179123022E+00 1.04711239125179123022E+00 1.04711239125179123022E+00 1.04711239125179123022E+00 1.04711239125179123022E+00 1.04711239125179123022E+00 1.04711239125179123022E+00 1.04711239125179123022E+00 1.04711239125179123022E+00 1.04711239125179123022E+00 1.04711239125179123022E+00 1.04711239125179123022E+00 1.04711239125179123022E+00 1.04711239125179123022E+00 1.04711239125179123022E+00
9.12529915405631109060E-01 9.12529915405631109060E-01 9.12529915405631109060E-01 9.12529915405631109060E-01 9.12529915405631109060E-01 9.12529915405631109060E-01 9.12529915405631109060E-01 9.12529915405631109060E-01 9.12529915405631109060E-01 9.12529915405631109060E-01 9.12529915405631109060E-01 9.12529915405631109060E-01 9.12529915405631109060E-01 9.12529915405631109060E-01 9.12529915405631109060E-01 9.12529915405631109060E-01 9.12529915405631109060E-01 9.12529915405631109060E-01 9.12529915405631109060E-01 9.12529915405631109060E-01 9.12529915405631109060E-01 9.12529915405631109060E-01 9.12529915405631109060E-01 9.12529915405631109060E-01 9.12529915405631109060E-01 9.12529915405631109060E-01 9.12529915405631109060E-01 9.12529915405631109060E-01 9.12529915405631109060E-01 9.12529915405631109060E-01 9.12529915405631109060E-01 9.12529915405631109060E-01 9.12529915405631109060E-01 9.12529915405631109060E-01 9.12529915405631109060E-01 9.12529915405631109060E-01 9.12529915405631109060E-01 9.12529915405631109060E-01 9.12529915405631109060E-01 9.12529915405631109060E-01 9.12529915405631109060E-01 9.12529915405631109060E-01 9.12529915405631109060E-01 9.12529915405631109060E-01 9.12529915405631109060E-01 9.12529915405631109060E-01 9.12529915405631109060E-01 9.12529915405631109060E-01 9.12529915405631109060E-01 9.12529915405631109060E-01 9.12529915405631109060E-01 9.12529915405631109060E-01 9.12529915405631109060E-01 9.12529915405631109060E-01 9.12529915405631109060E-01 9.12529915405631109060E-01
1.09912558091295542440E+00 1.09912558091295542440E+00 1.09912558091295542440E+00 1.09912558091295542440E+00 1.09912558091295542440E+00 1.09912558091295542440E+00 1.09912558091295542440E+00 1.09912558091295542440E+00 1.09912558091295542440E+00 1.09912558091295542440E+00 1.09912558091295542440E+00 1.09912558091295542440E+00 1.09912558091295542440E+00 1.09912558091295542440E+00 1.09912558091295542440E+00 1.09912558091295542440E+00 1.09912558091295542440E+00 1.09912558091295542440E+00 1.09912558091295542440E+00 1.09912558091295542440E+00 1.09912558091295542440E+00 1.09912558091295542440E+00 1.09912558091295542440E+00 1.09912558091295542440E+00 1.09912558091295542440E+00 1.09912558091295542440E+00 1.09912558091295542440E+00 1.09912558091295542440E+00 1.09912558091295542440E+00 1.09912558091295542440E+00 1.09912558091295542440E+00 1.09912558091295542440E+00 1.09912558091295542440E+00 1.09912558091295542440E+00 1.09912558091295542440E+00 1.09912558091295542440E+00 1.09912558091295542440E+00 1.09912558091295542440E+00 1.09912558091295542440E+00 1.09912558091295542440E+00 1.09912558091295542440E+00 1.09912558091295542440E+00 1.09912558091295542440E+00 1.09912558091295542440E+00 1.09912558091295542440E+00 1.09912558091295542440E+00 1.09912558091295542440E+00 1.09912558091295542440E+00 1.09912558091295542440E+00 1.09912558091295542440E+00 1.09912558091295542440E+00 1.09912558091295542440E+00 1.09912558091295542440E+00 1.09912558091295542440E+00 1.09912558091295542440E+00 1.09912558091295542440E+00
9.53588804768301434578E-01 9.53588804768301434578E-01 9.53588804768301434578E-01 9.53588804768301434578E-01 9.53588804768301434578E-01 9.53588804768301434578E-01 9.53588804768301434578E-01 9.53588804768301434578E-01 9.53588804768301434578E-01 9.53588804768301434578E-01 9.53588804768301434578E-01 9.53588804768301434578E-01 9.53588804768301434578E-01 9.53588804768301434578E-01 9.53588804768301434578E-01 9.53588804768301434578E-01 9.53588804768301434578E-01 9.53588804768301434578E-01 9.53588804768301434578E-01 9.53588804768301434578E-01 9.53588804768301434578E-01 9.53588804768301434578E-01 9.53588804768301434578E-01 9.53588804768301434578E-01 9.53588804768301434578E-01 9.53588804768301434578E-01 9.53588804768301434578E-01 9.53588804768301434578E-01 9.53588804768301434578E-01 9.53588804768301434578E-01 9.53588804768301434578E-01 9.53588804768301434578E-01 9.53588804768301434578E-01 9.53588804768301434578E-01 9.53588804768301434578E-01 9.53588804768301434578E-01 9.53588804768301434578E-01 9.53588804768301434578E-01 9.53588804768301434578E-01 9.53588804768301434578E-01 9.53588804768301434578E-01 9.53588804768301434578E-01 9.53588804768301434578E-01 9.53588804768301434578E-01 9.53588804768301434578E-01 9.53588804768301434578E-01 9.53588804768301434578E-01 9.53588804768301434578E-01 9.53588804768301434578E-01 9.53588804768301434578E-01 9.53588804768301434578E-01 9.53588804768301434578E-01 9.53588804768301434578E-01 9.53588804768301434578E-01 9.53588804768301434578E-01 9.53588804768301434578E-01
9.42937725098308643368E-01 9.42937725098308643368E-01 9.42937725098308643368E-01 9.42937725098308643368E-01 9.42937725098308643368E-01 9.42937725098308643368E-01 9.42937725098308643368E-01 9.42937725098308643368E-01 9.42937725098308643368E-01 9.42937725098308643368E-01 9.42937725098308643368E-01 9.42937725098308643368E-01 9.42937725098308643368E-01 9.42937725098308643368E-01 9.42937725098308643368E-01 9.42937725098308643368E-01 9.42937725098308643368E-01 9.42937725098308643368E-01 9.42937725098308643368E-01 9.42937725098308643368E-01 9.42937725098308643368E-01 9.42937725098308643368E-01 9.42937725098308643368E-01 9.42937725098308643368E-01 9.42937725098308643368E-01 9.42937725098308643368E-01 9.42937725098308643368E-01 9.42937725098308643368E-01 9.42937725098308643368E-01 9.42937725098308643368E-01 9.42937725098308643368E-01 9.42937725098308643368E-01 9.42937725098308643368E-01 9.42937725098308643368E-01 9.42937725098308643368E-01 9.42937725098308643368E-01 9.42937725098308643368E-01 9.42937725098308643368E-01 9.42937725098308643368E-01 9.42937725098308643368E-01 9.42937725098308643368E-01 9.42937725098308643368E-01 9.42937725098308643368E-01 9.42937725098308643368E-01 9.42937725098308643368E-01 9.42937725098308643368E-01 9.42937725098308643368E-01 9.42937725098308643368E-01 9.42937725098308643368E-01 9.42937725098308643368E-01 9.42937725098308643368E-01 9.42937725098308643368E-01 9.42937725098308643368E-01 9.42937725098308643368E-01 9.42937725098308643368E-01 9.42937725098308643368E-01
1.09435073497607815440E+00 1.09435073497607815440E+00 1.09435073497607815440E+00 1.09435073497607815440E+00 1.09435073497607815440E+00 1.09435073497607815440E+00 1.09435073497607815440E+00 1.09435073497607815440E+00 1.09435073497607815440E+00 1.09435073497607815440E+00 1.09435073497607815440E+00 1.09435073497607815440E+00 1.09435073497607815440E+00 1.09435073497607815440E+00 1.09435073497607815440E+00 1.09435073497607815440E+00 1.09435073497607815440E+00 1.09435073497607815440E+00 1.09435073497607815440E+00 1.09435073497607815440E+00 1.09435073497607815440E+00 1.09435073497607815440E+00 1.09435073497607815440E+00 1.09435073497607815440E+00 1.09435073497607815440E+00 1.09435073497607815440E+00 1.09435073497607815440E+00 1.09435073497607815440E+00 1.09435073497607815440E+00 1.09435073497607815440E+00 1.09435073497607815440E+00 1.09435073497607815440E+00 1.09435073497607815440E+00 1.09435073497607815440E+00 1.09435073497607815440E+00 1.09435073497607815440E+00 1.09435073497607815440E+00 1.09435073497607815440E+00 1.09435073497607815440E+00 1.09435073497607815440E+00 1.09435073497607815440E+00 1.09435073497607815440E+00 1.09435073497607815440E+00 1.09435073497607815440E+00 1.09435073497607815440E+00 1.09435073497607815440E+00 1.09435073497607815440E+00 1.09435073497607815440E+00 1.09435073497607815440E+00 1.09435073497607815440E+00 1.09435073497607815440E+00 1.09435073497607815440E+00 1.09435073497607815440E+00 1.09435073497607815440E+00 1.09435073497607815440E+00 1.09435073497607815440E+00
9.96578392321065487103E-01 9.96578392321065487103E-01 9.96578392321065487103E-01 9.96578392321065487103E-01 9.96578392321065487103E-01 9.96578392321065487103E-01 9.96578392321065487103E-01 9.96578392321065487103E-01 9.96578392321065487103E-01 9.96578392321065487103E-01 9.96578392321065487103E-01 9.96578392321065487103E-01 9.96578392321065487103E-01 9.96578392321065487103E-01 9.96578392321065487103E-01 9.96578392321065487103E-01 9.96578392321065487103E-01 9.96578392321065487103E-01 9.96578392321065487103E-01 9.96578392321065487103E-01 9.96578392321065487103E-01 9.96578392321065487103E-01 9.96578392321065487103E-01 9.96578392321065487103E-01 9.96578392321065487103E-01 9.96578392321065487103E-01 9.96578392321065487103E-01 9.96578392321065487103E-01 9.96578392321065487103E-01 9.96578392321065487103E-01 9.96578392321065487103E-01 9.96578392321065487103E-01 9.96578392321065487103E-01 9.96578392321065487103E-01 9.96578392321065487103E-01 9.96578392321065487103E-01 9.96578392321065487103E-01 9.96578392321065487103E-01 9.96578392321065487103E-01 9.96578392321065487103E-01 9.96578392321065487103E-01 9.96578392321065487103E-01 9.96578392321065487103E-01 9.96578392321065487103E-01 9.96578392321065487103E-01 9.96578392321065487103E-01 9.96578392321065487103E-01 9.96578392321065487103E-01 9.96578392321065487103E-01 9.96578392321065487103E-01 9.96578392321065487103E-01 9.96578392321065487103E-01 9.96578392321065487103E-01 9.96578392321065487103E-01 9.96578392321065487103E-01 9.96578392321065487103E-01
1.02598893868201090918E+00 1.02598893868201090918E+00 1.02598893868201090918E+00 1.02598893868201090918E+00 1.02598893868201090918E+00 1.02598893868201090918E+00 1.02598893868201090918E+00 1.02598893868201090918E+00 1.02598893868201090918E+00 1.02598893868201090918E+00 1.02598893868201090918E+00 1.02598893868201090918E+00 1.02598893868201090918E+00 1.02598893868201090918E+00 1.02598893868201090918E+00 1.02598893868201090918E+00 1.02598893868201090918E+00 1.02598893868201090918E+00 1.02598893868201090918E+00 1.02598893868201090918E+00 1.02598893868201090918E+00 1.02598893868201090918E+00 1.02598893868201090918E+00 1.02598893868201090918E+00 1.02598893868201090918E+00 1.02598893868201090918E+00 1.02598893868201090918E+00 1.02598893868201090918E+00 1.02598893868201090918E+00 1.02598893868201090918E+00 1.02598893868201090918E+00 1.02598893868201090918E+00 1.02598893868201090918E+00 1.02598893868201090918E+00 1.02598893868201090918E+00 1.02598893868201090918E+00 1.02598893868201090918E+00 1.02598893868201090918E+00 1.02598893868201090918E+00 1.02598893868201090918E+00 1.02598893868201090918E+00 1.02598893868201090918E+00 1.02598893868201090918E+00 1.02598893868201090918E+00 1.02598893868201090918E+00 1.02598893868201090918E+00 1.02598893868201090918E+00 1.02598893868201090918E+00 1.02598893868201090918E+00 1.02598893868201090918E+00 1.02598893868201090918E+00 1.02598893868201090918E+00 1.02598893868201090918E+00 1.02598893868201090918E+00 1.02598893868201090918E+00 1.02598893868201090918E+00
9.50641549587198597671E-01 9.50641549587198597671E-01 9.50641549587198597671E-01 9.50641549587198597671E-01 9.50641549587198597671E-01 9.50641549587198597671E-01 9.50641549587198597671E-01 9.50641549587198597671E-01 9.50641549587198597671E-01 9.50641549587198597671E-01 9.50641549587198597671E-01 9.50641549587198597671E-01 9.50641549587198597671E-01 9.50641549587198597671E-01 9.50641549587198597671E-01 9.50641549587198597671E-01 9.50641549587198597671E-01 9.50641549587198597671E-01 9.50641549587198597671E-01 9.50641549587198597671E-01 9.50641549587198597671E-01 9.50641549587198597671E-01 9.50641549587198597671E-01 9.50641549587198597671E-01 9.50641549587198597671E-01 9.50641549587198597671E-01 9.50641549587198597671E-01 9.50641549587198597671E-01 9.50641549587198597671E-01 9.50641549587198597671E-01 9.50641549587198597671E-01 9.50641549587198597671E-01 9.50641549587198597671E-01 9.50641549587198597671E-01 9.50641549587198597671E-01 9.50641549587198597671E-01 9.50641549587198597671E-01 9.50641549587198597671E-01 9.50641549587198597671E-01 9.50641549587198597671E-01 9.50641549587198597671E-01 9.50641549587198597671E-01 9.50641549587198597671E-01 9.50641549587198597671E-01 9.50641549587198597671E-01 9.50641549587198597671E-01 9.50641549587198597671E-01 9.50641549587198597671E-01 9.50641549587198597671E-01 9.50641549587198597671E-01 9.50641549587198597671E-01 9.50641549587198597671E-01 9.50641549587198597671E-01 9.50641549587198597671E-01 9.50641549587198597671E-01 9.50641549587198597671E-01
9.70437143133493274050E-01 9.70437143133493274050E-01 9.70437143133493274050E-01 9.70437143133493274050E-01 9.70437143133493274050E-01 9.70437143133493274050E-01 9.70437143133493274050E-01 9.70437143133493274050E-01 9.70437143133493274050E-01 9.70437143133493274050E-01 9.70437143133493274050E-01 9.70437143133493274050E-01 9.70437143133493274050E-01 9.70437143133493274050E-01 9.70437143133493274050E-01 9.70437143133493274050E-01 9.70437143133493274050E-01 9.70437143133493274050E-01 9.70437143133493274050E-01 9.70437143133493274050E-01 9.70437143133493274050E-01 9.70437143133493274050E-01 9.70437143133493274050E-01 9.70437143133493274050E-01 9.70437143133493274050E-01 9.70437143133493274050E-01 9.70437143133493274050E-01 9.70437143133493274050E-01 9.70437143133493274050E-01 9.70437143133493274050E-01 9.70437143133493274050E-01 9.70437143133493274050E-01 9.70437143133493274050E-01 9.70437143133493274050E-01 9.70437143133493274050E-01 9.70437143133493274050E-01 9.70437143133493274050E-01 9.70437143133493274050E-01 9.70437143133493274050E-01 9.70437143133493274050E-01 9.70437143133493274050E-01 9.70437143133493274050E-01 9.70437143133493274050E-01 9.70437143133493274050E-01 9.70437143133493274050E-01 9.70437143133493274050E-01 9.70437143133493274050E-01 9.70437143133493274050E-01 9.70437143133493274050E-01 9.70437143133493274050E-01 9.70437143133493274050E-01 9.70437143133493274050E-01 9.70437143133493274050E-01 9.70437143133493274050E-01 9.70437143133493274050E-01 9.70437143133493274050E-01
1.19335752322013921578E+00 1.19335752322013921578E+00 1.19335752322013921578E+00 1.19335752322013921578E+00 1.19335752322013921578E+00 1.19335752322013921578E+00 1.19335752322013921578E+00 1.19335752322013921578E+00 1.19335752322013921578E+00 1.19335752322013921578E+00 1.19335752322013921578E+00 1.19335752322013921578E+00 1.19335752322013921578E+00 1.19335752322013921578E+00 1.19335752322013921578E+00 1.19335752322013921578E+00 1.19335752322013921578E+00 1.19335752322013921578E+00 1.19335752322013921578E+00 1.19335752322013921578E+00 1.19335752322013921578E+00 1.19335752322013921578E+00 1.19335752322013921578E+00 1.19335752322013921578E+00 1.19335752322013921578E+00 1.19335752322013921578E+00 1.19335752322013921578E+00 1.19335752322013921578E+00 1.19335752322013921578E+00 1.19335752322013921578E+00 1.19335752322013921578E+00 1.19335752322013921578E+00 1.19335752322013921578E+00 1.19335752322013921578E+00 1.19335752322013921578E+00 1.19335752322013921578E+00 1.19335752322013921578E+00 1.19335752322013921578E+00 1.19335752322013921578E+00 1.19335752322013921578E+00 1.19335752322013921578E+00 1.19335752322013921578E+00 1.19335752322013921578E+00 1.19335752322013921578E+00 1.19335752322013921578E+00 1.19335752322013921578E+00 1.19335752322013921578E+00 1.19335752322013921578E+00 1.19335752322013921578E+00 1.19335752322013921578E+00 1.19335752322013921578E+00 1.19335752322013921578E+00 1.19335752322013921578E+00 1.19335752322013921578E+00 1.19335752322013921578E+00 1.19335752322013921578E+00
9.32643720752735161383E-01 9.32643720752735161383E-01 9.32643720752735161383E-01 9.32643720752735161383E-01 9.32643720752735161383E-01 9.32643720752735161383E-01 9.32643720752735161383E-01 9.32643720752735161383E-01 9.32643720752735161383E-01 9.32643720752735161383E-01 9.32643720752735161383E-01 9.32643720752735161383E-01 9.32643720752735161383E-01 9.32643720752735161383E-01 9.32643720752735161383E-01 9.32643720752735161383E-01 9.32643720752735161383E-01 9.32643720752735161383E-01 9.32643720752735161383E-01 9.32643720752735161383E-01 9.32643720752735161383E-01 9.32643720752735161383E-01 9.32643720752735161383E-01 9.32643720752735161383E-01 9.32643720752735161383E-01 9.32643720752735161383E-01 9.32643720752735161383E-01 9.32643720752735161383E-01 9.32643720752735161383E-01 9.32643720752735161383E-01 9.32643720752735161383E-01 9.32643720752735161383E-01 9.32643720752735161383E-01 9.32643720752735161383E-01 9.32643720752735161383E-01 9.32643720752735161383E-01 9.32643720752735161383E-01 9.32643720752735161383E-01 9.32643720752735161383E-01 9.32643720752735161383E-01 9.32643720752735161383E-01 9.32643720752735161383E-01 9.32643720752735161383E-01 9.32643720752735161383E-01 9.32643720752735161383E-01 9.32643720752735161383E-01 9.32643720752735161383E-01 9.32643720752735161383E-01 9.32643720752735161383E-01 9.32643720752735161383E-01 9.32643720752735161383E-01 9.32643720752735161383E-01 9.32643720752735161383E-01 9.32643720752735161383E-01 9.32643720752735161383E-01 9.32643720752735161383E-01
1.02212856707582666616E+00 1.02212856707582666616E+00 1.02212856707582666616E+00 1.02212856707582666616E+00 1.02212856707582666616E+00 1.02212856707582666616E+00 1.02212856707582666616E+00 1.02212856707582666616E+00 1.02212856707582666616E+00 1.02212856707582666616E+00 1.02212856707582666616E+00 1.02212856707582666616E+00 1.02212856707582666616E+00 1.02212856707582666616E+00 1.02212856707582666616E+00 1.02212856707582666616E+00 1.02212856707582666616E+00 1.02212856707582666616E+00 1.02212856707582666616E+00 1.02212856707582666616E+00 1.02212856707582666616E+00 1.02212856707582666616E+00 1.02212856707582666616E+00 1.02212856707582666616E+00 1.02212856707582666616E+00 1.02212856707582666616E+00 1.02212856707582666616E+00 1.02212856707582666616E+00 1.02212856707582666616E+00 1.02212856707582666616E+00 1.02212856707582666616E+00 1.02212856707582666616E+00 1.02212856707582666616E+00 1.02212856707582666616E+00 1.02212856707582666616E+00 1.02212856707582666616E+00 1.02212856707582666616E+00 1.02212856707582666616E+00 1.02212856707582666616E+00 1.02212856707582666616E+00 1.02212856707582666616E+00 1.02212856707582666616E+00 1.02212856707582666616E+00 1.02212856707582666616E+00 1.02212856707582666616E+00 1.02212856707582666616E+00 1.02212856707582666616E+00 1.02212856707582666616E+00 1.02212856707582666616E+00 1.02212856707582666616E+00 1.02212856707582666616E+00 1.02212856707582666616E+00 1.02212856707582666616E+00 1.02212856707582666616E+00 1.02212856707582666616E+00 1.02212856707582666616E+00
1.07371395977880434991E+00 1.07371395977880434991E+00 1.07371395977880434991E+00 1.07371395977880434991E+00 1.07371395977880434991E+00 1.07371395977880434991E+00 1.07371395977880434991E+00 1.07371395977880434991E+00 1.07371395977880434991E+00 1.07371395977880434991E+00 1.07371395977880434991E+00 1.07371395977880434991E+00 1.07371395977880434991E+00 1.07371395977880434991E+00 1.07371395977880434991E+00 1.07371395977880434991E+00 1.07371395977880434991E+00 1.07371395977880434991E+00 1.07371395977880434991E+00 1.07371395977880434991E+00 1.07371395977880434991E+00 1.07371395977880434991E+00 1.07371395977880434991E+00 1.07371395977880434991E+00 1.07371395977880434991E+00 1.07371395977880434991E+00 1.07371395977880434991E+00 1.07371395977880434991E+00 1.07371395977880434991E+00 1.07371395977880434991E+00 1.07371395977880434991E+00 1.07371395977880434991E+00 1.07371395977880434991E+00 1.07371395977880434991E+00 1.07371395977880434991E+00 1.07371395977880434991E+00 1.07371395977880434991E+00 1.07371395977880434991E+00 1.07371395977880434991E+00 1.07371395977880434991E+00 1.07371395977880434991E+00 1.07371395977880434991E+00 1.07371395977880434991E+00 1.07371395977880434991E+00 1.07371395977880434991E+00 1.07371395977880434991E+00 1.07371395977880434991E+00 1.07371395977880434991E+00 1.07371395977880434991E+00 1.07371395977880434991E+00 1.07371395977880434991E+00 1.07371395977880434991E+00 1.07371395977880434991E+00 1.07371395977880434991E+00 1.07371395977880434991E+00 1.07371395977880434991E+00
9.56861621475716628282E-01 9.56861621475716628282E-01 9.56861621475716628282E-01 9.56861621475716628282E-01 9.56861621475716628282E-01 9.56861621475716628282E-01 9.56861621475716628282E-01 9.56861621475716628282E-01 9.56861621475716628282E-01 9.56861621475716628282E-01 9.56861621475716628282E-01 9.56861621475716628282E-01 9.56861621475716628282E-01 9.56861621475716628282E-01 9.56861621475716628282E-01 9.56861621475716628282E-01 9.56861621475716628282E-01 9.56861621475716628282E-01 9.56861621475716628282E-01 9.56861621475716628282E-01 9.56861621475716628282E-01 9.56861621475716628282E-01 9.56861621475716628282E-01 9.56861621475716628282E-01 9.56861621475716628282E-01 9.56861621475716628282E-01 9.56861621475716628282E-01 9.56861621475716628282E-01 9.56861621475716628282E-01 9.56861621475716628282E-01 9.56861621475716628282E-01 9.56861621475716628282E-01 9.56861621475716628282E-01 9.56861621475716628282E-01 9.56861621475716628282E-01 9.56861621475716628282E-01 9.56861621475716628282E-01 9.56861621475716628282E-01 9.56861621475716628282E-01 9.56861621475716628282E-01 9.56861621475716628282E-01 9.56861621475716628282E-01 9.56861621475716628282E-01 9.56861621475716628282E-01 9.56861621475716628282E-01 9.56861621475716628282E-01 9.56861621475716628282E-01 9.56861621475716628282E-01 9.56861621475716628282E-01 9.56861621475716628282E-01 9.56861621475716628282E-01 9.56861621475716628282E-01 9.56861621475716628282E-01 9.56861621475716628282E-01 9.56861621475716628282E-01 9.56861621475716628282E-01
1.00358058090173751786E+00 1.00358058090173751786E+00 1.00358058090173751786E+00 1.00358058090173751786E+00 1.00358058090173751786E+00 1.00358058090173751786E+00 1.00358058090173751786E+00 1.00358058090173751786E+00 1.00358058090173751786E+00 1.00358058090173751786E+00 1.00358058090173751786E+00 1.00358058090173751786E+00 1.00358058090173751786E+00 1.00358058090173751786E+00 1.00358058090173751786E+00 1.00358058090173751786E+00 1.00358058090173751786E+00 1.00358058090173751786E+00 1.00358058090173751786E+00 1.00358058090173751786E+00 1.00358058090173751786E+00 1.00358058090173751786E+00 1.00358058090173751786E+00 1.00358058090173751786E+00 1.00358058090173751786E+00 1.00358058090173751786E+00 1.00358058090173751786E+00 1.00358058090173751786E+00 1.00358058090173751786E+00 1.00358058090173751786E+00 1.00358058090173751786E+00 1.00358058090173751786E+00 1.00358058090173751786E+00 1.00358058090173751786E+00 1.00358058090173751786E+00 1.00358058090173751786E+00 1.00358058090173751786E+00 1.00358058090173751786E+00 1.00358058090173751786E+00 1.00358058090173751786E+00 1.00358058090173751786E+00 1.00358058090173751786E+00 1.00358058090173751786E+00 1.00358058090173751786E+00 1.00358058090173751786E+00 1.00358058090173751786E+00 1.00358058090173751786E+00 1.00358058090173751786E+00 1.00358058090173751786E+00 1.00358058090173751786E+00 1.00358058090173751786E+00 1.00358058090173751786E+00 1.00358058090173751786E+00 1.00358058090173751786E+00 1.00358058090173751786E+00 1.00358058090173751786E+00
1.02508351262231678369E+00 1.02508351262231678369E+00 1.02508351262231678369E+00 1.02508351262231678369E+00 1.02508351262231678369E+00 1.02508351262231678369E+00 1.02508351262231678369E+00 1.02508351262231678369E+00 1.02508351262231678369E+00 1.02508351262231678369E+00 1.02508351262231678369E+00 1.02508351262231678369E+00 1.02508351262231678369E+00 1.02508351262231678369E+00 1.02508351262231678369E+00 1.02508351262231678369E+00 1.02508351262231678369E+00 1.02508351262231678369E+00 1.02508351262231678369E+00 1.02508351262231678369E+00 1.02508351262231678369E+00 1.02508351262231678369E+00 1.02508351262231678369E+00 1.02508351262231678369E+00 1.02508351262231678369E+00 1.02508351262231678369E+00 1.02508351262231678369E+00 1.02508351262231678369E+00 1.02508351262231678369E+00 1.02508351262231678369E+00 1.02508351262231678369E+00 1.02508351262231678369E+00 1.02508351262231678369E+00 1.02508351262231678369E+00 1.02508351262231678369E+00 1.02508351262231678369E+00 1.02508351262231678369E+00 1.02508351262231678369E+00 1.02508351262231678369E+00 1.02508351262231678369E+00 1.02508351262231678369E+00 1.02508351262231678369E+00 1.02508351262231678369E+00 1.02508351262231678369E+00 1.02508351262231678369E+00 1.02508351262231678369E+00 1.02508351262231678369E+00 1.02508351262231678369E+00 1.02508351262231678369E+00 1.02508351262231678369E+00 1.02508351262231678369E+00 1.02508351262231678369E+00 1.02508351262231678369E+00 1.02508351262231678369E+00 1.02508351262231678369E+00 1.02508351262231678369E+00
9.38462640803856218419E-01 9.38462640803856218419E-01 9.38462640803856218419E-01 9.38462640803856218419E-01 9.38462640803856218419E-01 9.38462640803856218419E-01 9.38462640803856218419E-01 9.38462640803856218419E-01 9.38462640803856218419E-01 9.38462640803856218419E-01 9.38462640803856218419E-01 9.38462640803856218419E-01 9.38462640803856218419E-01 9.38462640803856218419E-01 9.38462640803856218419E-01 9.38462640803856218419E-01 9.38462640803856218419E-01 9.38462640803856218419E-01 9.38462640803856218419E-01 9.38462640803856218419E-01 9.38462640803856218419E-01 9.38462640803856218419E-01 9.38462640803856218419E-01 9.38462640803856218419E-01 9.38462640803856218419E-01 9.38462640803856218419E-01 9.38462640803856218419E-01 9.38462640803856218419E-01 9.38462640803856218419E-01 9.38462640803856218419E-01 9.38462640803856218419E-01 9.38462640803856218419E-01 9.38462640803856218419E-01 9.38462640803856218419E-01 9.38462640803856218419E-01 9.38462640803856218419E-01 9.38462640803856218419E-01 9.38462640803856218419E-01 9.38462640803856218419E-01 9.38462640803856218419E-01 9.38462640803856218419E-01 9.38462640803856218419E-01 9.38462640803856218419E-01 9.38462640803856218419E-01 9.38462640803856218419E-01 9.38462640803856218419E-01 9.38462640803856218419E-01 9.38462640803856218419E-01 9.38462640803856218419E-01 9.38462640803856218419E-01 9.38462640803856218419E-01 9.38462640803856218419E-01 9.38462640803856218419E-01 9.38462640803856218419E-01 9.38462640803856218419E-01 9.38462640803856218419E-01
1.05623625837132495420E+00 1.05623625837132495420E+00 1.05623625837132495420E+00 1.05623625837132495420E+00 1.05623625837132495420E+00 1.05623625837132495420E+00 1.05623625837132495420E+00 1.05623625837132495420E+00 1.05623625837132495420E+00 1.05623625837132495420E+00 1.05623625837132495420E+00 1.05623625837132495420E+00 1.05623625837132495420E+00 1.05623625837132495420E+00 1.05623625837132495420E+00 1.05623625837132495420E+00 1.05623625837132495420E+00 1.05623625837132495420E+00 1.05623625837132495420E+00 1.05623625837132495420E+00 1.05623625837132495420E+00 1.05623625837132495420E+00 1.05623625837132495420E+00 1.05623625837132495420E+00 1.05623625837132495420E+00 1.05623625837132495420E+00 1.05623625837132495420E+00 1.05623625837132495420E+00 1.05623625837132495420E+00 1.05623625837132495420E+00 1.05623625837132495420E+00 1.05623625837132495420E+00 1.05623625837132495420E+00 1.05623625837132495420E+00 1.05623625837132495420E+00 1.05623625837132495420E+00 1.05623625837132495420E+00 1.05623625837132495420E+00 1.05623625837132495420E+00 1.05623625837132495420E+00 1.05623625837132495420E+00 1.05623625837132495420E+00 1.05623625837132495420E+00 1.05623625837132495420E+00 1.05623625837132495420E+00 1.05623625837132495420E+00 1.05623625837132495420E+00 1.05623625837132495420E+00 1.05623625837132495420E+00 1.05623625837132495420E+00 1.05623625837132495420E+00 1.05623625837132495420E+00 1.05623625837132495420E+00 1.05623625837132495420E+00 1.05623625837132495420E+00 1.05623625837132495420E+00
1.06243548547538546600E+00 1.06243548547538546600E+00 1.06243548547538546600E+00 1.06243548547538546600E+00 1.06243548547538546600E+00 1.06243548547538546600E+00 1.06243548547538546600E+00 1.06243548547538546600E+00 1.06243548547538546600E+00 1.06243548547538546600E+00 1.06243548547538546600E+00 1.06243548547538546600E+00 1.06243548547538546600E+00 1.06243548547538546600E+00 1.06243548547538546600E+00 1.06243548547538546600E+00 1.06243548547538546600E+00 1.06243548547538546600E+00 1.06243548547538546600E+00 1.06243548547538546600E+00 1.06243548547538546600E+00 1.06243548547538546600E+00 1.06243548547538546600E+00 1.06243548547538546600E+00 1.06243548547538546600E+00 1.06243548547538546600E+00 1.06243548547538546600E+00 1.06243548547538546600E+00 1.06243548547538546600E+00 1.06243548547538546600E+00 1.06243548547538546600E+00 1.06243548547538546600E+00 1.06243548547538546600E+00 1.06243548547538546600E+00 1.06243548547538546600E+00 1.06243548547538546600E+00 1.06243548547538546600E+00 1.06243548547538546600E+00 1.06243548547538546600E+00 1.06243548547538546600E+00 1.06243548547538546600E+00 1.06243548547538546600E+00 1.06243548547538546600E+00 1.06243548547538546600E+00 1.06243548547538546600E+00 1.06243548547538546600E+00 1.06243548547538546600E+00 1.06243548547538546600E+00 1.06243548547538546600E+00 1.06243548547538546600E+00 1.06243548547538546600E+00 1.06243548547538546600E+00 1.06243548547538546600E+00 1.06243548547538546600E+00 1.06243548547538546600E+00 1.06243548547538546600E+00
1.12602183391416388325E+00 1.12602183391416388325E+00 1.12602183391416388325E+00 1.12602183391416388325E+00 1.12602183391416388325E+00 1.12602183391416388325E+00 1.12602183391416388325E+00 1.12602183391416388325E+00 1.12602183391416388325E+00 1.12602183391416388325E+00 1.12602183391416388325E+00 1.12602183391416388325E+00 1.12602183391416388325E+00 1.12602183391416388325E+00 1.12602183391416388325E+00 1.12602183391416388325E+00 1.12602183391416388325E+00 1.12602183391416388325E+00 1.12602183391416388325E+00 1.12602183391416388325E+00 1.12602183391416388325E+00 1.12602183391416388325E+00 1.12602183391416388325E+00 1.12602183391416388325E+00 1.12602183391416388325E+00 1.12602183391416388325E+00 1.12602183391416388325E+00 1.12602183391416388325E+00 1.12602183391416388325E+00 1.12602183391416388325E+00 1.12602183391416388325E+00 1.12602183391416388325E+00 1.12602183391416388325E+00 1.12602183391416388325E+00 1.12602183391416388325E+00 1.12602183391416388325E+00 1.12602183391416388325E+00 1.12602183391416388325E+00 1.12602183391416388325E+00 1.12602183391416388325E+00 1.12602183391416388325E+00 1.12602183391416388325E+00 1.12602183391416388325E+00 1.12602183391416388325E+00 1.12602183391416388325E+00 1.12602183391416388325E+00 1.12602183391416388325E+00 1.12602183391416388325E+00 1.12602183391416388325E+00 1.12602183391416388325E+00 1.12602183391416388325E+00 1.12602183391416388325E+00 1.12602183391416388325E+00 1.12602183391416388325E+00 1.12602183391416388325E+00 1.12602183391416388325E+00
1.06582148210218163875E+00 1.06582148210218163875E+00 1.06582148210218163875E+00 1.06582148210218163875E+00 1.06582148210218163875E+00 1.06582148210218163875E+00 1.06582148210218163875E+00 1.06582148210218163875E+00 1.06582148210218163875E+00 1.06582148210218163875E+00 1.06582148210218163875E+00 1.06582148210218163875E+00 1.06582148210218163875E+00 1.06582148210218163875E+00 1.06582148210218163875E+00 1.06582148210218163875E+00 1.06582148210218163875E+00 1.06582148210218163875E+00 1.06582148210218163875E+00 1.06582148210218163875E+00 1.06582148210218163875E+00 1.06582148210218163875E+00 1.06582148210218163875E+00 1.06582148210218163875E+00 1.06582148210218163875E+00 1.06582148210218163875E+00 1.06582148210218163875E+00 1.06582148210218163875E+00 1.06582148210218163875E+00 1.06582148210218163875E+00 1.06582148210218163875E+00 1.06582148210218163875E+00 1.06582148210218163875E+00 1.06582148210218163875E+00 1.06582148210218163875E+00 1.06582148210218163875E+00 1.06582148210218163875E+00 1.06582148210218163875E+00 1.06582148210218163875E+00 1.06582148210218163875E+00 1.06582148210218163875E+00 1.06582148210218163875E+00 1.06582148210218163875E+00 1.06582148210218163875E+00 1.06582148210218163875E+00 1.06582148210218163875E+00 1.06582148210218163875E+00 1.06582148210218163875E+00 1.06582148210218163875E+00 1.06582148210218163875E+00 1.06582148210218163875E+00 1.06582148210218163875E+00 1.06582148210218163875E+00 1.06582148210218163875E+00 1.06582148210218163875E+00 1.06582148210218163875E+00
9.05206646261473735215E-01 9.05206646261473735215E-01 9.05206646261473735215E-01 9.05206646261473735215E-01 9.05206646261473735215E-01 9.05206646261473735215E-01 9.05206646261473735215E-01 9.05206646261473735215E-01 9.05206646261473735215E-01 9.05206646261473735215E-01 9.05206646261473735215E-01 9.05206646261473735215E-01 9.05206646261473735215E-01 9.05206646261473735215E-01 9.05206646261473735215E-01 9.05206646261473735215E-01 9.05206646261473735215E-01 9.05206646261473735215E-01 9.05206646261473735215E-01 9.05206646261473735215E-01 9.05206646261473735215E-01 9.05206646261473735215E-01 9.05206646261473735215E-01 9.05206646261473735215E-01 9.05206646261473735215E-01 9.05206646261473735215E-01 9.05206646261473735215E-01 9.05206646261473735215E-01 9.05206646261473735215E-01 9.05206646261473735215E-01 9.05206646261473735215E-01 9.05206646261473735215E-01 9.05206646261473735215E-01 9.05206646261473735215E-01 9.05206646261473735215E-01 9.05206646261473735215E-01 9.05206646261473735215E-01 9.05206646261473735215E-01 9.05206646261473735215E-01 9.05206646261473735215E-01 9.05206646261473735215E-01 9.05206646261473735215E-01 9.05206646261473735215E-01 9.05206646261473735215E-01 9.05206646261473735215E-01 9.05206646261473735215E-01 9.05206646261473735215E-01 9.05206646261473735215E-01 9.05206646261473735215E-01 9.05206646261473735215E-01 9.05206646261473735215E-01 9.05206646261473735215E-01 9.05206646261473735215E-01 9.05206646261473735215E-01 9.05206646261473735215E-01 9.05206646261473735215E-01
1.18399580181748520502E+00 1.18399580181748520502E+00 1.18399580181748520502E+00 1.18399580181748520502E+00 1.18399580181748520502E+00 1.18399580181748520502E+00 1.18399580181748520502E+00 1.18399580181748520502E+00 1.18399580181748520502E+00 1.18399580181748520502E+00 1.18399580181748520502E+00 1.18399580181748520502E+00 1.18399580181748520502E+00 1.18399580181748520502E+00 1.18399580181748520502E+00 1.18399580181748520502E+00 1.18399580181748520502E+00 1.18399580181748520502E+00 1.18399580181748520502E+00 1.18399580181748520502E+00 1.18399580181748520502E+00 1.18399580181748520502E+00 1.18399580181748520502E+00 1.18399580181748520502E+00 1.18399580181748520502E+00 1.18399580181748520502E+00 1.18399580181748520502E+00 1.18399580181748520502E+00 1.18399580181748520502E+00 1.18399580181748520502E+00 1.18399580181748520502E+00 1.18399580181748520502E+00 1.18399580181748520502E+00 1.18399580181748520502E+00 1.18399580181748520502E+00 1.18399580181748520502E+00 1.18399580181748520502E+00 1.18399580181748520502E+00 1.18399580181748520502E+00 1.18399580181748520502E+00 1.18399580181748520502E+00 1.18399580181748520502E+00 1.18399580181748520502E+00 1.18399580181748520502E+00 1.18399580181748520502E+00 1.18399580181748520502E+00 1.18399580181748520502E+00 1.18399580181748520502E+00 1.18399580181748520502E+00 1.18399580181748520502E+00 1.18399580181748520502E+00 1.18399580181748520502E+00 1.18399580181748520502E+00 1.18399580181748520502E+00 1.18399580181748520502E+00 1.18399580181748520502E+00
1.02385700510870925051E+00 1.02385700510870925051E+00 1.02385700510870925051E+00 1.02385700510870925051E+00 1.02385700510870925051E+00 1.02385700510870925051E+00 1.02385700510870925051E+00 1.02385700510870925051E+00 1.02385700510870925051E+00 1.02385700510870925051E+00 1.02385700510870925051E+00 1.02385700510870925051E+00 1.02385700510870925051E+00 1.02385700510870925051E+00 1.02385700510870925051E+00 1.02385700510870925051E+00 1.02385700510870925051E+00 1.02385700510870925051E+00 1.02385700510870925051E+00 1.02385700510870925051E+00 1.02385700510870925051E+00 1.02385700510870925051E+00 1.02385700510870925051E+00 1.02385700510870925051E+00 1.02385700510870925051E+00 1.02385700510870925051E+00 1.02385700510870925051E+00 1.02385700510870925051E+00 1.02385700510870925051E+00 1.02385700510870925051E+00 1.02385700510870925051E+00 1.02385700510870925051E+00 1.02385700510870925051E+00 1.02385700510870925051E+00 1.02385700510870925051E+00 1.02385700510870925051E+00 1.02385700510870925051E+00 1.02385700510870925051E+00 1.02385700510870925051E+00 1.02385700510870925051E+00 1.02385700510870925051E+00 1.02385700510870925051E+00 1.02385700510870925051E+00 1.02385700510870925051E+00 1.02385700510870925051E+00 1.02385700510870925051E+00 1.02385700510870925051E+00 1.02385700510870925051E+00 1.02385700510870925051E+00 1.02385700510870925051E+00 1.02385700510870925051E+00 1.02385700510870925051E+00 1.02385700510870925051E+00 1.02385700510870925051E+00 1.02385700510870925051E+00 1.02385700510870925051E+00
1.17134256290401439493E+00 1.17134256290401439493E+00 1.17134256290401439493E+00 1.17134256290401439493E+00 1.17134256290401439493E+00 1.17134256290401439493E+00 1.17134256290401439493E+00 1.17134256290401439493E+00 1.17134256290401439493E+00 1.17134256290401439493E+00 1.17134256290401439493E+00 1.17134256290401439493E+00 1.17134256290401439493E+00 1.17134256290401439493E+00 1.17134256290401439493E+00 1.17134256290401439493E+00 1.17134256290401439493E+00 1.17134256290401439493E+00 1.17134256290401439493E+00 1.17134256290401439493E+00 1.17134256290401439493E+00 1.17134256290401439493E+00 1.17134256290401439493E+00 1.17134256290401439493E+00 1.17134256290401439493E+00 1.17134256290401439493E+00 1.17134256290401439493E+00 1.17134256290401439493E+00 1.17134256290401439493E+00 1.17134256290401439493E+00 1.17134256290401439493E+00 1.17134256290401439493E+00 1.17134256290401439493E+00 1.17134256290401439493E+00 1.17134256290401439493E+00 1.17134256290401439493E+00 1.17134256290401439493E+00 1.17134256290401439493E+00 1.17134256290401439493E+00 1.17134256290401439493E+00 1.17134256290401439493E+00 1.17134256290401439493E+00 1.17134256290401439493E+00 1.17134256290401439493E+00 1.17134256290401439493E+00 1.17134256290401439493E+00 1.17134256290401439493E+00 1.17134256290401439493E+00 1.17134256290401439493E+00 1.17134256290401439493E+00 1.17134256290401439493E+00 1.17134256290401439493E+00 1.17134256290401439493E+00 1.17134256290401439493E+00 1.17134256290401439493E+00 1.17134256290401439493E+00
9.97827702626736368074E-01 9.97827702626736368074E-01 9.97827702626736368074E-01 9.97827702626736368074E-01 9.97827702626736368074E-01 9.97827702626736368074E-01 9.97827702626736368074E-01 9.97827702626736368074E-01 9.97827702626736368074E-01 9.97827702626736368074E-01 9.97827702626736368074E-01 9.97827702626736368074E-01 9.97827702626736368074E-01 9.97827702626736368074E-01 9.97827702626736368074E-01 9.97827702626736368074E-01 9.97827702626736368074E-01 9.97827702626736368074E-01 9.97827702626736368074E-01 9.97827702626736368074E-01 9.97827702626736368074E-01 9.97827702626736368074E-01 9.97827702626736368074E-01 9.97827702626736368074E-01 9.97827702626736368074E-01 9.97827702626736368074E-01 9.97827702626736368074E-01 9.97827702626736368074E-01 9.97827702626736368074E-01 9.97827702626736368074E-01 9.97827702626736368074E-01 9.97827702626736368074E-01 9.97827702626736368074E-01 9.97827702626736368074E-01 9.97827702626736368074E-01 9.97827702626736368074E-01 9.97827702626736368074E-01 9.97827702626736368074E-01 9.97827702626736368074E-01 9.97827702626736368074E-01 9.97827702626736368074E-01 9.97827702626736368074E-01 9.97827702626736368074E-01 9.97827702626736368074E-01 9.97827702626736368074E-01 9.97827702626736368074E-01 9.97827702626736368074E-01 9.97827702626736368074E-01 9.97827702626736368074E-01 9.97827702626736368074E-01 9.97827702626736368074E-01 9.97827702626736368074E-01 9.97827702626736368074E-01 9.97827702626736368074E-01 9.97827702626736368074E-01 9.97827702626736368074E-01
9.83511476198948408900E-01 9.83511476198948408900E-01 9.83511476198948408900E-01 9.83511476198948408900E-01 9.83511476198948408900E-01 9.83511476198948408900E-01 9.83511476198948408900E-01 9.83511476198948408900E-01 9.83511476198948408900E-01 9.83511476198948408900E-01 9.83511476198948408900E-01 9.83511476198948408900E-01 9.83511476198948408900E-01 9.83511476198948408900E-01 9.83511476198948408900E-01 9.83511476198948408900E-01 9.83511476198948408900E-01 9.83511476198948408900E-01 9.83511476198948408900E-01 9.83511476198948408900E-01 9.83511476198948408900E-01 9.83511476198948408900E-01 9.83511476198948408900E-01 9.83511476198948408900E-01 9.83511476198948408900E-01 9.83511476198948408900E-01 9.83511476198948408900E-01 9.83511476198948408900E-01 9.83511476198948408900E-01 9.83511476198948408900E-01 9.83511476198948408900E-01 9.83511476198948408900E-01 9.83511476198948408900E-01 9.83511476198948408900E-01 9.83511476198948408900E-01 9.83511476198948408900E-01 9.83511476198948408900E-01 9.83511476198948408900E-01 9.83511476198948408900E-01 9.83511476198948408900E-01 9.83511476198948408900E-01 9.83511476198948408900E-01 9.83511476198948408900E-01 9.83511476198948408900E-01 9.83511476198948408900E-01 9.83511476198948408900E-01 9.83511476198948408900E-01 9.83511476198948408900E-01 9.83511476198948408900E-01 9.83511476198948408900E-01 9.83511476198948408900E-01 9.83511476198948408900E-01 9.83511476198948408900E-01 9.83511476198948408900E-01 9.83511476198948408900E-01 9.83511476198948408900E-01
1.13313517198441315870E+00 1.13313517198441315870E+00 1.13313517198441315870E+00 1.13313517198441315870E+00 1.13313517198441315870E+00 1.13313517198441315870E+00 1.13313517198441315870E+00 1.13313517198441315870E+00 1.13313517198441315870E+00 1.13313517198441315870E+00 1.13313517198441315870E+00 1.13313517198441315870E+00 1.13313517198441315870E+00 1.13313517198441315870E+00 1.13313517198441315870E+00 1.13313517198441315870E+00 1.13313517198441315870E+00 1.13313517198441315870E+00 1.13313517198441315870E+00 1.13313517198441315870E+00 1.13313517198441315870E+00 1.13313517198441315870E+00 1.13313517198441315870E+00 1.13313517198441315870E+00 1.13313517198441315870E+00 1.13313517198441315870E+00 1.13313517198441315870E+00 1.13313517198441315870E+00 1.13313517198441315870E+00 1.13313517198441315870E+00 1.13313517198441315870E+00 1.13313517198441315870E+00 1.13313517198441315870E+00 1.13313517198441315870E+00 1.13313517198441315870E+00 1.13313517198441315870E+00 1.13313517198441315870E+00 1.13313517198441315870E+00 1.13313517198441315870E+00 1.13313517198441315870E+00 1.13313517198441315870E+00 1.13313517198441315870E+00 1.13313517198441315870E+00 1.13313517198441315870E+00 1.13313517198441315870E+00 1.13313517198441315870E+00 1.13313517198441315870E+00 1.13313517198441315870E+00 1.13313517198441315870E+00 1.13313517198441315870E+00 1.13313517198441315870E+00 1.13313517198441315870E+00 1.13313517198441315870E+00 1.13313517198441315870E+00 1.13313517198441315870E+00 1.13313517198441315870E+00
9.97639495926050723362E-01 9.97639495926050723362E-01 9.97639495926050723362E-01 9.97639495926050723362E-01 9.97639495926050723362E-01 9.97639495926050723362E-01 9.97639495926050723362E-01 9.97639495926050723362E-01 9.97639495926050723362E-01 9.97639495926050723362E-01 9.97639495926050723362E-01 9.97639495926050723362E-01 9.97639495926050723362E-01 9.97639495926050723362E-01 9.97639495926050723362E-01 9.97639495926050723362E-01 9.97639495926050723362E-01 9.97639495926050723362E-01 9.97639495926050723362E-01 9.97639495926050723362E-01 9.97639495926050723362E-01 9.97639495926050723362E-01 9.97639495926050723362E-01 9.97639495926050723362E-01 9.97639495926050723362E-01 9.97639495926050723362E-01 9.97639495926050723362E-01 9.97639495926050723362E-01 9.97639495926050723362E-01 9.97639495926050723362E-01 9.97639495926050723362E-01 9.97639495926050723362E-01 9.97639495926050723362E-01 9.97639495926050723362E-01 9.97639495926050723362E-01 9.97639495926050723362E-01 9.97639495926050723362E-01 9.97639495926050723362E-01 9.97639495926050723362E-01 9.97639495926050723362E-01 9.97639495926050723362E-01 9.97639495926050723362E-01 9.97639495926050723362E-01 9.97639495926050723362E-01 9.97639495926050723362E-01 9.97639495926050723362E-01 9.97639495926050723362E-01 9.97639495926050723362E-01 9.97639495926050723362E-01 9.97639495926050723362E-01 9.97639495926050723362E-01 9.97639495926050723362E-01 9.97639495926050723362E-01 9.97639495926050723362E-01 9.97639495926050723362E-01 9.97639495926050723362E-01
9.98531415593697291300E-01 9.98531415593697291300E-01 9.98531415593697291300E-01 9.98531415593697291300E-01 9.98531415593697291300E-01 9.98531415593697291300E-01 9.98531415593697291300E-01 9.98531415593697291300E-01 9.98531415593697291300E-01 9.98531415593697291300E-01 9.98531415593697291300E-01 9.98531415593697291300E-01 9.98531415593697291300E-01 9.98531415593697291300E-01 9.98531415593697291300E-01 9.98531415593697291300E-01 9.98531415593697291300E-01 9.98531415593697291300E-01 9.98531415593697291300E-01 9.98531415593697291300E-01 9.98531415593697291300E-01 9.98531415593697291300E-01 9.98531415593697291300E-01 9.98531415593697291300E-01 9.98531415593697291300E-01 9.98531415593697291300E-01 9.98531415593697291300E-01 9.98531415593697291300E-01 9.98531415593697291300E-01 9.98531415593697291300E-01 9.98531415593697291300E-01 9.98531415593697291300E-01 9.98531415593697291300E-01 9.98531415593697291300E-01 9.98531415593697291300E-01 9.98531415593697291300E-01 9.98531415593697291300E-01 9.98531415593697291300E-01 9.98531415593697291300E-01 9.98531415593697291300E-01 9.98531415593697291300E-01 9.98531415593697291300E-01 9.98531415593697291300E-01 9.98531415593697291300E-01 9.98531415593697291300E-01 9.98531415593697291300E-01 9.98531415593697291300E-01 9.98531415593697291300E-01 9.98531415593697291300E-01 9.98531415593697291300E-01 9.98531415593697291300E-01 9.98531415593697291300E-01 9.98531415593697291300E-01 9.98531415593697291300E-01 9.98531415593697291300E-01 9.98531415593697291300E-01
1.09265788084197112973E+00 1.09265788084197112973E+00 1.09265788084197112973E+00 1.09265788084197112973E+00 1.09265788084197112973E+00 1.09265788084197112973E+00 1.09265788084197112973E+00 1.09265788084197112973E+00 1.09265788084197112973E+00 1.09265788084197112973E+00 1.09265788084197112973E+00 1.09265788084197112973E+00 1.09265788084197112973E+00 1.09265788084197112973E+00 1.09265788084197112973E+00 1.09265788084197112973E+00 1.09265788084197112973E+00 1.09265788084197112973E+00 1.09265788084197112973E+00 1.09265788084197112973E+00 1.09265788084197112973E+00 1.09265788084197112973E+00 1.09265788084197112973E+00 1.09265788084197112973E+00 1.09265788084197112973E+00 1.09265788084197112973E+00 1.09265788084197112973E+00 1.09265788084197112973E+00 1.09265788084197112973E+00 1.09265788084197112973E+00 1.09265788084197112973E+00 1.09265788084197112973E+00 1.09265788084197112973E+00 1.09265788084197112973E+00 1.09265788084197112973E+00 1.09265788084197112973E+00 1.09265788084197112973E+00 1.09265788084197112973E+00 1.09265788084197112973E+00 1.09265788084197112973E+00 1.09265788084197112973E+00 1.09265788084197112973E+00 1.09265788084197112973E+00 1.09265788084197112973E+00 1.09265788084197112973E+00 1.09265788084197112973E+00 1.09265788084197112973E+00 1.09265788084197112973E+00 1.09265788084197112973E+00 1.09265788084197112973E+00 1.09265788084197112973E+00 1.09265788084197112973E+00 1.09265788084197112973E+00 1.09265788084197112973E+00 1.09265788084197112973E+00 1.09265788084197112973E+00
9.89542818310694904937E-01 9.89542818310694904937E-01 9.89542818310694904937E-01 9.89542818310694904937E-01 9.89542818310694904937E-01 9.89542818310694904937E-01 9.89542818310694904937E-01 9.89542818310694904937E-01 9.89542818310694904937E-01 9.89542818310694904937E-01 9.89542818310694904937E-01 9.89542818310694904937E-01 9.89542818310694904937E-01 9.89542818310694904937E-01 9.89542818310694904937E-01 9.89542818310694904937E-01 9.89542818310694904937E-01 9.89542818310694904937E-01 9.89542818310694904937E-01 9.89542818310694904937E-01 9.89542818310694904937E-01 9.89542818310694904937E-01 9.89542818310694904937E-01 9.89542818310694904937E-01 9.89542818310694904937E-01 9.89542818310694904937E-01 9.89542818310694904937E-01 9.89542818310694904937E-01 9.89542818310694904937E-01 9.89542818310694904937E-01 9.89542818310694904937E-01 9.89542818310694904937E-01 9.89542818310694904937E-01 9.89542818310694904937E-01 9.89542818310694904937E-01 9.89542818310694904937E-01 9.89542818310694904937E-01 9.89542818310694904937E-01 9.89542818310694904937E-01 9.89542818310694904937E-01 9.89542818310694904937E-01 9.89542818310694904937E-01 9.89542818310694904937E-01 9.89542818310694904937E-01 9.89542818310694904937E-01 9.89542818310694904937E-01 9.89542818310694904937E-01 9.89542818310694904937E-01 9.89542818310694904937E-01 9.89542818310694904937E-01 9.89542818310694904937E-01 9.89542818310694904937E-01 9.89542818310694904937E-01 9.89542818310694904937E-01 9.89542818310694904937E-01 9.89542818310694904937E-01
1.06682996112857497728E+00 1.06682996112857497728E+00 1.06682996112857497728E+00 1.06682996112857497728E+00 1.06682996112857497728E+00 1.06682996112857497728E+00 1.06682996112857497728E+00 1.06682996112857497728E+00 1.06682996112857497728E+00 1.06682996112857497728E+00 1.06682996112857497728E+00 1.06682996112857497728E+00 1.06682996112857497728E+00 1.06682996112857497728E+00 1.06682996112857497728E+00 1.06682996112857497728E+00 1.06682996112857497728E+00 1.06682996112857497728E+00 1.06682996112857497728E+00 1.06682996112857497728E+00 1.06682996112857497728E+00 1.06682996112857497728E+00 1.06682996112857497728E+00 1.06682996112857497728E+00 1.06682996112857497728E+00 1.06682996112857497728E+00 1.06682996112857497728E+00 1.06682996112857497728E+00 1.06682996112857497728E+00 1.06682996112857497728E+00 1.06682996112857497728E+00 1.06682996112857497728E+00 1.06682996112857497728E+00 1.06682996112857497728E+00 1.06682996112857497728E+00 1.06682996112857497728E+00 1.06682996112857497728E+00 1.06682996112857497728E+00 1.06682996112857497728E+00 1.06682996112857497728E+00 1.06682996112857497728E+00 1.06682996112857497728E+00 1.06682996112857497728E+00 1.06682996112857497728E+00 1.06682996112857497728E+00 1.06682996112857497728E+00 1.06682996112857497728E+00 1.06682996112857497728E+00 1.06682996112857497728E+00 1.06682996112857497728E+00 1.06682996112857497728E+00 1.06682996112857497728E+00 1.06682996112857497728E+00 1.06682996112857497728E+00 1.06682996112857497728E+00 1.06682996112857497728E+00
1.04304840059525116835E+00 1.04304840059525116835E+00 1.04304840059525116835E+00 1.04304840059525116835E+00 1.04304840059525116835E+00 1.04304840059525116835E+00 1.04304840059525116835E+00 1.04304840059525116835E+00 1.04304840059525116835E+00 1.04304840059525116835E+00 1.04304840059525116835E+00 1.04304840059525116835E+00 1.04304840059525116835E+00 1.04304840059525116835E+00 1.04304840059525116835E+00 1.04304840059525116835E+00 1.04304840059525116835E+00 1.04304840059525116835E+00 1.04304840059525116835E+00 1.04304840059525116835E+00 1.04304840059525116835E+00 1.04304840059525116835E+00 1.04304840059525116835E+00 1.04304840059525116835E+00 1.04304840059525116835E+00 1.04304840059525116835E+00 1.04304840059525116835E+00 1.04304840059525116835E+00 1.04304840059525116835E+00 1.04304840059525116835E+00 1.04304840059525116835E+00 1.04304840059525116835E+00 1.04304840059525116835E+00 1.04304840059525116835E+00 1.04304840059525116835E+00 1.04304840059525116835E+00 1.04304840059525116835E+00 1.04304840059525116835E+00 1.04304840059525116835E+00 1.04304840059525116835E+00 1.04304840059525116835E+00 1.04304840059525116835E+00 1.04304840059525116835E+00 1.04304840059525116835E+00 1.04304840059525116835E+00 1.04304840059525116835E+00 1.04304840059525116835E+00 1.04304840059525116835E+00 1.04304840059525116835E+00 1.04304840059525116835E+00 1.04304840059525116835E+00 1.04304840059525116835E+00 1.04304840059525116835E+00 1.04304840059525116835E+00 1.04304840059525116835E+00 1.04304840059525116835E+00
8.74046405501394785276E-01 8.74046405501394785276E-01 8.74046405501394785276E-01 8.74046405501394785276E-01 8.74046405501394785276E-01 8.74046405501394785276E-01 8.74046405501394785276E-01 8.74046405501394785276E-01 8.74046405501394785276E-01 8.74046405501394785276E-01 8.74046405501394785276E-01 8.74046405501394785276E-01 8.74046405501394785276E-01 8.74046405501394785276E-01 8.74046405501394785276E-01 8.74046405501394785276E-01 8.74046405501394785276E-01 8.74046405501394785276E-01 8.74046405501394785276E-01 8.74046405501394785276E-01 8.74046405501394785276E-01 8.74046405501394785276E-01 8.74046405501394785276E-01 8.74046405501394785276E-01 8.74046405501394785276E-01 8.74046405501394785276E-01 8.74046405501394785276E-01 8.74046405501394785276E-01 8.74046405501394785276E-01 8.74046405501394785276E-01 8.74046405501394785276E-01 8.74046405501394785276E-01 8.74046405501394785276E-01 8.74046405501394785276E-01 8.74046405501394785276E-01 8.74046405501394785276E-01 8.74046405501394785276E-01 8.74046405501394785276E-01 8.74046405501394785276E-01 8.74046405501394785276E-01 8.74046405501394785276E-01 8.74046405501394785276E-01 8.74046405501394785276E-01 8.74046405501394785276E-01 8.74046405501394785276E-01 8.74046405501394785276E-01 8.74046405501394785276E-01 8.74046405501394785276E-01 8.74046405501394785276E-01 8.74046405501394785276E-01 8.74046405501394785276E-01 8.74046405501394785276E-01 8.74046405501394785276E-01 8.74046405501394785276E-01 8.74046405501394785276E-01 8.74046405501394785276E-01
1.00154937121145537482E+00 1.00154937121145537482E+00 1.00154937121145537482E+00 1.00154937121145537482E+00 1.00154937121145537482E+00 1.00154937121145537482E+00 1.00154937121145537482E+00 1.00154937121145537482E+00 1.00154937121145537482E+00 1.00154937121145537482E+00 1.00154937121145537482E+00 1.00154937121145537482E+00 1.00154937121145537482E+00 1.00154937121145537482E+00 1.00154937121145537482E+00 1.00154937121145537482E+00 1.00154937121145537482E+00 1.00154937121145537482E+00 1.00154937121145537482E+00 1.00154937121145537482E+00 1.00154937121145537482E+00 1.00154937121145537482E+00 1.00154937121145537482E+00 1.00154937121145537482E+00 1.00154937121145537482E+00 1.00154937121145537482E+00 1.00154937121145537482E+00 1.00154937121145537482E+00 1.00154937121145537482E+00 1.00154937121145537482E+00 1.00154937121145537482E+00 1.00154937121145537482E+00 1.00154937121145537482E+00 1.00154937121145537482E+00 1.00154937121145537482E+00 1.00154937121145537482E+00 1.00154937121145537482E+00 1.00154937121145537482E+00 1.00154937121145537482E+00 1.00154937121145537482E+00 1.00154937121145537482E+00 1.00154937121145537482E+00 1.00154937121145537482E+00 1.00154937121145537482E+00 1.00154937121145537482E+00 1.00154937121145537482E+00 1.00154937121145537482E+00 1.00154937121145537482E+00 1.00154937121145537482E+00 1.00154937121145537482E+00 1.00154937121145537482E+00 1.00154937121145537482E+00 1.00154937121145537482E+00 1.00154937121145537482E+00 1.00154937121145537482E+00 1.00154937121145537482E+00
9.81297759089371446350E-01 9.81297759089371446350E-01 9.81297759089371446350E-01 9.81297759089371446350E-01 9.81297759089371446350E-01 9.81297759089371446350E-01 9.81297759089371446350E-01 9.81297759089371446350E-01 9.81297759089371446350E-01 9.81297759089371446350E-01 9.81297759089371446350E-01 9.81297759089371446350E-01 9.81297759089371446350E-01 9.81297759089371446350E-01 9.81297759089371446350E-01 9.81297759089371446350E-01 9.81297759089371446350E-01 9.81297759089371446350E-01 9.81297759089371446350E-01 9.81297759089371446350E-01 9.81297759089371446350E-01 9.81297759089371446350E-01 9.81297759089371446350E-01 9.81297759089371446350E-01 9.81297759089371446350E-01 9.81297759089371446350E-01 9.81297759089371446350E-01 9.81297759089371446350E-01 9.81297759089371446350E-01 9.81297759089371446350E-01 9.81297759089371446350E-01 9.81297759089371446350E-01 9.81297759089371446350E-01 9.81297759089371446350E-01 9.81297759089371446350E-01 9.81297759089371446350E-01 9.81297759089371446350E-01 9.81297759089371446350E-01 9.81297759089371446350E-01 9.81297759089371446350E-01 9.81297759089371446350E-01 9.81297759089371446350E-01 9.81297759089371446350E-01 9.81297759089371446350E-01 9.81297759089371446350E-01 9.81297759089371446350E-01 9.81297759089371446350E-01 9.81297759089371446350E-01 9.81297759089371446350E-01 9.81297759089371446350E-01 9.81297759089371446350E-01 9.81297759089371446350E-01 9.81297759089371446350E-01 9.81297759089371446350E-01 9.81297759089371446350E-01 9.81297759089371446350E-01
9.99883088978614220643E-01 9.99883088978614220643E-01 9.99883088978614220643E-01 9.99883088978614220643E-01 9.99883088978614220643E-01 9.99883088978614220643E-01 9.99883088978614220643E-01 9.99883088978614220643E-01 9.99883088978614220643E-01 9.99883088978614220643E-01 9.99883088978614220643E-01 9.99883088978614220643E-01 9.99883088978614220643E-01 9.99883088978614220643E-01 9.99883088978614220643E-01 9.99883088978614220643E-01 9.99883088978614220643E-01 9.99883088978614220643E-01 9.99883088978614220643E-01 9.99883088978614220643E-01 9.99883088978614220643E-01 9.99883088978614220643E-01 9.99883088978614220643E-01 9.99883088978614220643E-01 9.99883088978614220643E-01 9.99883088978614220643E-01 9.99883088978614220643E-01 9.99883088978614220643E-01 9.99883088978614220643E-01 9.99883088978614220643E-01 9.99883088978614220643E-01 9.99883088978614220643E-01 9.99883088978614220643E-01 9.99883088978614220643E-01 9.99883088978614220643E-01 9.99883088978614220643E-01 9.99883088978614220643E-01 9.99883088978614220643E-01 9.99883088978614220643E-01 9.99883088978614220643E-01 9.99883088978614220643E-01 9.99883088978614220643E-01 9.99883088978614220643E-01 9.99883088978614220643E-01 9.99883088978614220643E-01 9.99883088978614220643E-01 9.99883088978614220643E-01 9.99883088978614220643E-01 9.99883088978614220643E-01 9.99883088978614220643E-01 9.99883088978614220643E-01 9.99883088978614220643E-01 9.99883088978614220643E-01 9.99883088978614220643E-01 9.99883088978614220643E-01 9.99883088978614220643E-01
9.50476157346336281151E-01 9.50476157346336281151E-01 9.50476157346336281151E-01 9.50476157346336281151E-01 9.50476157346336281151E-01 9.50476157346336281151E-01 9.50476157346336281151E-01 9.50476157346336281151E-01 9.50476157346336281151E-01 9.50476157346336281151E-01 9.50476157346336281151E-01 9.50476157346336281151E-01 9.50476157346336281151E-01 9.50476157346336281151E-01 9.50476157346336281151E-01 9.50476157346336281151E-01 9.50476157346336281151E-01 9.50476157346336281151E-01 9.50476157346336281151E-01 9.50476157346336281151E-01 9.50476157346336281151E-01 9.50476157346336281151E-01 9.50476157346336281151E-01 9.50476157346336281151E-01 9.50476157346336281151E-01 9.50476157346336281151E-01 9.50476157346336281151E-01 9.50476157346336281151E-01 9.50476157346336281151E-01 9.50476157346336281151E-01 9.50476157346336281151E-01 9.50476157346336281151E-01 9.50476157346336281151E-01 9.50476157346336281151E-01 9.50476157346336281151E-01 9.50476157346336281151E-01 9.50476157346336281151E-01 9.50476157346336281151E-01 9.50476157346336281151E-01 9.50476157346336281151E-01 9.50476157346336281151E-01 9.50476157346336281151E-01 9.50476157346336281151E-01 9.50476157346336281151E-01 9.50476157346336281151E-01 9.50476157346336281151E-01 9.50476157346336281151E-01 9.50476157346336281151E-01 9.50476157346336281151E-01 9.50476157346336281151E-01 9.50476157346336281151E-01 9.50476157346336281151E-01 9.50476157346336281151E-01 9.50476157346336281151E-01 9.50476157346336281151E-01 9.50476157346336281151E-01
8.95783262423726855950E-01 8.95783262423726855950E-01 8.95783262423726855950E-01 8.95783262423726855950E-01 8.95783262423726855950E-01 8.95783262423726855950E-01 8.95783262423726855950E-01 8.95783262423726855950E-01 8.95783262423726855950E-01 8.95783262423726855950E-01 8.95783262423726855950E-01 8.95783262423726855950E-01 8.95783262423726855950E-01 8.95783262423726855950E-01 8.95783262423726855950E-01 8.95783262423726855950E-01 8.95783262423726855950E-01 8.95783262423726855950E-01 8.95783262423726855950E-01 8.95783262423726855950E-01 8.95783262423726855950E-01 8.95783262423726855950E-01 8.95783262423726855950E-01 8.95783262423726855950E-01 8.95783262423726855950E-01 8.95783262423726855950E-01 8.95783262423726855950E-01 8.95783262423726855950E-01 8.95783262423726855950E-01 8.95783262423726855950E-01 8.95783262423726855950E-01 8.95783262423726855950E-01 8.95783262423726855950E-01 8.95783262423726855950E-01 8.95783262423726855950E-01 8.95783262423726855950E-01 8.95783262423726855950E-01 8.95783262423726855950E-01 8.95783262423726855950E-01 8.95783262423726855950E-01 8.95783262423726855950E-01 8.95783262423726855950E-01 8.95783262423726855950E-01 8.95783262423726855950E-01 8.95783262423726855950E-01 8.95783262423726855950E-01 8.95783262423726855950E-01 8.95783262423726855950E-01 8.95783262423726855950E-01 8.95783262423726855950E-01 8.95783262423726855950E-01 8.95783262423726855950E-01 8.95783262423726855950E-01 8.95783262423726855950E-01 8.95783262423726855950E-01 8.95783262423726855950E-01
9.89970584556966071155E-01 9.89970584556966071155E-01 9.89970584556966071155E-01 9.89970584556966071155E-01 9.89970584556966071155E-01 9.89970584556966071155E-01 9.89970584556966071155E-01 9.89970584556966071155E-01 9.89970584556966071155E-01 9.89970584556966071155E-01 9.89970584556966071155E-01 9.89970584556966071155E-01 9.89970584556966071155E-01 9.89970584556966071155E-01 9.89970584556966071155E-01 9.89970584556966071155E-01 9.89970584556966071155E-01 9.89970584556966071155E-01 9.89970584556966071155E-01 9.89970584556966071155E-01 9.89970584556966071155E-01 9.89970584556966071155E-01 9.89970584556966071155E-01 9.89970584556966071155E-01 9.89970584556966071155E-01 9.89970584556966071155E-01 9.89970584556966071155E-01 9.89970584556966071155E-01 9.89970584556966071155E-01 9.89970584556966071155E-01 9.89970584556966071155E-01 9.89970584556966071155E-01 9.89970584556966071155E-01 9.89970584556966071155E-01 9.89970584556966071155E-01 9.89970584556966071155E-01 9.89970584556966071155E-01 9.89970584556966071155E-01 9.89970584556966071155E-01 9.89970584556966071155E-01 9.89970584556966071155E-01 9.89970584556966071155E-01 9.89970584556966071155E-01 9.89970584556966071155E-01 9.89970584556966071155E-01 9.89970584556966071155E-01 9.89970584556966071155E-01 9.89970584556966071155E-01 9.89970584556966071155E-01 9.89970584556966071155E-01 9.89970584556966071155E-01 9.89970584556966071155E-01 9.89970584556966071155E-01 9.89970584556966071155E-01 9.89970584556966071155E-01 9.89970584556966071155E-01
