1.09083214755532030560E-02 1.09083214755532030560E-02 1.09083214755532030560E-02 1.09083214755532030560E-02 1.09083214755532030560E-02 1.09083214755532030560E-02 1.09083214755532030560E-02 1.09083214755532030560E-02 1.09083214755532030560E-02 1.09083214755532030560E-02 1.09083214755532030560E-02 1.09083214755532030560E-02 1.09083214755532030560E-02 1.09083214755532030560E-02 1.09083214755532030560E-02 1.09083214755532030560E-02 1.09083214755532030560E-02 1.09083214755532030560E-02 1.09083214755532030560E-02 1.09083214755532030560E-02 1.09083214755532030560E-02 1.09083214755532030560E-02 1.09083214755532030560E-02 1.09083214755532030560E-02 1.09083214755532030560E-02 1.09083214755532030560E-02 1.09083214755532030560E-02 1.09083214755532030560E-02 1.09083214755532030560E-02 1.09083214755532030560E-02 1.09083214755532030560E-02 1.09083214755532030560E-02 1.09083214755532030560E-02 1.09083214755532030560E-02 1.09083214755532030560E-02 1.09083214755532030560E-02 1.09083214755532030560E-02 1.09083214755532030560E-02 1.09083214755532030560E-02 1.09083214755532030560E-02 1.09083214755532030560E-02 1.09083214755532030560E-02 1.09083214755532030560E-02 1.09083214755532030560E-02 1.09083214755532030560E-02 1.09083214755532030560E-02 1.09083214755532030560E-02 1.09083214755532030560E-02 1.09083214755532030560E-02 1.09083214755532030560E-02 1.09083214755532030560E-02 1.09083214755532030560E-02 1.09083214755532030560E-02 1.09083214755532030560E-02 1.09083214755532030560E-02 1.09083214755532030560E-02
9.40459106920458164092E-03 9.40459106920458164092E-03 9.40459106920458164092E-03 9.40459106920458164092E-03 9.40459106920458164092E-03 9.40459106920458164092E-03 9.40459106920458164092E-03 9.40459106920458164092E-03 9.40459106920458164092E-03 9.40459106920458164092E-03 9.40459106920458164092E-03 9.40459106920458164092E-03 9.40459106920458164092E-03 9.40459106920458164092E-03 9.40459106920458164092E-03 9.40459106920458164092E-03 9.40459106920458164092E-03 9.40459106920458164092E-03 9.40459106920458164092E-03 9.40459106920458164092E-03 9.40459106920458164092E-03 9.40459106920458164092E-03 9.40459106920458164092E-03 9.40459106920458164092E-03 9.40459106920458164092E-03 9.40459106920458164092E-03 9.40459106920458164092E-03 9.40459106920458164092E-03 9.40459106920458164092E-03 9.40459106920458164092E-03 9.40459106920458164092E-03 9.40459106920458164092E-03 9.40459106920458164092E-03 9.40459106920458164092E-03 9.40459106920458164092E-03 9.40459106920458164092E-03 9.40459106920458164092E-03 9.40459106920458164092E-03 9.40459106920458164092E-03 9.40459106920458164092E-03 9.40459106920458164092E-03 9.40459106920458164092E-03 9.40459106920458164092E-03 9.40459106920458164092E-03 9.40459106920458164092E-03 9.40459106920458164092E-03 9.40459106920458164092E-03 9.40459106920458164092E-03 9.40459106920458164092E-03 9.40459106920458164092E-03 9.40459106920458164092E-03 9.40459106920458164092E-03 9.40459106920458164092E-03 9.40459106920458164092E-03 9.40459106920458164092E-03 9.40459106920458164092E-03
9.23905850920472664078E-03 9.23905850920472664078E-03 9.23905850920472664078E-03 9.23905850920472664078E-03 9.23905850920472664078E-03 9.23905850920472664078E-03 9.23905850920472664078E-03 9.23905850920472664078E-03 9.23905850920472664078E-03 9.23905850920472664078E-03 9.23905850920472664078E-03 9.23905850920472664078E-03 9.23905850920472664078E-03 9.23905850920472664078E-03 9.23905850920472664078E-03 9.23905850920472664078E-03 9.23905850920472664078E-03 9.23905850920472664078E-03 9.23905850920472664078E-03 9.23905850920472664078E-03 9.23905850920472664078E-03 9.23905850920472664078E-03 9.23905850920472664078E-03 9.23905850920472664078E-03 9.23905850920472664078E-03 9.23905850920472664078E-03 9.23905850920472664078E-03 9.23905850920472664078E-03 9.23905850920472664078E-03 9.23905850920472664078E-03 9.23905850920472664078E-03 9.23905850920472664078E-03 9.23905850920472664078E-03 9.23905850920472664078E-03 9.23905850920472664078E-03 9.23905850920472664078E-03 9.23905850920472664078E-03 9.23905850920472664078E-03 9.23905850920472664078E-03 9.23905850920472664078E-03 9.23905850920472664078E-03 9.23905850920472664078E-03 9.23905850920472664078E-03 9.23905850920472664078E-03 9.23905850920472664078E-03 9.23905850920472664078E-03 9.23905850920472664078E-03 9.23905850920472664078E-03 9.23905850920472664078E-03 9.23905850920472664078E-03 9.23905850920472664078E-03 9.23905850920472664078E-03 9.23905850920472664078E-03 9.23905850920472664078E-03 9.23905850920472664078E-03 9.23905850920472664078E-03
9.68960820304323906804E-03 9.68960820304323906804E-03 9.68960820304323906804E-03 9.68960820304323906804E-03 9.68960820304323906804E-03 9.68960820304323906804E-03 9.68960820304323906804E-03 9.68960820304323906804E-03 9.68960820304323906804E-03 9.68960820304323906804E-03 9.68960820304323906804E-03 9.68960820304323906804E-03 9.68960820304323906804E-03 9.68960820304323906804E-03 9.68960820304323906804E-03 9.68960820304323906804E-03 9.68960820304323906804E-03 9.68960820304323906804E-03 9.68960820304323906804E-03 9.68960820304323906804E-03 9.68960820304323906804E-03 9.68960820304323906804E-03 9.68960820304323906804E-03 9.68960820304323906804E-03 9.68960820304323906804E-03 9.68960820304323906804E-03 9.68960820304323906804E-03 9.68960820304323906804E-03 9.68960820304323906804E-03 9.68960820304323906804E-03 9.68960820304323906804E-03 9.68960820304323906804E-03 9.68960820304323906804E-03 9.68960820304323906804E-03 9.68960820304323906804E-03 9.68960820304323906804E-03 9.68960820304323906804E-03 9.68960820304323906804E-03 9.68960820304323906804E-03 9.68960820304323906804E-03 9.68960820304323906804E-03 9.68960820304323906804E-03 9.68960820304323906804E-03 9.68960820304323906804E-03 9.68960820304323906804E-03 9.68960820304323906804E-03 9.68960820304323906804E-03 9.68960820304323906804E-03 9.68960820304323906804E-03 9.68960820304323906804E-03 9.68960820304323906804E-03 9.68960820304323906804E-03 9.68960820304323906804E-03 9.68960820304323906804E-03 9.68960820304323906804E-03 9.68960820304323906804E-03
9.23409181398706681299E-03 9.23409181398706681299E-03 9.23409181398706681299E-03 9.23409181398706681299E-03 9.23409181398706681299E-03 9.23409181398706681299E-03 9.23409181398706681299E-03 9.23409181398706681299E-03 9.23409181398706681299E-03 9.23409181398706681299E-03 9.23409181398706681299E-03 9.23409181398706681299E-03 9.23409181398706681299E-03 9.23409181398706681299E-03 9.23409181398706681299E-03 9.23409181398706681299E-03 9.23409181398706681299E-03 9.23409181398706681299E-03 9.23409181398706681299E-03 9.23409181398706681299E-03 9.23409181398706681299E-03 9.23409181398706681299E-03 9.23409181398706681299E-03 9.23409181398706681299E-03 9.23409181398706681299E-03 9.23409181398706681299E-03 9.23409181398706681299E-03 9.23409181398706681299E-03 9.23409181398706681299E-03 9.23409181398706681299E-03 9.23409181398706681299E-03 9.23409181398706681299E-03 9.23409181398706681299E-03 9.23409181398706681299E-03 9.23409181398706681299E-03 9.23409181398706681299E-03 9.23409181398706681299E-03 9.23409181398706681299E-03 9.23409181398706681299E-03 9.23409181398706681299E-03 9.23409181398706681299E-03 9.23409181398706681299E-03 9.23409181398706681299E-03 9.23409181398706681299E-03 9.23409181398706681299E-03 9.23409181398706681299E-03 9.23409181398706681299E-03 9.23409181398706681299E-03 9.23409181398706681299E-03 9.23409181398706681299E-03 9.23409181398706681299E-03 9.23409181398706681299E-03 9.23409181398706681299E-03 9.23409181398706681299E-03 9.23409181398706681299E-03 9.23409181398706681299E-03
9.06103317676381844747E-03 9.06103317676381844747E-03 9.06103317676381844747E-03 9.06103317676381844747E-03 9.06103317676381844747E-03 9.06103317676381844747E-03 9.06103317676381844747E-03 9.06103317676381844747E-03 9.06103317676381844747E-03 9.06103317676381844747E-03 9.06103317676381844747E-03 9.06103317676381844747E-03 9.06103317676381844747E-03 9.06103317676381844747E-03 9.06103317676381844747E-03 9.06103317676381844747E-03 9.06103317676381844747E-03 9.06103317676381844747E-03 9.06103317676381844747E-03 9.06103317676381844747E-03 9.06103317676381844747E-03 9.06103317676381844747E-03 9.06103317676381844747E-03 9.06103317676381844747E-03 9.06103317676381844747E-03 9.06103317676381844747E-03 9.06103317676381844747E-03 9.06103317676381844747E-03 9.06103317676381844747E-03 9.06103317676381844747E-03 9.06103317676381844747E-03 9.06103317676381844747E-03 9.06103317676381844747E-03 9.06103317676381844747E-03 9.06103317676381844747E-03 9.06103317676381844747E-03 9.06103317676381844747E-03 9.06103317676381844747E-03 9.06103317676381844747E-03 9.06103317676381844747E-03 9.06103317676381844747E-03 9.06103317676381844747E-03 9.06103317676381844747E-03 9.06103317676381844747E-03 9.06103317676381844747E-03 9.06103317676381844747E-03 9.06103317676381844747E-03 9.06103317676381844747E-03 9.06103317676381844747E-03 9.06103317676381844747E-03 9.06103317676381844747E-03 9.06103317676381844747E-03 9.06103317676381844747E-03 9.06103317676381844747E-03 9.06103317676381844747E-03 9.06103317676381844747E-03
1.06982834675731931090E-02 1.06982834675731931090E-02 1.06982834675731931090E-02 1.06982834675731931090E-02 1.06982834675731931090E-02 1.06982834675731931090E-02 1.06982834675731931090E-02 1.06982834675731931090E-02 1.06982834675731931090E-02 1.06982834675731931090E-02 1.06982834675731931090E-02 1.06982834675731931090E-02 1.06982834675731931090E-02 1.06982834675731931090E-02 1.06982834675731931090E-02 1.06982834675731931090E-02 1.06982834675731931090E-02 1.06982834675731931090E-02 1.06982834675731931090E-02 1.06982834675731931090E-02 1.06982834675731931090E-02 1.06982834675731931090E-02 1.06982834675731931090E-02 1.06982834675731931090E-02 1.06982834675731931090E-02 1.06982834675731931090E-02 1.06982834675731931090E-02 1.06982834675731931090E-02 1.06982834675731931090E-02 1.06982834675731931090E-02 1.06982834675731931090E-02 1.06982834675731931090E-02 1.06982834675731931090E-02 1.06982834675731931090E-02 1.06982834675731931090E-02 1.06982834675731931090E-02 1.06982834675731931090E-02 1.06982834675731931090E-02 1.06982834675731931090E-02 1.06982834675731931090E-02 1.06982834675731931090E-02 1.06982834675731931090E-02 1.06982834675731931090E-02 1.06982834675731931090E-02 1.06982834675731931090E-02 1.06982834675731931090E-02 1.06982834675731931090E-02 1.06982834675731931090E-02 1.06982834675731931090E-02 1.06982834675731931090E-02 1.06982834675731931090E-02 1.06982834675731931090E-02 1.06982834675731931090E-02 1.06982834675731931090E-02 1.06982834675731931090E-02 1.06982834675731931090E-02
1.11391130986276225279E-02 1.11391130986276225279E-02 1.11391130986276225279E-02 1.11391130986276225279E-02 1.11391130986276225279E-02 1.11391130986276225279E-02 1.11391130986276225279E-02 1.11391130986276225279E-02 1.11391130986276225279E-02 1.11391130986276225279E-02 1.11391130986276225279E-02 1.11391130986276225279E-02 1.11391130986276225279E-02 1.11391130986276225279E-02 1.11391130986276225279E-02 1.11391130986276225279E-02 1.11391130986276225279E-02 1.11391130986276225279E-02 1.11391130986276225279E-02 1.11391130986276225279E-02 1.11391130986276225279E-02 1.11391130986276225279E-02 1.11391130986276225279E-02 1.11391130986276225279E-02 1.11391130986276225279E-02 1.11391130986276225279E-02 1.11391130986276225279E-02 1.11391130986276225279E-02 1.11391130986276225279E-02 1.11391130986276225279E-02 1.11391130986276225279E-02 1.11391130986276225279E-02 1.11391130986276225279E-02 1.11391130986276225279E-02 1.11391130986276225279E-02 1.11391130986276225279E-02 1.11391130986276225279E-02 1.11391130986276225279E-02 1.11391130986276225279E-02 1.11391130986276225279E-02 1.11391130986276225279E-02 1.11391130986276225279E-02 1.11391130986276225279E-02 1.11391130986276225279E-02 1.11391130986276225279E-02 1.11391130986276225279E-02 1.11391130986276225279E-02 1.11391130986276225279E-02 1.11391130986276225279E-02 1.11391130986276225279E-02 1.11391130986276225279E-02 1.11391130986276225279E-02 1.11391130986276225279E-02 1.11391130986276225279E-02 1.11391130986276225279E-02 1.11391130986276225279E-02
1.03633155754437392138E-02 1.03633155754437392138E-02 1.03633155754437392138E-02 1.03633155754437392138E-02 1.03633155754437392138E-02 1.03633155754437392138E-02 1.03633155754437392138E-02 1.03633155754437392138E-02 1.03633155754437392138E-02 1.03633155754437392138E-02 1.03633155754437392138E-02 1.03633155754437392138E-02 1.03633155754437392138E-02 1.03633155754437392138E-02 1.03633155754437392138E-02 1.03633155754437392138E-02 1.03633155754437392138E-02 1.03633155754437392138E-02 1.03633155754437392138E-02 1.03633155754437392138E-02 1.03633155754437392138E-02 1.03633155754437392138E-02 1.03633155754437392138E-02 1.03633155754437392138E-02 1.03633155754437392138E-02 1.03633155754437392138E-02 1.03633155754437392138E-02 1.03633155754437392138E-02 1.03633155754437392138E-02 1.03633155754437392138E-02 1.03633155754437392138E-02 1.03633155754437392138E-02 1.03633155754437392138E-02 1.03633155754437392138E-02 1.03633155754437392138E-02 1.03633155754437392138E-02 1.03633155754437392138E-02 1.03633155754437392138E-02 1.03633155754437392138E-02 1.03633155754437392138E-02 1.03633155754437392138E-02 1.03633155754437392138E-02 1.03633155754437392138E-02 1.03633155754437392138E-02 1.03633155754437392138E-02 1.03633155754437392138E-02 1.03633155754437392138E-02 1.03633155754437392138E-02 1.03633155754437392138E-02 1.03633155754437392138E-02 1.03633155754437392138E-02 1.03633155754437392138E-02 1.03633155754437392138E-02 1.03633155754437392138E-02 1.03633155754437392138E-02 1.03633155754437392138E-02
9.62391499429702222679E-03 9.62391499429702222679E-03 9.62391499429702222679E-03 9.62391499429702222679E-03 9.62391499429702222679E-03 9.62391499429702222679E-03 9.62391499429702222679E-03 9.62391499429702222679E-03 9.62391499429702222679E-03 9.62391499429702222679E-03 9.62391499429702222679E-03 9.62391499429702222679E-03 9.62391499429702222679E-03 9.62391499429702222679E-03 9.62391499429702222679E-03 9.62391499429702222679E-03 9.62391499429702222679E-03 9.62391499429702222679E-03 9.62391499429702222679E-03 9.62391499429702222679E-03 9.62391499429702222679E-03 9.62391499429702222679E-03 9.62391499429702222679E-03 9.62391499429702222679E-03 9.62391499429702222679E-03 9.62391499429702222679E-03 9.62391499429702222679E-03 9.62391499429702222679E-03 9.62391499429702222679E-03 9.62391499429702222679E-03 9.62391499429702222679E-03 9.62391499429702222679E-03 9.62391499429702222679E-03 9.62391499429702222679E-03 9.62391499429702222679E-03 9.62391499429702222679E-03 9.62391499429702222679E-03 9.62391499429702222679E-03 9.62391499429702222679E-03 9.62391499429702222679E-03 9.62391499429702222679E-03 9.62391499429702222679E-03 9.62391499429702222679E-03 9.62391499429702222679E-03 9.62391499429702222679E-03 9.62391499429702222679E-03 9.62391499429702222679E-03 9.62391499429702222679E-03 9.62391499429702222679E-03 9.62391499429702222679E-03 9.62391499429702222679E-03 9.62391499429702222679E-03 9.62391499429702222679E-03 9.62391499429702222679E-03 9.62391499429702222679E-03 9.62391499429702222679E-03
1.17825477963429750550E-02 1.17825477963429750550E-02 1.17825477963429750550E-02 1.17825477963429750550E-02 1.17825477963429750550E-02 1.17825477963429750550E-02 1.17825477963429750550E-02 1.17825477963429750550E-02 1.17825477963429750550E-02 1.17825477963429750550E-02 1.17825477963429750550E-02 1.17825477963429750550E-02 1.17825477963429750550E-02 1.17825477963429750550E-02 1.17825477963429750550E-02 1.17825477963429750550E-02 1.17825477963429750550E-02 1.17825477963429750550E-02 1.17825477963429750550E-02 1.17825477963429750550E-02 1.17825477963429750550E-02 1.17825477963429750550E-02 1.17825477963429750550E-02 1.17825477963429750550E-02 1.17825477963429750550E-02 1.17825477963429750550E-02 1.17825477963429750550E-02 1.17825477963429750550E-02 1.17825477963429750550E-02 1.17825477963429750550E-02 1.17825477963429750550E-02 1.17825477963429750550E-02 1.17825477963429750550E-02 1.17825477963429750550E-02 1.17825477963429750550E-02 1.17825477963429750550E-02 1.17825477963429750550E-02 1.17825477963429750550E-02 1.17825477963429750550E-02 1.17825477963429750550E-02 1.17825477963429750550E-02 1.17825477963429750550E-02 1.17825477963429750550E-02 1.17825477963429750550E-02 1.17825477963429750550E-02 1.17825477963429750550E-02 1.17825477963429750550E-02 1.17825477963429750550E-02 1.17825477963429750550E-02 1.17825477963429750550E-02 1.17825477963429750550E-02 1.17825477963429750550E-02 1.17825477963429750550E-02 1.17825477963429750550E-02 1.17825477963429750550E-02 1.17825477963429750550E-02
1.17395840337218664018E-02 1.17395840337218664018E-02 1.17395840337218664018E-02 1.17395840337218664018E-02 1.17395840337218664018E-02 1.17395840337218664018E-02 1.17395840337218664018E-02 1.17395840337218664018E-02 1.17395840337218664018E-02 1.17395840337218664018E-02 1.17395840337218664018E-02 1.17395840337218664018E-02 1.17395840337218664018E-02 1.17395840337218664018E-02 1.17395840337218664018E-02 1.17395840337218664018E-02 1.17395840337218664018E-02 1.17395840337218664018E-02 1.17395840337218664018E-02 1.17395840337218664018E-02 1.17395840337218664018E-02 1.17395840337218664018E-02 1.17395840337218664018E-02 1.17395840337218664018E-02 1.17395840337218664018E-02 1.17395840337218664018E-02 1.17395840337218664018E-02 1.17395840337218664018E-02 1.17395840337218664018E-02 1.17395840337218664018E-02 1.17395840337218664018E-02 1.17395840337218664018E-02 1.17395840337218664018E-02 1.17395840337218664018E-02 1.17395840337218664018E-02 1.17395840337218664018E-02 1.17395840337218664018E-02 1.17395840337218664018E-02 1.17395840337218664018E-02 1.17395840337218664018E-02 1.17395840337218664018E-02 1.17395840337218664018E-02 1.17395840337218664018E-02 1.17395840337218664018E-02 1.17395840337218664018E-02 1.17395840337218664018E-02 1.17395840337218664018E-02 1.17395840337218664018E-02 1.17395840337218664018E-02 1.17395840337218664018E-02 1.17395840337218664018E-02 1.17395840337218664018E-02 1.17395840337218664018E-02 1.17395840337218664018E-02 1.17395840337218664018E-02 1.17395840337218664018E-02
1.24446329335087552820E-02 1.24446329335087552820E-02 1.24446329335087552820E-02 1.24446329335087552820E-02 1.24446329335087552820E-02 1.24446329335087552820E-02 1.24446329335087552820E-02 1.24446329335087552820E-02 1.24446329335087552820E-02 1.24446329335087552820E-02 1.24446329335087552820E-02 1.24446329335087552820E-02 1.24446329335087552820E-02 1.24446329335087552820E-02 1.24446329335087552820E-02 1.24446329335087552820E-02 1.24446329335087552820E-02 1.24446329335087552820E-02 1.24446329335087552820E-02 1.24446329335087552820E-02 1.24446329335087552820E-02 1.24446329335087552820E-02 1.24446329335087552820E-02 1.24446329335087552820E-02 1.24446329335087552820E-02 1.24446329335087552820E-02 1.24446329335087552820E-02 1.24446329335087552820E-02 1.24446329335087552820E-02 1.24446329335087552820E-02 1.24446329335087552820E-02 1.24446329335087552820E-02 1.24446329335087552820E-02 1.24446329335087552820E-02 1.24446329335087552820E-02 1.24446329335087552820E-02 1.24446329335087552820E-02 1.24446329335087552820E-02 1.24446329335087552820E-02 1.24446329335087552820E-02 1.24446329335087552820E-02 1.24446329335087552820E-02 1.24446329335087552820E-02 1.24446329335087552820E-02 1.24446329335087552820E-02 1.24446329335087552820E-02 1.24446329335087552820E-02 1.24446329335087552820E-02 1.24446329335087552820E-02 1.24446329335087552820E-02 1.24446329335087552820E-02 1.24446329335087552820E-02 1.24446329335087552820E-02 1.24446329335087552820E-02 1.24446329335087552820E-02 1.24446329335087552820E-02
9.13939818088687835895E-03 9.13939818088687835895E-03 9.13939818088687835895E-03 9.13939818088687835895E-03 9.13939818088687835895E-03 9.13939818088687835895E-03 9.13939818088687835895E-03 9.13939818088687835895E-03 9.13939818088687835895E-03 9.13939818088687835895E-03 9.13939818088687835895E-03 9.13939818088687835895E-03 9.13939818088687835895E-03 9.13939818088687835895E-03 9.13939818088687835895E-03 9.13939818088687835895E-03 9.13939818088687835895E-03 9.13939818088687835895E-03 9.13939818088687835895E-03 9.13939818088687835895E-03 9.13939818088687835895E-03 9.13939818088687835895E-03 9.13939818088687835895E-03 9.13939818088687835895E-03 9.13939818088687835895E-03 9.13939818088687835895E-03 9.13939818088687835895E-03 9.13939818088687835895E-03 9.13939818088687835895E-03 9.13939818088687835895E-03 9.13939818088687835895E-03 9.13939818088687835895E-03 9.13939818088687835895E-03 9.13939818088687835895E-03 9.13939818088687835895E-03 9.13939818088687835895E-03 9.13939818088687835895E-03 9.13939818088687835895E-03 9.13939818088687835895E-03 9.13939818088687835895E-03 9.13939818088687835895E-03 9.13939818088687835895E-03 9.13939818088687835895E-03 9.13939818088687835895E-03 9.13939818088687835895E-03 9.13939818088687835895E-03 9.13939818088687835895E-03 9.13939818088687835895E-03 9.13939818088687835895E-03 9.13939818088687835895E-03 9.13939818088687835895E-03 9.13939818088687835895E-03 9.13939818088687835895E-03 9.13939818088687835895E-03 9.13939818088687835895E-03 9.13939818088687835895E-03
9.21680887937879195215E-03 9.21680887937879195215E-03 9.21680887937879195215E-03 9.21680887937879195215E-03 9.21680887937879195215E-03 9.21680887937879195215E-03 9.21680887937879195215E-03 9.21680887937879195215E-03 9.21680887937879195215E-03 9.21680887937879195215E-03 9.21680887937879195215E-03 9.21680887937879195215E-03 9.21680887937879195215E-03 9.21680887937879195215E-03 9.21680887937879195215E-03 9.21680887937879195215E-03 9.21680887937879195215E-03 9.21680887937879195215E-03 9.21680887937879195215E-03 9.21680887937879195215E-03 9.21680887937879195215E-03 9.21680887937879195215E-03 9.21680887937879195215E-03 9.21680887937879195215E-03 9.21680887937879195215E-03 9.21680887937879195215E-03 9.21680887937879195215E-03 9.21680887937879195215E-03 9.21680887937879195215E-03 9.21680887937879195215E-03 9.21680887937879195215E-03 9.21680887937879195215E-03 9.21680887937879195215E-03 9.21680887937879195215E-03 9.21680887937879195215E-03 9.21680887937879195215E-03 9.21680887937879195215E-03 9.21680887937879195215E-03 9.21680887937879195215E-03 9.21680887937879195215E-03 9.21680887937879195215E-03 9.21680887937879195215E-03 9.21680887937879195215E-03 9.21680887937879195215E-03 9.21680887937879195215E-03 9.21680887937879195215E-03 9.21680887937879195215E-03 9.21680887937879195215E-03 9.21680887937879195215E-03 9.21680887937879195215E-03 9.21680887937879195215E-03 9.21680887937879195215E-03 9.21680887937879195215E-03 9.21680887937879195215E-03 9.21680887937879195215E-03 9.21680887937879195215E-03
1.13158278694333921249E-02 1.13158278694333921249E-02 1.13158278694333921249E-02 1.13158278694333921249E-02 1.13158278694333921249E-02 1.13158278694333921249E-02 1.13158278694333921249E-02 1.13158278694333921249E-02 1.13158278694333921249E-02 1.13158278694333921249E-02 1.13158278694333921249E-02 1.13158278694333921249E-02 1.13158278694333921249E-02 1.13158278694333921249E-02 1.13158278694333921249E-02 1.13158278694333921249E-02 1.13158278694333921249E-02 1.13158278694333921249E-02 1.13158278694333921249E-02 1.13158278694333921249E-02 1.13158278694333921249E-02 1.13158278694333921249E-02 1.13158278694333921249E-02 1.13158278694333921249E-02 1.13158278694333921249E-02 1.13158278694333921249E-02 1.13158278694333921249E-02 1.13158278694333921249E-02 1.13158278694333921249E-02 1.13158278694333921249E-02 1.13158278694333921249E-02 1.13158278694333921249E-02 1.13158278694333921249E-02 1.13158278694333921249E-02 1.13158278694333921249E-02 1.13158278694333921249E-02 1.13158278694333921249E-02 1.13158278694333921249E-02 1.13158278694333921249E-02 1.13158278694333921249E-02 1.13158278694333921249E-02 1.13158278694333921249E-02 1.13158278694333921249E-02 1.13158278694333921249E-02 1.13158278694333921249E-02 1.13158278694333921249E-02 1.13158278694333921249E-02 1.13158278694333921249E-02 1.13158278694333921249E-02 1.13158278694333921249E-02 1.13158278694333921249E-02 1.13158278694333921249E-02 1.13158278694333921249E-02 1.13158278694333921249E-02 1.13158278694333921249E-02 1.13158278694333921249E-02
9.57857110267808405102E-03 9.57857110267808405102E-03 9.57857110267808405102E-03 9.57857110267808405102E-03 9.57857110267808405102E-03 9.57857110267808405102E-03 9.57857110267808405102E-03 9.57857110267808405102E-03 9.57857110267808405102E-03 9.57857110267808405102E-03 9.57857110267808405102E-03 9.57857110267808405102E-03 9.57857110267808405102E-03 9.57857110267808405102E-03 9.57857110267808405102E-03 9.57857110267808405102E-03 9.57857110267808405102E-03 9.57857110267808405102E-03 9.57857110267808405102E-03 9.57857110267808405102E-03 9.57857110267808405102E-03 9.57857110267808405102E-03 9.57857110267808405102E-03 9.57857110267808405102E-03 9.57857110267808405102E-03 9.57857110267808405102E-03 9.57857110267808405102E-03 9.57857110267808405102E-03 9.57857110267808405102E-03 9.57857110267808405102E-03 9.57857110267808405102E-03 9.57857110267808405102E-03 9.57857110267808405102E-03 9.57857110267808405102E-03 9.57857110267808405102E-03 9.57857110267808405102E-03 9.57857110267808405102E-03 9.57857110267808405102E-03 9.57857110267808405102E-03 9.57857110267808405102E-03 9.57857110267808405102E-03 9.57857110267808405102E-03 9.57857110267808405102E-03 9.57857110267808405102E-03 9.57857110267808405102E-03 9.57857110267808405102E-03 9.57857110267808405102E-03 9.57857110267808405102E-03 9.57857110267808405102E-03 9.57857110267808405102E-03 9.57857110267808405102E-03 9.57857110267808405102E-03 9.57857110267808405102E-03 9.57857110267808405102E-03 9.57857110267808405102E-03 9.57857110267808405102E-03
1.10718084979394976175E-02 1.10718084979394976175E-02 1.10718084979394976175E-02 1.10718084979394976175E-02 1.10718084979394976175E-02 1.10718084979394976175E-02 1.10718084979394976175E-02 1.10718084979394976175E-02 1.10718084979394976175E-02 1.10718084979394976175E-02 1.10718084979394976175E-02 1.10718084979394976175E-02 1.10718084979394976175E-02 1.10718084979394976175E-02 1.10718084979394976175E-02 1.10718084979394976175E-02 1.10718084979394976175E-02 1.10718084979394976175E-02 1.10718084979394976175E-02 1.10718084979394976175E-02 1.10718084979394976175E-02 1.10718084979394976175E-02 1.10718084979394976175E-02 1.10718084979394976175E-02 1.10718084979394976175E-02 1.10718084979394976175E-02 1.10718084979394976175E-02 1.10718084979394976175E-02 1.10718084979394976175E-02 1.10718084979394976175E-02 1.10718084979394976175E-02 1.10718084979394976175E-02 1.10718084979394976175E-02 1.10718084979394976175E-02 1.10718084979394976175E-02 1.10718084979394976175E-02 1.10718084979394976175E-02 1.10718084979394976175E-02 1.10718084979394976175E-02 1.10718084979394976175E-02 1.10718084979394976175E-02 1.10718084979394976175E-02 1.10718084979394976175E-02 1.10718084979394976175E-02 1.10718084979394976175E-02 1.10718084979394976175E-02 1.10718084979394976175E-02 1.10718084979394976175E-02 1.10718084979394976175E-02 1.10718084979394976175E-02 1.10718084979394976175E-02 1.10718084979394976175E-02 1.10718084979394976175E-02 1.10718084979394976175E-02 1.10718084979394976175E-02 1.10718084979394976175E-02
1.05084633336485072652E-02 1.05084633336485072652E-02 1.05084633336485072652E-02 1.05084633336485072652E-02 1.05084633336485072652E-02 1.05084633336485072652E-02 1.05084633336485072652E-02 1.05084633336485072652E-02 1.05084633336485072652E-02 1.05084633336485072652E-02 1.05084633336485072652E-02 1.05084633336485072652E-02 1.05084633336485072652E-02 1.05084633336485072652E-02 1.05084633336485072652E-02 1.05084633336485072652E-02 1.05084633336485072652E-02 1.05084633336485072652E-02 1.05084633336485072652E-02 1.05084633336485072652E-02 1.05084633336485072652E-02 1.05084633336485072652E-02 1.05084633336485072652E-02 1.05084633336485072652E-02 1.05084633336485072652E-02 1.05084633336485072652E-02 1.05084633336485072652E-02 1.05084633336485072652E-02 1.05084633336485072652E-02 1.05084633336485072652E-02 1.05084633336485072652E-02 1.05084633336485072652E-02 1.05084633336485072652E-02 1.05084633336485072652E-02 1.05084633336485072652E-02 1.05084633336485072652E-02 1.05084633336485072652E-02 1.05084633336485072652E-02 1.05084633336485072652E-02 1.05084633336485072652E-02 1.05084633336485072652E-02 1.05084633336485072652E-02 1.05084633336485072652E-02 1.05084633336485072652E-02 1.05084633336485072652E-02 1.05084633336485072652E-02 1.05084633336485072652E-02 1.05084633336485072652E-02 1.05084633336485072652E-02 1.05084633336485072652E-02 1.05084633336485072652E-02 1.05084633336485072652E-02 1.05084633336485072652E-02 1.05084633336485072652E-02 1.05084633336485072652E-02 1.05084633336485072652E-02
1.02564081470983975430E-02 1.02564081470983975430E-02 1.02564081470983975430E-02 1.02564081470983975430E-02 1.02564081470983975430E-02 1.02564081470983975430E-02 1.02564081470983975430E-02 1.02564081470983975430E-02 1.02564081470983975430E-02 1.02564081470983975430E-02 1.02564081470983975430E-02 1.02564081470983975430E-02 1.02564081470983975430E-02 1.02564081470983975430E-02 1.02564081470983975430E-02 1.02564081470983975430E-02 1.02564081470983975430E-02 1.02564081470983975430E-02 1.02564081470983975430E-02 1.02564081470983975430E-02 1.02564081470983975430E-02 1.02564081470983975430E-02 1.02564081470983975430E-02 1.02564081470983975430E-02 1.02564081470983975430E-02 1.02564081470983975430E-02 1.02564081470983975430E-02 1.02564081470983975430E-02 1.02564081470983975430E-02 1.02564081470983975430E-02 1.02564081470983975430E-02 1.02564081470983975430E-02 1.02564081470983975430E-02 1.02564081470983975430E-02 1.02564081470983975430E-02 1.02564081470983975430E-02 1.02564081470983975430E-02 1.02564081470983975430E-02 1.02564081470983975430E-02 1.02564081470983975430E-02 1.02564081470983975430E-02 1.02564081470983975430E-02 1.02564081470983975430E-02 1.02564081470983975430E-02 1.02564081470983975430E-02 1.02564081470983975430E-02 1.02564081470983975430E-02 1.02564081470983975430E-02 1.02564081470983975430E-02 1.02564081470983975430E-02 1.02564081470983975430E-02 1.02564081470983975430E-02 1.02564081470983975430E-02 1.02564081470983975430E-02 1.02564081470983975430E-02 1.02564081470983975430E-02
1.11334548467874345362E-02 1.11334548467874345362E-02 1.11334548467874345362E-02 1.11334548467874345362E-02 1.11334548467874345362E-02 1.11334548467874345362E-02 1.11334548467874345362E-02 1.11334548467874345362E-02 1.11334548467874345362E-02 1.11334548467874345362E-02 1.11334548467874345362E-02 1.11334548467874345362E-02 1.11334548467874345362E-02 1.11334548467874345362E-02 1.11334548467874345362E-02 1.11334548467874345362E-02 1.11334548467874345362E-02 1.11334548467874345362E-02 1.11334548467874345362E-02 1.11334548467874345362E-02 1.11334548467874345362E-02 1.11334548467874345362E-02 1.11334548467874345362E-02 1.11334548467874345362E-02 1.11334548467874345362E-02 1.11334548467874345362E-02 1.11334548467874345362E-02 1.11334548467874345362E-02 1.11334548467874345362E-02 1.11334548467874345362E-02 1.11334548467874345362E-02 1.11334548467874345362E-02 1.11334548467874345362E-02 1.11334548467874345362E-02 1.11334548467874345362E-02 1.11334548467874345362E-02 1.11334548467874345362E-02 1.11334548467874345362E-02 1.11334548467874345362E-02 1.11334548467874345362E-02 1.11334548467874345362E-02 1.11334548467874345362E-02 1.11334548467874345362E-02 1.11334548467874345362E-02 1.11334548467874345362E-02 1.11334548467874345362E-02 1.11334548467874345362E-02 1.11334548467874345362E-02 1.11334548467874345362E-02 1.11334548467874345362E-02 1.11334548467874345362E-02 1.11334548467874345362E-02 1.11334548467874345362E-02 1.11334548467874345362E-02 1.11334548467874345362E-02 1.11334548467874345362E-02
1.02570089185297797646E-02 1.02570089185297797646E-02 1.02570089185297797646E-02 1.02570089185297797646E-02 1.02570089185297797646E-02 1.02570089185297797646E-02 1.02570089185297797646E-02 1.02570089185297797646E-02 1.02570089185297797646E-02 1.02570089185297797646E-02 1.02570089185297797646E-02 1.02570089185297797646E-02 1.02570089185297797646E-02 1.02570089185297797646E-02 1.02570089185297797646E-02 1.02570089185297797646E-02 1.02570089185297797646E-02 1.02570089185297797646E-02 1.02570089185297797646E-02 1.02570089185297797646E-02 1.02570089185297797646E-02 1.02570089185297797646E-02 1.02570089185297797646E-02 1.02570089185297797646E-02 1.02570089185297797646E-02 1.02570089185297797646E-02 1.02570089185297797646E-02 1.02570089185297797646E-02 1.02570089185297797646E-02 1.02570089185297797646E-02 1.02570089185297797646E-02 1.02570089185297797646E-02 1.02570089185297797646E-02 1.02570089185297797646E-02 1.02570089185297797646E-02 1.02570089185297797646E-02 1.02570089185297797646E-02 1.02570089185297797646E-02 1.02570089185297797646E-02 1.02570089185297797646E-02 1.02570089185297797646E-02 1.02570089185297797646E-02 1.02570089185297797646E-02 1.02570089185297797646E-02 1.02570089185297797646E-02 1.02570089185297797646E-02 1.02570089185297797646E-02 1.02570089185297797646E-02 1.02570089185297797646E-02 1.02570089185297797646E-02 1.02570089185297797646E-02 1.02570089185297797646E-02 1.02570089185297797646E-02 1.02570089185297797646E-02 1.02570089185297797646E-02 1.02570089185297797646E-02
1.15837187913940230233E-02 1.15837187913940230233E-02 1.15837187913940230233E-02 1.15837187913940230233E-02 1.15837187913940230233E-02 1.15837187913940230233E-02 1.15837187913940230233E-02 1.15837187913940230233E-02 1.15837187913940230233E-02 1.15837187913940230233E-02 1.15837187913940230233E-02 1.15837187913940230233E-02 1.15837187913940230233E-02 1.15837187913940230233E-02 1.15837187913940230233E-02 1.15837187913940230233E-02 1.15837187913940230233E-02 1.15837187913940230233E-02 1.15837187913940230233E-02 1.15837187913940230233E-02 1.15837187913940230233E-02 1.15837187913940230233E-02 1.15837187913940230233E-02 1.15837187913940230233E-02 1.15837187913940230233E-02 1.15837187913940230233E-02 1.15837187913940230233E-02 1.15837187913940230233E-02 1.15837187913940230233E-02 1.15837187913940230233E-02 1.15837187913940230233E-02 1.15837187913940230233E-02 1.15837187913940230233E-02 1.15837187913940230233E-02 1.15837187913940230233E-02 1.15837187913940230233E-02 1.15837187913940230233E-02 1.15837187913940230233E-02 1.15837187913940230233E-02 1.15837187913940230233E-02 1.15837187913940230233E-02 1.15837187913940230233E-02 1.15837187913940230233E-02 1.15837187913940230233E-02 1.15837187913940230233E-02 1.15837187913940230233E-02 1.15837187913940230233E-02 1.15837187913940230233E-02 1.15837187913940230233E-02 1.15837187913940230233E-02 1.15837187913940230233E-02 1.15837187913940230233E-02 1.15837187913940230233E-02 1.15837187913940230233E-02 1.15837187913940230233E-02 1.15837187913940230233E-02
9.57227372713107677038E-03 9.57227372713107677038E-03 9.57227372713107677038E-03 9.57227372713107677038E-03 9.57227372713107677038E-03 9.57227372713107677038E-03 9.57227372713107677038E-03 9.57227372713107677038E-03 9.57227372713107677038E-03 9.57227372713107677038E-03 9.57227372713107677038E-03 9.57227372713107677038E-03 9.57227372713107677038E-03 9.57227372713107677038E-03 9.57227372713107677038E-03 9.57227372713107677038E-03 9.57227372713107677038E-03 9.57227372713107677038E-03 9.57227372713107677038E-03 9.57227372713107677038E-03 9.57227372713107677038E-03 9.57227372713107677038E-03 9.57227372713107677038E-03 9.57227372713107677038E-03 9.57227372713107677038E-03 9.57227372713107677038E-03 9.57227372713107677038E-03 9.57227372713107677038E-03 9.57227372713107677038E-03 9.57227372713107677038E-03 9.57227372713107677038E-03 9.57227372713107677038E-03 9.57227372713107677038E-03 9.57227372713107677038E-03 9.57227372713107677038E-03 9.57227372713107677038E-03 9.57227372713107677038E-03 9.57227372713107677038E-03 9.57227372713107677038E-03 9.57227372713107677038E-03 9.57227372713107677038E-03 9.57227372713107677038E-03 9.57227372713107677038E-03 9.57227372713107677038E-03 9.57227372713107677038E-03 9.57227372713107677038E-03 9.57227372713107677038E-03 9.57227372713107677038E-03 9.57227372713107677038E-03 9.57227372713107677038E-03 9.57227372713107677038E-03 9.57227372713107677038E-03 9.57227372713107677038E-03 9.57227372713107677038E-03 9.57227372713107677038E-03 9.57227372713107677038E-03
9.72686964183117584726E-03 9.72686964183117584726E-03 9.72686964183117584726E-03 9.72686964183117584726E-03 9.72686964183117584726E-03 9.72686964183117584726E-03 9.72686964183117584726E-03 9.72686964183117584726E-03 9.72686964183117584726E-03 9.72686964183117584726E-03 9.72686964183117584726E-03 9.72686964183117584726E-03 9.72686964183117584726E-03 9.72686964183117584726E-03 9.72686964183117584726E-03 9.72686964183117584726E-03 9.72686964183117584726E-03 9.72686964183117584726E-03 9.72686964183117584726E-03 9.72686964183117584726E-03 9.72686964183117584726E-03 9.72686964183117584726E-03 9.72686964183117584726E-03 9.72686964183117584726E-03 9.72686964183117584726E-03 9.72686964183117584726E-03 9.72686964183117584726E-03 9.72686964183117584726E-03 9.72686964183117584726E-03 9.72686964183117584726E-03 9.72686964183117584726E-03 9.72686964183117584726E-03 9.72686964183117584726E-03 9.72686964183117584726E-03 9.72686964183117584726E-03 9.72686964183117584726E-03 9.72686964183117584726E-03 9.72686964183117584726E-03 9.72686964183117584726E-03 9.72686964183117584726E-03 9.72686964183117584726E-03 9.72686964183117584726E-03 9.72686964183117584726E-03 9.72686964183117584726E-03 9.72686964183117584726E-03 9.72686964183117584726E-03 9.72686964183117584726E-03 9.72686964183117584726E-03 9.72686964183117584726E-03 9.72686964183117584726E-03 9.72686964183117584726E-03 9.72686964183117584726E-03 9.72686964183117584726E-03 9.72686964183117584726E-03 9.72686964183117584726E-03 9.72686964183117584726E-03
1.02810530246659568437E-02 1.02810530246659568437E-02 1.02810530246659568437E-02 1.02810530246659568437E-02 1.02810530246659568437E-02 1.02810530246659568437E-02 1.02810530246659568437E-02 1.02810530246659568437E-02 1.02810530246659568437E-02 1.02810530246659568437E-02 1.02810530246659568437E-02 1.02810530246659568437E-02 1.02810530246659568437E-02 1.02810530246659568437E-02 1.02810530246659568437E-02 1.02810530246659568437E-02 1.02810530246659568437E-02 1.02810530246659568437E-02 1.02810530246659568437E-02 1.02810530246659568437E-02 1.02810530246659568437E-02 1.02810530246659568437E-02 1.02810530246659568437E-02 1.02810530246659568437E-02 1.02810530246659568437E-02 1.02810530246659568437E-02 1.02810530246659568437E-02 1.02810530246659568437E-02 1.02810530246659568437E-02 1.02810530246659568437E-02 1.02810530246659568437E-02 1.02810530246659568437E-02 1.02810530246659568437E-02 1.02810530246659568437E-02 1.02810530246659568437E-02 1.02810530246659568437E-02 1.02810530246659568437E-02 1.02810530246659568437E-02 1.02810530246659568437E-02 1.02810530246659568437E-02 1.02810530246659568437E-02 1.02810530246659568437E-02 1.02810530246659568437E-02 1.02810530246659568437E-02 1.02810530246659568437E-02 1.02810530246659568437E-02 1.02810530246659568437E-02 1.02810530246659568437E-02 1.02810530246659568437E-02 1.02810530246659568437E-02 1.02810530246659568437E-02 1.02810530246659568437E-02 1.02810530246659568437E-02 1.02810530246659568437E-02 1.02810530246659568437E-02 1.02810530246659568437E-02
9.27525463019212605131E-03 9.27525463019212605131E-03 9.27525463019212605131E-03 9.27525463019212605131E-03 9.27525463019212605131E-03 9.27525463019212605131E-03 9.27525463019212605131E-03 9.27525463019212605131E-03 9.27525463019212605131E-03 9.27525463019212605131E-03 9.27525463019212605131E-03 9.27525463019212605131E-03 9.27525463019212605131E-03 9.27525463019212605131E-03 9.27525463019212605131E-03 9.27525463019212605131E-03 9.27525463019212605131E-03 9.27525463019212605131E-03 9.27525463019212605131E-03 9.27525463019212605131E-03 9.27525463019212605131E-03 9.27525463019212605131E-03 9.27525463019212605131E-03 9.27525463019212605131E-03 9.27525463019212605131E-03 9.27525463019212605131E-03 9.27525463019212605131E-03 9.27525463019212605131E-03 9.27525463019212605131E-03 9.27525463019212605131E-03 9.27525463019212605131E-03 9.27525463019212605131E-03 9.27525463019212605131E-03 9.27525463019212605131E-03 9.27525463019212605131E-03 9.27525463019212605131E-03 9.27525463019212605131E-03 9.27525463019212605131E-03 9.27525463019212605131E-03 9.27525463019212605131E-03 9.27525463019212605131E-03 9.27525463019212605131E-03 9.27525463019212605131E-03 9.27525463019212605131E-03 9.27525463019212605131E-03 9.27525463019212605131E-03 9.27525463019212605131E-03 9.27525463019212605131E-03 9.27525463019212605131E-03 9.27525463019212605131E-03 9.27525463019212605131E-03 9.27525463019212605131E-03 9.27525463019212605131E-03 9.27525463019212605131E-03 9.27525463019212605131E-03 9.27525463019212605131E-03
1.01559517935583473736E-02 1.01559517935583473736E-02 1.01559517935583473736E-02 1.01559517935583473736E-02 1.01559517935583473736E-02 1.01559517935583473736E-02 1.01559517935583473736E-02 1.01559517935583473736E-02 1.01559517935583473736E-02 1.01559517935583473736E-02 1.01559517935583473736E-02 1.01559517935583473736E-02 1.01559517935583473736E-02 1.01559517935583473736E-02 1.01559517935583473736E-02 1.01559517935583473736E-02 1.01559517935583473736E-02 1.01559517935583473736E-02 1.01559517935583473736E-02 1.01559517935583473736E-02 1.01559517935583473736E-02 1.01559517935583473736E-02 1.01559517935583473736E-02 1.01559517935583473736E-02 1.01559517935583473736E-02 1.01559517935583473736E-02 1.01559517935583473736E-02 1.01559517935583473736E-02 1.01559517935583473736E-02 1.01559517935583473736E-02 1.01559517935583473736E-02 1.01559517935583473736E-02 1.01559517935583473736E-02 1.01559517935583473736E-02 1.01559517935583473736E-02 1.01559517935583473736E-02 1.01559517935583473736E-02 1.01559517935583473736E-02 1.01559517935583473736E-02 1.01559517935583473736E-02 1.01559517935583473736E-02 1.01559517935583473736E-02 1.01559517935583473736E-02 1.01559517935583473736E-02 1.01559517935583473736E-02 1.01559517935583473736E-02 1.01559517935583473736E-02 1.01559517935583473736E-02 1.01559517935583473736E-02 1.01559517935583473736E-02 1.01559517935583473736E-02 1.01559517935583473736E-02 1.01559517935583473736E-02 1.01559517935583473736E-02 1.01559517935583473736E-02 1.01559517935583473736E-02
8.26655462797541186470E-03 8.26655462797541186470E-03 8.26655462797541186470E-03 8.26655462797541186470E-03 8.26655462797541186470E-03 8.26655462797541186470E-03 8.26655462797541186470E-03 8.26655462797541186470E-03 8.26655462797541186470E-03 8.26655462797541186470E-03 8.26655462797541186470E-03 8.26655462797541186470E-03 8.26655462797541186470E-03 8.26655462797541186470E-03 8.26655462797541186470E-03 8.26655462797541186470E-03 8.26655462797541186470E-03 8.26655462797541186470E-03 8.26655462797541186470E-03 8.26655462797541186470E-03 8.26655462797541186470E-03 8.26655462797541186470E-03 8.26655462797541186470E-03 8.26655462797541186470E-03 8.26655462797541186470E-03 8.26655462797541186470E-03 8.26655462797541186470E-03 8.26655462797541186470E-03 8.26655462797541186470E-03 8.26655462797541186470E-03 8.26655462797541186470E-03 8.26655462797541186470E-03 8.26655462797541186470E-03 8.26655462797541186470E-03 8.26655462797541186470E-03 8.26655462797541186470E-03 8.26655462797541186470E-03 8.26655462797541186470E-03 8.26655462797541186470E-03 8.26655462797541186470E-03 8.26655462797541186470E-03 8.26655462797541186470E-03 8.26655462797541186470E-03 8.26655462797541186470E-03 8.26655462797541186470E-03 8.26655462797541186470E-03 8.26655462797541186470E-03 8.26655462797541186470E-03 8.26655462797541186470E-03 8.26655462797541186470E-03 8.26655462797541186470E-03 8.26655462797541186470E-03 8.26655462797541186470E-03 8.26655462797541186470E-03 8.26655462797541186470E-03 8.26655462797541186470E-03
9.98001204198461361328E-03 9.98001204198461361328E-03 9.98001204198461361328E-03 9.98001204198461361328E-03 9.98001204198461361328E-03 9.98001204198461361328E-03 9.98001204198461361328E-03 9.98001204198461361328E-03 9.98001204198461361328E-03 9.98001204198461361328E-03 9.98001204198461361328E-03 9.98001204198461361328E-03 9.98001204198461361328E-03 9.98001204198461361328E-03 9.98001204198461361328E-03 9.98001204198461361328E-03 9.98001204198461361328E-03 9.98001204198461361328E-03 9.98001204198461361328E-03 9.98001204198461361328E-03 9.98001204198461361328E-03 9.98001204198461361328E-03 9.98001204198461361328E-03 9.98001204198461361328E-03 9.98001204198461361328E-03 9.98001204198461361328E-03 9.98001204198461361328E-03 9.98001204198461361328E-03 9.98001204198461361328E-03 9.98001204198461361328E-03 9.98001204198461361328E-03 9.98001204198461361328E-03 9.98001204198461361328E-03 9.98001204198461361328E-03 9.98001204198461361328E-03 9.98001204198461361328E-03 9.98001204198461361328E-03 9.98001204198461361328E-03 9.98001204198461361328E-03 9.98001204198461361328E-03 9.98001204198461361328E-03 9.98001204198461361328E-03 9.98001204198461361328E-03 9.98001204198461361328E-03 9.98001204198461361328E-03 9.98001204198461361328E-03 9.98001204198461361328E-03 9.98001204198461361328E-03 9.98001204198461361328E-03 9.98001204198461361328E-03 9.98001204198461361328E-03 9.98001204198461361328E-03 9.98001204198461361328E-03 9.98001204198461361328E-03 9.98001204198461361328E-03 9.98001204198461361328E-03
1.05914989500602053918E-02 1.05914989500602053918E-02 1.05914989500602053918E-02 1.05914989500602053918E-02 1.05914989500602053918E-02 1.05914989500602053918E-02 1.05914989500602053918E-02 1.05914989500602053918E-02 1.05914989500602053918E-02 1.05914989500602053918E-02 1.05914989500602053918E-02 1.05914989500602053918E-02 1.05914989500602053918E-02 1.05914989500602053918E-02 1.05914989500602053918E-02 1.05914989500602053918E-02 1.05914989500602053918E-02 1.05914989500602053918E-02 1.05914989500602053918E-02 1.05914989500602053918E-02 1.05914989500602053918E-02 1.05914989500602053918E-02 1.05914989500602053918E-02 1.05914989500602053918E-02 1.05914989500602053918E-02 1.05914989500602053918E-02 1.05914989500602053918E-02 1.05914989500602053918E-02 1.05914989500602053918E-02 1.05914989500602053918E-02 1.05914989500602053918E-02 1.05914989500602053918E-02 1.05914989500602053918E-02 1.05914989500602053918E-02 1.05914989500602053918E-02 1.05914989500602053918E-02 1.05914989500602053918E-02 1.05914989500602053918E-02 1.05914989500602053918E-02 1.05914989500602053918E-02 1.05914989500602053918E-02 1.05914989500602053918E-02 1.05914989500602053918E-02 1.05914989500602053918E-02 1.05914989500602053918E-02 1.05914989500602053918E-02 1.05914989500602053918E-02 1.05914989500602053918E-02 1.05914989500602053918E-02 1.05914989500602053918E-02 1.05914989500602053918E-02 1.05914989500602053918E-02 1.05914989500602053918E-02 1.05914989500602053918E-02 1.05914989500602053918E-02 1.05914989500602053918E-02
8.76221618536624294316E-03 8.76221618536624294316E-03 8.76221618536624294316E-03 8.76221618536624294316E-03 8.76221618536624294316E-03 8.76221618536624294316E-03 8.76221618536624294316E-03 8.76221618536624294316E-03 8.76221618536624294316E-03 8.76221618536624294316E-03 8.76221618536624294316E-03 8.76221618536624294316E-03 8.76221618536624294316E-03 8.76221618536624294316E-03 8.76221618536624294316E-03 8.76221618536624294316E-03 8.76221618536624294316E-03 8.76221618536624294316E-03 8.76221618536624294316E-03 8.76221618536624294316E-03 8.76221618536624294316E-03 8.76221618536624294316E-03 8.76221618536624294316E-03 8.76221618536624294316E-03 8.76221618536624294316E-03 8.76221618536624294316E-03 8.76221618536624294316E-03 8.76221618536624294316E-03 8.76221618536624294316E-03 8.76221618536624294316E-03 8.76221618536624294316E-03 8.76221618536624294316E-03 8.76221618536624294316E-03 8.76221618536624294316E-03 8.76221618536624294316E-03 8.76221618536624294316E-03 8.76221618536624294316E-03 8.76221618536624294316E-03 8.76221618536624294316E-03 8.76221618536624294316E-03 8.76221618536624294316E-03 8.76221618536624294316E-03 8.76221618536624294316E-03 8.76221618536624294316E-03 8.76221618536624294316E-03 8.76221618536624294316E-03 8.76221618536624294316E-03 8.76221618536624294316E-03 8.76221618536624294316E-03 8.76221618536624294316E-03 8.76221618536624294316E-03 8.76221618536624294316E-03 8.76221618536624294316E-03 8.76221618536624294316E-03 8.76221618536624294316E-03 8.76221618536624294316E-03
1.09863871914544948549E-02 1.09863871914544948549E-02 1.09863871914544948549E-02 1.09863871914544948549E-02 1.09863871914544948549E-02 1.09863871914544948549E-02 1.09863871914544948549E-02 1.09863871914544948549E-02 1.09863871914544948549E-02 1.09863871914544948549E-02 1.09863871914544948549E-02 1.09863871914544948549E-02 1.09863871914544948549E-02 1.09863871914544948549E-02 1.09863871914544948549E-02 1.09863871914544948549E-02 1.09863871914544948549E-02 1.09863871914544948549E-02 1.09863871914544948549E-02 1.09863871914544948549E-02 1.09863871914544948549E-02 1.09863871914544948549E-02 1.09863871914544948549E-02 1.09863871914544948549E-02 1.09863871914544948549E-02 1.09863871914544948549E-02 1.09863871914544948549E-02 1.09863871914544948549E-02 1.09863871914544948549E-02 1.09863871914544948549E-02 1.09863871914544948549E-02 1.09863871914544948549E-02 1.09863871914544948549E-02 1.09863871914544948549E-02 1.09863871914544948549E-02 1.09863871914544948549E-02 1.09863871914544948549E-02 1.09863871914544948549E-02 1.09863871914544948549E-02 1.09863871914544948549E-02 1.09863871914544948549E-02 1.09863871914544948549E-02 1.09863871914544948549E-02 1.09863871914544948549E-02 1.09863871914544948549E-02 1.09863871914544948549E-02 1.09863871914544948549E-02 1.09863871914544948549E-02 1.09863871914544948549E-02 1.09863871914544948549E-02 1.09863871914544948549E-02 1.09863871914544948549E-02 1.09863871914544948549E-02 1.09863871914544948549E-02 1.09863871914544948549E-02 1.09863871914544948549E-02
1.19136425990633339905E-02 1.19136425990633339905E-02 1.19136425990633339905E-02 1.19136425990633339905E-02 1.19136425990633339905E-02 1.19136425990633339905E-02 1.19136425990633339905E-02 1.19136425990633339905E-02 1.19136425990633339905E-02 1.19136425990633339905E-02 1.19136425990633339905E-02 1.19136425990633339905E-02 1.19136425990633339905E-02 1.19136425990633339905E-02 1.19136425990633339905E-02 1.19136425990633339905E-02 1.19136425990633339905E-02 1.19136425990633339905E-02 1.19136425990633339905E-02 1.19136425990633339905E-02 1.19136425990633339905E-02 1.19136425990633339905E-02 1.19136425990633339905E-02 1.19136425990633339905E-02 1.19136425990633339905E-02 1.19136425990633339905E-02 1.19136425990633339905E-02 1.19136425990633339905E-02 1.19136425990633339905E-02 1.19136425990633339905E-02 1.19136425990633339905E-02 1.19136425990633339905E-02 1.19136425990633339905E-02 1.19136425990633339905E-02 1.19136425990633339905E-02 1.19136425990633339905E-02 1.19136425990633339905E-02 1.19136425990633339905E-02 1.19136425990633339905E-02 1.19136425990633339905E-02 1.19136425990633339905E-02 1.19136425990633339905E-02 1.19136425990633339905E-02 1.19136425990633339905E-02 1.19136425990633339905E-02 1.19136425990633339905E-02 1.19136425990633339905E-02 1.19136425990633339905E-02 1.19136425990633339905E-02 1.19136425990633339905E-02 1.19136425990633339905E-02 1.19136425990633339905E-02 1.19136425990633339905E-02 1.19136425990633339905E-02 1.19136425990633339905E-02 1.19136425990633339905E-02
9.93533319945208090451E-03 9.93533319945208090451E-03 9.93533319945208090451E-03 9.93533319945208090451E-03 9.93533319945208090451E-03 9.93533319945208090451E-03 9.93533319945208090451E-03 9.93533319945208090451E-03 9.93533319945208090451E-03 9.93533319945208090451E-03 9.93533319945208090451E-03 9.93533319945208090451E-03 9.93533319945208090451E-03 9.93533319945208090451E-03 9.93533319945208090451E-03 9.93533319945208090451E-03 9.93533319945208090451E-03 9.93533319945208090451E-03 9.93533319945208090451E-03 9.93533319945208090451E-03 9.93533319945208090451E-03 9.93533319945208090451E-03 9.93533319945208090451E-03 9.93533319945208090451E-03 9.93533319945208090451E-03 9.93533319945208090451E-03 9.93533319945208090451E-03 9.93533319945208090451E-03 9.93533319945208090451E-03 9.93533319945208090451E-03 9.93533319945208090451E-03 9.93533319945208090451E-03 9.93533319945208090451E-03 9.93533319945208090451E-03 9.93533319945208090451E-03 9.93533319945208090451E-03 9.93533319945208090451E-03 9.93533319945208090451E-03 9.93533319945208090451E-03 9.93533319945208090451E-03 9.93533319945208090451E-03 9.93533319945208090451E-03 9.93533319945208090451E-03 9.93533319945208090451E-03 9.93533319945208090451E-03 9.93533319945208090451E-03 9.93533319945208090451E-03 9.93533319945208090451E-03 9.93533319945208090451E-03 9.93533319945208090451E-03 9.93533319945208090451E-03 9.93533319945208090451E-03 9.93533319945208090451E-03 9.93533319945208090451E-03 9.93533319945208090451E-03 9.93533319945208090451E-03
1.24642372549971045675E-02 1.24642372549971045675E-02 1.24642372549971045675E-02 1.24642372549971045675E-02 1.24642372549971045675E-02 1.24642372549971045675E-02 1.24642372549971045675E-02 1.24642372549971045675E-02 1.24642372549971045675E-02 1.24642372549971045675E-02 1.24642372549971045675E-02 1.24642372549971045675E-02 1.24642372549971045675E-02 1.24642372549971045675E-02 1.24642372549971045675E-02 1.24642372549971045675E-02 1.24642372549971045675E-02 1.24642372549971045675E-02 1.24642372549971045675E-02 1.24642372549971045675E-02 1.24642372549971045675E-02 1.24642372549971045675E-02 1.24642372549971045675E-02 1.24642372549971045675E-02 1.24642372549971045675E-02 1.24642372549971045675E-02 1.24642372549971045675E-02 1.24642372549971045675E-02 1.24642372549971045675E-02 1.24642372549971045675E-02 1.24642372549971045675E-02 1.24642372549971045675E-02 1.24642372549971045675E-02 1.24642372549971045675E-02 1.24642372549971045675E-02 1.24642372549971045675E-02 1.24642372549971045675E-02 1.24642372549971045675E-02 1.24642372549971045675E-02 1.24642372549971045675E-02 1.24642372549971045675E-02 1.24642372549971045675E-02 1.24642372549971045675E-02 1.24642372549971045675E-02 1.24642372549971045675E-02 1.24642372549971045675E-02 1.24642372549971045675E-02 1.24642372549971045675E-02 1.24642372549971045675E-02 1.24642372549971045675E-02 1.24642372549971045675E-02 1.24642372549971045675E-02 1.24642372549971045675E-02 1.24642372549971045675E-02 1.24642372549971045675E-02 1.24642372549971045675E-02
9.13745693098257268094E-03 9.13745693098257268094E-03 9.13745693098257268094E-03 9.13745693098257268094E-03 9.13745693098257268094E-03 9.13745693098257268094E-03 9.13745693098257268094E-03 9.13745693098257268094E-03 9.13745693098257268094E-03 9.13745693098257268094E-03 9.13745693098257268094E-03 9.13745693098257268094E-03 9.13745693098257268094E-03 9.13745693098257268094E-03 9.13745693098257268094E-03 9.13745693098257268094E-03 9.13745693098257268094E-03 9.13745693098257268094E-03 9.13745693098257268094E-03 9.13745693098257268094E-03 9.13745693098257268094E-03 9.13745693098257268094E-03 9.13745693098257268094E-03 9.13745693098257268094E-03 9.13745693098257268094E-03 9.13745693098257268094E-03 9.13745693098257268094E-03 9.13745693098257268094E-03 9.13745693098257268094E-03 9.13745693098257268094E-03 9.13745693098257268094E-03 9.13745693098257268094E-03 9.13745693098257268094E-03 9.13745693098257268094E-03 9.13745693098257268094E-03 9.13745693098257268094E-03 9.13745693098257268094E-03 9.13745693098257268094E-03 9.13745693098257268094E-03 9.13745693098257268094E-03 9.13745693098257268094E-03 9.13745693098257268094E-03 9.13745693098257268094E-03 9.13745693098257268094E-03 9.13745693098257268094E-03 9.13745693098257268094E-03 9.13745693098257268094E-03 9.13745693098257268094E-03 9.13745693098257268094E-03 9.13745693098257268094E-03 9.13745693098257268094E-03 9.13745693098257268094E-03 9.13745693098257268094E-03 9.13745693098257268094E-03 9.13745693098257268094E-03 9.13745693098257268094E-03
9.35094599955449412576E-03 9.35094599955449412576E-03 9.35094599955449412576E-03 9.35094599955449412576E-03 9.35094599955449412576E-03 9.35094599955449412576E-03 9.35094599955449412576E-03 9.35094599955449412576E-03 9.35094599955449412576E-03 9.35094599955449412576E-03 9.35094599955449412576E-03 9.35094599955449412576E-03 9.35094599955449412576E-03 9.35094599955449412576E-03 9.35094599955449412576E-03 9.35094599955449412576E-03 9.35094599955449412576E-03 9.35094599955449412576E-03 9.35094599955449412576E-03 9.35094599955449412576E-03 9.35094599955449412576E-03 9.35094599955449412576E-03 9.35094599955449412576E-03 9.35094599955449412576E-03 9.35094599955449412576E-03 9.35094599955449412576E-03 9.35094599955449412576E-03 9.35094599955449412576E-03 9.35094599955449412576E-03 9.35094599955449412576E-03 9.35094599955449412576E-03 9.35094599955449412576E-03 9.35094599955449412576E-03 9.35094599955449412576E-03 9.35094599955449412576E-03 9.35094599955449412576E-03 9.35094599955449412576E-03 9.35094599955449412576E-03 9.35094599955449412576E-03 9.35094599955449412576E-03 9.35094599955449412576E-03 9.35094599955449412576E-03 9.35094599955449412576E-03 9.35094599955449412576E-03 9.35094599955449412576E-03 9.35094599955449412576E-03 9.35094599955449412576E-03 9.35094599955449412576E-03 9.35094599955449412576E-03 9.35094599955449412576E-03 9.35094599955449412576E-03 9.35094599955449412576E-03 9.35094599955449412576E-03 9.35094599955449412576E-03 9.35094599955449412576E-03 9.35094599955449412576E-03
1.04250467597780602236E-02 1.04250467597780602236E-02 1.04250467597780602236E-02 1.04250467597780602236E-02 1.04250467597780602236E-02 1.04250467597780602236E-02 1.04250467597780602236E-02 1.04250467597780602236E-02 1.04250467597780602236E-02 1.04250467597780602236E-02 1.04250467597780602236E-02 1.04250467597780602236E-02 1.04250467597780602236E-02 1.04250467597780602236E-02 1.04250467597780602236E-02 1.04250467597780602236E-02 1.04250467597780602236E-02 1.04250467597780602236E-02 1.04250467597780602236E-02 1.04250467597780602236E-02 1.04250467597780602236E-02 1.04250467597780602236E-02 1.04250467597780602236E-02 1.04250467597780602236E-02 1.04250467597780602236E-02 1.04250467597780602236E-02 1.04250467597780602236E-02 1.04250467597780602236E-02 1.04250467597780602236E-02 1.04250467597780602236E-02 1.04250467597780602236E-02 1.04250467597780602236E-02 1.04250467597780602236E-02 1.04250467597780602236E-02 1.04250467597780602236E-02 1.04250467597780602236E-02 1.04250467597780602236E-02 1.04250467597780602236E-02 1.04250467597780602236E-02 1.04250467597780602236E-02 1.04250467597780602236E-02 1.04250467597780602236E-02 1.04250467597780602236E-02 1.04250467597780602236E-02 1.04250467597780602236E-02 1.04250467597780602236E-02 1.04250467597780602236E-02 1.04250467597780602236E-02 1.04250467597780602236E-02 1.04250467597780602236E-02 1.04250467597780602236E-02 1.04250467597780602236E-02 1.04250467597780602236E-02 1.04250467597780602236E-02 1.04250467597780602236E-02 1.04250467597780602236E-02
8.76237407408925195185E-03 8.76237407408925195185E-03 8.76237407408925195185E-03 8.76237407408925195185E-03 8.76237407408925195185E-03 8.76237407408925195185E-03 8.76237407408925195185E-03 8.76237407408925195185E-03 8.76237407408925195185E-03 8.76237407408925195185E-03 8.76237407408925195185E-03 8.76237407408925195185E-03 8.76237407408925195185E-03 8.76237407408925195185E-03 8.76237407408925195185E-03 8.76237407408925195185E-03 8.76237407408925195185E-03 8.76237407408925195185E-03 8.76237407408925195185E-03 8.76237407408925195185E-03 8.76237407408925195185E-03 8.76237407408925195185E-03 8.76237407408925195185E-03 8.76237407408925195185E-03 8.76237407408925195185E-03 8.76237407408925195185E-03 8.76237407408925195185E-03 8.76237407408925195185E-03 8.76237407408925195185E-03 8.76237407408925195185E-03 8.76237407408925195185E-03 8.76237407408925195185E-03 8.76237407408925195185E-03 8.76237407408925195185E-03 8.76237407408925195185E-03 8.76237407408925195185E-03 8.76237407408925195185E-03 8.76237407408925195185E-03 8.76237407408925195185E-03 8.76237407408925195185E-03 8.76237407408925195185E-03 8.76237407408925195185E-03 8.76237407408925195185E-03 8.76237407408925195185E-03 8.76237407408925195185E-03 8.76237407408925195185E-03 8.76237407408925195185E-03 8.76237407408925195185E-03 8.76237407408925195185E-03 8.76237407408925195185E-03 8.76237407408925195185E-03 8.76237407408925195185E-03 8.76237407408925195185E-03 8.76237407408925195185E-03 8.76237407408925195185E-03 8.76237407408925195185E-03
9.76771889671323480242E-03 9.76771889671323480242E-03 9.76771889671323480242E-03 9.76771889671323480242E-03 9.76771889671323480242E-03 9.76771889671323480242E-03 9.76771889671323480242E-03 9.76771889671323480242E-03 9.76771889671323480242E-03 9.76771889671323480242E-03 9.76771889671323480242E-03 9.76771889671323480242E-03 9.76771889671323480242E-03 9.76771889671323480242E-03 9.76771889671323480242E-03 9.76771889671323480242E-03 9.76771889671323480242E-03 9.76771889671323480242E-03 9.76771889671323480242E-03 9.76771889671323480242E-03 9.76771889671323480242E-03 9.76771889671323480242E-03 9.76771889671323480242E-03 9.76771889671323480242E-03 9.76771889671323480242E-03 9.76771889671323480242E-03 9.76771889671323480242E-03 9.76771889671323480242E-03 9.76771889671323480242E-03 9.76771889671323480242E-03 9.76771889671323480242E-03 9.76771889671323480242E-03 9.76771889671323480242E-03 9.76771889671323480242E-03 9.76771889671323480242E-03 9.76771889671323480242E-03 9.76771889671323480242E-03 9.76771889671323480242E-03 9.76771889671323480242E-03 9.76771889671323480242E-03 9.76771889671323480242E-03 9.76771889671323480242E-03 9.76771889671323480242E-03 9.76771889671323480242E-03 9.76771889671323480242E-03 9.76771889671323480242E-03 9.76771889671323480242E-03 9.76771889671323480242E-03 9.76771889671323480242E-03 9.76771889671323480242E-03 9.76771889671323480242E-03 9.76771889671323480242E-03 9.76771889671323480242E-03 9.76771889671323480242E-03 9.76771889671323480242E-03 9.76771889671323480242E-03
1.15490534438053640831E-02 1.15490534438053640831E-02 1.15490534438053640831E-02 1.15490534438053640831E-02 1.15490534438053640831E-02 1.15490534438053640831E-02 1.15490534438053640831E-02 1.15490534438053640831E-02 1.15490534438053640831E-02 1.15490534438053640831E-02 1.15490534438053640831E-02 1.15490534438053640831E-02 1.15490534438053640831E-02 1.15490534438053640831E-02 1.15490534438053640831E-02 1.15490534438053640831E-02 1.15490534438053640831E-02 1.15490534438053640831E-02 1.15490534438053640831E-02 1.15490534438053640831E-02 1.15490534438053640831E-02 1.15490534438053640831E-02 1.15490534438053640831E-02 1.15490534438053640831E-02 1.15490534438053640831E-02 1.15490534438053640831E-02 1.15490534438053640831E-02 1.15490534438053640831E-02 1.15490534438053640831E-02 1.15490534438053640831E-02 1.15490534438053640831E-02 1.15490534438053640831E-02 1.15490534438053640831E-02 1.15490534438053640831E-02 1.15490534438053640831E-02 1.15490534438053640831E-02 1.15490534438053640831E-02 1.15490534438053640831E-02 1.15490534438053640831E-02 1.15490534438053640831E-02 1.15490534438053640831E-02 1.15490534438053640831E-02 1.15490534438053640831E-02 1.15490534438053640831E-02 1.15490534438053640831E-02 1.15490534438053640831E-02 1.15490534438053640831E-02 1.15490534438053640831E-02 1.15490534438053640831E-02 1.15490534438053640831E-02 1.15490534438053640831E-02 1.15490534438053640831E-02 1.15490534438053640831E-02 1.15490534438053640831E-02 1.15490534438053640831E-02 1.15490534438053640831E-02
1.20552954809357015797E-02 1.20552954809357015797E-02 1.20552954809357015797E-02 1.20552954809357015797E-02 1.20552954809357015797E-02 1.20552954809357015797E-02 1.20552954809357015797E-02 1.20552954809357015797E-02 1.20552954809357015797E-02 1.20552954809357015797E-02 1.20552954809357015797E-02 1.20552954809357015797E-02 1.20552954809357015797E-02 1.20552954809357015797E-02 1.20552954809357015797E-02 1.20552954809357015797E-02 1.20552954809357015797E-02 1.20552954809357015797E-02 1.20552954809357015797E-02 1.20552954809357015797E-02 1.20552954809357015797E-02 1.20552954809357015797E-02 1.20552954809357015797E-02 1.20552954809357015797E-02 1.20552954809357015797E-02 1.20552954809357015797E-02 1.20552954809357015797E-02 1.20552954809357015797E-02 1.20552954809357015797E-02 1.20552954809357015797E-02 1.20552954809357015797E-02 1.20552954809357015797E-02 1.20552954809357015797E-02 1.20552954809357015797E-02 1.20552954809357015797E-02 1.20552954809357015797E-02 1.20552954809357015797E-02 1.20552954809357015797E-02 1.20552954809357015797E-02 1.20552954809357015797E-02 1.20552954809357015797E-02 1.20552954809357015797E-02 1.20552954809357015797E-02 1.20552954809357015797E-02 1.20552954809357015797E-02 1.20552954809357015797E-02 1.20552954809357015797E-02 1.20552954809357015797E-02 1.20552954809357015797E-02 1.20552954809357015797E-02 1.20552954809357015797E-02 1.20552954809357015797E-02 1.20552954809357015797E-02 1.20552954809357015797E-02 1.20552954809357015797E-02 1.20552954809357015797E-02
9.22643419198134959180E-03 9.22643419198134959180E-03 9.22643419198134959180E-03 9.22643419198134959180E-03 9.22643419198134959180E-03 9.22643419198134959180E-03 9.22643419198134959180E-03 9.22643419198134959180E-03 9.22643419198134959180E-03 9.22643419198134959180E-03 9.22643419198134959180E-03 9.22643419198134959180E-03 9.22643419198134959180E-03 9.22643419198134959180E-03 9.22643419198134959180E-03 9.22643419198134959180E-03 9.22643419198134959180E-03 9.22643419198134959180E-03 9.22643419198134959180E-03 9.22643419198134959180E-03 9.22643419198134959180E-03 9.22643419198134959180E-03 9.22643419198134959180E-03 9.22643419198134959180E-03 9.22643419198134959180E-03 9.22643419198134959180E-03 9.22643419198134959180E-03 9.22643419198134959180E-03 9.22643419198134959180E-03 9.22643419198134959180E-03 9.22643419198134959180E-03 9.22643419198134959180E-03 9.22643419198134959180E-03 9.22643419198134959180E-03 9.22643419198134959180E-03 9.22643419198134959180E-03 9.22643419198134959180E-03 9.22643419198134959180E-03 9.22643419198134959180E-03 9.22643419198134959180E-03 9.22643419198134959180E-03 9.22643419198134959180E-03 9.22643419198134959180E-03 9.22643419198134959180E-03 9.22643419198134959180E-03 9.22643419198134959180E-03 9.22643419198134959180E-03 9.22643419198134959180E-03 9.22643419198134959180E-03 9.22643419198134959180E-03 9.22643419198134959180E-03 9.22643419198134959180E-03 9.22643419198134959180E-03 9.22643419198134959180E-03 9.22643419198134959180E-03 9.22643419198134959180E-03
9.59086570371915636546E-03 9.59086570371915636546E-03 9.59086570371915636546E-03 9.59086570371915636546E-03 9.59086570371915636546E-03 9.59086570371915636546E-03 9.59086570371915636546E-03 9.59086570371915636546E-03 9.59086570371915636546E-03 9.59086570371915636546E-03 9.59086570371915636546E-03 9.59086570371915636546E-03 9.59086570371915636546E-03 9.59086570371915636546E-03 9.59086570371915636546E-03 9.59086570371915636546E-03 9.59086570371915636546E-03 9.59086570371915636546E-03 9.59086570371915636546E-03 9.59086570371915636546E-03 9.59086570371915636546E-03 9.59086570371915636546E-03 9.59086570371915636546E-03 9.59086570371915636546E-03 9.59086570371915636546E-03 9.59086570371915636546E-03 9.59086570371915636546E-03 9.59086570371915636546E-03 9.59086570371915636546E-03 9.59086570371915636546E-03 9.59086570371915636546E-03 9.59086570371915636546E-03 9.59086570371915636546E-03 9.59086570371915636546E-03 9.59086570371915636546E-03 9.59086570371915636546E-03 9.59086570371915636546E-03 9.59086570371915636546E-03 9.59086570371915636546E-03 9.59086570371915636546E-03 9.59086570371915636546E-03 9.59086570371915636546E-03 9.59086570371915636546E-03 9.59086570371915636546E-03 9.59086570371915636546E-03 9.59086570371915636546E-03 9.59086570371915636546E-03 9.59086570371915636546E-03 9.59086570371915636546E-03 9.59086570371915636546E-03 9.59086570371915636546E-03 9.59086570371915636546E-03 9.59086570371915636546E-03 9.59086570371915636546E-03 9.59086570371915636546E-03 9.59086570371915636546E-03
8.30589596702556443031E-03 8.30589596702556443031E-03 8.30589596702556443031E-03 8.30589596702556443031E-03 8.30589596702556443031E-03 8.30589596702556443031E-03 8.30589596702556443031E-03 8.30589596702556443031E-03 8.30589596702556443031E-03 8.30589596702556443031E-03 8.30589596702556443031E-03 8.30589596702556443031E-03 8.30589596702556443031E-03 8.30589596702556443031E-03 8.30589596702556443031E-03 8.30589596702556443031E-03 8.30589596702556443031E-03 8.30589596702556443031E-03 8.30589596702556443031E-03 8.30589596702556443031E-03 8.30589596702556443031E-03 8.30589596702556443031E-03 8.30589596702556443031E-03 8.30589596702556443031E-03 8.30589596702556443031E-03 8.30589596702556443031E-03 8.30589596702556443031E-03 8.30589596702556443031E-03 8.30589596702556443031E-03 8.30589596702556443031E-03 8.30589596702556443031E-03 8.30589596702556443031E-03 8.30589596702556443031E-03 8.30589596702556443031E-03 8.30589596702556443031E-03 8.30589596702556443031E-03 8.30589596702556443031E-03 8.30589596702556443031E-03 8.30589596702556443031E-03 8.30589596702556443031E-03 8.30589596702556443031E-03 8.30589596702556443031E-03 8.30589596702556443031E-03 8.30589596702556443031E-03 8.30589596702556443031E-03 8.30589596702556443031E-03 8.30589596702556443031E-03 8.30589596702556443031E-03 8.30589596702556443031E-03 8.30589596702556443031E-03 8.30589596702556443031E-03 8.30589596702556443031E-03 8.30589596702556443031E-03 8.30589596702556443031E-03 8.30589596702556443031E-03 8.30589596702556443031E-03
8.64099998020237403118E-03 8.64099998020237403118E-03 8.64099998020237403118E-03 8.64099998020237403118E-03 8.64099998020237403118E-03 8.64099998020237403118E-03 8.64099998020237403118E-03 8.64099998020237403118E-03 8.64099998020237403118E-03 8.64099998020237403118E-03 8.64099998020237403118E-03 8.64099998020237403118E-03 8.64099998020237403118E-03 8.64099998020237403118E-03 8.64099998020237403118E-03 8.64099998020237403118E-03 8.64099998020237403118E-03 8.64099998020237403118E-03 8.64099998020237403118E-03 8.64099998020237403118E-03 8.64099998020237403118E-03 8.64099998020237403118E-03 8.64099998020237403118E-03 8.64099998020237403118E-03 8.64099998020237403118E-03 8.64099998020237403118E-03 8.64099998020237403118E-03 8.64099998020237403118E-03 8.64099998020237403118E-03 8.64099998020237403118E-03 8.64099998020237403118E-03 8.64099998020237403118E-03 8.64099998020237403118E-03 8.64099998020237403118E-03 8.64099998020237403118E-03 8.64099998020237403118E-03 8.64099998020237403118E-03 8.64099998020237403118E-03 8.64099998020237403118E-03 8.64099998020237403118E-03 8.64099998020237403118E-03 8.64099998020237403118E-03 8.64099998020237403118E-03 8.64099998020237403118E-03 8.64099998020237403118E-03 8.64099998020237403118E-03 8.64099998020237403118E-03 8.64099998020237403118E-03 8.64099998020237403118E-03 8.64099998020237403118E-03 8.64099998020237403118E-03 8.64099998020237403118E-03 8.64099998020237403118E-03 8.64099998020237403118E-03 8.64099998020237403118E-03 8.64099998020237403118E-03
1.12010269341006399313E-02 1.12010269341006399313E-02 1.12010269341006399313E-02 1.12010269341006399313E-02 1.12010269341006399313E-02 1.12010269341006399313E-02 1.12010269341006399313E-02 1.12010269341006399313E-02 1.12010269341006399313E-02 1.12010269341006399313E-02 1.12010269341006399313E-02 1.12010269341006399313E-02 1.12010269341006399313E-02 1.12010269341006399313E-02 1.12010269341006399313E-02 1.12010269341006399313E-02 1.12010269341006399313E-02 1.12010269341006399313E-02 1.12010269341006399313E-02 1.12010269341006399313E-02 1.12010269341006399313E-02 1.12010269341006399313E-02 1.12010269341006399313E-02 1.12010269341006399313E-02 1.12010269341006399313E-02 1.12010269341006399313E-02 1.12010269341006399313E-02 1.12010269341006399313E-02 1.12010269341006399313E-02 1.12010269341006399313E-02 1.12010269341006399313E-02 1.12010269341006399313E-02 1.12010269341006399313E-02 1.12010269341006399313E-02 1.12010269341006399313E-02 1.12010269341006399313E-02 1.12010269341006399313E-02 1.12010269341006399313E-02 1.12010269341006399313E-02 1.12010269341006399313E-02 1.12010269341006399313E-02 1.12010269341006399313E-02 1.12010269341006399313E-02 1.12010269341006399313E-02 1.12010269341006399313E-02 1.12010269341006399313E-02 1.12010269341006399313E-02 1.12010269341006399313E-02 1.12010269341006399313E-02 1.12010269341006399313E-02 1.12010269341006399313E-02 1.12010269341006399313E-02 1.12010269341006399313E-02 1.12010269341006399313E-02 1.12010269341006399313E-02 1.12010269341006399313E-02
9.11621622447571049175E-03 9.11621622447571049175E-03 9.11621622447571049175E-03 9.11621622447571049175E-03 9.11621622447571049175E-03 9.11621622447571049175E-03 9.11621622447571049175E-03 9.11621622447571049175E-03 9.11621622447571049175E-03 9.11621622447571049175E-03 9.11621622447571049175E-03 9.11621622447571049175E-03 9.11621622447571049175E-03 9.11621622447571049175E-03 9.11621622447571049175E-03 9.11621622447571049175E-03 9.11621622447571049175E-03 9.11621622447571049175E-03 9.11621622447571049175E-03 9.11621622447571049175E-03 9.11621622447571049175E-03 9.11621622447571049175E-03 9.11621622447571049175E-03 9.11621622447571049175E-03 9.11621622447571049175E-03 9.11621622447571049175E-03 9.11621622447571049175E-03 9.11621622447571049175E-03 9.11621622447571049175E-03 9.11621622447571049175E-03 9.11621622447571049175E-03 9.11621622447571049175E-03 9.11621622447571049175E-03 9.11621622447571049175E-03 9.11621622447571049175E-03 9.11621622447571049175E-03 9.11621622447571049175E-03 9.11621622447571049175E-03 9.11621622447571049175E-03 9.11621622447571049175E-03 9.11621622447571049175E-03 9.11621622447571049175E-03 9.11621622447571049175E-03 9.11621622447571049175E-03 9.11621622447571049175E-03 9.11621622447571049175E-03 9.11621622447571049175E-03 9.11621622447571049175E-03 9.11621622447571049175E-03 9.11621622447571049175E-03 9.11621622447571049175E-03 9.11621622447571049175E-03 9.11621622447571049175E-03 9.11621622447571049175E-03 9.11621622447571049175E-03 9.11621622447571049175E-03
9.94052560144685105892E-03 9.94052560144685105892E-03 9.94052560144685105892E-03 9.94052560144685105892E-03 9.94052560144685105892E-03 9.94052560144685105892E-03 9.94052560144685105892E-03 9.94052560144685105892E-03 9.94052560144685105892E-03 9.94052560144685105892E-03 9.94052560144685105892E-03 9.94052560144685105892E-03 9.94052560144685105892E-03 9.94052560144685105892E-03 9.94052560144685105892E-03 9.94052560144685105892E-03 9.94052560144685105892E-03 9.94052560144685105892E-03 9.94052560144685105892E-03 9.94052560144685105892E-03 9.94052560144685105892E-03 9.94052560144685105892E-03 9.94052560144685105892E-03 9.94052560144685105892E-03 9.94052560144685105892E-03 9.94052560144685105892E-03 9.94052560144685105892E-03 9.94052560144685105892E-03 9.94052560144685105892E-03 9.94052560144685105892E-03 9.94052560144685105892E-03 9.94052560144685105892E-03 9.94052560144685105892E-03 9.94052560144685105892E-03 9.94052560144685105892E-03 9.94052560144685105892E-03 9.94052560144685105892E-03 9.94052560144685105892E-03 9.94052560144685105892E-03 9.94052560144685105892E-03 9.94052560144685105892E-03 9.94052560144685105892E-03 9.94052560144685105892E-03 9.94052560144685105892E-03 9.94052560144685105892E-03 9.94052560144685105892E-03 9.94052560144685105892E-03 9.94052560144685105892E-03 9.94052560144685105892E-03 9.94052560144685105892E-03 9.94052560144685105892E-03 9.94052560144685105892E-03 9.94052560144685105892E-03 9.94052560144685105892E-03 9.94052560144685105892E-03 9.94052560144685105892E-03
1.02935753061391861707E-02 1.02935753061391861707E-02 1.02935753061391861707E-02 1.02935753061391861707E-02 1.02935753061391861707E-02 1.02935753061391861707E-02 1.02935753061391861707E-02 1.02935753061391861707E-02 1.02935753061391861707E-02 1.02935753061391861707E-02 1.02935753061391861707E-02 1.02935753061391861707E-02 1.02935753061391861707E-02 1.02935753061391861707E-02 1.02935753061391861707E-02 1.02935753061391861707E-02 1.02935753061391861707E-02 1.02935753061391861707E-02 1.02935753061391861707E-02 1.02935753061391861707E-02 1.02935753061391861707E-02 1.02935753061391861707E-02 1.02935753061391861707E-02 1.02935753061391861707E-02 1.02935753061391861707E-02 1.02935753061391861707E-02 1.02935753061391861707E-02 1.02935753061391861707E-02 1.02935753061391861707E-02 1.02935753061391861707E-02 1.02935753061391861707E-02 1.02935753061391861707E-02 1.02935753061391861707E-02 1.02935753061391861707E-02 1.02935753061391861707E-02 1.02935753061391861707E-02 1.02935753061391861707E-02 1.02935753061391861707E-02 1.02935753061391861707E-02 1.02935753061391861707E-02 1.02935753061391861707E-02 1.02935753061391861707E-02 1.02935753061391861707E-02 1.02935753061391861707E-02 1.02935753061391861707E-02 1.02935753061391861707E-02 1.02935753061391861707E-02 1.02935753061391861707E-02 1.02935753061391861707E-02 1.02935753061391861707E-02 1.02935753061391861707E-02 1.02935753061391861707E-02 1.02935753061391861707E-02 1.02935753061391861707E-02 1.02935753061391861707E-02 1.02935753061391861707E-02
1.04023454473799511349E-02 1.04023454473799511349E-02 1.04023454473799511349E-02 1.04023454473799511349E-02 1.04023454473799511349E-02 1.04023454473799511349E-02 1.04023454473799511349E-02 1.04023454473799511349E-02 1.04023454473799511349E-02 1.04023454473799511349E-02 1.04023454473799511349E-02 1.04023454473799511349E-02 1.04023454473799511349E-02 1.04023454473799511349E-02 1.04023454473799511349E-02 1.04023454473799511349E-02 1.04023454473799511349E-02 1.04023454473799511349E-02 1.04023454473799511349E-02 1.04023454473799511349E-02 1.04023454473799511349E-02 1.04023454473799511349E-02 1.04023454473799511349E-02 1.04023454473799511349E-02 1.04023454473799511349E-02 1.04023454473799511349E-02 1.04023454473799511349E-02 1.04023454473799511349E-02 1.04023454473799511349E-02 1.04023454473799511349E-02 1.04023454473799511349E-02 1.04023454473799511349E-02 1.04023454473799511349E-02 1.04023454473799511349E-02 1.04023454473799511349E-02 1.04023454473799511349E-02 1.04023454473799511349E-02 1.04023454473799511349E-02 1.04023454473799511349E-02 1.04023454473799511349E-02 1.04023454473799511349E-02 1.04023454473799511349E-02 1.04023454473799511349E-02 1.04023454473799511349E-02 1.04023454473799511349E-02 1.04023454473799511349E-02 1.04023454473799511349E-02 1.04023454473799511349E-02 1.04023454473799511349E-02 1.04023454473799511349E-02 1.04023454473799511349E-02 1.04023454473799511349E-02 1.04023454473799511349E-02 1.04023454473799511349E-02 1.04023454473799511349E-02 1.04023454473799511349E-02
1.08801873910085739744E-02 1.08801873910085739744E-02 1.08801873910085739744E-02 1.08801873910085739744E-02 1.08801873910085739744E-02 1.08801873910085739744E-02 1.08801873910085739744E-02 1.08801873910085739744E-02 1.08801873910085739744E-02 1.08801873910085739744E-02 1.08801873910085739744E-02 1.08801873910085739744E-02 1.08801873910085739744E-02 1.08801873910085739744E-02 1.08801873910085739744E-02 1.08801873910085739744E-02 1.08801873910085739744E-02 1.08801873910085739744E-02 1.08801873910085739744E-02 1.08801873910085739744E-02 1.08801873910085739744E-02 1.08801873910085739744E-02 1.08801873910085739744E-02 1.08801873910085739744E-02 1.08801873910085739744E-02 1.08801873910085739744E-02 1.08801873910085739744E-02 1.08801873910085739744E-02 1.08801873910085739744E-02 1.08801873910085739744E-02 1.08801873910085739744E-02 1.08801873910085739744E-02 1.08801873910085739744E-02 1.08801873910085739744E-02 1.08801873910085739744E-02 1.08801873910085739744E-02 1.08801873910085739744E-02 1.08801873910085739744E-02 1.08801873910085739744E-02 1.08801873910085739744E-02 1.08801873910085739744E-02 1.08801873910085739744E-02 1.08801873910085739744E-02 1.08801873910085739744E-02 1.08801873910085739744E-02 1.08801873910085739744E-02 1.08801873910085739744E-02 1.08801873910085739744E-02 1.08801873910085739744E-02 1.08801873910085739744E-02 1.08801873910085739744E-02 1.08801873910085739744E-02 1.08801873910085739744E-02 1.08801873910085739744E-02 1.08801873910085739744E-02 1.08801873910085739744E-02
9.61381539434919343834E-03 9.61381539434919343834E-03 9.61381539434919343834E-03 9.61381539434919343834E-03 9.61381539434919343834E-03 9.61381539434919343834E-03 9.61381539434919343834E-03 9.61381539434919343834E-03 9.61381539434919343834E-03 9.61381539434919343834E-03 9.61381539434919343834E-03 9.61381539434919343834E-03 9.61381539434919343834E-03 9.61381539434919343834E-03 9.61381539434919343834E-03 9.61381539434919343834E-03 9.61381539434919343834E-03 9.61381539434919343834E-03 9.61381539434919343834E-03 9.61381539434919343834E-03 9.61381539434919343834E-03 9.61381539434919343834E-03 9.61381539434919343834E-03 9.61381539434919343834E-03 9.61381539434919343834E-03 9.61381539434919343834E-03 9.61381539434919343834E-03 9.61381539434919343834E-03 9.61381539434919343834E-03 9.61381539434919343834E-03 9.61381539434919343834E-03 9.61381539434919343834E-03 9.61381539434919343834E-03 9.61381539434919343834E-03 9.61381539434919343834E-03 9.61381539434919343834E-03 9.61381539434919343834E-03 9.61381539434919343834E-03 9.61381539434919343834E-03 9.61381539434919343834E-03 9.61381539434919343834E-03 9.61381539434919343834E-03 9.61381539434919343834E-03 9.61381539434919343834E-03 9.61381539434919343834E-03 9.61381539434919343834E-03 9.61381539434919343834E-03 9.61381539434919343834E-03 9.61381539434919343834E-03 9.61381539434919343834E-03 9.61381539434919343834E-03 9.61381539434919343834E-03 9.61381539434919343834E-03 9.61381539434919343834E-03 9.61381539434919343834E-03 9.61381539434919343834E-03
1.04053704593695377917E-02 1.04053704593695377917E-02 1.04053704593695377917E-02 1.04053704593695377917E-02 1.04053704593695377917E-02 1.04053704593695377917E-02 1.04053704593695377917E-02 1.04053704593695377917E-02 1.04053704593695377917E-02 1.04053704593695377917E-02 1.04053704593695377917E-02 1.04053704593695377917E-02 1.04053704593695377917E-02 1.04053704593695377917E-02 1.04053704593695377917E-02 1.04053704593695377917E-02 1.04053704593695377917E-02 1.04053704593695377917E-02 1.04053704593695377917E-02 1.04053704593695377917E-02 1.04053704593695377917E-02 1.04053704593695377917E-02 1.04053704593695377917E-02 1.04053704593695377917E-02 1.04053704593695377917E-02 1.04053704593695377917E-02 1.04053704593695377917E-02 1.04053704593695377917E-02 1.04053704593695377917E-02 1.04053704593695377917E-02 1.04053704593695377917E-02 1.04053704593695377917E-02 1.04053704593695377917E-02 1.04053704593695377917E-02 1.04053704593695377917E-02 1.04053704593695377917E-02 1.04053704593695377917E-02 1.04053704593695377917E-02 1.04053704593695377917E-02 1.04053704593695377917E-02 1.04053704593695377917E-02 1.04053704593695377917E-02 1.04053704593695377917E-02 1.04053704593695377917E-02 1.04053704593695377917E-02 1.04053704593695377917E-02 1.04053704593695377917E-02 1.04053704593695377917E-02 1.04053704593695377917E-02 1.04053704593695377917E-02 1.04053704593695377917E-02 1.04053704593695377917E-02 1.04053704593695377917E-02 1.04053704593695377917E-02 1.04053704593695377917E-02 1.04053704593695377917E-02
9.65062431658621384944E-03 9.65062431658621384944E-03 9.65062431658621384944E-03 9.65062431658621384944E-03 9.65062431658621384944E-03 9.65062431658621384944E-03 9.65062431658621384944E-03 9.65062431658621384944E-03 9.65062431658621384944E-03 9.65062431658621384944E-03 9.65062431658621384944E-03 9.65062431658621384944E-03 9.65062431658621384944E-03 9.65062431658621384944E-03 9.65062431658621384944E-03 9.65062431658621384944E-03 9.65062431658621384944E-03 9.65062431658621384944E-03 9.65062431658621384944E-03 9.65062431658621384944E-03 9.65062431658621384944E-03 9.65062431658621384944E-03 9.65062431658621384944E-03 9.65062431658621384944E-03 9.65062431658621384944E-03 9.65062431658621384944E-03 9.65062431658621384944E-03 9.65062431658621384944E-03 9.65062431658621384944E-03 9.65062431658621384944E-03 9.65062431658621384944E-03 9.65062431658621384944E-03 9.65062431658621384944E-03 9.65062431658621384944E-03 9.65062431658621384944E-03 9.65062431658621384944E-03 9.65062431658621384944E-03 9.65062431658621384944E-03 9.65062431658621384944E-03 9.65062431658621384944E-03 9.65062431658621384944E-03 9.65062431658621384944E-03 9.65062431658621384944E-03 9.65062431658621384944E-03 9.65062431658621384944E-03 9.65062431658621384944E-03 9.65062431658621384944E-03 9.65062431658621384944E-03 9.65062431658621384944E-03 9.65062431658621384944E-03 9.65062431658621384944E-03 9.65062431658621384944E-03 9.65062431658621384944E-03 9.65062431658621384944E-03 9.65062431658621384944E-03 9.65062431658621384944E-03
8.24845782296255644606E-03 8.24845782296255644606E-03 8.24845782296255644606E-03 8.24845782296255644606E-03 8.24845782296255644606E-03 8.24845782296255644606E-03 8.24845782296255644606E-03 8.24845782296255644606E-03 8.24845782296255644606E-03 8.24845782296255644606E-03 8.24845782296255644606E-03 8.24845782296255644606E-03 8.24845782296255644606E-03 8.24845782296255644606E-03 8.24845782296255644606E-03 8.24845782296255644606E-03 8.24845782296255644606E-03 8.24845782296255644606E-03 8.24845782296255644606E-03 8.24845782296255644606E-03 8.24845782296255644606E-03 8.24845782296255644606E-03 8.24845782296255644606E-03 8.24845782296255644606E-03 8.24845782296255644606E-03 8.24845782296255644606E-03 8.24845782296255644606E-03 8.24845782296255644606E-03 8.24845782296255644606E-03 8.24845782296255644606E-03 8.24845782296255644606E-03 8.24845782296255644606E-03 8.24845782296255644606E-03 8.24845782296255644606E-03 8.24845782296255644606E-03 8.24845782296255644606E-03 8.24845782296255644606E-03 8.24845782296255644606E-03 8.24845782296255644606E-03 8.24845782296255644606E-03 8.24845782296255644606E-03 8.24845782296255644606E-03 8.24845782296255644606E-03 8.24845782296255644606E-03 8.24845782296255644606E-03 8.24845782296255644606E-03 8.24845782296255644606E-03 8.24845782296255644606E-03 8.24845782296255644606E-03 8.24845782296255644606E-03 8.24845782296255644606E-03 8.24845782296255644606E-03 8.24845782296255644606E-03 8.24845782296255644606E-03 8.24845782296255644606E-03 8.24845782296255644606E-03
1.11853429744022334069E-02 1.11853429744022334069E-02 1.11853429744022334069E-02 1.11853429744022334069E-02 1.11853429744022334069E-02 1.11853429744022334069E-02 1.11853429744022334069E-02 1.11853429744022334069E-02 1.11853429744022334069E-02 1.11853429744022334069E-02 1.11853429744022334069E-02 1.11853429744022334069E-02 1.11853429744022334069E-02 1.11853429744022334069E-02 1.11853429744022334069E-02 1.11853429744022334069E-02 1.11853429744022334069E-02 1.11853429744022334069E-02 1.11853429744022334069E-02 1.11853429744022334069E-02 1.11853429744022334069E-02 1.11853429744022334069E-02 1.11853429744022334069E-02 1.11853429744022334069E-02 1.11853429744022334069E-02 1.11853429744022334069E-02 1.11853429744022334069E-02 1.11853429744022334069E-02 1.11853429744022334069E-02 1.11853429744022334069E-02 1.11853429744022334069E-02 1.11853429744022334069E-02 1.11853429744022334069E-02 1.11853429744022334069E-02 1.11853429744022334069E-02 1.11853429744022334069E-02 1.11853429744022334069E-02 1.11853429744022334069E-02 1.11853429744022334069E-02 1.11853429744022334069E-02 1.11853429744022334069E-02 1.11853429744022334069E-02 1.11853429744022334069E-02 1.11853429744022334069E-02 1.11853429744022334069E-02 1.11853429744022334069E-02 1.11853429744022334069E-02 1.11853429744022334069E-02 1.11853429744022334069E-02 1.11853429744022334069E-02 1.11853429744022334069E-02 1.11853429744022334069E-02 1.11853429744022334069E-02 1.11853429744022334069E-02 1.11853429744022334069E-02 1.11853429744022334069E-02
1.21062926909465823355E-02 1.21062926909465823355E-02 1.21062926909465823355E-02 1.21062926909465823355E-02 1.21062926909465823355E-02 1.21062926909465823355E-02 1.21062926909465823355E-02 1.21062926909465823355E-02 1.21062926909465823355E-02 1.21062926909465823355E-02 1.21062926909465823355E-02 1.21062926909465823355E-02 1.21062926909465823355E-02 1.21062926909465823355E-02 1.21062926909465823355E-02 1.21062926909465823355E-02 1.21062926909465823355E-02 1.21062926909465823355E-02 1.21062926909465823355E-02 1.21062926909465823355E-02 1.21062926909465823355E-02 1.21062926909465823355E-02 1.21062926909465823355E-02 1.21062926909465823355E-02 1.21062926909465823355E-02 1.21062926909465823355E-02 1.21062926909465823355E-02 1.21062926909465823355E-02 1.21062926909465823355E-02 1.21062926909465823355E-02 1.21062926909465823355E-02 1.21062926909465823355E-02 1.21062926909465823355E-02 1.21062926909465823355E-02 1.21062926909465823355E-02 1.21062926909465823355E-02 1.21062926909465823355E-02 1.21062926909465823355E-02 1.21062926909465823355E-02 1.21062926909465823355E-02 1.21062926909465823355E-02 1.21062926909465823355E-02 1.21062926909465823355E-02 1.21062926909465823355E-02 1.21062926909465823355E-02 1.21062926909465823355E-02 1.21062926909465823355E-02 1.21062926909465823355E-02 1.21062926909465823355E-02 1.21062926909465823355E-02 1.21062926909465823355E-02 1.21062926909465823355E-02 1.21062926909465823355E-02 1.21062926909465823355E-02 1.21062926909465823355E-02 1.21062926909465823355E-02
1.13949722530951591537E-02 1.13949722530951591537E-02 1.13949722530951591537E-02 1.13949722530951591537E-02 1.13949722530951591537E-02 1.13949722530951591537E-02 1.13949722530951591537E-02 1.13949722530951591537E-02 1.13949722530951591537E-02 1.13949722530951591537E-02 1.13949722530951591537E-02 1.13949722530951591537E-02 1.13949722530951591537E-02 1.13949722530951591537E-02 1.13949722530951591537E-02 1.13949722530951591537E-02 1.13949722530951591537E-02 1.13949722530951591537E-02 1.13949722530951591537E-02 1.13949722530951591537E-02 1.13949722530951591537E-02 1.13949722530951591537E-02 1.13949722530951591537E-02 1.13949722530951591537E-02 1.13949722530951591537E-02 1.13949722530951591537E-02 1.13949722530951591537E-02 1.13949722530951591537E-02 1.13949722530951591537E-02 1.13949722530951591537E-02 1.13949722530951591537E-02 1.13949722530951591537E-02 1.13949722530951591537E-02 1.13949722530951591537E-02 1.13949722530951591537E-02 1.13949722530951591537E-02 1.13949722530951591537E-02 1.13949722530951591537E-02 1.13949722530951591537E-02 1.13949722530951591537E-02 1.13949722530951591537E-02 1.13949722530951591537E-02 1.13949722530951591537E-02 1.13949722530951591537E-02 1.13949722530951591537E-02 1.13949722530951591537E-02 1.13949722530951591537E-02 1.13949722530951591537E-02 1.13949722530951591537E-02 1.13949722530951591537E-02 1.13949722530951591537E-02 1.13949722530951591537E-02 1.13949722530951591537E-02 1.13949722530951591537E-02 1.13949722530951591537E-02 1.13949722530951591537E-02
1.12095909598490250936E-02 1.12095909598490250936E-02 1.12095909598490250936E-02 1.12095909598490250936E-02 1.12095909598490250936E-02 1.12095909598490250936E-02 1.12095909598490250936E-02 1.12095909598490250936E-02 1.12095909598490250936E-02 1.12095909598490250936E-02 1.12095909598490250936E-02 1.12095909598490250936E-02 1.12095909598490250936E-02 1.12095909598490250936E-02 1.12095909598490250936E-02 1.12095909598490250936E-02 1.12095909598490250936E-02 1.12095909598490250936E-02 1.12095909598490250936E-02 1.12095909598490250936E-02 1.12095909598490250936E-02 1.12095909598490250936E-02 1.12095909598490250936E-02 1.12095909598490250936E-02 1.12095909598490250936E-02 1.12095909598490250936E-02 1.12095909598490250936E-02 1.12095909598490250936E-02 1.12095909598490250936E-02 1.12095909598490250936E-02 1.12095909598490250936E-02 1.12095909598490250936E-02 1.12095909598490250936E-02 1.12095909598490250936E-02 1.12095909598490250936E-02 1.12095909598490250936E-02 1.12095909598490250936E-02 1.12095909598490250936E-02 1.12095909598490250936E-02 1.12095909598490250936E-02 1.12095909598490250936E-02 1.12095909598490250936E-02 1.12095909598490250936E-02 1.12095909598490250936E-02 1.12095909598490250936E-02 1.12095909598490250936E-02 1.12095909598490250936E-02 1.12095909598490250936E-02 1.12095909598490250936E-02 1.12095909598490250936E-02 1.12095909598490250936E-02 1.12095909598490250936E-02 1.12095909598490250936E-02 1.12095909598490250936E-02 1.12095909598490250936E-02 1.12095909598490250936E-02
1.13088476473113316162E-02 1.13088476473113316162E-02 1.13088476473113316162E-02 1.13088476473113316162E-02 1.13088476473113316162E-02 1.13088476473113316162E-02 1.13088476473113316162E-02 1.13088476473113316162E-02 1.13088476473113316162E-02 1.13088476473113316162E-02 1.13088476473113316162E-02 1.13088476473113316162E-02 1.13088476473113316162E-02 1.13088476473113316162E-02 1.13088476473113316162E-02 1.13088476473113316162E-02 1.13088476473113316162E-02 1.13088476473113316162E-02 1.13088476473113316162E-02 1.13088476473113316162E-02 1.13088476473113316162E-02 1.13088476473113316162E-02 1.13088476473113316162E-02 1.13088476473113316162E-02 1.13088476473113316162E-02 1.13088476473113316162E-02 1.13088476473113316162E-02 1.13088476473113316162E-02 1.13088476473113316162E-02 1.13088476473113316162E-02 1.13088476473113316162E-02 1.13088476473113316162E-02 1.13088476473113316162E-02 1.13088476473113316162E-02 1.13088476473113316162E-02 1.13088476473113316162E-02 1.13088476473113316162E-02 1.13088476473113316162E-02 1.13088476473113316162E-02 1.13088476473113316162E-02 1.13088476473113316162E-02 1.13088476473113316162E-02 1.13088476473113316162E-02 1.13088476473113316162E-02 1.13088476473113316162E-02 1.13088476473113316162E-02 1.13088476473113316162E-02 1.13088476473113316162E-02 1.13088476473113316162E-02 1.13088476473113316162E-02 1.13088476473113316162E-02 1.13088476473113316162E-02 1.13088476473113316162E-02 1.13088476473113316162E-02 1.13088476473113316162E-02 1.13088476473113316162E-02
1.09421633902412381717E-02 1.09421633902412381717E-02 1.09421633902412381717E-02 1.09421633902412381717E-02 1.09421633902412381717E-02 1.09421633902412381717E-02 1.09421633902412381717E-02 1.09421633902412381717E-02 1.09421633902412381717E-02 1.09421633902412381717E-02 1.09421633902412381717E-02 1.09421633902412381717E-02 1.09421633902412381717E-02 1.09421633902412381717E-02 1.09421633902412381717E-02 1.09421633902412381717E-02 1.09421633902412381717E-02 1.09421633902412381717E-02 1.09421633902412381717E-02 1.09421633902412381717E-02 1.09421633902412381717E-02 1.09421633902412381717E-02 1.09421633902412381717E-02 1.09421633902412381717E-02 1.09421633902412381717E-02 1.09421633902412381717E-02 1.09421633902412381717E-02 1.09421633902412381717E-02 1.09421633902412381717E-02 1.09421633902412381717E-02 1.09421633902412381717E-02 1.09421633902412381717E-02 1.09421633902412381717E-02 1.09421633902412381717E-02 1.09421633902412381717E-02 1.09421633902412381717E-02 1.09421633902412381717E-02 1.09421633902412381717E-02 1.09421633902412381717E-02 1.09421633902412381717E-02 1.09421633902412381717E-02 1.09421633902412381717E-02 1.09421633902412381717E-02 1.09421633902412381717E-02 1.09421633902412381717E-02 1.09421633902412381717E-02 1.09421633902412381717E-02 1.09421633902412381717E-02 1.09421633902412381717E-02 1.09421633902412381717E-02 1.09421633902412381717E-02 1.09421633902412381717E-02 1.09421633902412381717E-02 1.09421633902412381717E-02 1.09421633902412381717E-02 1.09421633902412381717E-02
1.04214661781238393523E-02 1.04214661781238393523E-02 1.04214661781238393523E-02 1.04214661781238393523E-02 1.04214661781238393523E-02 1.04214661781238393523E-02 1.04214661781238393523E-02 1.04214661781238393523E-02 1.04214661781238393523E-02 1.04214661781238393523E-02 1.04214661781238393523E-02 1.04214661781238393523E-02 1.04214661781238393523E-02 1.04214661781238393523E-02 1.04214661781238393523E-02 1.04214661781238393523E-02 1.04214661781238393523E-02 1.04214661781238393523E-02 1.04214661781238393523E-02 1.04214661781238393523E-02 1.04214661781238393523E-02 1.04214661781238393523E-02 1.04214661781238393523E-02 1.04214661781238393523E-02 1.04214661781238393523E-02 1.04214661781238393523E-02 1.04214661781238393523E-02 1.04214661781238393523E-02 1.04214661781238393523E-02 1.04214661781238393523E-02 1.04214661781238393523E-02 1.04214661781238393523E-02 1.04214661781238393523E-02 1.04214661781238393523E-02 1.04214661781238393523E-02 1.04214661781238393523E-02 1.04214661781238393523E-02 1.04214661781238393523E-02 1.04214661781238393523E-02 1.04214661781238393523E-02 1.04214661781238393523E-02 1.04214661781238393523E-02 1.04214661781238393523E-02 1.04214661781238393523E-02 1.04214661781238393523E-02 1.04214661781238393523E-02 1.04214661781238393523E-02 1.04214661781238393523E-02 1.04214661781238393523E-02 1.04214661781238393523E-02 1.04214661781238393523E-02 1.04214661781238393523E-02 1.04214661781238393523E-02 1.04214661781238393523E-02 1.04214661781238393523E-02 1.04214661781238393523E-02
9.92983811692901147117E-03 9.92983811692901147117E-03 9.92983811692901147117E-03 9.92983811692901147117E-03 9.92983811692901147117E-03 9.92983811692901147117E-03 9.92983811692901147117E-03 9.92983811692901147117E-03 9.92983811692901147117E-03 9.92983811692901147117E-03 9.92983811692901147117E-03 9.92983811692901147117E-03 9.92983811692901147117E-03 9.92983811692901147117E-03 9.92983811692901147117E-03 9.92983811692901147117E-03 9.92983811692901147117E-03 9.92983811692901147117E-03 9.92983811692901147117E-03 9.92983811692901147117E-03 9.92983811692901147117E-03 9.92983811692901147117E-03 9.92983811692901147117E-03 9.92983811692901147117E-03 9.92983811692901147117E-03 9.92983811692901147117E-03 9.92983811692901147117E-03 9.92983811692901147117E-03 9.92983811692901147117E-03 9.92983811692901147117E-03 9.92983811692901147117E-03 9.92983811692901147117E-03 9.92983811692901147117E-03 9.92983811692901147117E-03 9.92983811692901147117E-03 9.92983811692901147117E-03 9.92983811692901147117E-03 9.92983811692901147117E-03 9.92983811692901147117E-03 9.92983811692901147117E-03 9.92983811692901147117E-03 9.92983811692901147117E-03 9.92983811692901147117E-03 9.92983811692901147117E-03 9.92983811692901147117E-03 9.92983811692901147117E-03 9.92983811692901147117E-03 9.92983811692901147117E-03 9.92983811692901147117E-03 9.92983811692901147117E-03 9.92983811692901147117E-03 9.92983811692901147117E-03 9.92983811692901147117E-03 9.92983811692901147117E-03 9.92983811692901147117E-03 9.92983811692901147117E-03
1.04390990949386839454E-02 1.04390990949386839454E-02 1.04390990949386839454E-02 1.04390990949386839454E-02 1.04390990949386839454E-02 1.04390990949386839454E-02 1.04390990949386839454E-02 1.04390990949386839454E-02 1.04390990949386839454E-02 1.04390990949386839454E-02 1.04390990949386839454E-02 1.04390990949386839454E-02 1.04390990949386839454E-02 1.04390990949386839454E-02 1.04390990949386839454E-02 1.04390990949386839454E-02 1.04390990949386839454E-02 1.04390990949386839454E-02 1.04390990949386839454E-02 1.04390990949386839454E-02 1.04390990949386839454E-02 1.04390990949386839454E-02 1.04390990949386839454E-02 1.04390990949386839454E-02 1.04390990949386839454E-02 1.04390990949386839454E-02 1.04390990949386839454E-02 1.04390990949386839454E-02 1.04390990949386839454E-02 1.04390990949386839454E-02 1.04390990949386839454E-02 1.04390990949386839454E-02 1.04390990949386839454E-02 1.04390990949386839454E-02 1.04390990949386839454E-02 1.04390990949386839454E-02 1.04390990949386839454E-02 1.04390990949386839454E-02 1.04390990949386839454E-02 1.04390990949386839454E-02 1.04390990949386839454E-02 1.04390990949386839454E-02 1.04390990949386839454E-02 1.04390990949386839454E-02 1.04390990949386839454E-02 1.04390990949386839454E-02 1.04390990949386839454E-02 1.04390990949386839454E-02 1.04390990949386839454E-02 1.04390990949386839454E-02 1.04390990949386839454E-02 1.04390990949386839454E-02 1.04390990949386839454E-02 1.04390990949386839454E-02 1.04390990949386839454E-02 1.04390990949386839454E-02
1.10178049933745865474E-02 1.10178049933745865474E-02 1.10178049933745865474E-02 1.10178049933745865474E-02 1.10178049933745865474E-02 1.10178049933745865474E-02 1.10178049933745865474E-02 1.10178049933745865474E-02 1.10178049933745865474E-02 1.10178049933745865474E-02 1.10178049933745865474E-02 1.10178049933745865474E-02 1.10178049933745865474E-02 1.10178049933745865474E-02 1.10178049933745865474E-02 1.10178049933745865474E-02 1.10178049933745865474E-02 1.10178049933745865474E-02 1.10178049933745865474E-02 1.10178049933745865474E-02 1.10178049933745865474E-02 1.10178049933745865474E-02 1.10178049933745865474E-02 1.10178049933745865474E-02 1.10178049933745865474E-02 1.10178049933745865474E-02 1.10178049933745865474E-02 1.10178049933745865474E-02 1.10178049933745865474E-02 1.10178049933745865474E-02 1.10178049933745865474E-02 1.10178049933745865474E-02 1.10178049933745865474E-02 1.10178049933745865474E-02 1.10178049933745865474E-02 1.10178049933745865474E-02 1.10178049933745865474E-02 1.10178049933745865474E-02 1.10178049933745865474E-02 1.10178049933745865474E-02 1.10178049933745865474E-02 1.10178049933745865474E-02 1.10178049933745865474E-02 1.10178049933745865474E-02 1.10178049933745865474E-02 1.10178049933745865474E-02 1.10178049933745865474E-02 1.10178049933745865474E-02 1.10178049933745865474E-02 1.10178049933745865474E-02 1.10178049933745865474E-02 1.10178049933745865474E-02 1.10178049933745865474E-02 1.10178049933745865474E-02 1.10178049933745865474E-02 1.10178049933745865474E-02
1.06428975337903627268E-02 1.06428975337903627268E-02 1.06428975337903627268E-02 1.06428975337903627268E-02 1.06428975337903627268E-02 1.06428975337903627268E-02 1.06428975337903627268E-02 1.06428975337903627268E-02 1.06428975337903627268E-02 1.06428975337903627268E-02 1.06428975337903627268E-02 1.06428975337903627268E-02 1.06428975337903627268E-02 1.06428975337903627268E-02 1.06428975337903627268E-02 1.06428975337903627268E-02 1.06428975337903627268E-02 1.06428975337903627268E-02 1.06428975337903627268E-02 1.06428975337903627268E-02 1.06428975337903627268E-02 1.06428975337903627268E-02 1.06428975337903627268E-02 1.06428975337903627268E-02 1.06428975337903627268E-02 1.06428975337903627268E-02 1.06428975337903627268E-02 1.06428975337903627268E-02 1.06428975337903627268E-02 1.06428975337903627268E-02 1.06428975337903627268E-02 1.06428975337903627268E-02 1.06428975337903627268E-02 1.06428975337903627268E-02 1.06428975337903627268E-02 1.06428975337903627268E-02 1.06428975337903627268E-02 1.06428975337903627268E-02 1.06428975337903627268E-02 1.06428975337903627268E-02 1.06428975337903627268E-02 1.06428975337903627268E-02 1.06428975337903627268E-02 1.06428975337903627268E-02 1.06428975337903627268E-02 1.06428975337903627268E-02 1.06428975337903627268E-02 1.06428975337903627268E-02 1.06428975337903627268E-02 1.06428975337903627268E-02 1.06428975337903627268E-02 1.06428975337903627268E-02 1.06428975337903627268E-02 1.06428975337903627268E-02 1.06428975337903627268E-02 1.06428975337903627268E-02
1.01115350070676204147E-02 1.01115350070676204147E-02 1.01115350070676204147E-02 1.01115350070676204147E-02 1.01115350070676204147E-02 1.01115350070676204147E-02 1.01115350070676204147E-02 1.01115350070676204147E-02 1.01115350070676204147E-02 1.01115350070676204147E-02 1.01115350070676204147E-02 1.01115350070676204147E-02 1.01115350070676204147E-02 1.01115350070676204147E-02 1.01115350070676204147E-02 1.01115350070676204147E-02 1.01115350070676204147E-02 1.01115350070676204147E-02 1.01115350070676204147E-02 1.01115350070676204147E-02 1.01115350070676204147E-02 1.01115350070676204147E-02 1.01115350070676204147E-02 1.01115350070676204147E-02 1.01115350070676204147E-02 1.01115350070676204147E-02 1.01115350070676204147E-02 1.01115350070676204147E-02 1.01115350070676204147E-02 1.01115350070676204147E-02 1.01115350070676204147E-02 1.01115350070676204147E-02 1.01115350070676204147E-02 1.01115350070676204147E-02 1.01115350070676204147E-02 1.01115350070676204147E-02 1.01115350070676204147E-02 1.01115350070676204147E-02 1.01115350070676204147E-02 1.01115350070676204147E-02 1.01115350070676204147E-02 1.01115350070676204147E-02 1.01115350070676204147E-02 1.01115350070676204147E-02 1.01115350070676204147E-02 1.01115350070676204147E-02 1.01115350070676204147E-02 1.01115350070676204147E-02 1.01115350070676204147E-02 1.01115350070676204147E-02 1.01115350070676204147E-02 1.01115350070676204147E-02 1.01115350070676204147E-02 1.01115350070676204147E-02 1.01115350070676204147E-02 1.01115350070676204147E-02
9.00162290237923636005E-03 9.00162290237923636005E-03 9.00162290237923636005E-03 9.00162290237923636005E-03 9.00162290237923636005E-03 9.00162290237923636005E-03 9.00162290237923636005E-03 9.00162290237923636005E-03 9.00162290237923636005E-03 9.00162290237923636005E-03 9.00162290237923636005E-03 9.00162290237923636005E-03 9.00162290237923636005E-03 9.00162290237923636005E-03 9.00162290237923636005E-03 9.00162290237923636005E-03 9.00162290237923636005E-03 9.00162290237923636005E-03 9.00162290237923636005E-03 9.00162290237923636005E-03 9.00162290237923636005E-03 9.00162290237923636005E-03 9.00162290237923636005E-03 9.00162290237923636005E-03 9.00162290237923636005E-03 9.00162290237923636005E-03 9.00162290237923636005E-03 9.00162290237923636005E-03 9.00162290237923636005E-03 9.00162290237923636005E-03 9.00162290237923636005E-03 9.00162290237923636005E-03 9.00162290237923636005E-03 9.00162290237923636005E-03 9.00162290237923636005E-03 9.00162290237923636005E-03 9.00162290237923636005E-03 9.00162290237923636005E-03 9.00162290237923636005E-03 9.00162290237923636005E-03 9.00162290237923636005E-03 9.00162290237923636005E-03 9.00162290237923636005E-03 9.00162290237923636005E-03 9.00162290237923636005E-03 9.00162290237923636005E-03 9.00162290237923636005E-03 9.00162290237923636005E-03 9.00162290237923636005E-03 9.00162290237923636005E-03 9.00162290237923636005E-03 9.00162290237923636005E-03 9.00162290237923636005E-03 9.00162290237923636005E-03 9.00162290237923636005E-03 9.00162290237923636005E-03
8.37827875620912945753E-03 8.37827875620912945753E-03 8.37827875620912945753E-03 8.37827875620912945753E-03 8.37827875620912945753E-03 8.37827875620912945753E-03 8.37827875620912945753E-03 8.37827875620912945753E-03 8.37827875620912945753E-03 8.37827875620912945753E-03 8.37827875620912945753E-03 8.37827875620912945753E-03 8.37827875620912945753E-03 8.37827875620912945753E-03 8.37827875620912945753E-03 8.37827875620912945753E-03 8.37827875620912945753E-03 8.37827875620912945753E-03 8.37827875620912945753E-03 8.37827875620912945753E-03 8.37827875620912945753E-03 8.37827875620912945753E-03 8.37827875620912945753E-03 8.37827875620912945753E-03 8.37827875620912945753E-03 8.37827875620912945753E-03 8.37827875620912945753E-03 8.37827875620912945753E-03 8.37827875620912945753E-03 8.37827875620912945753E-03 8.37827875620912945753E-03 8.37827875620912945753E-03 8.37827875620912945753E-03 8.37827875620912945753E-03 8.37827875620912945753E-03 8.37827875620912945753E-03 8.37827875620912945753E-03 8.37827875620912945753E-03 8.37827875620912945753E-03 8.37827875620912945753E-03 8.37827875620912945753E-03 8.37827875620912945753E-03 8.37827875620912945753E-03 8.37827875620912945753E-03 8.37827875620912945753E-03 8.37827875620912945753E-03 8.37827875620912945753E-03 8.37827875620912945753E-03 8.37827875620912945753E-03 8.37827875620912945753E-03 8.37827875620912945753E-03 8.37827875620912945753E-03 8.37827875620912945753E-03 8.37827875620912945753E-03 8.37827875620912945753E-03 8.37827875620912945753E-03
1.16429034969218973133E-02 1.16429034969218973133E-02 1.16429034969218973133E-02 1.16429034969218973133E-02 1.16429034969218973133E-02 1.16429034969218973133E-02 1.16429034969218973133E-02 1.16429034969218973133E-02 1.16429034969218973133E-02 1.16429034969218973133E-02 1.16429034969218973133E-02 1.16429034969218973133E-02 1.16429034969218973133E-02 1.16429034969218973133E-02 1.16429034969218973133E-02 1.16429034969218973133E-02 1.16429034969218973133E-02 1.16429034969218973133E-02 1.16429034969218973133E-02 1.16429034969218973133E-02 1.16429034969218973133E-02 1.16429034969218973133E-02 1.16429034969218973133E-02 1.16429034969218973133E-02 1.16429034969218973133E-02 1.16429034969218973133E-02 1.16429034969218973133E-02 1.16429034969218973133E-02 1.16429034969218973133E-02 1.16429034969218973133E-02 1.16429034969218973133E-02 1.16429034969218973133E-02 1.16429034969218973133E-02 1.16429034969218973133E-02 1.16429034969218973133E-02 1.16429034969218973133E-02 1.16429034969218973133E-02 1.16429034969218973133E-02 1.16429034969218973133E-02 1.16429034969218973133E-02 1.16429034969218973133E-02 1.16429034969218973133E-02 1.16429034969218973133E-02 1.16429034969218973133E-02 1.16429034969218973133E-02 1.16429034969218973133E-02 1.16429034969218973133E-02 1.16429034969218973133E-02 1.16429034969218973133E-02 1.16429034969218973133E-02 1.16429034969218973133E-02 1.16429034969218973133E-02 1.16429034969218973133E-02 1.16429034969218973133E-02 1.16429034969218973133E-02 1.16429034969218973133E-02
9.79105816521462848923E-03 9.79105816521462848923E-03 9.79105816521462848923E-03 9.79105816521462848923E-03 9.79105816521462848923E-03 9.79105816521462848923E-03 9.79105816521462848923E-03 9.79105816521462848923E-03 9.79105816521462848923E-03 9.79105816521462848923E-03 9.79105816521462848923E-03 9.79105816521462848923E-03 9.79105816521462848923E-03 9.79105816521462848923E-03 9.79105816521462848923E-03 9.79105816521462848923E-03 9.79105816521462848923E-03 9.79105816521462848923E-03 9.79105816521462848923E-03 9.79105816521462848923E-03 9.79105816521462848923E-03 9.79105816521462848923E-03 9.79105816521462848923E-03 9.79105816521462848923E-03 9.79105816521462848923E-03 9.79105816521462848923E-03 9.79105816521462848923E-03 9.79105816521462848923E-03 9.79105816521462848923E-03 9.79105816521462848923E-03 9.79105816521462848923E-03 9.79105816521462848923E-03 9.79105816521462848923E-03 9.79105816521462848923E-03 9.79105816521462848923E-03 9.79105816521462848923E-03 9.79105816521462848923E-03 9.79105816521462848923E-03 9.79105816521462848923E-03 9.79105816521462848923E-03 9.79105816521462848923E-03 9.79105816521462848923E-03 9.79105816521462848923E-03 9.79105816521462848923E-03 9.79105816521462848923E-03 9.79105816521462848923E-03 9.79105816521462848923E-03 9.79105816521462848923E-03 9.79105816521462848923E-03 9.79105816521462848923E-03 9.79105816521462848923E-03 9.79105816521462848923E-03 9.79105816521462848923E-03 9.79105816521462848923E-03 9.79105816521462848923E-03 9.79105816521462848923E-03
1.01283252383282569575E-02 1.01283252383282569575E-02 1.01283252383282569575E-02 1.01283252383282569575E-02 1.01283252383282569575E-02 1.01283252383282569575E-02 1.01283252383282569575E-02 1.01283252383282569575E-02 1.01283252383282569575E-02 1.01283252383282569575E-02 1.01283252383282569575E-02 1.01283252383282569575E-02 1.01283252383282569575E-02 1.01283252383282569575E-02 1.01283252383282569575E-02 1.01283252383282569575E-02 1.01283252383282569575E-02 1.01283252383282569575E-02 1.01283252383282569575E-02 1.01283252383282569575E-02 1.01283252383282569575E-02 1.01283252383282569575E-02 1.01283252383282569575E-02 1.01283252383282569575E-02 1.01283252383282569575E-02 1.01283252383282569575E-02 1.01283252383282569575E-02 1.01283252383282569575E-02 1.01283252383282569575E-02 1.01283252383282569575E-02 1.01283252383282569575E-02 1.01283252383282569575E-02 1.01283252383282569575E-02 1.01283252383282569575E-02 1.01283252383282569575E-02 1.01283252383282569575E-02 1.01283252383282569575E-02 1.01283252383282569575E-02 1.01283252383282569575E-02 1.01283252383282569575E-02 1.01283252383282569575E-02 1.01283252383282569575E-02 1.01283252383282569575E-02 1.01283252383282569575E-02 1.01283252383282569575E-02 1.01283252383282569575E-02 1.01283252383282569575E-02 1.01283252383282569575E-02 1.01283252383282569575E-02 1.01283252383282569575E-02 1.01283252383282569575E-02 1.01283252383282569575E-02 1.01283252383282569575E-02 1.01283252383282569575E-02 1.01283252383282569575E-02 1.01283252383282569575E-02
9.93930582292880913930E-03 9.93930582292880913930E-03 9.93930582292880913930E-03 9.93930582292880913930E-03 9.93930582292880913930E-03 9.93930582292880913930E-03 9.93930582292880913930E-03 9.93930582292880913930E-03 9.93930582292880913930E-03 9.93930582292880913930E-03 9.93930582292880913930E-03 9.93930582292880913930E-03 9.93930582292880913930E-03 9.93930582292880913930E-03 9.93930582292880913930E-03 9.93930582292880913930E-03 9.93930582292880913930E-03 9.93930582292880913930E-03 9.93930582292880913930E-03 9.93930582292880913930E-03 9.93930582292880913930E-03 9.93930582292880913930E-03 9.93930582292880913930E-03 9.93930582292880913930E-03 9.93930582292880913930E-03 9.93930582292880913930E-03 9.93930582292880913930E-03 9.93930582292880913930E-03 9.93930582292880913930E-03 9.93930582292880913930E-03 9.93930582292880913930E-03 9.93930582292880913930E-03 9.93930582292880913930E-03 9.93930582292880913930E-03 9.93930582292880913930E-03 9.93930582292880913930E-03 9.93930582292880913930E-03 9.93930582292880913930E-03 9.93930582292880913930E-03 9.93930582292880913930E-03 9.93930582292880913930E-03 9.93930582292880913930E-03 9.93930582292880913930E-03 9.93930582292880913930E-03 9.93930582292880913930E-03 9.93930582292880913930E-03 9.93930582292880913930E-03 9.93930582292880913930E-03 9.93930582292880913930E-03 9.93930582292880913930E-03 9.93930582292880913930E-03 9.93930582292880913930E-03 9.93930582292880913930E-03 9.93930582292880913930E-03 9.93930582292880913930E-03 9.93930582292880913930E-03
9.23911539898479051980E-03 9.23911539898479051980E-03 9.23911539898479051980E-03 9.23911539898479051980E-03 9.23911539898479051980E-03 9.23911539898479051980E-03 9.23911539898479051980E-03 9.23911539898479051980E-03 9.23911539898479051980E-03 9.23911539898479051980E-03 9.23911539898479051980E-03 9.23911539898479051980E-03 9.23911539898479051980E-03 9.23911539898479051980E-03 9.23911539898479051980E-03 9.23911539898479051980E-03 9.23911539898479051980E-03 9.23911539898479051980E-03 9.23911539898479051980E-03 9.23911539898479051980E-03 9.23911539898479051980E-03 9.23911539898479051980E-03 9.23911539898479051980E-03 9.23911539898479051980E-03 9.23911539898479051980E-03 9.23911539898479051980E-03 9.23911539898479051980E-03 9.23911539898479051980E-03 9.23911539898479051980E-03 9.23911539898479051980E-03 9.23911539898479051980E-03 9.23911539898479051980E-03 9.23911539898479051980E-03 9.23911539898479051980E-03 9.23911539898479051980E-03 9.23911539898479051980E-03 9.23911539898479051980E-03 9.23911539898479051980E-03 9.23911539898479051980E-03 9.23911539898479051980E-03 9.23911539898479051980E-03 9.23911539898479051980E-03 9.23911539898479051980E-03 9.23911539898479051980E-03 9.23911539898479051980E-03 9.23911539898479051980E-03 9.23911539898479051980E-03 9.23911539898479051980E-03 9.23911539898479051980E-03 9.23911539898479051980E-03 9.23911539898479051980E-03 9.23911539898479051980E-03 9.23911539898479051980E-03 9.23911539898479051980E-03 9.23911539898479051980E-03 9.23911539898479051980E-03
1.04534520375169602546E-02 1.04534520375169602546E-02 1.04534520375169602546E-02 1.04534520375169602546E-02 1.04534520375169602546E-02 1.04534520375169602546E-02 1.04534520375169602546E-02 1.04534520375169602546E-02 1.04534520375169602546E-02 1.04534520375169602546E-02 1.04534520375169602546E-02 1.04534520375169602546E-02 1.04534520375169602546E-02 1.04534520375169602546E-02 1.04534520375169602546E-02 1.04534520375169602546E-02 1.04534520375169602546E-02 1.04534520375169602546E-02 1.04534520375169602546E-02 1.04534520375169602546E-02 1.04534520375169602546E-02 1.04534520375169602546E-02 1.04534520375169602546E-02 1.04534520375169602546E-02 1.04534520375169602546E-02 1.04534520375169602546E-02 1.04534520375169602546E-02 1.04534520375169602546E-02 1.04534520375169602546E-02 1.04534520375169602546E-02 1.04534520375169602546E-02 1.04534520375169602546E-02 1.04534520375169602546E-02 1.04534520375169602546E-02 1.04534520375169602546E-02 1.04534520375169602546E-02 1.04534520375169602546E-02 1.04534520375169602546E-02 1.04534520375169602546E-02 1.04534520375169602546E-02 1.04534520375169602546E-02 1.04534520375169602546E-02 1.04534520375169602546E-02 1.04534520375169602546E-02 1.04534520375169602546E-02 1.04534520375169602546E-02 1.04534520375169602546E-02 1.04534520375169602546E-02 1.04534520375169602546E-02 1.04534520375169602546E-02 1.04534520375169602546E-02 1.04534520375169602546E-02 1.04534520375169602546E-02 1.04534520375169602546E-02 1.04534520375169602546E-02 1.04534520375169602546E-02
8.53010684386178164029E-03 8.53010684386178164029E-03 8.53010684386178164029E-03 8.53010684386178164029E-03 8.53010684386178164029E-03 8.53010684386178164029E-03 8.53010684386178164029E-03 8.53010684386178164029E-03 8.53010684386178164029E-03 8.53010684386178164029E-03 8.53010684386178164029E-03 8.53010684386178164029E-03 8.53010684386178164029E-03 8.53010684386178164029E-03 8.53010684386178164029E-03 8.53010684386178164029E-03 8.53010684386178164029E-03 8.53010684386178164029E-03 8.53010684386178164029E-03 8.53010684386178164029E-03 8.53010684386178164029E-03 8.53010684386178164029E-03 8.53010684386178164029E-03 8.53010684386178164029E-03 8.53010684386178164029E-03 8.53010684386178164029E-03 8.53010684386178164029E-03 8.53010684386178164029E-03 8.53010684386178164029E-03 8.53010684386178164029E-03 8.53010684386178164029E-03 8.53010684386178164029E-03 8.53010684386178164029E-03 8.53010684386178164029E-03 8.53010684386178164029E-03 8.53010684386178164029E-03 8.53010684386178164029E-03 8.53010684386178164029E-03 8.53010684386178164029E-03 8.53010684386178164029E-03 8.53010684386178164029E-03 8.53010684386178164029E-03 8.53010684386178164029E-03 8.53010684386178164029E-03 8.53010684386178164029E-03 8.53010684386178164029E-03 8.53010684386178164029E-03 8.53010684386178164029E-03 8.53010684386178164029E-03 8.53010684386178164029E-03 8.53010684386178164029E-03 8.53010684386178164029E-03 8.53010684386178164029E-03 8.53010684386178164029E-03 8.53010684386178164029E-03 8.53010684386178164029E-03
1.13164643713240357925E-02 1.13164643713240357925E-02 1.13164643713240357925E-02 1.13164643713240357925E-02 1.13164643713240357925E-02 1.13164643713240357925E-02 1.13164643713240357925E-02 1.13164643713240357925E-02 1.13164643713240357925E-02 1.13164643713240357925E-02 1.13164643713240357925E-02 1.13164643713240357925E-02 1.13164643713240357925E-02 1.13164643713240357925E-02 1.13164643713240357925E-02 1.13164643713240357925E-02 1.13164643713240357925E-02 1.13164643713240357925E-02 1.13164643713240357925E-02 1.13164643713240357925E-02 1.13164643713240357925E-02 1.13164643713240357925E-02 1.13164643713240357925E-02 1.13164643713240357925E-02 1.13164643713240357925E-02 1.13164643713240357925E-02 1.13164643713240357925E-02 1.13164643713240357925E-02 1.13164643713240357925E-02 1.13164643713240357925E-02 1.13164643713240357925E-02 1.13164643713240357925E-02 1.13164643713240357925E-02 1.13164643713240357925E-02 1.13164643713240357925E-02 1.13164643713240357925E-02 1.13164643713240357925E-02 1.13164643713240357925E-02 1.13164643713240357925E-02 1.13164643713240357925E-02 1.13164643713240357925E-02 1.13164643713240357925E-02 1.13164643713240357925E-02 1.13164643713240357925E-02 1.13164643713240357925E-02 1.13164643713240357925E-02 1.13164643713240357925E-02 1.13164643713240357925E-02 1.13164643713240357925E-02 1.13164643713240357925E-02 1.13164643713240357925E-02 1.13164643713240357925E-02 1.13164643713240357925E-02 1.13164643713240357925E-02 1.13164643713240357925E-02 1.13164643713240357925E-02
9.24209537650906055861E-03 9.24209537650906055861E-03 9.24209537650906055861E-03 9.24209537650906055861E-03 9.24209537650906055861E-03 9.24209537650906055861E-03 9.24209537650906055861E-03 9.24209537650906055861E-03 9.24209537650906055861E-03 9.24209537650906055861E-03 9.24209537650906055861E-03 9.24209537650906055861E-03 9.24209537650906055861E-03 9.24209537650906055861E-03 9.24209537650906055861E-03 9.24209537650906055861E-03 9.24209537650906055861E-03 9.24209537650906055861E-03 9.24209537650906055861E-03 9.24209537650906055861E-03 9.24209537650906055861E-03 9.24209537650906055861E-03 9.24209537650906055861E-03 9.24209537650906055861E-03 9.24209537650906055861E-03 9.24209537650906055861E-03 9.24209537650906055861E-03 9.24209537650906055861E-03 9.24209537650906055861E-03 9.24209537650906055861E-03 9.24209537650906055861E-03 9.24209537650906055861E-03 9.24209537650906055861E-03 9.24209537650906055861E-03 9.24209537650906055861E-03 9.24209537650906055861E-03 9.24209537650906055861E-03 9.24209537650906055861E-03 9.24209537650906055861E-03 9.24209537650906055861E-03 9.24209537650906055861E-03 9.24209537650906055861E-03 9.24209537650906055861E-03 9.24209537650906055861E-03 9.24209537650906055861E-03 9.24209537650906055861E-03 9.24209537650906055861E-03 9.24209537650906055861E-03 9.24209537650906055861E-03 9.24209537650906055861E-03 9.24209537650906055861E-03 9.24209537650906055861E-03 9.24209537650906055861E-03 9.24209537650906055861E-03 9.24209537650906055861E-03 9.24209537650906055861E-03
9.63066171416046730436E-03 9.63066171416046730436E-03 9.63066171416046730436E-03 9.63066171416046730436E-03 9.63066171416046730436E-03 9.63066171416046730436E-03 9.63066171416046730436E-03 9.63066171416046730436E-03 9.63066171416046730436E-03 9.63066171416046730436E-03 9.63066171416046730436E-03 9.63066171416046730436E-03 9.63066171416046730436E-03 9.63066171416046730436E-03 9.63066171416046730436E-03 9.63066171416046730436E-03 9.63066171416046730436E-03 9.63066171416046730436E-03 9.63066171416046730436E-03 9.63066171416046730436E-03 9.63066171416046730436E-03 9.63066171416046730436E-03 9.63066171416046730436E-03 9.63066171416046730436E-03 9.63066171416046730436E-03 9.63066171416046730436E-03 9.63066171416046730436E-03 9.63066171416046730436E-03 9.63066171416046730436E-03 9.63066171416046730436E-03 9.63066171416046730436E-03 9.63066171416046730436E-03 9.63066171416046730436E-03 9.63066171416046730436E-03 9.63066171416046730436E-03 9.63066171416046730436E-03 9.63066171416046730436E-03 9.63066171416046730436E-03 9.63066171416046730436E-03 9.63066171416046730436E-03 9.63066171416046730436E-03 9.63066171416046730436E-03 9.63066171416046730436E-03 9.63066171416046730436E-03 9.63066171416046730436E-03 9.63066171416046730436E-03 9.63066171416046730436E-03 9.63066171416046730436E-03 9.63066171416046730436E-03 9.63066171416046730436E-03 9.63066171416046730436E-03 9.63066171416046730436E-03 9.63066171416046730436E-03 9.63066171416046730436E-03 9.63066171416046730436E-03 9.63066171416046730436E-03
1.26303725375074889919E-02 1.26303725375074889919E-02 1.26303725375074889919E-02 1.26303725375074889919E-02 1.26303725375074889919E-02 1.26303725375074889919E-02 1.26303725375074889919E-02 1.26303725375074889919E-02 1.26303725375074889919E-02 1.26303725375074889919E-02 1.26303725375074889919E-02 1.26303725375074889919E-02 1.26303725375074889919E-02 1.26303725375074889919E-02 1.26303725375074889919E-02 1.26303725375074889919E-02 1.26303725375074889919E-02 1.26303725375074889919E-02 1.26303725375074889919E-02 1.26303725375074889919E-02 1.26303725375074889919E-02 1.26303725375074889919E-02 1.26303725375074889919E-02 1.26303725375074889919E-02 1.26303725375074889919E-02 1.26303725375074889919E-02 1.26303725375074889919E-02 1.26303725375074889919E-02 1.26303725375074889919E-02 1.26303725375074889919E-02 1.26303725375074889919E-02 1.26303725375074889919E-02 1.26303725375074889919E-02 1.26303725375074889919E-02 1.26303725375074889919E-02 1.26303725375074889919E-02 1.26303725375074889919E-02 1.26303725375074889919E-02 1.26303725375074889919E-02 1.26303725375074889919E-02 1.26303725375074889919E-02 1.26303725375074889919E-02 1.26303725375074889919E-02 1.26303725375074889919E-02 1.26303725375074889919E-02 1.26303725375074889919E-02 1.26303725375074889919E-02 1.26303725375074889919E-02 1.26303725375074889919E-02 1.26303725375074889919E-02 1.26303725375074889919E-02 1.26303725375074889919E-02 1.26303725375074889919E-02 1.26303725375074889919E-02 1.26303725375074889919E-02 1.26303725375074889919E-02
8.92803848502041544344E-03 8.92803848502041544344E-03 8.92803848502041544344E-03 8.92803848502041544344E-03 8.92803848502041544344E-03 8.92803848502041544344E-03 8.92803848502041544344E-03 8.92803848502041544344E-03 8.92803848502041544344E-03 8.92803848502041544344E-03 8.92803848502041544344E-03 8.92803848502041544344E-03 8.92803848502041544344E-03 8.92803848502041544344E-03 8.92803848502041544344E-03 8.92803848502041544344E-03 8.92803848502041544344E-03 8.92803848502041544344E-03 8.92803848502041544344E-03 8.92803848502041544344E-03 8.92803848502041544344E-03 8.92803848502041544344E-03 8.92803848502041544344E-03 8.92803848502041544344E-03 8.92803848502041544344E-03 8.92803848502041544344E-03 8.92803848502041544344E-03 8.92803848502041544344E-03 8.92803848502041544344E-03 8.92803848502041544344E-03 8.92803848502041544344E-03 8.92803848502041544344E-03 8.92803848502041544344E-03 8.92803848502041544344E-03 8.92803848502041544344E-03 8.92803848502041544344E-03 8.92803848502041544344E-03 8.92803848502041544344E-03 8.92803848502041544344E-03 8.92803848502041544344E-03 8.92803848502041544344E-03 8.92803848502041544344E-03 8.92803848502041544344E-03 8.92803848502041544344E-03 8.92803848502041544344E-03 8.92803848502041544344E-03 8.92803848502041544344E-03 8.92803848502041544344E-03 8.92803848502041544344E-03 8.92803848502041544344E-03 8.92803848502041544344E-03 8.92803848502041544344E-03 8.92803848502041544344E-03 8.92803848502041544344E-03 8.92803848502041544344E-03 8.92803848502041544344E-03
1.02212902781766042104E-02 1.02212902781766042104E-02 1.02212902781766042104E-02 1.02212902781766042104E-02 1.02212902781766042104E-02 1.02212902781766042104E-02 1.02212902781766042104E-02 1.02212902781766042104E-02 1.02212902781766042104E-02 1.02212902781766042104E-02 1.02212902781766042104E-02 1.02212902781766042104E-02 1.02212902781766042104E-02 1.02212902781766042104E-02 1.02212902781766042104E-02 1.02212902781766042104E-02 1.02212902781766042104E-02 1.02212902781766042104E-02 1.02212902781766042104E-02 1.02212902781766042104E-02 1.02212902781766042104E-02 1.02212902781766042104E-02 1.02212902781766042104E-02 1.02212902781766042104E-02 1.02212902781766042104E-02 1.02212902781766042104E-02 1.02212902781766042104E-02 1.02212902781766042104E-02 1.02212902781766042104E-02 1.02212902781766042104E-02 1.02212902781766042104E-02 1.02212902781766042104E-02 1.02212902781766042104E-02 1.02212902781766042104E-02 1.02212902781766042104E-02 1.02212902781766042104E-02 1.02212902781766042104E-02 1.02212902781766042104E-02 1.02212902781766042104E-02 1.02212902781766042104E-02 1.02212902781766042104E-02 1.02212902781766042104E-02 1.02212902781766042104E-02 1.02212902781766042104E-02 1.02212902781766042104E-02 1.02212902781766042104E-02 1.02212902781766042104E-02 1.02212902781766042104E-02 1.02212902781766042104E-02 1.02212902781766042104E-02 1.02212902781766042104E-02 1.02212902781766042104E-02 1.02212902781766042104E-02 1.02212902781766042104E-02 1.02212902781766042104E-02 1.02212902781766042104E-02
1.08966825447188251502E-02 1.08966825447188251502E-02 1.08966825447188251502E-02 1.08966825447188251502E-02 1.08966825447188251502E-02 1.08966825447188251502E-02 1.08966825447188251502E-02 1.08966825447188251502E-02 1.08966825447188251502E-02 1.08966825447188251502E-02 1.08966825447188251502E-02 1.08966825447188251502E-02 1.08966825447188251502E-02 1.08966825447188251502E-02 1.08966825447188251502E-02 1.08966825447188251502E-02 1.08966825447188251502E-02 1.08966825447188251502E-02 1.08966825447188251502E-02 1.08966825447188251502E-02 1.08966825447188251502E-02 1.08966825447188251502E-02 1.08966825447188251502E-02 1.08966825447188251502E-02 1.08966825447188251502E-02 1.08966825447188251502E-02 1.08966825447188251502E-02 1.08966825447188251502E-02 1.08966825447188251502E-02 1.08966825447188251502E-02 1.08966825447188251502E-02 1.08966825447188251502E-02 1.08966825447188251502E-02 1.08966825447188251502E-02 1.08966825447188251502E-02 1.08966825447188251502E-02 1.08966825447188251502E-02 1.08966825447188251502E-02 1.08966825447188251502E-02 1.08966825447188251502E-02 1.08966825447188251502E-02 1.08966825447188251502E-02 1.08966825447188251502E-02 1.08966825447188251502E-02 1.08966825447188251502E-02 1.08966825447188251502E-02 1.08966825447188251502E-02 1.08966825447188251502E-02 1.08966825447188251502E-02 1.08966825447188251502E-02 1.08966825447188251502E-02 1.08966825447188251502E-02 1.08966825447188251502E-02 1.08966825447188251502E-02 1.08966825447188251502E-02 1.08966825447188251502E-02
1.26787148440781725911E-02 1.26787148440781725911E-02 1.26787148440781725911E-02 1.26787148440781725911E-02 1.26787148440781725911E-02 1.26787148440781725911E-02 1.26787148440781725911E-02 1.26787148440781725911E-02 1.26787148440781725911E-02 1.26787148440781725911E-02 1.26787148440781725911E-02 1.26787148440781725911E-02 1.26787148440781725911E-02 1.26787148440781725911E-02 1.26787148440781725911E-02 1.26787148440781725911E-02 1.26787148440781725911E-02 1.26787148440781725911E-02 1.26787148440781725911E-02 1.26787148440781725911E-02 1.26787148440781725911E-02 1.26787148440781725911E-02 1.26787148440781725911E-02 1.26787148440781725911E-02 1.26787148440781725911E-02 1.26787148440781725911E-02 1.26787148440781725911E-02 1.26787148440781725911E-02 1.26787148440781725911E-02 1.26787148440781725911E-02 1.26787148440781725911E-02 1.26787148440781725911E-02 1.26787148440781725911E-02 1.26787148440781725911E-02 1.26787148440781725911E-02 1.26787148440781725911E-02 1.26787148440781725911E-02 1.26787148440781725911E-02 1.26787148440781725911E-02 1.26787148440781725911E-02 1.26787148440781725911E-02 1.26787148440781725911E-02 1.26787148440781725911E-02 1.26787148440781725911E-02 1.26787148440781725911E-02 1.26787148440781725911E-02 1.26787148440781725911E-02 1.26787148440781725911E-02 1.26787148440781725911E-02 1.26787148440781725911E-02 1.26787148440781725911E-02 1.26787148440781725911E-02 1.26787148440781725911E-02 1.26787148440781725911E-02 1.26787148440781725911E-02 1.26787148440781725911E-02
1.04711239125179125103E-02 1.04711239125179125103E-02 1.04711239125179125103E-02 1.04711239125179125103E-02 1.04711239125179125103E-02 1.04711239125179125103E-02 1.04711239125179125103E-02 1.04711239125179125103E-02 1.04711239125179125103E-02 1.04711239125179125103E-02 1.04711239125179125103E-02 1.04711239125179125103E-02 1.04711239125179125103E-02 1.04711239125179125103E-02 1.04711239125179125103E-02 1.04711239125179125103E-02 1.04711239125179125103E-02 1.04711239125179125103E-02 1.04711239125179125103E-02 1.04711239125179125103E-02 1.04711239125179125103E-02 1.04711239125179125103E-02 1.04711239125179125103E-02 1.04711239125179125103E-02 1.04711239125179125103E-02 1.04711239125179125103E-02 1.04711239125179125103E-02 1.04711239125179125103E-02 1.04711239125179125103E-02 1.04711239125179125103E-02 1.04711239125179125103E-02 1.04711239125179125103E-02 1.04711239125179125103E-02 1.04711239125179125103E-02 1.04711239125179125103E-02 1.04711239125179125103E-02 1.04711239125179125103E-02 1.04711239125179125103E-02 1.04711239125179125103E-02 1.04711239125179125103E-02 1.04711239125179125103E-02 1.04711239125179125103E-02 1.04711239125179125103E-02 1.04711239125179125103E-02 1.04711239125179125103E-02 1.04711239125179125103E-02 1.04711239125179125103E-02 1.04711239125179125103E-02 1.04711239125179125103E-02 1.04711239125179125103E-02 1.04711239125179125103E-02 1.04711239125179125103E-02 1.04711239125179125103E-02 1.04711239125179125103E-02 1.04711239125179125103E-02 1.04711239125179125103E-02
9.12529915405631102121E-03 9.12529915405631102121E-03 9.12529915405631102121E-03 9.12529915405631102121E-03 9.12529915405631102121E-03 9.12529915405631102121E-03 9.12529915405631102121E-03 9.12529915405631102121E-03 9.12529915405631102121E-03 9.12529915405631102121E-03 9.12529915405631102121E-03 9.12529915405631102121E-03 9.12529915405631102121E-03 9.12529915405631102121E-03 9.12529915405631102121E-03 9.12529915405631102121E-03 9.12529915405631102121E-03 9.12529915405631102121E-03 9.12529915405631102121E-03 9.12529915405631102121E-03 9.12529915405631102121E-03 9.12529915405631102121E-03 9.12529915405631102121E-03 9.12529915405631102121E-03 9.12529915405631102121E-03 9.12529915405631102121E-03 9.12529915405631102121E-03 9.12529915405631102121E-03 9.12529915405631102121E-03 9.12529915405631102121E-03 9.12529915405631102121E-03 9.12529915405631102121E-03 9.12529915405631102121E-03 9.12529915405631102121E-03 9.12529915405631102121E-03 9.12529915405631102121E-03 9.12529915405631102121E-03 9.12529915405631102121E-03 9.12529915405631102121E-03 9.12529915405631102121E-03 9.12529915405631102121E-03 9.12529915405631102121E-03 9.12529915405631102121E-03 9.12529915405631102121E-03 9.12529915405631102121E-03 9.12529915405631102121E-03 9.12529915405631102121E-03 9.12529915405631102121E-03 9.12529915405631102121E-03 9.12529915405631102121E-03 9.12529915405631102121E-03 9.12529915405631102121E-03 9.12529915405631102121E-03 9.12529915405631102121E-03 9.12529915405631102121E-03 9.12529915405631102121E-03
1.09912558091295551460E-02 1.09912558091295551460E-02 1.09912558091295551460E-02 1.09912558091295551460E-02 1.09912558091295551460E-02 1.09912558091295551460E-02 1.09912558091295551460E-02 1.09912558091295551460E-02 1.09912558091295551460E-02 1.09912558091295551460E-02 1.09912558091295551460E-02 1.09912558091295551460E-02 1.09912558091295551460E-02 1.09912558091295551460E-02 1.09912558091295551460E-02 1.09912558091295551460E-02 1.09912558091295551460E-02 1.09912558091295551460E-02 1.09912558091295551460E-02 1.09912558091295551460E-02 1.09912558091295551460E-02 1.09912558091295551460E-02 1.09912558091295551460E-02 1.09912558091295551460E-02 1.09912558091295551460E-02 1.09912558091295551460E-02 1.09912558091295551460E-02 1.09912558091295551460E-02 1.09912558091295551460E-02 1.09912558091295551460E-02 1.09912558091295551460E-02 1.09912558091295551460E-02 1.09912558091295551460E-02 1.09912558091295551460E-02 1.09912558091295551460E-02 1.09912558091295551460E-02 1.09912558091295551460E-02 1.09912558091295551460E-02 1.09912558091295551460E-02 1.09912558091295551460E-02 1.09912558091295551460E-02 1.09912558091295551460E-02 1.09912558091295551460E-02 1.09912558091295551460E-02 1.09912558091295551460E-02 1.09912558091295551460E-02 1.09912558091295551460E-02 1.09912558091295551460E-02 1.09912558091295551460E-02 1.09912558091295551460E-02 1.09912558091295551460E-02 1.09912558091295551460E-02 1.09912558091295551460E-02 1.09912558091295551460E-02 1.09912558091295551460E-02 1.09912558091295551460E-02
9.53588804768301483150E-03 9.53588804768301483150E-03 9.53588804768301483150E-03 9.53588804768301483150E-03 9.53588804768301483150E-03 9.53588804768301483150E-03 9.53588804768301483150E-03 9.53588804768301483150E-03 9.53588804768301483150E-03 9.53588804768301483150E-03 9.53588804768301483150E-03 9.53588804768301483150E-03 9.53588804768301483150E-03 9.53588804768301483150E-03 9.53588804768301483150E-03 9.53588804768301483150E-03 9.53588804768301483150E-03 9.53588804768301483150E-03 9.53588804768301483150E-03 9.53588804768301483150E-03 9.53588804768301483150E-03 9.53588804768301483150E-03 9.53588804768301483150E-03 9.53588804768301483150E-03 9.53588804768301483150E-03 9.53588804768301483150E-03 9.53588804768301483150E-03 9.53588804768301483150E-03 9.53588804768301483150E-03 9.53588804768301483150E-03 9.53588804768301483150E-03 9.53588804768301483150E-03 9.53588804768301483150E-03 9.53588804768301483150E-03 9.53588804768301483150E-03 9.53588804768301483150E-03 9.53588804768301483150E-03 9.53588804768301483150E-03 9.53588804768301483150E-03 9.53588804768301483150E-03 9.53588804768301483150E-03 9.53588804768301483150E-03 9.53588804768301483150E-03 9.53588804768301483150E-03 9.53588804768301483150E-03 9.53588804768301483150E-03 9.53588804768301483150E-03 9.53588804768301483150E-03 9.53588804768301483150E-03 9.53588804768301483150E-03 9.53588804768301483150E-03 9.53588804768301483150E-03 9.53588804768301483150E-03 9.53588804768301483150E-03 9.53588804768301483150E-03 9.53588804768301483150E-03
9.42937725098308594796E-03 9.42937725098308594796E-03 9.42937725098308594796E-03 9.42937725098308594796E-03 9.42937725098308594796E-03 9.42937725098308594796E-03 9.42937725098308594796E-03 9.42937725098308594796E-03 9.42937725098308594796E-03 9.42937725098308594796E-03 9.42937725098308594796E-03 9.42937725098308594796E-03 9.42937725098308594796E-03 9.42937725098308594796E-03 9.42937725098308594796E-03 9.42937725098308594796E-03 9.42937725098308594796E-03 9.42937725098308594796E-03 9.42937725098308594796E-03 9.42937725098308594796E-03 9.42937725098308594796E-03 9.42937725098308594796E-03 9.42937725098308594796E-03 9.42937725098308594796E-03 9.42937725098308594796E-03 9.42937725098308594796E-03 9.42937725098308594796E-03 9.42937725098308594796E-03 9.42937725098308594796E-03 9.42937725098308594796E-03 9.42937725098308594796E-03 9.42937725098308594796E-03 9.42937725098308594796E-03 9.42937725098308594796E-03 9.42937725098308594796E-03 9.42937725098308594796E-03 9.42937725098308594796E-03 9.42937725098308594796E-03 9.42937725098308594796E-03 9.42937725098308594796E-03 9.42937725098308594796E-03 9.42937725098308594796E-03 9.42937725098308594796E-03 9.42937725098308594796E-03 9.42937725098308594796E-03 9.42937725098308594796E-03 9.42937725098308594796E-03 9.42937725098308594796E-03 9.42937725098308594796E-03 9.42937725098308594796E-03 9.42937725098308594796E-03 9.42937725098308594796E-03 9.42937725098308594796E-03 9.42937725098308594796E-03 9.42937725098308594796E-03 9.42937725098308594796E-03
1.09435073497607809889E-02 1.09435073497607809889E-02 1.09435073497607809889E-02 1.09435073497607809889E-02 1.09435073497607809889E-02 1.09435073497607809889E-02 1.09435073497607809889E-02 1.09435073497607809889E-02 1.09435073497607809889E-02 1.09435073497607809889E-02 1.09435073497607809889E-02 1.09435073497607809889E-02 1.09435073497607809889E-02 1.09435073497607809889E-02 1.09435073497607809889E-02 1.09435073497607809889E-02 1.09435073497607809889E-02 1.09435073497607809889E-02 1.09435073497607809889E-02 1.09435073497607809889E-02 1.09435073497607809889E-02 1.09435073497607809889E-02 1.09435073497607809889E-02 1.09435073497607809889E-02 1.09435073497607809889E-02 1.09435073497607809889E-02 1.09435073497607809889E-02 1.09435073497607809889E-02 1.09435073497607809889E-02 1.09435073497607809889E-02 1.09435073497607809889E-02 1.09435073497607809889E-02 1.09435073497607809889E-02 1.09435073497607809889E-02 1.09435073497607809889E-02 1.09435073497607809889E-02 1.09435073497607809889E-02 1.09435073497607809889E-02 1.09435073497607809889E-02 1.09435073497607809889E-02 1.09435073497607809889E-02 1.09435073497607809889E-02 1.09435073497607809889E-02 1.09435073497607809889E-02 1.09435073497607809889E-02 1.09435073497607809889E-02 1.09435073497607809889E-02 1.09435073497607809889E-02 1.09435073497607809889E-02 1.09435073497607809889E-02 1.09435073497607809889E-02 1.09435073497607809889E-02 1.09435073497607809889E-02 1.09435073497607809889E-02 1.09435073497607809889E-02 1.09435073497607809889E-02
9.96578392321065438531E-03 9.96578392321065438531E-03 9.96578392321065438531E-03 9.96578392321065438531E-03 9.96578392321065438531E-03 9.96578392321065438531E-03 9.96578392321065438531E-03 9.96578392321065438531E-03 9.96578392321065438531E-03 9.96578392321065438531E-03 9.96578392321065438531E-03 9.96578392321065438531E-03 9.96578392321065438531E-03 9.96578392321065438531E-03 9.96578392321065438531E-03 9.96578392321065438531E-03 9.96578392321065438531E-03 9.96578392321065438531E-03 9.96578392321065438531E-03 9.96578392321065438531E-03 9.96578392321065438531E-03 9.96578392321065438531E-03 9.96578392321065438531E-03 9.96578392321065438531E-03 9.96578392321065438531E-03 9.96578392321065438531E-03 9.96578392321065438531E-03 9.96578392321065438531E-03 9.96578392321065438531E-03 9.96578392321065438531E-03 9.96578392321065438531E-03 9.96578392321065438531E-03 9.96578392321065438531E-03 9.96578392321065438531E-03 9.96578392321065438531E-03 9.96578392321065438531E-03 9.96578392321065438531E-03 9.96578392321065438531E-03 9.96578392321065438531E-03 9.96578392321065438531E-03 9.96578392321065438531E-03 9.96578392321065438531E-03 9.96578392321065438531E-03 9.96578392321065438531E-03 9.96578392321065438531E-03 9.96578392321065438531E-03 9.96578392321065438531E-03 9.96578392321065438531E-03 9.96578392321065438531E-03 9.96578392321065438531E-03 9.96578392321065438531E-03 9.96578392321065438531E-03 9.96578392321065438531E-03 9.96578392321065438531E-03 9.96578392321065438531E-03 9.96578392321065438531E-03
1.02598893868201101326E-02 1.02598893868201101326E-02 1.02598893868201101326E-02 1.02598893868201101326E-02 1.02598893868201101326E-02 1.02598893868201101326E-02 1.02598893868201101326E-02 1.02598893868201101326E-02 1.02598893868201101326E-02 1.02598893868201101326E-02 1.02598893868201101326E-02 1.02598893868201101326E-02 1.02598893868201101326E-02 1.02598893868201101326E-02 1.02598893868201101326E-02 1.02598893868201101326E-02 1.02598893868201101326E-02 1.02598893868201101326E-02 1.02598893868201101326E-02 1.02598893868201101326E-02 1.02598893868201101326E-02 1.02598893868201101326E-02 1.02598893868201101326E-02 1.02598893868201101326E-02 1.02598893868201101326E-02 1.02598893868201101326E-02 1.02598893868201101326E-02 1.02598893868201101326E-02 1.02598893868201101326E-02 1.02598893868201101326E-02 1.02598893868201101326E-02 1.02598893868201101326E-02 1.02598893868201101326E-02 1.02598893868201101326E-02 1.02598893868201101326E-02 1.02598893868201101326E-02 1.02598893868201101326E-02 1.02598893868201101326E-02 1.02598893868201101326E-02 1.02598893868201101326E-02 1.02598893868201101326E-02 1.02598893868201101326E-02 1.02598893868201101326E-02 1.02598893868201101326E-02 1.02598893868201101326E-02 1.02598893868201101326E-02 1.02598893868201101326E-02 1.02598893868201101326E-02 1.02598893868201101326E-02 1.02598893868201101326E-02 1.02598893868201101326E-02 1.02598893868201101326E-02 1.02598893868201101326E-02 1.02598893868201101326E-02 1.02598893868201101326E-02 1.02598893868201101326E-02
9.50641549587198653182E-03 9.50641549587198653182E-03 9.50641549587198653182E-03 9.50641549587198653182E-03 9.50641549587198653182E-03 9.50641549587198653182E-03 9.50641549587198653182E-03 9.50641549587198653182E-03 9.50641549587198653182E-03 9.50641549587198653182E-03 9.50641549587198653182E-03 9.50641549587198653182E-03 9.50641549587198653182E-03 9.50641549587198653182E-03 9.50641549587198653182E-03 9.50641549587198653182E-03 9.50641549587198653182E-03 9.50641549587198653182E-03 9.50641549587198653182E-03 9.50641549587198653182E-03 9.50641549587198653182E-03 9.50641549587198653182E-03 9.50641549587198653182E-03 9.50641549587198653182E-03 9.50641549587198653182E-03 9.50641549587198653182E-03 9.50641549587198653182E-03 9.50641549587198653182E-03 9.50641549587198653182E-03 9.50641549587198653182E-03 9.50641549587198653182E-03 9.50641549587198653182E-03 9.50641549587198653182E-03 9.50641549587198653182E-03 9.50641549587198653182E-03 9.50641549587198653182E-03 9.50641549587198653182E-03 9.50641549587198653182E-03 9.50641549587198653182E-03 9.50641549587198653182E-03 9.50641549587198653182E-03 9.50641549587198653182E-03 9.50641549587198653182E-03 9.50641549587198653182E-03 9.50641549587198653182E-03 9.50641549587198653182E-03 9.50641549587198653182E-03 9.50641549587198653182E-03 9.50641549587198653182E-03 9.50641549587198653182E-03 9.50641549587198653182E-03 9.50641549587198653182E-03 9.50641549587198653182E-03 9.50641549587198653182E-03 9.50641549587198653182E-03 9.50641549587198653182E-03
9.70437143133493287928E-03 9.70437143133493287928E-03 9.70437143133493287928E-03 9.70437143133493287928E-03 9.70437143133493287928E-03 9.70437143133493287928E-03 9.70437143133493287928E-03 9.70437143133493287928E-03 9.70437143133493287928E-03 9.70437143133493287928E-03 9.70437143133493287928E-03 9.70437143133493287928E-03 9.70437143133493287928E-03 9.70437143133493287928E-03 9.70437143133493287928E-03 9.70437143133493287928E-03 9.70437143133493287928E-03 9.70437143133493287928E-03 9.70437143133493287928E-03 9.70437143133493287928E-03 9.70437143133493287928E-03 9.70437143133493287928E-03 9.70437143133493287928E-03 9.70437143133493287928E-03 9.70437143133493287928E-03 9.70437143133493287928E-03 9.70437143133493287928E-03 9.70437143133493287928E-03 9.70437143133493287928E-03 9.70437143133493287928E-03 9.70437143133493287928E-03 9.70437143133493287928E-03 9.70437143133493287928E-03 9.70437143133493287928E-03 9.70437143133493287928E-03 9.70437143133493287928E-03 9.70437143133493287928E-03 9.70437143133493287928E-03 9.70437143133493287928E-03 9.70437143133493287928E-03 9.70437143133493287928E-03 9.70437143133493287928E-03 9.70437143133493287928E-03 9.70437143133493287928E-03 9.70437143133493287928E-03 9.70437143133493287928E-03 9.70437143133493287928E-03 9.70437143133493287928E-03 9.70437143133493287928E-03 9.70437143133493287928E-03 9.70437143133493287928E-03 9.70437143133493287928E-03 9.70437143133493287928E-03 9.70437143133493287928E-03 9.70437143133493287928E-03 9.70437143133493287928E-03
1.19335752322013918802E-02 1.19335752322013918802E-02 1.19335752322013918802E-02 1.19335752322013918802E-02 1.19335752322013918802E-02 1.19335752322013918802E-02 1.19335752322013918802E-02 1.19335752322013918802E-02 1.19335752322013918802E-02 1.19335752322013918802E-02 1.19335752322013918802E-02 1.19335752322013918802E-02 1.19335752322013918802E-02 1.19335752322013918802E-02 1.19335752322013918802E-02 1.19335752322013918802E-02 1.19335752322013918802E-02 1.19335752322013918802E-02 1.19335752322013918802E-02 1.19335752322013918802E-02 1.19335752322013918802E-02 1.19335752322013918802E-02 1.19335752322013918802E-02 1.19335752322013918802E-02 1.19335752322013918802E-02 1.19335752322013918802E-02 1.19335752322013918802E-02 1.19335752322013918802E-02 1.19335752322013918802E-02 1.19335752322013918802E-02 1.19335752322013918802E-02 1.19335752322013918802E-02 1.19335752322013918802E-02 1.19335752322013918802E-02 1.19335752322013918802E-02 1.19335752322013918802E-02 1.19335752322013918802E-02 1.19335752322013918802E-02 1.19335752322013918802E-02 1.19335752322013918802E-02 1.19335752322013918802E-02 1.19335752322013918802E-02 1.19335752322013918802E-02 1.19335752322013918802E-02 1.19335752322013918802E-02 1.19335752322013918802E-02 1.19335752322013918802E-02 1.19335752322013918802E-02 1.19335752322013918802E-02 1.19335752322013918802E-02 1.19335752322013918802E-02 1.19335752322013918802E-02 1.19335752322013918802E-02 1.19335752322013918802E-02 1.19335752322013918802E-02 1.19335752322013918802E-02
9.32643720752735112811E-03 9.32643720752735112811E-03 9.32643720752735112811E-03 9.32643720752735112811E-03 9.32643720752735112811E-03 9.32643720752735112811E-03 9.32643720752735112811E-03 9.32643720752735112811E-03 9.32643720752735112811E-03 9.32643720752735112811E-03 9.32643720752735112811E-03 9.32643720752735112811E-03 9.32643720752735112811E-03 9.32643720752735112811E-03 9.32643720752735112811E-03 9.32643720752735112811E-03 9.32643720752735112811E-03 9.32643720752735112811E-03 9.32643720752735112811E-03 9.32643720752735112811E-03 9.32643720752735112811E-03 9.32643720752735112811E-03 9.32643720752735112811E-03 9.32643720752735112811E-03 9.32643720752735112811E-03 9.32643720752735112811E-03 9.32643720752735112811E-03 9.32643720752735112811E-03 9.32643720752735112811E-03 9.32643720752735112811E-03 9.32643720752735112811E-03 9.32643720752735112811E-03 9.32643720752735112811E-03 9.32643720752735112811E-03 9.32643720752735112811E-03 9.32643720752735112811E-03 9.32643720752735112811E-03 9.32643720752735112811E-03 9.32643720752735112811E-03 9.32643720752735112811E-03 9.32643720752735112811E-03 9.32643720752735112811E-03 9.32643720752735112811E-03 9.32643720752735112811E-03 9.32643720752735112811E-03 9.32643720752735112811E-03 9.32643720752735112811E-03 9.32643720752735112811E-03 9.32643720752735112811E-03 9.32643720752735112811E-03 9.32643720752735112811E-03 9.32643720752735112811E-03 9.32643720752735112811E-03 9.32643720752735112811E-03 9.32643720752735112811E-03 9.32643720752735112811E-03
1.02212856707582667309E-02 1.02212856707582667309E-02 1.02212856707582667309E-02 1.02212856707582667309E-02 1.02212856707582667309E-02 1.02212856707582667309E-02 1.02212856707582667309E-02 1.02212856707582667309E-02 1.02212856707582667309E-02 1.02212856707582667309E-02 1.02212856707582667309E-02 1.02212856707582667309E-02 1.02212856707582667309E-02 1.02212856707582667309E-02 1.02212856707582667309E-02 1.02212856707582667309E-02 1.02212856707582667309E-02 1.02212856707582667309E-02 1.02212856707582667309E-02 1.02212856707582667309E-02 1.02212856707582667309E-02 1.02212856707582667309E-02 1.02212856707582667309E-02 1.02212856707582667309E-02 1.02212856707582667309E-02 1.02212856707582667309E-02 1.02212856707582667309E-02 1.02212856707582667309E-02 1.02212856707582667309E-02 1.02212856707582667309E-02 1.02212856707582667309E-02 1.02212856707582667309E-02 1.02212856707582667309E-02 1.02212856707582667309E-02 1.02212856707582667309E-02 1.02212856707582667309E-02 1.02212856707582667309E-02 1.02212856707582667309E-02 1.02212856707582667309E-02 1.02212856707582667309E-02 1.02212856707582667309E-02 1.02212856707582667309E-02 1.02212856707582667309E-02 1.02212856707582667309E-02 1.02212856707582667309E-02 1.02212856707582667309E-02 1.02212856707582667309E-02 1.02212856707582667309E-02 1.02212856707582667309E-02 1.02212856707582667309E-02 1.02212856707582667309E-02 1.02212856707582667309E-02 1.02212856707582667309E-02 1.02212856707582667309E-02 1.02212856707582667309E-02 1.02212856707582667309E-02
1.07371395977880444705E-02 1.07371395977880444705E-02 1.07371395977880444705E-02 1.07371395977880444705E-02 1.07371395977880444705E-02 1.07371395977880444705E-02 1.07371395977880444705E-02 1.07371395977880444705E-02 1.07371395977880444705E-02 1.07371395977880444705E-02 1.07371395977880444705E-02 1.07371395977880444705E-02 1.07371395977880444705E-02 1.07371395977880444705E-02 1.07371395977880444705E-02 1.07371395977880444705E-02 1.07371395977880444705E-02 1.07371395977880444705E-02 1.07371395977880444705E-02 1.07371395977880444705E-02 1.07371395977880444705E-02 1.07371395977880444705E-02 1.07371395977880444705E-02 1.07371395977880444705E-02 1.07371395977880444705E-02 1.07371395977880444705E-02 1.07371395977880444705E-02 1.07371395977880444705E-02 1.07371395977880444705E-02 1.07371395977880444705E-02 1.07371395977880444705E-02 1.07371395977880444705E-02 1.07371395977880444705E-02 1.07371395977880444705E-02 1.07371395977880444705E-02 1.07371395977880444705E-02 1.07371395977880444705E-02 1.07371395977880444705E-02 1.07371395977880444705E-02 1.07371395977880444705E-02 1.07371395977880444705E-02 1.07371395977880444705E-02 1.07371395977880444705E-02 1.07371395977880444705E-02 1.07371395977880444705E-02 1.07371395977880444705E-02 1.07371395977880444705E-02 1.07371395977880444705E-02 1.07371395977880444705E-02 1.07371395977880444705E-02 1.07371395977880444705E-02 1.07371395977880444705E-02 1.07371395977880444705E-02 1.07371395977880444705E-02 1.07371395977880444705E-02 1.07371395977880444705E-02
9.56861621475716718488E-03 9.56861621475716718488E-03 9.56861621475716718488E-03 9.56861621475716718488E-03 9.56861621475716718488E-03 9.56861621475716718488E-03 9.56861621475716718488E-03 9.56861621475716718488E-03 9.56861621475716718488E-03 9.56861621475716718488E-03 9.56861621475716718488E-03 9.56861621475716718488E-03 9.56861621475716718488E-03 9.56861621475716718488E-03 9.56861621475716718488E-03 9.56861621475716718488E-03 9.56861621475716718488E-03 9.56861621475716718488E-03 9.56861621475716718488E-03 9.56861621475716718488E-03 9.56861621475716718488E-03 9.56861621475716718488E-03 9.56861621475716718488E-03 9.56861621475716718488E-03 9.56861621475716718488E-03 9.56861621475716718488E-03 9.56861621475716718488E-03 9.56861621475716718488E-03 9.56861621475716718488E-03 9.56861621475716718488E-03 9.56861621475716718488E-03 9.56861621475716718488E-03 9.56861621475716718488E-03 9.56861621475716718488E-03 9.56861621475716718488E-03 9.56861621475716718488E-03 9.56861621475716718488E-03 9.56861621475716718488E-03 9.56861621475716718488E-03 9.56861621475716718488E-03 9.56861621475716718488E-03 9.56861621475716718488E-03 9.56861621475716718488E-03 9.56861621475716718488E-03 9.56861621475716718488E-03 9.56861621475716718488E-03 9.56861621475716718488E-03 9.56861621475716718488E-03 9.56861621475716718488E-03 9.56861621475716718488E-03 9.56861621475716718488E-03 9.56861621475716718488E-03 9.56861621475716718488E-03 9.56861621475716718488E-03 9.56861621475716718488E-03 9.56861621475716718488E-03
1.00358058090173757337E-02 1.00358058090173757337E-02 1.00358058090173757337E-02 1.00358058090173757337E-02 1.00358058090173757337E-02 1.00358058090173757337E-02 1.00358058090173757337E-02 1.00358058090173757337E-02 1.00358058090173757337E-02 1.00358058090173757337E-02 1.00358058090173757337E-02 1.00358058090173757337E-02 1.00358058090173757337E-02 1.00358058090173757337E-02 1.00358058090173757337E-02 1.00358058090173757337E-02 1.00358058090173757337E-02 1.00358058090173757337E-02 1.00358058090173757337E-02 1.00358058090173757337E-02 1.00358058090173757337E-02 1.00358058090173757337E-02 1.00358058090173757337E-02 1.00358058090173757337E-02 1.00358058090173757337E-02 1.00358058090173757337E-02 1.00358058090173757337E-02 1.00358058090173757337E-02 1.00358058090173757337E-02 1.00358058090173757337E-02 1.00358058090173757337E-02 1.00358058090173757337E-02 1.00358058090173757337E-02 1.00358058090173757337E-02 1.00358058090173757337E-02 1.00358058090173757337E-02 1.00358058090173757337E-02 1.00358058090173757337E-02 1.00358058090173757337E-02 1.00358058090173757337E-02 1.00358058090173757337E-02 1.00358058090173757337E-02 1.00358058090173757337E-02 1.00358058090173757337E-02 1.00358058090173757337E-02 1.00358058090173757337E-02 1.00358058090173757337E-02 1.00358058090173757337E-02 1.00358058090173757337E-02 1.00358058090173757337E-02 1.00358058090173757337E-02 1.00358058090173757337E-02 1.00358058090173757337E-02 1.00358058090173757337E-02 1.00358058090173757337E-02 1.00358058090173757337E-02
1.02508351262231688777E-02 1.02508351262231688777E-02 1.02508351262231688777E-02 1.02508351262231688777E-02 1.02508351262231688777E-02 1.02508351262231688777E-02 1.02508351262231688777E-02 1.02508351262231688777E-02 1.02508351262231688777E-02 1.02508351262231688777E-02 1.02508351262231688777E-02 1.02508351262231688777E-02 1.02508351262231688777E-02 1.02508351262231688777E-02 1.02508351262231688777E-02 1.02508351262231688777E-02 1.02508351262231688777E-02 1.02508351262231688777E-02 1.02508351262231688777E-02 1.02508351262231688777E-02 1.02508351262231688777E-02 1.02508351262231688777E-02 1.02508351262231688777E-02 1.02508351262231688777E-02 1.02508351262231688777E-02 1.02508351262231688777E-02 1.02508351262231688777E-02 1.02508351262231688777E-02 1.02508351262231688777E-02 1.02508351262231688777E-02 1.02508351262231688777E-02 1.02508351262231688777E-02 1.02508351262231688777E-02 1.02508351262231688777E-02 1.02508351262231688777E-02 1.02508351262231688777E-02 1.02508351262231688777E-02 1.02508351262231688777E-02 1.02508351262231688777E-02 1.02508351262231688777E-02 1.02508351262231688777E-02 1.02508351262231688777E-02 1.02508351262231688777E-02 1.02508351262231688777E-02 1.02508351262231688777E-02 1.02508351262231688777E-02 1.02508351262231688777E-02 1.02508351262231688777E-02 1.02508351262231688777E-02 1.02508351262231688777E-02 1.02508351262231688777E-02 1.02508351262231688777E-02 1.02508351262231688777E-02 1.02508351262231688777E-02 1.02508351262231688777E-02 1.02508351262231688777E-02
9.38462640803856308624E-03 9.38462640803856308624E-03 9.38462640803856308624E-03 9.38462640803856308624E-03 9.38462640803856308624E-03 9.38462640803856308624E-03 9.38462640803856308624E-03 9.38462640803856308624E-03 9.38462640803856308624E-03 9.38462640803856308624E-03 9.38462640803856308624E-03 9.38462640803856308624E-03 9.38462640803856308624E-03 9.38462640803856308624E-03 9.38462640803856308624E-03 9.38462640803856308624E-03 9.38462640803856308624E-03 9.38462640803856308624E-03 9.38462640803856308624E-03 9.38462640803856308624E-03 9.38462640803856308624E-03 9.38462640803856308624E-03 9.38462640803856308624E-03 9.38462640803856308624E-03 9.38462640803856308624E-03 9.38462640803856308624E-03 9.38462640803856308624E-03 9.38462640803856308624E-03 9.38462640803856308624E-03 9.38462640803856308624E-03 9.38462640803856308624E-03 9.38462640803856308624E-03 9.38462640803856308624E-03 9.38462640803856308624E-03 9.38462640803856308624E-03 9.38462640803856308624E-03 9.38462640803856308624E-03 9.38462640803856308624E-03 9.38462640803856308624E-03 9.38462640803856308624E-03 9.38462640803856308624E-03 9.38462640803856308624E-03 9.38462640803856308624E-03 9.38462640803856308624E-03 9.38462640803856308624E-03 9.38462640803856308624E-03 9.38462640803856308624E-03 9.38462640803856308624E-03 9.38462640803856308624E-03 9.38462640803856308624E-03 9.38462640803856308624E-03 9.38462640803856308624E-03 9.38462640803856308624E-03 9.38462640803856308624E-03 9.38462640803856308624E-03 9.38462640803856308624E-03
1.05623625837132500971E-02 1.05623625837132500971E-02 1.05623625837132500971E-02 1.05623625837132500971E-02 1.05623625837132500971E-02 1.05623625837132500971E-02 1.05623625837132500971E-02 1.05623625837132500971E-02 1.05623625837132500971E-02 1.05623625837132500971E-02 1.05623625837132500971E-02 1.05623625837132500971E-02 1.05623625837132500971E-02 1.05623625837132500971E-02 1.05623625837132500971E-02 1.05623625837132500971E-02 1.05623625837132500971E-02 1.05623625837132500971E-02 1.05623625837132500971E-02 1.05623625837132500971E-02 1.05623625837132500971E-02 1.05623625837132500971E-02 1.05623625837132500971E-02 1.05623625837132500971E-02 1.05623625837132500971E-02 1.05623625837132500971E-02 1.05623625837132500971E-02 1.05623625837132500971E-02 1.05623625837132500971E-02 1.05623625837132500971E-02 1.05623625837132500971E-02 1.05623625837132500971E-02 1.05623625837132500971E-02 1.05623625837132500971E-02 1.05623625837132500971E-02 1.05623625837132500971E-02 1.05623625837132500971E-02 1.05623625837132500971E-02 1.05623625837132500971E-02 1.05623625837132500971E-02 1.05623625837132500971E-02 1.05623625837132500971E-02 1.05623625837132500971E-02 1.05623625837132500971E-02 1.05623625837132500971E-02 1.05623625837132500971E-02 1.05623625837132500971E-02 1.05623625837132500971E-02 1.05623625837132500971E-02 1.05623625837132500971E-02 1.05623625837132500971E-02 1.05623625837132500971E-02 1.05623625837132500971E-02 1.05623625837132500971E-02 1.05623625837132500971E-02 1.05623625837132500971E-02
1.06243548547538552845E-02 1.06243548547538552845E-02 1.06243548547538552845E-02 1.06243548547538552845E-02 1.06243548547538552845E-02 1.06243548547538552845E-02 1.06243548547538552845E-02 1.06243548547538552845E-02 1.06243548547538552845E-02 1.06243548547538552845E-02 1.06243548547538552845E-02 1.06243548547538552845E-02 1.06243548547538552845E-02 1.06243548547538552845E-02 1.06243548547538552845E-02 1.06243548547538552845E-02 1.06243548547538552845E-02 1.06243548547538552845E-02 1.06243548547538552845E-02 1.06243548547538552845E-02 1.06243548547538552845E-02 1.06243548547538552845E-02 1.06243548547538552845E-02 1.06243548547538552845E-02 1.06243548547538552845E-02 1.06243548547538552845E-02 1.06243548547538552845E-02 1.06243548547538552845E-02 1.06243548547538552845E-02 1.06243548547538552845E-02 1.06243548547538552845E-02 1.06243548547538552845E-02 1.06243548547538552845E-02 1.06243548547538552845E-02 1.06243548547538552845E-02 1.06243548547538552845E-02 1.06243548547538552845E-02 1.06243548547538552845E-02 1.06243548547538552845E-02 1.06243548547538552845E-02 1.06243548547538552845E-02 1.06243548547538552845E-02 1.06243548547538552845E-02 1.06243548547538552845E-02 1.06243548547538552845E-02 1.06243548547538552845E-02 1.06243548547538552845E-02 1.06243548547538552845E-02 1.06243548547538552845E-02 1.06243548547538552845E-02 1.06243548547538552845E-02 1.06243548547538552845E-02 1.06243548547538552845E-02 1.06243548547538552845E-02 1.06243548547538552845E-02 1.06243548547538552845E-02
1.12602183391416390407E-02 1.12602183391416390407E-02 1.12602183391416390407E-02 1.12602183391416390407E-02 1.12602183391416390407E-02 1.12602183391416390407E-02 1.12602183391416390407E-02 1.12602183391416390407E-02 1.12602183391416390407E-02 1.12602183391416390407E-02 1.12602183391416390407E-02 1.12602183391416390407E-02 1.12602183391416390407E-02 1.12602183391416390407E-02 1.12602183391416390407E-02 1.12602183391416390407E-02 1.12602183391416390407E-02 1.12602183391416390407E-02 1.12602183391416390407E-02 1.12602183391416390407E-02 1.12602183391416390407E-02 1.12602183391416390407E-02 1.12602183391416390407E-02 1.12602183391416390407E-02 1.12602183391416390407E-02 1.12602183391416390407E-02 1.12602183391416390407E-02 1.12602183391416390407E-02 1.12602183391416390407E-02 1.12602183391416390407E-02 1.12602183391416390407E-02 1.12602183391416390407E-02 1.12602183391416390407E-02 1.12602183391416390407E-02 1.12602183391416390407E-02 1.12602183391416390407E-02 1.12602183391416390407E-02 1.12602183391416390407E-02 1.12602183391416390407E-02 1.12602183391416390407E-02 1.12602183391416390407E-02 1.12602183391416390407E-02 1.12602183391416390407E-02 1.12602183391416390407E-02 1.12602183391416390407E-02 1.12602183391416390407E-02 1.12602183391416390407E-02 1.12602183391416390407E-02 1.12602183391416390407E-02 1.12602183391416390407E-02 1.12602183391416390407E-02 1.12602183391416390407E-02 1.12602183391416390407E-02 1.12602183391416390407E-02 1.12602183391416390407E-02 1.12602183391416390407E-02
1.06582148210218174283E-02 1.06582148210218174283E-02 1.06582148210218174283E-02 1.06582148210218174283E-02 1.06582148210218174283E-02 1.06582148210218174283E-02 1.06582148210218174283E-02 1.06582148210218174283E-02 1.06582148210218174283E-02 1.06582148210218174283E-02 1.06582148210218174283E-02 1.06582148210218174283E-02 1.06582148210218174283E-02 1.06582148210218174283E-02 1.06582148210218174283E-02 1.06582148210218174283E-02 1.06582148210218174283E-02 1.06582148210218174283E-02 1.06582148210218174283E-02 1.06582148210218174283E-02 1.06582148210218174283E-02 1.06582148210218174283E-02 1.06582148210218174283E-02 1.06582148210218174283E-02 1.06582148210218174283E-02 1.06582148210218174283E-02 1.06582148210218174283E-02 1.06582148210218174283E-02 1.06582148210218174283E-02 1.06582148210218174283E-02 1.06582148210218174283E-02 1.06582148210218174283E-02 1.06582148210218174283E-02 1.06582148210218174283E-02 1.06582148210218174283E-02 1.06582148210218174283E-02 1.06582148210218174283E-02 1.06582148210218174283E-02 1.06582148210218174283E-02 1.06582148210218174283E-02 1.06582148210218174283E-02 1.06582148210218174283E-02 1.06582148210218174283E-02 1.06582148210218174283E-02 1.06582148210218174283E-02 1.06582148210218174283E-02 1.06582148210218174283E-02 1.06582148210218174283E-02 1.06582148210218174283E-02 1.06582148210218174283E-02 1.06582148210218174283E-02 1.06582148210218174283E-02 1.06582148210218174283E-02 1.06582148210218174283E-02 1.06582148210218174283E-02 1.06582148210218174283E-02
9.05206646261473742154E-03 9.05206646261473742154E-03 9.05206646261473742154E-03 9.05206646261473742154E-03 9.05206646261473742154E-03 9.05206646261473742154E-03 9.05206646261473742154E-03 9.05206646261473742154E-03 9.05206646261473742154E-03 9.05206646261473742154E-03 9.05206646261473742154E-03 9.05206646261473742154E-03 9.05206646261473742154E-03 9.05206646261473742154E-03 9.05206646261473742154E-03 9.05206646261473742154E-03 9.05206646261473742154E-03 9.05206646261473742154E-03 9.05206646261473742154E-03 9.05206646261473742154E-03 9.05206646261473742154E-03 9.05206646261473742154E-03 9.05206646261473742154E-03 9.05206646261473742154E-03 9.05206646261473742154E-03 9.05206646261473742154E-03 9.05206646261473742154E-03 9.05206646261473742154E-03 9.05206646261473742154E-03 9.05206646261473742154E-03 9.05206646261473742154E-03 9.05206646261473742154E-03 9.05206646261473742154E-03 9.05206646261473742154E-03 9.05206646261473742154E-03 9.05206646261473742154E-03 9.05206646261473742154E-03 9.05206646261473742154E-03 9.05206646261473742154E-03 9.05206646261473742154E-03 9.05206646261473742154E-03 9.05206646261473742154E-03 9.05206646261473742154E-03 9.05206646261473742154E-03 9.05206646261473742154E-03 9.05206646261473742154E-03 9.05206646261473742154E-03 9.05206646261473742154E-03 9.05206646261473742154E-03 9.05206646261473742154E-03 9.05206646261473742154E-03 9.05206646261473742154E-03 9.05206646261473742154E-03 9.05206646261473742154E-03 9.05206646261473742154E-03 9.05206646261473742154E-03
1.18399580181748516339E-02 1.18399580181748516339E-02 1.18399580181748516339E-02 1.18399580181748516339E-02 1.18399580181748516339E-02 1.18399580181748516339E-02 1.18399580181748516339E-02 1.18399580181748516339E-02 1.18399580181748516339E-02 1.18399580181748516339E-02 1.18399580181748516339E-02 1.18399580181748516339E-02 1.18399580181748516339E-02 1.18399580181748516339E-02 1.18399580181748516339E-02 1.18399580181748516339E-02 1.18399580181748516339E-02 1.18399580181748516339E-02 1.18399580181748516339E-02 1.18399580181748516339E-02 1.18399580181748516339E-02 1.18399580181748516339E-02 1.18399580181748516339E-02 1.18399580181748516339E-02 1.18399580181748516339E-02 1.18399580181748516339E-02 1.18399580181748516339E-02 1.18399580181748516339E-02 1.18399580181748516339E-02 1.18399580181748516339E-02 1.18399580181748516339E-02 1.18399580181748516339E-02 1.18399580181748516339E-02 1.18399580181748516339E-02 1.18399580181748516339E-02 1.18399580181748516339E-02 1.18399580181748516339E-02 1.18399580181748516339E-02 1.18399580181748516339E-02 1.18399580181748516339E-02 1.18399580181748516339E-02 1.18399580181748516339E-02 1.18399580181748516339E-02 1.18399580181748516339E-02 1.18399580181748516339E-02 1.18399580181748516339E-02 1.18399580181748516339E-02 1.18399580181748516339E-02 1.18399580181748516339E-02 1.18399580181748516339E-02 1.18399580181748516339E-02 1.18399580181748516339E-02 1.18399580181748516339E-02 1.18399580181748516339E-02 1.18399580181748516339E-02 1.18399580181748516339E-02
1.02385700510870935459E-02 1.02385700510870935459E-02 1.02385700510870935459E-02 1.02385700510870935459E-02 1.02385700510870935459E-02 1.02385700510870935459E-02 1.02385700510870935459E-02 1.02385700510870935459E-02 1.02385700510870935459E-02 1.02385700510870935459E-02 1.02385700510870935459E-02 1.02385700510870935459E-02 1.02385700510870935459E-02 1.02385700510870935459E-02 1.02385700510870935459E-02 1.02385700510870935459E-02 1.02385700510870935459E-02 1.02385700510870935459E-02 1.02385700510870935459E-02 1.02385700510870935459E-02 1.02385700510870935459E-02 1.02385700510870935459E-02 1.02385700510870935459E-02 1.02385700510870935459E-02 1.02385700510870935459E-02 1.02385700510870935459E-02 1.02385700510870935459E-02 1.02385700510870935459E-02 1.02385700510870935459E-02 1.02385700510870935459E-02 1.02385700510870935459E-02 1.02385700510870935459E-02 1.02385700510870935459E-02 1.02385700510870935459E-02 1.02385700510870935459E-02 1.02385700510870935459E-02 1.02385700510870935459E-02 1.02385700510870935459E-02 1.02385700510870935459E-02 1.02385700510870935459E-02 1.02385700510870935459E-02 1.02385700510870935459E-02 1.02385700510870935459E-02 1.02385700510870935459E-02 1.02385700510870935459E-02 1.02385700510870935459E-02 1.02385700510870935459E-02 1.02385700510870935459E-02 1.02385700510870935459E-02 1.02385700510870935459E-02 1.02385700510870935459E-02 1.02385700510870935459E-02 1.02385700510870935459E-02 1.02385700510870935459E-02 1.02385700510870935459E-02 1.02385700510870935459E-02
1.17134256290401441575E-02 1.17134256290401441575E-02 1.17134256290401441575E-02 1.17134256290401441575E-02 1.17134256290401441575E-02 1.17134256290401441575E-02 1.17134256290401441575E-02 1.17134256290401441575E-02 1.17134256290401441575E-02 1.17134256290401441575E-02 1.17134256290401441575E-02 1.17134256290401441575E-02 1.17134256290401441575E-02 1.17134256290401441575E-02 1.17134256290401441575E-02 1.17134256290401441575E-02 1.17134256290401441575E-02 1.17134256290401441575E-02 1.17134256290401441575E-02 1.17134256290401441575E-02 1.17134256290401441575E-02 1.17134256290401441575E-02 1.17134256290401441575E-02 1.17134256290401441575E-02 1.17134256290401441575E-02 1.17134256290401441575E-02 1.17134256290401441575E-02 1.17134256290401441575E-02 1.17134256290401441575E-02 1.17134256290401441575E-02 1.17134256290401441575E-02 1.17134256290401441575E-02 1.17134256290401441575E-02 1.17134256290401441575E-02 1.17134256290401441575E-02 1.17134256290401441575E-02 1.17134256290401441575E-02 1.17134256290401441575E-02 1.17134256290401441575E-02 1.17134256290401441575E-02 1.17134256290401441575E-02 1.17134256290401441575E-02 1.17134256290401441575E-02 1.17134256290401441575E-02 1.17134256290401441575E-02 1.17134256290401441575E-02 1.17134256290401441575E-02 1.17134256290401441575E-02 1.17134256290401441575E-02 1.17134256290401441575E-02 1.17134256290401441575E-02 1.17134256290401441575E-02 1.17134256290401441575E-02 1.17134256290401441575E-02 1.17134256290401441575E-02 1.17134256290401441575E-02
9.97827702626736395830E-03 9.97827702626736395830E-03 9.97827702626736395830E-03 9.97827702626736395830E-03 9.97827702626736395830E-03 9.97827702626736395830E-03 9.97827702626736395830E-03 9.97827702626736395830E-03 9.97827702626736395830E-03 9.97827702626736395830E-03 9.97827702626736395830E-03 9.97827702626736395830E-03 9.97827702626736395830E-03 9.97827702626736395830E-03 9.97827702626736395830E-03 9.97827702626736395830E-03 9.97827702626736395830E-03 9.97827702626736395830E-03 9.97827702626736395830E-03 9.97827702626736395830E-03 9.97827702626736395830E-03 9.97827702626736395830E-03 9.97827702626736395830E-03 9.97827702626736395830E-03 9.97827702626736395830E-03 9.97827702626736395830E-03 9.97827702626736395830E-03 9.97827702626736395830E-03 9.97827702626736395830E-03 9.97827702626736395830E-03 9.97827702626736395830E-03 9.97827702626736395830E-03 9.97827702626736395830E-03 9.97827702626736395830E-03 9.97827702626736395830E-03 9.97827702626736395830E-03 9.97827702626736395830E-03 9.97827702626736395830E-03 9.97827702626736395830E-03 9.97827702626736395830E-03 9.97827702626736395830E-03 9.97827702626736395830E-03 9.97827702626736395830E-03 9.97827702626736395830E-03 9.97827702626736395830E-03 9.97827702626736395830E-03 9.97827702626736395830E-03 9.97827702626736395830E-03 9.97827702626736395830E-03 9.97827702626736395830E-03 9.97827702626736395830E-03 9.97827702626736395830E-03 9.97827702626736395830E-03 9.97827702626736395830E-03 9.97827702626736395830E-03 9.97827702626736395830E-03
9.83511476198948436656E-03 9.83511476198948436656E-03 9.83511476198948436656E-03 9.83511476198948436656E-03 9.83511476198948436656E-03 9.83511476198948436656E-03 9.83511476198948436656E-03 9.83511476198948436656E-03 9.83511476198948436656E-03 9.83511476198948436656E-03 9.83511476198948436656E-03 9.83511476198948436656E-03 9.83511476198948436656E-03 9.83511476198948436656E-03 9.83511476198948436656E-03 9.83511476198948436656E-03 9.83511476198948436656E-03 9.83511476198948436656E-03 9.83511476198948436656E-03 9.83511476198948436656E-03 9.83511476198948436656E-03 9.83511476198948436656E-03 9.83511476198948436656E-03 9.83511476198948436656E-03 9.83511476198948436656E-03 9.83511476198948436656E-03 9.83511476198948436656E-03 9.83511476198948436656E-03 9.83511476198948436656E-03 9.83511476198948436656E-03 9.83511476198948436656E-03 9.83511476198948436656E-03 9.83511476198948436656E-03 9.83511476198948436656E-03 9.83511476198948436656E-03 9.83511476198948436656E-03 9.83511476198948436656E-03 9.83511476198948436656E-03 9.83511476198948436656E-03 9.83511476198948436656E-03 9.83511476198948436656E-03 9.83511476198948436656E-03 9.83511476198948436656E-03 9.83511476198948436656E-03 9.83511476198948436656E-03 9.83511476198948436656E-03 9.83511476198948436656E-03 9.83511476198948436656E-03 9.83511476198948436656E-03 9.83511476198948436656E-03 9.83511476198948436656E-03 9.83511476198948436656E-03 9.83511476198948436656E-03 9.83511476198948436656E-03 9.83511476198948436656E-03 9.83511476198948436656E-03
1.13313517198441321421E-02 1.13313517198441321421E-02 1.13313517198441321421E-02 1.13313517198441321421E-02 1.13313517198441321421E-02 1.13313517198441321421E-02 1.13313517198441321421E-02 1.13313517198441321421E-02 1.13313517198441321421E-02 1.13313517198441321421E-02 1.13313517198441321421E-02 1.13313517198441321421E-02 1.13313517198441321421E-02 1.13313517198441321421E-02 1.13313517198441321421E-02 1.13313517198441321421E-02 1.13313517198441321421E-02 1.13313517198441321421E-02 1.13313517198441321421E-02 1.13313517198441321421E-02 1.13313517198441321421E-02 1.13313517198441321421E-02 1.13313517198441321421E-02 1.13313517198441321421E-02 1.13313517198441321421E-02 1.13313517198441321421E-02 1.13313517198441321421E-02 1.13313517198441321421E-02 1.13313517198441321421E-02 1.13313517198441321421E-02 1.13313517198441321421E-02 1.13313517198441321421E-02 1.13313517198441321421E-02 1.13313517198441321421E-02 1.13313517198441321421E-02 1.13313517198441321421E-02 1.13313517198441321421E-02 1.13313517198441321421E-02 1.13313517198441321421E-02 1.13313517198441321421E-02 1.13313517198441321421E-02 1.13313517198441321421E-02 1.13313517198441321421E-02 1.13313517198441321421E-02 1.13313517198441321421E-02 1.13313517198441321421E-02 1.13313517198441321421E-02 1.13313517198441321421E-02 1.13313517198441321421E-02 1.13313517198441321421E-02 1.13313517198441321421E-02 1.13313517198441321421E-02 1.13313517198441321421E-02 1.13313517198441321421E-02 1.13313517198441321421E-02 1.13313517198441321421E-02
9.97639495926050737240E-03 9.97639495926050737240E-03 9.97639495926050737240E-03 9.97639495926050737240E-03 9.97639495926050737240E-03 9.97639495926050737240E-03 9.97639495926050737240E-03 9.97639495926050737240E-03 9.97639495926050737240E-03 9.97639495926050737240E-03 9.97639495926050737240E-03 9.97639495926050737240E-03 9.97639495926050737240E-03 9.97639495926050737240E-03 9.97639495926050737240E-03 9.97639495926050737240E-03 9.97639495926050737240E-03 9.97639495926050737240E-03 9.97639495926050737240E-03 9.97639495926050737240E-03 9.97639495926050737240E-03 9.97639495926050737240E-03 9.97639495926050737240E-03 9.97639495926050737240E-03 9.97639495926050737240E-03 9.97639495926050737240E-03 9.97639495926050737240E-03 9.97639495926050737240E-03 9.97639495926050737240E-03 9.97639495926050737240E-03 9.97639495926050737240E-03 9.97639495926050737240E-03 9.97639495926050737240E-03 9.97639495926050737240E-03 9.97639495926050737240E-03 9.97639495926050737240E-03 9.97639495926050737240E-03 9.97639495926050737240E-03 9.97639495926050737240E-03 9.97639495926050737240E-03 9.97639495926050737240E-03 9.97639495926050737240E-03 9.97639495926050737240E-03 9.97639495926050737240E-03 9.97639495926050737240E-03 9.97639495926050737240E-03 9.97639495926050737240E-03 9.97639495926050737240E-03 9.97639495926050737240E-03 9.97639495926050737240E-03 9.97639495926050737240E-03 9.97639495926050737240E-03 9.97639495926050737240E-03 9.97639495926050737240E-03 9.97639495926050737240E-03 9.97639495926050737240E-03
9.98531415593697374566E-03 9.98531415593697374566E-03 9.98531415593697374566E-03 9.98531415593697374566E-03 9.98531415593697374566E-03 9.98531415593697374566E-03 9.98531415593697374566E-03 9.98531415593697374566E-03 9.98531415593697374566E-03 9.98531415593697374566E-03 9.98531415593697374566E-03 9.98531415593697374566E-03 9.98531415593697374566E-03 9.98531415593697374566E-03 9.98531415593697374566E-03 9.98531415593697374566E-03 9.98531415593697374566E-03 9.98531415593697374566E-03 9.98531415593697374566E-03 9.98531415593697374566E-03 9.98531415593697374566E-03 9.98531415593697374566E-03 9.98531415593697374566E-03 9.98531415593697374566E-03 9.98531415593697374566E-03 9.98531415593697374566E-03 9.98531415593697374566E-03 9.98531415593697374566E-03 9.98531415593697374566E-03 9.98531415593697374566E-03 9.98531415593697374566E-03 9.98531415593697374566E-03 9.98531415593697374566E-03 9.98531415593697374566E-03 9.98531415593697374566E-03 9.98531415593697374566E-03 9.98531415593697374566E-03 9.98531415593697374566E-03 9.98531415593697374566E-03 9.98531415593697374566E-03 9.98531415593697374566E-03 9.98531415593697374566E-03 9.98531415593697374566E-03 9.98531415593697374566E-03 9.98531415593697374566E-03 9.98531415593697374566E-03 9.98531415593697374566E-03 9.98531415593697374566E-03 9.98531415593697374566E-03 9.98531415593697374566E-03 9.98531415593697374566E-03 9.98531415593697374566E-03 9.98531415593697374566E-03 9.98531415593697374566E-03 9.98531415593697374566E-03 9.98531415593697374566E-03
1.09265788084197106728E-02 1.09265788084197106728E-02 1.09265788084197106728E-02 1.09265788084197106728E-02 1.09265788084197106728E-02 1.09265788084197106728E-02 1.09265788084197106728E-02 1.09265788084197106728E-02 1.09265788084197106728E-02 1.09265788084197106728E-02 1.09265788084197106728E-02 1.09265788084197106728E-02 1.09265788084197106728E-02 1.09265788084197106728E-02 1.09265788084197106728E-02 1.09265788084197106728E-02 1.09265788084197106728E-02 1.09265788084197106728E-02 1.09265788084197106728E-02 1.09265788084197106728E-02 1.09265788084197106728E-02 1.09265788084197106728E-02 1.09265788084197106728E-02 1.09265788084197106728E-02 1.09265788084197106728E-02 1.09265788084197106728E-02 1.09265788084197106728E-02 1.09265788084197106728E-02 1.09265788084197106728E-02 1.09265788084197106728E-02 1.09265788084197106728E-02 1.09265788084197106728E-02 1.09265788084197106728E-02 1.09265788084197106728E-02 1.09265788084197106728E-02 1.09265788084197106728E-02 1.09265788084197106728E-02 1.09265788084197106728E-02 1.09265788084197106728E-02 1.09265788084197106728E-02 1.09265788084197106728E-02 1.09265788084197106728E-02 1.09265788084197106728E-02 1.09265788084197106728E-02 1.09265788084197106728E-02 1.09265788084197106728E-02 1.09265788084197106728E-02 1.09265788084197106728E-02 1.09265788084197106728E-02 1.09265788084197106728E-02 1.09265788084197106728E-02 1.09265788084197106728E-02 1.09265788084197106728E-02 1.09265788084197106728E-02 1.09265788084197106728E-02 1.09265788084197106728E-02
9.89542818310694925754E-03 9.89542818310694925754E-03 9.89542818310694925754E-03 9.89542818310694925754E-03 9.89542818310694925754E-03 9.89542818310694925754E-03 9.89542818310694925754E-03 9.89542818310694925754E-03 9.89542818310694925754E-03 9.89542818310694925754E-03 9.89542818310694925754E-03 9.89542818310694925754E-03 9.89542818310694925754E-03 9.89542818310694925754E-03 9.89542818310694925754E-03 9.89542818310694925754E-03 9.89542818310694925754E-03 9.89542818310694925754E-03 9.89542818310694925754E-03 9.89542818310694925754E-03 9.89542818310694925754E-03 9.89542818310694925754E-03 9.89542818310694925754E-03 9.89542818310694925754E-03 9.89542818310694925754E-03 9.89542818310694925754E-03 9.89542818310694925754E-03 9.89542818310694925754E-03 9.89542818310694925754E-03 9.89542818310694925754E-03 9.89542818310694925754E-03 9.89542818310694925754E-03 9.89542818310694925754E-03 9.89542818310694925754E-03 9.89542818310694925754E-03 9.89542818310694925754E-03 9.89542818310694925754E-03 9.89542818310694925754E-03 9.89542818310694925754E-03 9.89542818310694925754E-03 9.89542818310694925754E-03 9.89542818310694925754E-03 9.89542818310694925754E-03 9.89542818310694925754E-03 9.89542818310694925754E-03 9.89542818310694925754E-03 9.89542818310694925754E-03 9.89542818310694925754E-03 9.89542818310694925754E-03 9.89542818310694925754E-03 9.89542818310694925754E-03 9.89542818310694925754E-03 9.89542818310694925754E-03 9.89542818310694925754E-03 9.89542818310694925754E-03 9.89542818310694925754E-03
1.06682996112857503279E-02 1.06682996112857503279E-02 1.06682996112857503279E-02 1.06682996112857503279E-02 1.06682996112857503279E-02 1.06682996112857503279E-02 1.06682996112857503279E-02 1.06682996112857503279E-02 1.06682996112857503279E-02 1.06682996112857503279E-02 1.06682996112857503279E-02 1.06682996112857503279E-02 1.06682996112857503279E-02 1.06682996112857503279E-02 1.06682996112857503279E-02 1.06682996112857503279E-02 1.06682996112857503279E-02 1.06682996112857503279E-02 1.06682996112857503279E-02 1.06682996112857503279E-02 1.06682996112857503279E-02 1.06682996112857503279E-02 1.06682996112857503279E-02 1.06682996112857503279E-02 1.06682996112857503279E-02 1.06682996112857503279E-02 1.06682996112857503279E-02 1.06682996112857503279E-02 1.06682996112857503279E-02 1.06682996112857503279E-02 1.06682996112857503279E-02 1.06682996112857503279E-02 1.06682996112857503279E-02 1.06682996112857503279E-02 1.06682996112857503279E-02 1.06682996112857503279E-02 1.06682996112857503279E-02 1.06682996112857503279E-02 1.06682996112857503279E-02 1.06682996112857503279E-02 1.06682996112857503279E-02 1.06682996112857503279E-02 1.06682996112857503279E-02 1.06682996112857503279E-02 1.06682996112857503279E-02 1.06682996112857503279E-02 1.06682996112857503279E-02 1.06682996112857503279E-02 1.06682996112857503279E-02 1.06682996112857503279E-02 1.06682996112857503279E-02 1.06682996112857503279E-02 1.06682996112857503279E-02 1.06682996112857503279E-02 1.06682996112857503279E-02 1.06682996112857503279E-02
1.04304840059525113366E-02 1.04304840059525113366E-02 1.04304840059525113366E-02 1.04304840059525113366E-02 1.04304840059525113366E-02 1.04304840059525113366E-02 1.04304840059525113366E-02 1.04304840059525113366E-02 1.04304840059525113366E-02 1.04304840059525113366E-02 1.04304840059525113366E-02 1.04304840059525113366E-02 1.04304840059525113366E-02 1.04304840059525113366E-02 1.04304840059525113366E-02 1.04304840059525113366E-02 1.04304840059525113366E-02 1.04304840059525113366E-02 1.04304840059525113366E-02 1.04304840059525113366E-02 1.04304840059525113366E-02 1.04304840059525113366E-02 1.04304840059525113366E-02 1.04304840059525113366E-02 1.04304840059525113366E-02 1.04304840059525113366E-02 1.04304840059525113366E-02 1.04304840059525113366E-02 1.04304840059525113366E-02 1.04304840059525113366E-02 1.04304840059525113366E-02 1.04304840059525113366E-02 1.04304840059525113366E-02 1.04304840059525113366E-02 1.04304840059525113366E-02 1.04304840059525113366E-02 1.04304840059525113366E-02 1.04304840059525113366E-02 1.04304840059525113366E-02 1.04304840059525113366E-02 1.04304840059525113366E-02 1.04304840059525113366E-02 1.04304840059525113366E-02 1.04304840059525113366E-02 1.04304840059525113366E-02 1.04304840059525113366E-02 1.04304840059525113366E-02 1.04304840059525113366E-02 1.04304840059525113366E-02 1.04304840059525113366E-02 1.04304840059525113366E-02 1.04304840059525113366E-02 1.04304840059525113366E-02 1.04304840059525113366E-02 1.04304840059525113366E-02 1.04304840059525113366E-02
8.74046405501394813031E-03 8.74046405501394813031E-03 8.74046405501394813031E-03 8.74046405501394813031E-03 8.74046405501394813031E-03 8.74046405501394813031E-03 8.74046405501394813031E-03 8.74046405501394813031E-03 8.74046405501394813031E-03 8.74046405501394813031E-03 8.74046405501394813031E-03 8.74046405501394813031E-03 8.74046405501394813031E-03 8.74046405501394813031E-03 8.74046405501394813031E-03 8.74046405501394813031E-03 8.74046405501394813031E-03 8.74046405501394813031E-03 8.74046405501394813031E-03 8.74046405501394813031E-03 8.74046405501394813031E-03 8.74046405501394813031E-03 8.74046405501394813031E-03 8.74046405501394813031E-03 8.74046405501394813031E-03 8.74046405501394813031E-03 8.74046405501394813031E-03 8.74046405501394813031E-03 8.74046405501394813031E-03 8.74046405501394813031E-03 8.74046405501394813031E-03 8.74046405501394813031E-03 8.74046405501394813031E-03 8.74046405501394813031E-03 8.74046405501394813031E-03 8.74046405501394813031E-03 8.74046405501394813031E-03 8.74046405501394813031E-03 8.74046405501394813031E-03 8.74046405501394813031E-03 8.74046405501394813031E-03 8.74046405501394813031E-03 8.74046405501394813031E-03 8.74046405501394813031E-03 8.74046405501394813031E-03 8.74046405501394813031E-03 8.74046405501394813031E-03 8.74046405501394813031E-03 8.74046405501394813031E-03 8.74046405501394813031E-03 8.74046405501394813031E-03 8.74046405501394813031E-03 8.74046405501394813031E-03 8.74046405501394813031E-03 8.74046405501394813031E-03 8.74046405501394813031E-03
1.00154937121145534012E-02 1.00154937121145534012E-02 1.00154937121145534012E-02 1.00154937121145534012E-02 1.00154937121145534012E-02 1.00154937121145534012E-02 1.00154937121145534012E-02 1.00154937121145534012E-02 1.00154937121145534012E-02 1.00154937121145534012E-02 1.00154937121145534012E-02 1.00154937121145534012E-02 1.00154937121145534012E-02 1.00154937121145534012E-02 1.00154937121145534012E-02 1.00154937121145534012E-02 1.00154937121145534012E-02 1.00154937121145534012E-02 1.00154937121145534012E-02 1.00154937121145534012E-02 1.00154937121145534012E-02 1.00154937121145534012E-02 1.00154937121145534012E-02 1.00154937121145534012E-02 1.00154937121145534012E-02 1.00154937121145534012E-02 1.00154937121145534012E-02 1.00154937121145534012E-02 1.00154937121145534012E-02 1.00154937121145534012E-02 1.00154937121145534012E-02 1.00154937121145534012E-02 1.00154937121145534012E-02 1.00154937121145534012E-02 1.00154937121145534012E-02 1.00154937121145534012E-02 1.00154937121145534012E-02 1.00154937121145534012E-02 1.00154937121145534012E-02 1.00154937121145534012E-02 1.00154937121145534012E-02 1.00154937121145534012E-02 1.00154937121145534012E-02 1.00154937121145534012E-02 1.00154937121145534012E-02 1.00154937121145534012E-02 1.00154937121145534012E-02 1.00154937121145534012E-02 1.00154937121145534012E-02 1.00154937121145534012E-02 1.00154937121145534012E-02 1.00154937121145534012E-02 1.00154937121145534012E-02 1.00154937121145534012E-02 1.00154937121145534012E-02 1.00154937121145534012E-02
9.81297759089371467167E-03 9.81297759089371467167E-03 9.81297759089371467167E-03 9.81297759089371467167E-03 9.81297759089371467167E-03 9.81297759089371467167E-03 9.81297759089371467167E-03 9.81297759089371467167E-03 9.81297759089371467167E-03 9.81297759089371467167E-03 9.81297759089371467167E-03 9.81297759089371467167E-03 9.81297759089371467167E-03 9.81297759089371467167E-03 9.81297759089371467167E-03 9.81297759089371467167E-03 9.81297759089371467167E-03 9.81297759089371467167E-03 9.81297759089371467167E-03 9.81297759089371467167E-03 9.81297759089371467167E-03 9.81297759089371467167E-03 9.81297759089371467167E-03 9.81297759089371467167E-03 9.81297759089371467167E-03 9.81297759089371467167E-03 9.81297759089371467167E-03 9.81297759089371467167E-03 9.81297759089371467167E-03 9.81297759089371467167E-03 9.81297759089371467167E-03 9.81297759089371467167E-03 9.81297759089371467167E-03 9.81297759089371467167E-03 9.81297759089371467167E-03 9.81297759089371467167E-03 9.81297759089371467167E-03 9.81297759089371467167E-03 9.81297759089371467167E-03 9.81297759089371467167E-03 9.81297759089371467167E-03 9.81297759089371467167E-03 9.81297759089371467167E-03 9.81297759089371467167E-03 9.81297759089371467167E-03 9.81297759089371467167E-03 9.81297759089371467167E-03 9.81297759089371467167E-03 9.81297759089371467167E-03 9.81297759089371467167E-03 9.81297759089371467167E-03 9.81297759089371467167E-03 9.81297759089371467167E-03 9.81297759089371467167E-03 9.81297759089371467167E-03 9.81297759089371467167E-03
9.99883088978614255338E-03 9.99883088978614255338E-03 9.99883088978614255338E-03 9.99883088978614255338E-03 9.99883088978614255338E-03 9.99883088978614255338E-03 9.99883088978614255338E-03 9.99883088978614255338E-03 9.99883088978614255338E-03 9.99883088978614255338E-03 9.99883088978614255338E-03 9.99883088978614255338E-03 9.99883088978614255338E-03 9.99883088978614255338E-03 9.99883088978614255338E-03 9.99883088978614255338E-03 9.99883088978614255338E-03 9.99883088978614255338E-03 9.99883088978614255338E-03 9.99883088978614255338E-03 9.99883088978614255338E-03 9.99883088978614255338E-03 9.99883088978614255338E-03 9.99883088978614255338E-03 9.99883088978614255338E-03 9.99883088978614255338E-03 9.99883088978614255338E-03 9.99883088978614255338E-03 9.99883088978614255338E-03 9.99883088978614255338E-03 9.99883088978614255338E-03 9.99883088978614255338E-03 9.99883088978614255338E-03 9.99883088978614255338E-03 9.99883088978614255338E-03 9.99883088978614255338E-03 9.99883088978614255338E-03 9.99883088978614255338E-03 9.99883088978614255338E-03 9.99883088978614255338E-03 9.99883088978614255338E-03 9.99883088978614255338E-03 9.99883088978614255338E-03 9.99883088978614255338E-03 9.99883088978614255338E-03 9.99883088978614255338E-03 9.99883088978614255338E-03 9.99883088978614255338E-03 9.99883088978614255338E-03 9.99883088978614255338E-03 9.99883088978614255338E-03 9.99883088978614255338E-03 9.99883088978614255338E-03 9.99883088978614255338E-03 9.99883088978614255338E-03 9.99883088978614255338E-03
9.50476157346336232579E-03 9.50476157346336232579E-03 9.50476157346336232579E-03 9.50476157346336232579E-03 9.50476157346336232579E-03 9.50476157346336232579E-03 9.50476157346336232579E-03 9.50476157346336232579E-03 9.50476157346336232579E-03 9.50476157346336232579E-03 9.50476157346336232579E-03 9.50476157346336232579E-03 9.50476157346336232579E-03 9.50476157346336232579E-03 9.50476157346336232579E-03 9.50476157346336232579E-03 9.50476157346336232579E-03 9.50476157346336232579E-03 9.50476157346336232579E-03 9.50476157346336232579E-03 9.50476157346336232579E-03 9.50476157346336232579E-03 9.50476157346336232579E-03 9.50476157346336232579E-03 9.50476157346336232579E-03 9.50476157346336232579E-03 9.50476157346336232579E-03 9.50476157346336232579E-03 9.50476157346336232579E-03 9.50476157346336232579E-03 9.50476157346336232579E-03 9.50476157346336232579E-03 9.50476157346336232579E-03 9.50476157346336232579E-03 9.50476157346336232579E-03 9.50476157346336232579E-03 9.50476157346336232579E-03 9.50476157346336232579E-03 9.50476157346336232579E-03 9.50476157346336232579E-03 9.50476157346336232579E-03 9.50476157346336232579E-03 9.50476157346336232579E-03 9.50476157346336232579E-03 9.50476157346336232579E-03 9.50476157346336232579E-03 9.50476157346336232579E-03 9.50476157346336232579E-03 9.50476157346336232579E-03 9.50476157346336232579E-03 9.50476157346336232579E-03 9.50476157346336232579E-03 9.50476157346336232579E-03 9.50476157346336232579E-03 9.50476157346336232579E-03 9.50476157346336232579E-03
8.95783262423726842072E-03 8.95783262423726842072E-03 8.95783262423726842072E-03 8.95783262423726842072E-03 8.95783262423726842072E-03 8.95783262423726842072E-03 8.95783262423726842072E-03 8.95783262423726842072E-03 8.95783262423726842072E-03 8.95783262423726842072E-03 8.95783262423726842072E-03 8.95783262423726842072E-03 8.95783262423726842072E-03 8.95783262423726842072E-03 8.95783262423726842072E-03 8.95783262423726842072E-03 8.95783262423726842072E-03 8.95783262423726842072E-03 8.95783262423726842072E-03 8.95783262423726842072E-03 8.95783262423726842072E-03 8.95783262423726842072E-03 8.95783262423726842072E-03 8.95783262423726842072E-03 8.95783262423726842072E-03 8.95783262423726842072E-03 8.95783262423726842072E-03 8.95783262423726842072E-03 8.95783262423726842072E-03 8.95783262423726842072E-03 8.95783262423726842072E-03 8.95783262423726842072E-03 8.95783262423726842072E-03 8.95783262423726842072E-03 8.95783262423726842072E-03 8.95783262423726842072E-03 8.95783262423726842072E-03 8.95783262423726842072E-03 8.95783262423726842072E-03 8.95783262423726842072E-03 8.95783262423726842072E-03 8.95783262423726842072E-03 8.95783262423726842072E-03 8.95783262423726842072E-03 8.95783262423726842072E-03 8.95783262423726842072E-03 8.95783262423726842072E-03 8.95783262423726842072E-03 8.95783262423726842072E-03 8.95783262423726842072E-03 8.95783262423726842072E-03 8.95783262423726842072E-03 8.95783262423726842072E-03 8.95783262423726842072E-03 8.95783262423726842072E-03 8.95783262423726842072E-03
9.89970584556966112788E-03 9.89970584556966112788E-03 9.89970584556966112788E-03 9.89970584556966112788E-03 9.89970584556966112788E-03 9.89970584556966112788E-03 9.89970584556966112788E-03 9.89970584556966112788E-03 9.89970584556966112788E-03 9.89970584556966112788E-03 9.89970584556966112788E-03 9.89970584556966112788E-03 9.89970584556966112788E-03 9.89970584556966112788E-03 9.89970584556966112788E-03 9.89970584556966112788E-03 9.89970584556966112788E-03 9.89970584556966112788E-03 9.89970584556966112788E-03 9.89970584556966112788E-03 9.89970584556966112788E-03 9.89970584556966112788E-03 9.89970584556966112788E-03 9.89970584556966112788E-03 9.89970584556966112788E-03 9.89970584556966112788E-03 9.89970584556966112788E-03 9.89970584556966112788E-03 9.89970584556966112788E-03 9.89970584556966112788E-03 9.89970584556966112788E-03 9.89970584556966112788E-03 9.89970584556966112788E-03 9.89970584556966112788E-03 9.89970584556966112788E-03 9.89970584556966112788E-03 9.89970584556966112788E-03 9.89970584556966112788E-03 9.89970584556966112788E-03 9.89970584556966112788E-03 9.89970584556966112788E-03 9.89970584556966112788E-03 9.89970584556966112788E-03 9.89970584556966112788E-03 9.89970584556966112788E-03 9.89970584556966112788E-03 9.89970584556966112788E-03 9.89970584556966112788E-03 9.89970584556966112788E-03 9.89970584556966112788E-03 9.89970584556966112788E-03 9.89970584556966112788E-03 9.89970584556966112788E-03 9.89970584556966112788E-03 9.89970584556966112788E-03 9.89970584556966112788E-03
