1.30899857706638411692E+00 1.29127099149549895429E+00 1.27378348814905506536E+00 1.25653281562689689288E+00 1.23951576656212814065E+00 1.22272917702477590396E+00 1.20616992593353056229E+00 1.18983493447545307653E+00 1.17372116553353844637E+00 1.15782562312203629595E+00 1.14214535182941223646E+00 1.12667743626886096564E+00 1.11141900053625342082E+00 1.09636720767543116573E+00 1.08151925915073743312E+00 1.06687239432669511707E+00 1.05242388995472846425E+00 1.03817105966683853602E+00 1.02411125347613451986E+00 1.01024185728412918550E+00 9.96560292394707447627E-01 9.83064015034676663696E-01 9.69750515880810293190E-01 9.56617319593297987801E-01 9.43661984355510852218E-01 9.30882101420003937875E-01 9.18275294660662599888E-01 9.05839220130918221230E-01 8.93571565627944375265E-01 8.81470050262755266957E-01 8.69532424036127848943E-01 8.57756467420265233947E-01 8.46139990946126019367E-01 8.34680834796344472970E-01 8.23376868403659867290E-01 8.12225990054788238304E-01 8.01226126499655411095E-01 7.90375232565924679129E-01 7.79671290778744086047E-01 7.69112310985642366745E-01 7.58696329986506712295E-01 7.48421411168569306049E-01 7.38285644146340680471E-01 7.28287144406415731801E-01 7.18424052957091774374E-01 7.08694535982732909396E-01 6.99096784502812318429E-01 6.89629014035575527153E-01 6.80289464266254917391E-01 6.71076398719782640789E-01 6.61988104437929214541E-01 6.53022891660821502846E-01 6.44179093512767919627E-01 6.35455065692343668005E-01 6.26849186166668626008E-01 6.18359854869827807455E-01
1.12855092830454983854E+00 1.11536165504688700167E+00 1.10232652364024952263E+00 1.08944373264267957424E+00 1.07671150166550999572E+00 1.06412807112731577774E+00 1.05169170201074169135E+00 1.03940067562217208774E+00 1.02725329335420845212E+00 1.01524787645092606780E+00 1.00338276577586782423E+00 9.91656321582756072885E-01 9.80066923288881119980E-01 9.68612969251137045923E-01 9.57292876544676540895E-01 9.46105080744153559280E-01 9.35048035707520042159E-01 9.24120213362351394792E-01 9.13320103494667634436E-01 9.02646213540223674165E-01 8.92097068378239654862E-01 8.81671210127538240720E-01 8.71367197945069449361E-01 8.61183607826786268191E-01 8.51119032410848963544E-01 8.41172080783128550685E-01 8.31341378284984999780E-01 8.21625566323290645876E-01 8.12023302182672601646E-01 8.02533258839952745589E-01 7.93154124780752645130E-01 7.83884603818245762064E-01 7.74723414914023300604E-01 7.65669292001057710806E-01 7.56720983808732872156E-01 7.47877253689920418189E-01 7.39136879450074890663E-01 7.30498653178329182545E-01 7.21961381080562070167E-01 7.13523883314416518253E-01 7.05184993826246997450E-01 6.96943560189972943775E-01 6.88798443447812491769E-01 6.80748517952882270521E-01 6.72792671213631954252E-01 6.64929803740100466847E-01 6.57158828891966972918E-01 6.49478672728378336743E-01 6.41888273859531732768E-01 6.34386583299991202445E-01 6.26972564323719727675E-01 6.19645192320803950281E-01 6.12403454655855106203E-01 6.05246350528062304619E-01 5.98172890832884496248E-01 5.91182098025356039805E-01
1.10868702110456718302E+00 1.09595664272116821714E+00 1.08337243952580664086E+00 1.07093273307775160852E+00 1.05863586420878563743E+00 1.04648019280191051372E+00 1.03446409757259294437E+00 1.02258597585252442030E+00 1.01084424337585976339E+00 9.99237334067915705660E-01 9.87763699836290975931E-01 9.76421810364387576797E-01 9.65210152907301055514E-01 9.54127232090056898173E-01 9.43171569708160628664E-01 9.32341704530441739429E-01 9.21636192104156926064E-01 9.11053604562335084260E-01 9.00592530433332427720E-01 8.90251574452575300533E-01 8.80029357376464038687E-01 8.69924515798414121903E-01 8.59935701967008747637E-01 8.50061583606240622757E-01 8.40300843737817326762E-01 8.30652180505506487762E-01 8.21114307001498899830E-01 8.11685951094763935565E-01 8.02365855261378491114E-01 7.93152776416800264769E-01 7.84045485750071269315E-01 7.75042768559921158023E-01 7.66143424092755709331E-01 7.57346265382503491814E-01 7.48650119092301724599E-01 7.40053825358001238222E-01 7.31556237633466222015E-01 7.23156222537653770033E-01 7.14852659703444803796E-01 7.06644441628214159401E-01 6.98530473526115858185E-01 6.90509673182063354879E-01 6.82580970807386555599E-01 6.74743308897149396408E-01 6.66995642089099560756E-01 6.59336937024244784666E-01 6.51766172209024441386E-01 6.44282337879066968611E-01 6.36884435864511377900E-01 6.29571479456872307168E-01 6.22342493277438624233E-01 6.15196513147179269154E-01 6.08132585958143900839E-01 6.01149769546340695392E-01 5.94247132566074087734E-01 5.87423754365724137827E-01
1.16275298436518870204E+00 1.14875465339017091004E+00 1.13492484769328316752E+00 1.12126153840626785474E+00 1.10776272108632101165E+00 1.09442641542203733529E+00 1.08125066494288990526E+00 1.06823353673221332905E+00 1.05537312114363923676E+00 1.04266753152094593382E+00 1.03011490392128157723E+00 1.01771339684171802098E+00 1.00546119094909913727E+00 9.93356488813137428195E-01 9.81397514642729618117E-01 9.69582514025441488670E-01 9.57909753670130315051E-01 9.46377521152668488291E-01 9.34984124664725357867E-01 9.23727892765574765122E-01 9.12607174136890630933E-01 9.01620337340493960276E-01 8.90765770579016402664E-01 8.80041881459446062586E-01 8.69447096759519477693E-01 8.58979862196924348616E-01 8.48638642201284265632E-01 8.38421919688885020072E-01 8.28328195840115633075E-01 8.18355989879587131242E-01 8.08503838858898205011E-01 7.98770297442018439860E-01 7.89153937693252593988E-01 7.79653348867759610208E-01 7.70267137204591834099E-01 7.60993925722227126940E-01 7.51832354016562010024E-01 7.42781078061337529661E-01 7.33838770010965424362E-01 7.25004118005731834629E-01 7.16275825979342584127E-01 7.07652613468787716755E-01 6.99133215426493537237E-01 6.90716382034738285434E-01 6.82400878522298026674E-01 6.74185484983305771678E-01 6.66068996198285412369E-01 6.58050221457344375331E-01 6.50127984385493129516E-01 6.42301122770067900447E-01 6.34568488390230500684E-01 6.26928946848522183899E-01 6.19381377404444544155E-01 6.11924672810043368543E-01 6.04557739147472905650E-01 5.97279495668514903706E-01
1.10809101767844797592E+00 1.09537428330635755458E+00 1.08280348941254023210E+00 1.07037696114694647065E+00 1.05809304288053152021E+00 1.04595009798466986872E+00 1.03394650861310344325E+00 1.02208067548638958932E+00 1.01035101767882240509E+00 9.98755972407801784207E-01 9.87293994825618748123E-01 9.75963557813628979076E-01 9.64763151778790351010E-01 9.53691284452534482341E-01 9.42746480691946886488E-01 9.31927282283227631510E-01 9.21232247747410415428E-01 9.10659952148307305642E-01 9.00208986902660601714E-01 8.89877959592473177786E-01 8.79665493779489549020E-01 8.69570228821811119779E-01 8.59590819692610974556E-01 8.49725936800932890591E-01 8.39974265814543930020E-01 8.30334507484822625933E-01 8.20805377473655006781E-01 8.11385606182318031010E-01 8.02073938582326451119E-01 7.92869134048221124722E-01 7.83769966192276790196E-01 7.74775222701104659961E-01 7.65883705174133733173E-01 7.57094228963941850985E-01 7.48405623018423282744E-01 7.39816729724762534026E-01 7.31326404755204273478E-01 7.22933516914589513469E-01 7.14636947989642279389E-01 7.06435592599987227658E-01 6.98328358050874453689E-01 6.90314164187597389954E-01 6.82391943251579924379E-01 6.74560639738114420361E-01 6.66819210255733874071E-01 6.59166623387197447848E-01 6.51601859552070505899E-01 6.44123910870883387148E-01 6.36731781030847265868E-01 6.29424485153111779034E-01 6.22201049661547878067E-01 6.15060512153032368232E-01 6.08001921269227030287E-01 6.01024336569821793219E-01 5.94126828407240403784E-01 5.87308477802777839649E-01
1.08732398121165796390E+00 1.07507811392123886485E+00 1.06297016437041302872E+00 1.05099857927573858696E+00 1.03916182284745883813E+00 1.02745837659248007157E+00 1.01588673911957116935E+00 1.00444542594675567670E+00 9.93132969310872470992E-01 9.81947917979282602907E-01 9.70888837063695664398E-01 9.59954307836093478912E-01 9.49142927546727133148E-01 9.38453309244162592329E-01 9.27884081597355470095E-01 9.17433888719725865180E-01 9.07101389995218942985E-01 8.96885259906321175016E-01 8.86784187864015138736E-01 8.76796878039648008851E-01 8.66922049198696309524E-01 8.57158434536398949888E-01 8.47504781515245664281E-01 8.37959851704292324470E-01 8.28522420620288024828E-01 8.19191277570590070667E-01 8.09965225497849439229E-01 8.00843080826443953768E-01 7.91823673310642961454E-01 7.82905845884479423269E-01 7.74088454513315871175E-01 7.65370368047079363549E-01 7.56750468075150339864E-01 7.48227648782887388990E-01 7.39800816809764283377E-01 7.31468891109109176085E-01 7.23230802809418982235E-01 7.15085495077239285955E-01 7.07031922981587124255E-01 6.99069053359899772460E-01 6.91195864685494987256E-01 6.83411346936522612339E-01 6.75714501466393890894E-01 6.68104340875666724564E-01 6.60579888885378330166E-01 6.53140180211799759036E-01 6.45784260442605173580E-01 6.38511185914432455313E-01 6.31320023591825485454E-01 6.24209850947537003840E-01 6.17179755844182609259E-01 6.10228836417224695943E-01 6.03356200959276667284E-01 5.96560967805708886047E-01 5.89842265221542372267E-01 5.83199231289618813534E-01
1.28379401610878307594E+00 1.26674030825809413869E+00 1.24991313904818901470E+00 1.23330949917714982611E+00 1.21692641931812617351E+00 1.20076096958831701755E+00 1.18481025902499981228E+00 1.16907143506852517767E+00 1.15354168305217408275E+00 1.13821822569879693710E+00 1.12309832262413400450E+00 1.10817926984673853497E+00 1.09345839930440780208E+00 1.07893307837703611440E+00 1.06460070941580875470E+00 1.05045872927865002744E+00 1.03650460887183970549E+00 1.02273585269772215867E+00 1.00914999840841956846E+00 9.95744616365477952513E-01 9.82517309205358957414E-01 9.69465711410706587614E-01 9.56587488887306380825E-01 9.43880338546665864641E-01 9.31341987894141576376E-01 9.18970194622532488005E-01 9.06762746211076775538E-01 8.94717459529772995985E-01 8.82832180448959391583E-01 8.71104783454075715099E-01 8.59533171265547846218E-01 8.48115274463716373177E-01 8.36849051118751074974E-01 8.25732486425481471137E-01 8.14763592343075937485E-01 8.03940407239509102766E-01 7.93260995540751800981E-01 7.82723447384620740763E-01 7.72325878279227606704E-01 7.62066428765961534353E-01 7.51943264086954998859E-01 7.41954573856959398448E-01 7.32098571739586256868E-01 7.22373495127843989749E-01 7.12777604828922939362E-01 7.03309184753161731329E-01 6.93966541607152098692E-01 6.84748004590915781975E-01 6.75651925099105765682E-01 6.66676676426175340850E-01 6.57820653475467920224E-01 6.49082272472164101274E-01 6.40459970680048895630E-01 6.31952206122036508340E-01 6.23557457304411144605E-01 6.15274222944727888773E-01
1.33669357183531456457E+00 1.31821057199732805110E+00 1.29998314403475778711E+00 1.28200775405245281924E+00 1.26428091701985234607E+00 1.24679919609531553171E+00 1.22955920195979273579E+00 1.21255759215971403719E+00 1.19579107045895804973E+00 1.17925638619978845334E+00 1.16295033367261968493E+00 1.14686975149450320899E+00 1.13101152199620491601E+00 1.11537257061775640921E+00 1.09994986531236849103E+00 1.08474041595858117226E+00 1.06974127378054895132E+00 1.05494953077633435434E+00 1.04036231915411403470E+00 1.02597681077617575163E+00 1.01179021661060564163E+00 9.97799786190555537679E-01 9.84002807080989416733E-01 9.70396604352801950277E-01 9.56978540064208571536E-01 9.43746012749307694456E-01 9.30696456913712499848E-01 9.17827342537160140168E-01 9.05136174582995445270E-01 8.92620492514439534126E-01 8.80277869817544744713E-01 8.68105913530748507512E-01 8.56102263780930683446E-01 8.44264593325885992492E-01 8.32590607103123936383E-01 8.21078041784905732214E-01 8.09724665339436766587E-01 7.98528276598123754049E-01 7.87486704828816552748E-01 7.76597809314953257953E-01 7.65859478940519755596E-01 7.55269631780753569750E-01 7.44826214698502631073E-01 7.34527202946168911168E-01 7.24370599773154322243E-01 7.14354436038734164072E-01 7.04476769830284954566E-01 6.94735686086790482641E-01 6.85129296227553696852E-01 6.75655737786042820403E-01 6.66313174048799972127E-01 6.57099793699343570630E-01 6.48013810466993245285E-01 6.39053462780552750111E-01 6.30217013426778827068E-01 6.21502749213575400589E-01
1.24359786905324853912E+00 1.22759201748031032686E+00 1.21179217083143186962E+00 1.19619567769949775027E+00 1.18079992080259632559E+00 1.16560231654480528363E+00 1.15060031458263356541E+00 1.13579139739704348955E+00 1.12117307987097936106E+00 1.10674290887233439662E+00 1.09249846284228557813E+00 1.07843735138892693470E+00 1.06455721488613241910E+00 1.05085572407758043312E+00 1.03733057968587805142E+00 1.02397951202671388948E+00 1.01080028062797677713E+00 9.97790673853776621804E-01 9.84948508533306732460E-01 9.72271629594479880332E-01 9.59757909702281031272E-01 9.47405248901773688885E-01 9.35211574265704448372E-01 9.23174839546637593379E-01 9.11293024833571441157E-01 8.99564136212972154105E-01 8.87986205434170949857E-01 8.76557289579067200336E-01 8.65275470736083018863E-01 8.54138855678315600528E-01 8.43145575545828473984E-01 8.32293785532035590435E-01 8.21581664574119741040E-01 8.11007415047436008848E-01 8.00569262463848962952E-01 7.90265455173950637224E-01 7.80094264073113108360E-01 7.70053982311324269894E-01 7.60142925006756509099E-01 7.50359428963023544767E-01 7.40701852390075243804E-01 7.31168574628686451788E-01 7.21757995878488767261E-01 7.12468536929506068844E-01 7.03298638897142835980E-01 6.94246762960585628299E-01 6.85311390104567763615E-01 6.76491020864462444528E-01 6.67784175074653152393E-01 6.59189391620143894102E-01 6.50705228191366114032E-01 6.42330261042141970051E-01 6.34063084750762451236E-01 6.25902311984139481105E-01 6.17846573264995591046E-01 6.09894516742048420355E-01
1.15486979931564270885E+00 1.14106006967614637126E+00 1.12741547435120970100E+00 1.11393403869378704307E+00 1.10061381166931249176E+00 1.08745286557334952526E+00 1.07444929575261083343E+00 1.06160122032931747427E+00 1.04890677992885406056E+00 1.03636413741067956451E+00 1.02397147760245510462E+00 1.01172700703735274352E+00 9.99628953694506883210E-01 9.87675566742562960343E-01 9.75865116286300460224E-01 9.64195893116281177448E-01 9.52666208461492414195E-01 9.41274393744947146523E-01 9.30018800342209295273E-01 9.18897799342801913092E-01 9.07909781314473418590E-01 8.97053156070279800183E-01 8.86326352438451481319E-01 8.75727818035015981302E-01 8.65256019039132295845E-01 8.54909439971121343227E-01 8.44686583473141405776E-01 8.34585970092493356631E-01 8.24606138067511817979E-01 8.14745643116020712426E-01 8.05003058226315126866E-01 7.95376973450645174957E-01 7.85865995701168107423E-01 7.76468748548339249282E-01 7.67183872021717228051E-01 7.58010022413146522524E-01 7.48945872082297681160E-01 7.39990109264530349087E-01 7.31141437881054900849E-01 7.22398577351362702892E-01 7.13760262407902690285E-01 7.05225242912969174647E-01 6.96792283677782897655E-01 6.88460164283735576163E-01 6.80227678905768629036E-01 6.72093636137867433966E-01 6.64056858820640805163E-01 6.56116183870962155211E-01 6.48270462113647583102E-01 6.40518558115148461951E-01 6.32859350019229993656E-01 6.25291729384616412624E-01 6.17814601024578191613E-01 6.10426882848435048423E-01 6.03127505704957322941E-01 5.95915413227636525662E-01
1.41390573556115684006E+00 1.39323407238474450409E+00 1.37286463420659821111E+00 1.35279300242001099264E+00 1.33301482301943341469E+00 1.31352580565599064144E+00 1.29432172270680445614E+00 1.27539840835792417373E+00 1.25675175770066216430E+00 1.23837772584114658159E+00 1.22027232702288634947E+00 1.20243163376217010452E+00 1.18485177599610103094E+00 1.16752894024309039622E+00 1.15045936877562593459E+00 1.13363935880513144738E+00 1.11706526167874597988E+00 1.10073348208784604907E+00 1.08464047728813861582E+00 1.06878275633115782384E+00 1.05315687930699608543E+00 1.03775945659810853172E+00 1.02258714814402384974E+00 1.00763666271680962794E+00 9.92904757207126786867E-01 9.78388235920721882621E-01 9.64083949885209956498E-01 9.49988796166986282365E-01 9.36099717198128900009E-01 9.22413700113139278791E-01 9.08927776095383110899E-01 8.95639019733084240649E-01 8.82544548384733396063E-01 8.69641521553777274711E-01 8.56927140272448317759E-01 8.44398646494602500567E-01 8.32053322497435576821E-01 8.19888490291944993515E-01 8.07901511042012576702E-01 7.96089784491976870662E-01 7.84450748402580444463E-01 7.72981877995157606875E-01 7.61680685403952284496E-01 7.50544719136441051965E-01 7.39571563541548404608E-01 7.28758838285634591436E-01 7.18104197836145541345E-01 7.07605330952813416090E-01 6.97259960186292548912E-01 6.87065841384129627478E-01 6.77020763203953768183E-01 6.67122546633783675141E-01 6.57369044519350964606E-01 6.47758141098331186036E-01 6.38287751541385839360E-01 6.28955821499913469985E-01
1.40875008404662382944E+00 1.38822835020257917549E+00 1.36800556332204137355E+00 1.34807736854456483577E+00 1.32843947444841381511E+00 1.30908765212642785869E+00 1.29001773427535315619E+00 1.27122561429843594638E+00 1.25270724542109168631E+00 1.23445863981945591625E+00 1.21647586776162808242E+00 1.19875505676142712908E+00 1.18129239074447411895E+00 1.16408410922642246987E+00 1.14712650650315883816E+00 1.13041593085280300812E+00 1.11394878374932737586E+00 1.09772151908763837547E+00 1.08173064241994199008E+00 1.06597271020323303148E+00 1.05044432905775120268E+00 1.03514215503623319137E+00 1.02006289290381557677E+00 1.00520329542842268289E+00 9.90560162681496381154E-01 9.76130341348906527266E-01 9.61910724051907473076E-01 9.47898248677977117715E-01 9.34089897721412487641E-01 9.20482697633525526193E-01 9.07073718182307309199E-01 8.93860071821417800919E-01 8.80838913068372031390E-01 8.68007437891779587424E-01 8.55362883107513849446E-01 8.42902525783676304094E-01 8.30623682654227923905E-01 8.18523709541164379289E-01 8.06600000785106407974E-01 7.94849988684187658272E-01 7.83271142941113440727E-01 7.71860970118276257246E-01 7.60617013100809202797E-01 7.49536850567459222994E-01 7.38618096469170426488E-01 7.27858399515261433876E-01 7.17255442667089737618E-01 7.06806942639089497149E-01 6.96510649407079851514E-01 6.86364345723734947669E-01 6.76365846641112544724E-01 6.66512999040138498508E-01 6.56803681166944097747E-01 6.47235802175960106553E-01 6.37807301679663263272E-01 6.28516149304885307636E-01
1.49335595202105042567E+00 1.47030536854322257945E+00 1.44761058061296665755E+00 1.42526609637486778581E+00 1.40326650874263325619E+00 1.38160649409064339999E+00 1.36028081096570296893E+00 1.33928429881867128159E+00 1.31861187675567737010E+00 1.29825854230860415761E+00 1.27821937022455633937E+00 1.25848951127400776606E+00 1.23906419107735121798E+00 1.21993870894955591666E+00 1.20110843676266165758E+00 1.18256881782582956575E+00 1.16431536578267857962E+00 1.14634366352564520675E+00 1.12864936212709676688E+00 1.11122817978694632401E+00 1.09407590079651040327E+00 1.07718837451835902641E+00 1.06056151438191448300E+00 1.04419129689455236765E+00 1.02807376066796507530E+00 1.01220500545955705007E+00 9.96581191228633644918E-01 9.81198537207159882101E-01 9.66053320984861074727E-01 9.51141877608446262293E-01 9.36460598694735635306E-01 9.22005931557476232641E-01 9.07774378347636967668E-01 8.93762495206972151784E-01 8.79966891434651121706E-01 8.66384228666750688674E-01 8.53011220068412900908E-01 8.39844629538472497998E-01 8.26881270926359990270E-01 8.14118007261093179494E-01 8.01551749992169826342E-01 7.89179458242176612437E-01 7.76998138070934873944E-01 7.65004841751004360795E-01 7.53196667054369384253E-01 7.41570756550137821783E-01 7.30124296913076231696E-01 7.18854518242821427521E-01 7.07758693393598758981E-01 6.96834137314287449527E-01 6.86078206398671119892E-01 6.75488297845718177470E-01 6.65061849029736973371E-01 6.54796336880251739210E-01 6.44689277271450977835E-01 6.34738224421061092428E-01
1.09672778170642515327E+00 1.08426978893224212896E+00 1.07195330947298606006E+00 1.05977673584511866700E+00 1.04773847882489135053E+00 1.03583696724092755304E+00 1.02407064776916145732E+00 1.01243798473010659933E+00 1.00093745988842575123E+00 9.89567572254780536412E-01 9.78326837889928135894E-01 9.67213789711045990316E-01 9.56226977300255964742E-01 9.45364966715322885271E-01 9.34626340302503799684E-01 9.24009696511522760076E-01 9.13513649712649145052E-01 9.03136830015850211595E-01 8.92877883092002222476E-01 8.82735469996128396808E-01 8.72708266992648029614E-01 8.62794965382609579940E-01 8.52994271332884856918E-01 8.43304905707305096918E-01 8.33725603899715062006E-01 8.24255115668922511141E-01 8.14892204975523615218E-01 8.05635649820581001279E-01 7.96484242086135885152E-01 7.87436787377529312515E-01 7.78492104867515966049E-01 7.69649027142150110592E-01 7.60906400048419140347E-01 7.52263082543610850372E-01 7.43717946546389008233E-01 7.35269876789562903951E-01 7.26917770674527896624E-01 7.18660538127360970506E-01 7.10497101456548429965E-01 7.02426395212332077556E-01 6.94447366047651892806E-01 6.86558972580668447350E-01 6.78760185258847847933E-01 6.71049986224589001260E-01 6.63427369182377990597E-01 6.55891339267452688766E-01 6.48440912915956957363E-01 6.41075117736571220561E-01 6.33792992383601427875E-01 6.26593586431508642320E-01 6.19475960250864821077E-01 6.12439184885716580986E-01 6.05482341932343626212E-01 5.98604523419392187122E-01 5.91804831689372479175E-01 5.85082379281500419843E-01
1.10601706552545486772E+00 1.09334775242279680363E+00 1.08082356501439447172E+00 1.06844284090016650168E+00 1.05620393672265588947E+00 1.04410522794889759624E+00 1.03214510865478659163E+00 1.02032199131191614327E+00 1.00863430657685571035E+00 9.97080503082844016305E-01 9.85659047233868657045E-01 9.74368423001103267644E-01 9.63207131721678599945E-01 9.52173691899755203494E-01 9.41266639009879169109E-01 9.30484525302585185891E-01 9.19825919612232589806E-01 9.09289407167036989321E-01 8.98873589401280592703E-01 8.88577083769674813674E-01 8.78398523563846067574E-01 8.68336557730926439369E-01 8.58389850694221800964E-01 8.48557082175932841928E-01 8.38836947021908474476E-01 8.29228155028405744531E-01 8.19729430770834377462E-01 8.10339513434463643016E-01 8.01057156647066892496E-01 7.91881128313485116443E-01 7.82810210452083432564E-01 7.73843199033083961602E-01 7.64978903818746558407E-01 7.56216148205384297576E-01 7.47553769067184736841E-01 7.38990616601824967802E-01 7.30525554177849589799E-01 7.22157458183801725937E-01 7.13885217879079658765E-01 7.05707735246501544069E-01 6.97623924846561771496E-01 6.89632713673353214823E-01 6.81733041012142826354E-01 6.73923858298577038717E-01 6.66204128979500209695E-01 6.58572828375367902431E-01 6.51028943544236016194E-01 6.43571473147306671869E-01 6.36199427316017085410E-01 6.28911827520647670475E-01 6.21707706440437601891E-01 6.14586107835186967741E-01 6.07546086418330522072E-01 6.00586707731464164439E-01 5.93707048020309824388E-01 5.86906194112101209370E-01
1.35789934433200709663E+00 1.33882735286880394376E+00 1.32002323167145729776E+00 1.30148321844385517210E+00 1.28320360373215192062E+00 1.26518073018258792040E+00 1.24741099180973291638E+00 1.22989083327500425824E+00 1.21261674917532302764E+00 1.19558528334175950825E+00 1.17879302814802677801E+00 1.16223662382869030729E+00 1.14591275780695167619E+00 1.12981816403187229625E+00 1.11394962232491123721E+00 1.09830395773563305184E+00 1.08287803990647280017E+00 1.06766878244641705287E+00 1.05267314231348541043E+00 1.03788811920588375237E+00 1.02331075496170820216E+00 1.00893813296708279026E+00 9.94767377572606692482E-01 9.80795653518000243309E-01 9.67020165364830708299E-01 9.53438156937206016117E-01 9.40046910770323318474E-01 9.26843747566763909163E-01 9.13826025660422924801E-01 9.00991140487971464701E-01 8.88336524067737887123E-01 8.75859644485911359446E-01 8.63558005389961635956E-01 8.51429145489171035344E-01 8.39470638062186358397E-01 8.27680090471482832193E-01 8.16055143684649597624E-01 8.04593471802399040627E-01 7.93292781593204376911E-01 7.82150812034474784973E-01 7.71165333860172164115E-01 7.60334149114785584622E-01 7.49655090713566063521E-01 7.39126022008941729879E-01 7.28744836363020231929E-01 7.18509456726095896428E-01 7.08417835221077707430E-01 6.98467952733754060546E-01 6.88657818508811025993E-01 6.78985469751525738680E-01 6.69448971235053869044E-01 6.60046414913233236987E-01 6.50775919538824187960E-01 6.41635630287113567505E-01 6.32623718384804911707E-01 6.23738380744119802479E-01
1.14942853232136998898E+00 1.13574824062624690768E+00 1.12223076930281395747E+00 1.10887418049228614336E+00 1.09567655939992603109E+00 1.08263601402053821765E+00 1.06975067486723340870E+00 1.05701869470341858204E+00 1.04443824827797837607E+00 1.03200753206360906766E+00 1.01972476399826339488E+00 1.00758818322967602654E+00 9.95596049862930154717E-01 9.83746644711023465746E-01 9.72038269048410064066E-01 9.60469244367468055756E-01 9.49037912137872807783E-01 9.37742633568829253576E-01 9.26581789374135378345E-01 9.15553779540042245166E-01 9.04657023095877144137E-01 8.93889957887395669722E-01 8.83251040352832528235E-01 8.72738745301617213634E-01 8.62351565695722577232E-01 8.52088012433617758568E-01 8.41946614136789506233E-01 8.31925916938808129864E-01 8.22024484276900446744E-01 8.12240896686004409943E-01 8.02573751595276663195E-01 7.93021663127019604822E-01 7.83583261898002536583E-01 7.74257194823147920637E-01 7.65042124921553656769E-01 7.55936731124823402261E-01 7.46939708087680065418E-01 7.38049766000830165247E-01 7.29265630406060072488E-01 7.20586042013527161565E-01 7.12009756521230774418E-01 7.03535544436628912379E-01 6.95162190900378340608E-01 6.86888495512173791191E-01 6.78713272158658176281E-01 6.70635348843382717021E-01 6.62653567518788677582E-01 6.54766783920192274593E-01 6.46973867401741342675E-01 6.39273700774328101915E-01 6.31665180145427718195E-01 6.24147214760846780202E-01 6.16718726848351050940E-01 6.09378651463157949841E-01 6.02125936335267120114E-01 5.94959541718605100513E-01
1.32861701975273960308E+00 1.31035593424144214403E+00 1.29234583696760729765E+00 1.27458327824061878886E+00 1.25706485578389481894E+00 1.23978721408321201913E+00 1.22274704374398202056E+00 1.20594108085736295699E+00 1.18936610637508421995E+00 1.17301894549286322977E+00 1.15689646704229853746E+00 1.14099558289111624454E+00 1.12531324735166560203E+00 1.10984645659754033176E+00 1.09459224808822153108E+00 1.07954770000162381116E+00 1.06470993067444541502E+00 1.05007609805020862836E+00 1.03564339913488590028E+00 1.02140906946000886713E+00 1.00737038255315658475E+00 9.93524649415720828571E-01 9.79869218007850650842E-01 9.66401472740475275813E-01 9.53118833974307633206E-01 9.40018757525736714520E-01 9.27098734179508943143E-01 9.14356289208106631783E-01 9.01788981897735597570E-01 8.89394405080824901333E-01 8.77170184674952557735E-01 8.65113979228110507869E-01 8.53223479470216705778E-01 8.41496407870793605710E-01 8.29930518202725120425E-01 8.18523595112009338948E-01 8.07273453693426068511E-01 7.96177939072034490664E-01 7.85234925990424992293E-01 7.74442318401643015058E-01 7.63798049067706652515E-01 7.53300079163645497360E-01 7.42946397886978693315E-01 7.32735022072562913742E-01 7.22663995812730775015E-01 7.12731390082654958640E-01 7.02935302370856995857E-01 6.93273856314797431999E-01 6.83745201341471986467E-01 6.74347512312951313795E-01 6.65078989176788981652E-01 6.55937856621235160226E-01 6.46922363735191185974E-01 6.38030783672836165898E-01 6.29261413322862561692E-01 6.20612572982259913523E-01
1.26101560003782098285E+00 1.24455974499775190445E+00 1.22831863366512905600E+00 1.21228946370243995112E+00 1.19646946934178965982E+00 1.18085592090768121132E+00 1.16544612434602012918E+00 1.15023742075926582729E+00 1.13522718594765081868E+00 1.12041282995638513675E+00 1.10579179662876958545E+00 1.09136156316514343345E+00 1.07711963968758306365E+00 1.06306356881028496453E+00 1.04919092521555401554E+00 1.03549931523532445787E+00 1.02198637643814183029E+00 1.00864977722153681405E+00 9.95487216409713715493E-01 9.82496422856494744380E-01 9.69675155053441151232E-01 9.57021200743092270713E-01 9.44532376537246975978E-01 9.32206527540230256434E-01 9.20041526977074641813E-01 9.08035275826554078016E-01 8.96185702459005639753E-01 8.84490762278880127134E-01 8.72948437371951935226E-01 8.61556736157140012899E-01 8.50313693042866636240E-01 8.39217368087902038098E-01 8.28265846666637828299E-01 8.17457239138723479321E-01 8.06789680523018692959E-01 7.96261330175796588904E-01 7.85870371473150530761E-01 7.75615011497540862706E-01 7.65493480728435260474E-01 7.55504032736985298158E-01 7.45644943884686717261E-01 7.35914513025973548999E-01 7.26311061214691244814E-01 7.16832931414402296788E-01 7.07478488212471057217E-01 6.98246117537879573689E-01 6.89134226382726811089E-01 6.80141242527361300496E-01 6.71265614269101029699E-01 6.62505810154493945952E-01 6.53860318715070887308E-01 6.45327648206549087107E-01 6.36906326351437179767E-01 6.28594900084999408385E-01 6.20391935304536068507E-01 6.12296016621933447688E-01
1.23076897765180759414E+00 1.21509060853327199858E+00 1.19961196110311218987E+00 1.18433049117114430615E+00 1.16924368695680302999E+00 1.15434906867628583882E+00 1.13964418813495571570E+00 1.12512662832493859355E+00 1.11079400302784359056E+00 1.09664395642254719476E+00 1.08267416269797034367E+00 1.06888232567079244362E+00 1.05526617840803105253E+00 1.04182348285443193703E+00 1.02855202946460555502E+00 1.01544963683984823533E+00 1.00251415136959121099E+00 9.89743446877415999907E-01 9.77135424271579955402E-01 9.64688011199993034062E-01 9.52399161709590491576E-01 9.40266855910044108136E-01 9.28289099641756987324E-01 9.16463924148087416555E-01 9.04789385751751273901E-01 8.93263565535341474977E-01 8.81884569025921716268E-01 8.70650525883634451851E-01 8.59559589594279804814E-01 8.48609937165805017223E-01 8.37799768828667468235E-01 8.27127307740006756376E-01 8.16590799691591318066E-01 8.06188512821482183845E-01 7.95918737329371683842E-01 7.85779785195546365273E-01 7.75769989903432155565E-01 7.65887706165671811043E-01 7.56131309653692795791E-01 7.46499196730721403803E-01 7.36989784188194718695E-01 7.27601508985534217722E-01 7.18332827993230060848E-01 7.09182217739202869211E-01 7.00148174158391589650E-01 6.91229212345535803941E-01 6.82423866311104077020E-01 6.73730688740332817055E-01 6.65148250755334680129E-01 6.56675141680236884589E-01 6.48309968809311687465E-01 6.40051357178059943109E-01 6.31897949337213438170E-01 6.23848405129610261710E-01 6.15901401469920339871E-01 6.08055632127169953804E-01
1.33601458161449193618E+00 1.31755028920371164425E+00 1.29934118120403185870E+00 1.28138373085784817995E+00 1.26367446014885298489E+00 1.24620993912841115936E+00 1.22898678525124238625E+00 1.21200166272028786452E+00 1.19525128184063000880E+00 1.17873239838234056265E+00 1.16244181295213455662E+00 1.14637637037370998527E+00 1.13053295907664885789E+00 1.11490851049376726856E+00 1.09949999846678969639E+00 1.08430443866024162070E+00 1.06931888798344010283E+00 1.05454044402047308893E+00 1.03996624446805618902E+00 1.02559346658116057327E+00 1.01141932662629829842E+00 9.97441079342369474325E-01 9.83656017408953919912E-01 9.70061470921958157732E-01 9.56654806876503172042E-01 9.43433428656962780323E-01 9.30394775534047924204E-01 9.17536322168843732072E-01 9.04855578123696768778E-01 8.92350087379867207282E-01 8.80017427861843004600E-01 8.67855210968230927904E-01 8.55861081109129728794E-01 8.44032715249897314003E-01 8.32367822461222761632E-01 8.20864143475417251672E-01 8.09519450248836647255E-01 7.98331545530352459927E-01 7.87298262435785156654E-01 7.76417464028220982719E-01 7.65687042904126924370E-01 7.55104920785188205024E-01 7.44669048115783493991E-01 7.34377403666026551399E-01 7.24227994140291486680E-01 7.14218853791149910215E-01 7.04348044038642595588E-01 6.94613653094814265110E-01 6.85013795593435892428E-01 6.75546612224845022254E-01 6.66210269375833497030E-01 6.57002958774511314211E-01 6.47922897140078779543E-01 6.38968325837438233528E-01 6.30137510536581180176E-01 6.21428740876681207084E-01
1.23084107022357347461E+00 1.21516087019825214099E+00 1.19968042680990194526E+00 1.18439719527504183638E+00 1.16930866322925219869E+00 1.15441235031417743784E+00 1.13970580776978569482E+00 1.12518661803182506986E+00 1.11085239433440685630E+00 1.09670078031765472204E+00 1.08272944964034523174E+00 1.06893610559749263622E+00 1.05531848074279688277E+00 1.04187433651590710681E+00 1.02860146287442955071E+00 1.01549767793062706289E+00 1.00256082759274445237E+00 9.89788785210903410139E-01 9.77179451227509821010E-01 9.64730752832112625761E-01 9.52440643620662052982E-01 9.40307103259106602522E-01 9.28328137151276822081E-01 9.16501776110998922498E-01 9.04826076038387161482E-01 8.93299117600258929528E-01 8.81919005914620357522E-01 8.70683870239173707262E-01 8.59591863663790811678E-01 8.48641162806905491323E-01 8.37829967515772877640E-01 8.27156500570548458562E-01 8.16619007392135887180E-01 8.06215755753756369018E-01 7.95945035496194441826E-01 7.85805158246668744582E-01 7.75794457141286475377E-01 7.65911286551031911252E-01 7.56154021811247245566E-01 7.46521058954557892307E-01 7.37010814447201623167E-01 7.27621724928716462344E-01 7.18352246954944262392E-01 7.09200856744308216761E-01 7.00166049927324229962E-01 6.91246341299300071093E-01 6.82440264576189226098E-01 6.73746372153551709161E-01 6.65163234868586750181E-01 6.56689441765196946221E-01 6.48323599862046462405E-01 6.40064333923571537888E-01 6.31910286233911433484E-01 6.23860116373714967963E-01 6.15912500999795553547E-01 6.08066133627590099664E-01
1.39004625496728251299E+00 1.37006389173370846102E+00 1.35036878141633853723E+00 1.33095679466185767836E+00 1.31182386147773621943E+00 1.29296597037890004245E+00 1.27437916754666624719E+00 1.25605955599977048287E+00 1.23800329477731185790E+00 1.22020659813344067857E+00 1.20266573474362448160E+00 1.18537702692232560509E+00 1.16833684985191976757E+00 1.15154163082270799556E+00 1.13498784848384359769E+00 1.11867203210503496358E+00 1.10259076084885676572E+00 1.08674066305352545747E+00 1.07111841552598408001E+00 1.05572074284514605402E+00 1.04054441667516051062E+00 1.02558625508854484032E+00 1.01084312189905034529E+00 9.96311926004117665023E-01 9.81989620736783197508E-01 9.67873203226903844332E-01 9.53959713771563189155E-01 9.40246235214528547353E-01 9.26729892334629434814E-01 9.13407851242926560609E-01 9.00277318788548441830E-01 8.87335541973067742916E-01 8.74579807373297990480E-01 8.62007440572386318678E-01 8.49615805599083340205E-01 8.37402304375078232468E-01 8.25364376170272473487E-01 8.13499497065889531910E-01 8.01805179425299052731E-01 7.90278971372449401400E-01 7.78918456277797766063E-01 7.67721252251631014474E-01 7.56685011644667837594E-01 7.45807420555844036159E-01 7.35086198347168040534E-01 7.24519097165556069662E-01 7.14103901471536239853E-01 7.03838427574732250491E-01 6.93720523176020620326E-01 6.83748066916272101423E-01 6.73918967931579016017E-01 6.64231165414876811859E-01 6.54682628183867354466E-01 6.45271354255152584933E-01 6.35995370424491945904E-01 6.26852731853091982295E-01
1.14867284725572904591E+00 1.13501048403728588276E+00 1.12151062154231540013E+00 1.10817132698036946437E+00 1.09499069054969067061E+00 1.08196682516378483996E+00 1.06909786618124269530E+00 1.05638197113878007372E+00 1.04381731948744693739E+00 1.03140211233198031415E+00 1.01913457217325342796E+00 1.00701294265378726855E+00 9.95035488306294957361E-01 9.83200494305209171664E-01 9.71506266221170200481E-01 9.59951129778433220885E-01 9.48533430615158712484E-01 9.37251534046556589175E-01 9.26103824830847854876E-01 9.15088706938005702618E-01 9.04204603321251854098E-01 8.93449955691270059077E-01 8.82823224293101338489E-01 8.72322887685697878624E-01 8.61947442524095719385E-01 8.51695403344178703087E-01 8.41565302350003929810E-01 8.31555689203655412634E-01 8.21665130817596289781E-01 8.11892211149494613665E-01 8.02235530999485191295E-01 7.92693707809843717271E-01 7.83265375467048108327E-01 7.73949184106185517074E-01 7.64743799917694699886E-01 7.55647904956401106347E-01 7.46660196952825594430E-01 7.37779389126737239479E-01 7.29004210002922925504E-01 7.20333403229149848990E-01 7.11765727396290959206E-01 7.03299955860592129753E-01 6.94934876568051529411E-01 6.86669291880888543744E-01 6.78502018406077045398E-01 6.70431886825916922845E-01 6.62457741730622773346E-01 6.54578441452901116371E-01 6.46792857904497253685E-01 6.39099876414686907111E-01 6.31498395570684767364E-01 6.23987327059956631281E-01 6.16565595514403153032E-01 6.09232138356398000845E-01 6.01985905646658547852E-01 5.94825859933923783984E-01
1.16722435701974114330E+00 1.15311848557194762677E+00 1.13918308315875305148E+00 1.12541608966697248562E+00 1.11181546987982704522E+00 1.09837921317607167815E+00 1.08510533323275892847E+00 1.07199186773159516051E+00 1.05903687806884416744E+00 1.04623844906873775251E+00 1.03359468870035042798E+00 1.02110372779789315700E+00 1.00876371978438994503E+00 9.96572840398691761621E-01 9.84529287425791488353E-01 9.72631280430396927272E-01 9.60877060493721901757E-01 9.49264889953462143168E-01 9.37793052146910222078E-01 9.26459851157175773295E-01 9.15263611562473711203E-01 9.04202678188440911455E-01 8.93275415863447053155E-01 8.82480209176862429032E-01 8.71815462240245642178E-01 8.61279598451419881044E-01 8.50871060261398581837E-01 8.40588308944127837741E-01 8.30429824369012470342E-01 8.20394104776189569961E-01 8.10479666554519750932E-01 8.00685044022259484464E-01 7.91008789210385199198E-01 7.81449471648536397872E-01 7.72005678153543484221E-01 7.62676012620512988605E-01 7.53459095816437995907E-01 7.44353565176301135153E-01 7.35358074601641820145E-01 7.26471294261559874528E-01 7.17691910396121568461E-01 7.09018625122142420736E-01 7.00450156241317678507E-01 6.91985237050670831671E-01 6.83622616155292517348E-01 6.75361057283344057289E-01 6.67199339103294208897E-01 6.59136255043367591533E-01 6.51170613113172369602E-01 6.43301235727484210791E-01 6.35526959532162205591E-01 6.27846635232164551610E-01 6.20259127421646128120E-01 6.12763314416107207627E-01 6.05358088086571877184E-01 5.98042353695769746125E-01
1.23372636295991466859E+00 1.21797279909752464988E+00 1.20242039392138577725E+00 1.18706657881798260945E+00 1.17190881797265888942E+00 1.15694460795080455995E+00 1.14217147728439516463E+00 1.12758698606380458607E+00 1.11318872553483472210E+00 1.09897431770088638281E+00 1.08494141493021767353E+00 1.07108769956820726321E+00 1.05741088355457701908E+00 1.04390870804549718009E+00 1.03057894304052077850E+00 1.01741938701427847569E+00 1.00442786655287785713E+00 9.91602235994946012987E-01 9.78940377077254786364E-01 9.66440198584870402421E-01 9.54099636005774409675E-01 9.41916651189887654816E-01 9.29889232012454991505E-01 9.18015392041724775929E-01 9.06293170210872744974E-01 8.94720630494114876896E-01 8.83295861586955832756E-01 8.72016976590520798140E-01 8.60882112699917989573E-01 8.49889430896580422292E-01 8.39037115644535758108E-01 8.28323374590555272512E-01 8.17746438268131314864E-01 8.07304559805234633885E-01 7.96996014635803495807E-01 7.86819100214916300473E-01 7.76772135737602287264E-01 7.66853461861242258202E-01 7.57061440431512577831E-01 7.47394454211831593682E-01 7.37850906616257629089E-01 7.28429221445800356705E-01 7.19127842628097369015E-01 7.09945233960414534558E-01 7.00879878855930726900E-01 6.91930280093259408858E-01 6.83094959569169546398E-01 6.74372458054464218868E-01 6.65761334952977068546E-01 6.57260168063644290015E-01 6.48867553345616965288E-01 6.40582104686370779056E-01 6.32402453672778364080E-01 6.24327249365103087442E-01 6.16355158073881304048E-01 6.08484863139650666852E-01
1.11303055562305508452E+00 1.10020052321079209179E+00 1.08751838407142087384E+00 1.07498243342201793560E+00 1.06259098613088998064E+00 1.05034237649105310908E+00 1.03823495799631992931E+00 1.02626710311997260128E+00 1.01443720309598073293E+00 1.00274366770274880878E+00 9.91184925049348852788E-01 9.79759421364222449213E-01 9.68465620786315928292E-01 9.57302005158625179959E-01 9.46267073824117566083E-01 9.35359343424007949608E-01 9.24577347698359974792E-01 9.13919637288987063428E-01 9.03384779544621263625E-01 8.92971358328332520671E-01 8.82677973827166173493E-01 8.72503242363973030571E-01 8.62445796211411708221E-01 8.52504283408092256025E-01 8.42677367576840752328E-01 8.32963727745058002405E-01 8.23362058167149690746E-01 8.13871068149001453129E-01 8.04489481874481549006E-01 7.95216038233937050350E-01 7.86049490654673554957E-01 7.76988606933384340358E-01 7.68032169070513637266E-01 7.59178973106527599235E-01 7.50427828960073539655E-01 7.41777560268004676480E-01 7.33227004227249734569E-01 7.24775011438501537420E-01 7.16420445751714263238E-01 7.08162184113374060246E-01 6.99999116415535693747E-01 6.91930145346597469391E-01 6.83954186243795336786E-01 6.76070166947398965007E-01 6.68277027656587918614E-01 6.60573720786988949349E-01 6.52959210829854752589E-01 6.45432474212868423358E-01 6.37992499162549520086E-01 6.30638285568247858315E-01 6.23368844847705161349E-01 6.16183199814165027952E-01 6.09080384545017339271E-01 6.02059444251952680105E-01 5.95119435152617670681E-01 5.88259424343748671404E-01
1.21871421522700162932E+00 1.20334050235164524700E+00 1.18816072423525165291E+00 1.17317243444922869600E+00 1.15837321742594512308E+00 1.14376068806942843281E+00 1.12933249137097235781E+00 1.11508630202959890809E+00 1.10101982407729814817E+00 1.08713079050900840450E+00 1.07341696291725341439E+00 1.05987613113139222953E+00 1.04650611286142236622E+00 1.03330475334627114314E+00 1.02026992500653035378E+00 1.00739952710156299709E+00 9.94691485390943874734E-01 9.82143751800166442401E-01 9.69754304090566732199E-01 9.57521145533413053919E-01 9.45442304588104964758E-01 9.33515834584433767951E-01 9.21739813408848807086E-01 9.10112343194683592884E-01 8.98631550016287139471E-01 8.87295583587018099614E-01 8.76102616961041968935E-01 8.65050846238897497287E-01 8.54138490276771134013E-01 8.43363790399442092571E-01 8.32725010116848962660E-01 8.22220434844228575955E-01 8.11848371625788933770E-01 8.01607148861865237421E-01 7.91495116039519275297E-01 7.81510643466536314428E-01 7.71652122008778862394E-01 7.61917962830851780431E-01 7.52306597140039556848E-01 7.42816475933475328652E-01 7.33446069748496132235E-01 7.24193868416150632328E-01 7.15058380817813810104E-01 7.06038134644872639178E-01 6.97131676161445112960E-01 6.88337569970088547500E-01 6.79654398780467849939E-01 6.71080763180937567292E-01 6.62615281413009737932E-01 6.54256589148663469935E-01 6.46003339270464715938E-01 6.37854201654460384319E-01 6.29807862955811148531E-01 6.21863026397126317235E-01 6.14018411559472454542E-01 6.06272754176014894156E-01
9.91986555357049271109E-01 9.81788944225123194620E-01 9.71696164426077868548E-01 9.61707138294937591283E-01 9.51820799245111093256E-01 9.42036091654505747250E-01 9.32351970752812286847E-01 9.22767402509949152822E-01 9.13281363525653699931E-01 9.03892840920205831168E-01 8.94600832226279285564E-01 8.85404345281899596287E-01 8.76302398124508385990E-01 8.67294018886110795741E-01 8.58378245689504715266E-01 8.49554126545575494234E-01 8.40820719251646142567E-01 8.32177091290873471863E-01 8.23622319732677188320E-01 8.15155491134193055380E-01 8.06775701442740356129E-01 7.98482055899289555612E-01 7.90273668942925056058E-01 7.82149664116287279825E-01 7.74109173971989195095E-01 7.66151339979993628582E-01 7.58275312435942816514E-01 7.50480250370430868045E-01 7.42765321459208371913E-01 7.35129701934309931488E-01 7.27572576496096079524E-01 7.20093138226199025453E-01 7.12690588501363131435E-01 7.05364136908171568408E-01 6.98113001158647938915E-01 6.90936407006728869895E-01 6.83833588165591588215E-01 6.76803786225834036472E-01 6.69846250574494428420E-01 6.62960238314903915757E-01 6.56145014187364039593E-01 6.49399850490637864375E-01 6.42724027004249132133E-01 6.36116830911580444230E-01 6.29577556723761810886E-01 6.23105506204340797716E-01 6.16699988294729051219E-01 6.10360319040411769542E-01 6.04085821517920562584E-01 5.97875825762552159937E-01 5.91729668696833410735E-01 5.85646694059720474002E-01 5.79626252336526426312E-01 5.73667700689567738870E-01 5.67770402889525849233E-01 5.61933729247512170346E-01
1.19760144503815357808E+00 1.18275415164031816317E+00 1.16809092792789814830E+00 1.15360949189243733315E+00 1.13930758981673507790E+00 1.12518299592410575549E+00 1.11123351203198428294E+00 1.09745696720982888195E+00 1.08385121744126200483E+00 1.07041414529040235237E+00 1.05714365957233136228E+00 1.04403769502764776078E+00 1.03109421200105377814E+00 1.01831119612392950735E+00 1.00568665800083856254E+00 9.93218632899924180890E-01 9.80905180447140367939E-01 9.68744384324277119092E-01 9.56734351970725538372E-01 9.44873214288944662798E-01 9.33159125353575258366E-01 9.21590262124163506208E-01 9.10164824161444729889E-01 8.98881033347144309253E-01 8.87737133607252482115E-01 8.76731390638730401221E-01 8.65862091639604147808E-01 8.55127545042403292008E-01 8.44526080250908472991E-01 8.34056047380156706517E-01 8.23715816999675221055E-01 8.13503779879894861615E-01 8.03418346741710753811E-01 7.93457948009143931856E-01 7.83621033565072733218E-01 7.73906072509990439201E-01 7.64311552923754855549E-01 7.54835981630291197320E-01 7.45477883965211196582E-01 7.36235803546314571122E-01 7.27108302046936327834E-01 7.18093958972100709914E-01 7.09191371437453588200E-01 7.00399153950934105772E-01 6.91715938197153823452E-01 6.83140372824447505984E-01 6.74671123234565572879E-01 6.66306871374973241906E-01 6.58046315533724279767E-01 6.49888170136878495775E-01 6.41831165548430115919E-01 6.33874047872717172325E-01 6.26015578759280266752E-01 6.18254535210139510859E-01 6.10589709389463441980E-01 6.03019908435594609308E-01
1.27097987400722467477E+00 1.25426379587522851544E+00 1.23776756958654599039E+00 1.22148830362364368973E+00 1.20542314449856990954E+00 1.18956927625278519045E+00 1.17392391996357114969E+00 1.15848433325692989904E+00 1.14324780982689322428E+00 1.12821167896114893381E+00 1.11337330507291065729E+00 1.09873008723894227678E+00 1.08427945874365860846E+00 1.07001888662922195472E+00 1.05594587125155769947E+00 1.04205794584220590160E+00 1.02835267607593827677E+00 1.01482765964406129733E+00 1.00148052583332991539E+00 9.88308935110401409752E-01 9.75310578711752751424E-01 9.62483178238993541953E-01 9.49824485259498141332E-01 9.37332280912294812936E-01 9.25004375519134725003E-01 9.12838608200675416526E-01 9.00832846497718442436E-01 8.88984985997420373849E-01 8.77292949964424972897E-01 8.65754688976846709103E-01 8.54368180567039448015E-01 8.43131428867091914370E-01 8.32042464258983760494E-01 8.21099343029345063449E-01 8.10300147028755080036E-01 7.99642983335521195798E-01 7.89125983923882334814E-01 7.78747305336572992474E-01 7.68505128361696931982E-01 7.58397657713848816208E-01 7.48423121719429484955E-01 7.38579772006101697990E-01 7.28865883196328279148E-01 7.19279752604942701488E-01 7.09819699940694937013E-01 7.00484067011726052598E-01 6.91271217434912266242E-01 6.82179536349034942866E-01 6.73207430131722461830E-01 6.64353326120112996911E-01 6.55615672335193910847E-01 6.46992937209764029660E-01 6.38483609319976941343E-01 6.30086197120410584915E-01 6.21799228682626048403E-01 6.13621251437162174014E-01
1.05146594224394918093E+00 1.04001231633939372756E+00 1.02868345486237799946E+00 1.01747799875311506490E+00 1.00639460375606648590E+00 9.95431940258677760980E-01 9.84588693131874248543E-01 9.73863561572290925561E-01 9.63255258946223436034E-01 9.52762512635277447615E-01 9.42384063883699218955E-01 9.32118667647370946483E-01 9.21965092444448575115E-01 9.11922120207628750244E-01 9.01988546138023927767E-01 8.92163178560629099856E-01 8.82444838781363261049E-01 8.72832360945668961349E-01 8.63324591898650295363E-01 8.53920391046735227647E-01 8.44618630220846600132E-01 8.35418193541060061236E-01 8.26317977282739479783E-01 8.17316889744129082551E-01 8.08413851115387438462E-01 7.99607793349050188780E-01 7.90897660031900651134E-01 7.82282406258239193519E-01 7.73760998504531505304E-01 7.65332414505421998463E-01 7.56995643131098572276E-01 7.48749684265994086552E-01 7.40593548688806890823E-01 7.32526257953829640357E-01 7.24546844273571410966E-01 7.16654350402657125407E-01 7.08847829522991856877E-01 7.01126345130177686116E-01 6.93488970921165015504E-01 6.85934790683129902433E-01 6.78462898183561757826E-01 6.71072397061546310759E-01 6.63762400720235512530E-01 6.56532032220486949647E-01 6.49380424175662440689E-01 6.42306718647572050251E-01 6.35310067043553750032E-01 6.28389630014670186320E-01 6.21544577355018890152E-01 6.14774087902134835915E-01 6.08077349438482683830E-01 6.01453558594018056205E-01 5.94901920749811741196E-01 5.88421649942724722671E-01 5.82011968771119492239E-01 5.75672108301600204960E-01
1.31836646297453929932E+00 1.30038510886881830686E+00 1.28264900455104013943E+00 1.26515480503071442442E+00 1.24789921094006661662E+00 1.23087896791178463829E+00 1.21409086596525228607E+00 1.19753173890115260924E+00 1.18119846370433267957E+00 1.16508795995480651797E+00 1.14919718924679581384E+00 1.13352315461569430610E+00 1.11806289997284502569E+00 1.10281350954803047948E+00 1.08777210733956186672E+00 1.07293585657187473537E+00 1.05830195916051716942E+00 1.04386765518443724865E+00 1.02963022236546963839E+00 1.01558697555491761477E+00 1.00173526622714215151E+00 9.88072481980053041184E-01 9.74596046042419006383E-01 9.61303416787890774309E-01 9.48192087255658511147E-01 9.35259584677643585060E-01 9.22503470012139503709E-01 9.09921337483814651748E-01 8.97510814129987899435E-01 8.85269559353092816423E-01 8.73195264479247001965E-01 8.61285652322840711292E-01 8.49538476757064175970E-01 8.37951522290293349116E-01 8.26522603648253695319E-01 8.15249565361881201042E-01 8.04130281360805776458E-01 7.93162654572379888229E-01 7.82344616526174818638E-01 7.71674126963870610219E-01 7.61149173454469529787E-01 7.50767771014755114223E-01 7.40527961734928408255E-01 7.30427814409350895097E-01 7.20465424172322954632E-01 7.10638912138831457810E-01 7.00946425050194554807E-01 6.91386134924542039570E-01 6.81956238712062456919E-01 6.72654957954950227794E-01 6.63480538451994172888E-01 6.54431249927738156735E-01 6.45505385706154455328E-01 6.36701262388769562151E-01 6.28017219537177817656E-01 6.19451619359887795113E-01
1.42963711188760012050E+00 1.40850462351222627255E+00 1.38768450955776079248E+00 1.36717215259453306331E+00 1.34696300344640285118E+00 1.32705258018185356939E+00 1.30743646712000405330E+00 1.28811031385130947413E+00 1.26906983427273933884E+00 1.25031080563721608279E+00 1.23182906761710619925E+00 1.21362052138155429581E+00 1.19568112868745402011E+00 1.17800691098385801325E+00 1.16059394852962527445E+00 1.14343837952411120362E+00 1.12653639925070780947E+00 1.10988425923304356857E+00 1.09347826640365708428E+00 1.07731478228495691774E+00 1.06139022218229128747E+00 1.04570105438894289662E+00 1.03024379940287591495E+00 1.01501502915506369717E+00 1.00001136624921738161E+00 9.85229483212758494481E-01 9.70666101758859700688E-01 9.56317992059395272086E-01 9.42181972028638736738E-01 9.28254906617547503878E-01 9.14533707118481031806E-01 9.01015330480194220897E-01 8.87696778632959038191E-01 8.74575097823659386442E-01 8.61647377960716442935E-01 8.48910751968694810010E-01 8.36362395152451920666E-01 8.23999524570683927749E-01 8.11819398418731630329E-01 7.99819315420511545156E-01 7.87996614229433012255E-01 7.76348672838172659816E-01 7.64872907997171891381E-01 7.53566774641730829920E-01 7.42427765327571043130E-01 7.31453409674740706592E-01 7.20641273819740302287E-01 7.09988959875747283057E-01 6.99494105400818244611E-01 6.89154382873953919031E-01 6.78967499178907085700E-01 6.68931195095620823032E-01 6.59043244799185967686E-01 6.49301455366202429076E-01 6.39703666288439332099E-01 6.30247748993682188612E-01
1.19223998393424968079E+00 1.17752492060922087092E+00 1.16299147599483543303E+00 1.14863740848632889247E+00 1.13446050414564592046E+00 1.12045857635996637391E+00 1.10662946550444774019E+00 1.09297103860912980799E+00 1.07948118902995049417E+00 1.06615783612382197809E+00 1.05299892492771585140E+00 1.04000242584171243010E+00 1.02716633431595760761E+00 1.01448867054148816891E+00 1.00196747914486961051E+00 9.89600828886602834622E-01 9.77386812363256085590E-01 9.65323545713270725344E-01 9.53409168326397771231E-01 9.41641842556722896695E-01 9.30019753439232377268E-01 9.18541108409876905228E-01 9.07204137029088975019E-01 8.96007090708717313099E-01 8.84948242442325949675E-01 8.74025886538826957128E-01 8.63238338359397006094E-01 8.52583934057644099447E-01 8.42061030322977632778E-01 8.31668004127149917970E-01 8.21403252473923872756E-01 8.11265192151829350742E-01 8.01252259489973250872E-01 7.91362910116862883214E-01 7.81595618722204510398E-01 7.71948878821643869053E-01 7.62421202524409147294E-01 7.53011120303823444644E-01 7.43717180770645747145E-01 7.34537950449214327442E-01 7.25472013556350492358E-01 7.16517971782989926410E-01 7.07674444078512876466E-01 6.98940066437732210325E-01 6.90313491690514036137E-01 6.81793389293991802802E-01 6.73378445127348124188E-01 6.65067361289125802415E-01 6.56858855897044402461E-01 6.48751662890284630514E-01 6.40744531834214647859E-01 6.32836227727525346687E-01 6.25025530811746943272E-01 6.17311236383116357374E-01 6.09692154606766179015E-01 6.02167110333207800110E-01
1.49570847059965239545E+00 1.47258548825692270334E+00 1.44981997685383912078E+00 1.42740641004995016949E+00 1.40533934693954898343E+00 1.38361343073089182454E+00 1.36222338744583426617E+00 1.34116402463956796431E+00 1.32043023014015470373E+00 1.30001697080754174962E+00 1.27991929131176385148E+00 1.26013231293003702405E+00 1.24065123236244323479E+00 1.22147132056592733207E+00 1.20258792160632044244E+00 1.18399645152810784055E+00 1.16569239724167106331E+00 1.14767131542773515029E+00 1.12992883145874767337E+00 1.11246063833693775713E+00 1.09526249564878819243E+00 1.07833022853567372934E+00 1.06165972668041241889E+00 1.04524694330948131338E+00 1.02908789421066382275E+00 1.01317865676587581802E+00 9.97515368998951990065E-01 9.82094228638145660959E-01 9.66911492193126886896E-01 9.51963474046247815075E-01 9.37246545557857579922E-01 9.22757134185446137309E-01 9.08491722616409758118E-01 8.94446847914220355413E-01 8.80619100677795918486E-01 8.67005124213866995575E-01 8.53601613722135943441E-01 8.40405315493036986219E-01 8.27413026117895133993E-01 8.14621591711296888505E-01 8.02027907145483887064E-01 7.89628915296580080607E-01 7.77421606302473922057E-01 7.65403016832173266337E-01 7.53570229366453681052E-01 7.41920371489629859596E-01 7.30450615192275831689E-01 7.19158176184722663926E-01 7.08040313221172001867E-01 6.97094327434255922604E-01 6.86317561679885890236E-01 6.75707399892230275995E-01 6.65261266448661570116E-01 6.54976625544523960443E-01 6.44850980577563959173E-01 6.34881873541880192846E-01
1.09649483171790862457E+00 1.08404211557089924511E+00 1.07173082292626520307E+00 1.05955934765994563840E+00 1.04752610188837391725E+00 1.03562951576132222797E+00 1.02386803725710029411E+00 1.01224013198008000458E+00 1.00074428296051776144E+00 9.89378990456653117924E-01 9.78142771759052287450E-01 9.67034160997174985219E-01 9.56051708948137402011E-01 9.45193982847648994650E-01 9.34459566203092228953E-01 9.23847058608730509199E-01 9.13355075563010210260E-01 9.02982248287940492126E-01 8.92727223550522697160E-01 8.82588663486208235831E-01 8.72565245424361979332E-01 8.62655661715708066417E-01 8.52858619561732811398E-01 8.43172840846028837092E-01 8.33597061967552233064E-01 8.24130033675773310264E-01 8.14770520907700301905E-01 8.05517302626754694295E-01 7.96369171663474206824E-01 7.87324934558026878761E-01 7.78383411404513170240E-01 7.69543435697035316245E-01 7.60803854177516614143E-01 7.52163526685247441073E-01 7.43621326008140570707E-01 7.35176137735675916396E-01 7.26826860113515160755E-01 7.18572403899768064051E-01 7.10411692222888802029E-01 7.02343660441190120736E-01 6.94367256003949884224E-01 6.86481438314095582243E-01 6.78685178592448812296E-01 6.70977459743511750467E-01 6.63357276222777070274E-01 6.55823633905545766432E-01 6.48375549957233121567E-01 6.41012052705149604215E-01 6.33732181511736936130E-01 6.26534986649243563761E-01 6.19419529175823768696E-01 6.12384880813044096826E-01 6.05430123824780452857E-01 5.98554350897490983208E-01 5.91756665021848426989E-01 5.85036179375716725026E-01
1.12211351994653929509E+00 1.10907384803805375562E+00 1.09618570540041115891E+00 1.08344733116722791166E+00 1.07085698493450598434E+00 1.05841294652284734212E+00 1.04611351574243105489E+00 1.03395701216072244399E+00 1.02194177487288007100E+00 1.01006616227483103643E+00 9.98328551838986277822E-01 9.86727339892556232215E-01 9.75260941398449654471E-01 9.63927789738711404688E-01 9.52726336500483328429E-01 9.41655051264447817694E-01 9.30712421395732292240E-01 9.19896951837241516614E-01 9.09207164905394216170E-01 8.98641600088230241283E-01 8.88198813845867407579E-01 8.77877379413272596054E-01 8.67675886605329571566E-01 8.57592941624168436654E-01 8.47627166868736070526E-01 8.37777200746579353563E-01 8.28041697487813310730E-01 8.18419326961254411934E-01 8.08908774492688498192E-01 7.99508740685251462210E-01 7.90217941241894705762E-01 7.81035106789918387449E-01 7.71958982707539598245E-01 7.62988328952477146139E-01 7.54121919892529191110E-01 7.45358544138118528366E-01 7.36697004376784314594E-01 7.28136117209596922528E-01 7.19674712989474829605E-01 7.11311635661377339446E-01 7.03045742604359036321E-01 6.94875904475454220233E-01 6.86801005055381552644E-01 6.78819941096035051054E-01 6.70931622169754438012E-01 6.63134970520339650513E-01 6.55428920915803514546E-01 6.47812420502830943470E-01 6.40284428662931004439E-01 6.32843916870260869700E-01 6.25489868551101113603E-01 6.18221278944964924840E-01 6.11037154967320583765E-01 6.03936515073909441220E-01 5.96918389126640414055E-01 5.89981818261044010931E-01
1.25100561117336717132E+00 1.23480913104579514972E+00 1.21882234299808245304E+00 1.20304253219540036035E+00 1.18746701895125816861E+00 1.17209315827244631159E+00 1.15691833940986921192E+00 1.14193998541519747825E+00 1.12715555270325307191E+00 1.11256253062006860155E+00 1.09815844101653081744E+00 1.08394083782755168421E+00 1.06990730665667888033E+00 1.05605546436609509797E+00 1.04238295867191443911E+00 1.02888746774472794598E+00 1.01556669981531388913E+00 1.00241839278545552538E+00 9.89440313843799601479E-01 9.76630259086684104908E-01 9.63986053143877086313E-01 9.51505548809162382540E-01 9.39186626675705626965E-01 9.27027194776142038357E-01 9.15025188227323926782E-01 9.03178568879668852709E-01 8.91485324971043713305E-01 8.79943470785135684054E-01 8.68551046314240626778E-01 8.57306116926421113433E-01 8.46206773036971116042E-01 8.35251129784136070455E-01 8.24437326709030471328E-01 8.13763527439699374533E-01 8.03227919379270294264E-01 7.92828713398143425373E-01 7.82564143530165012841E-01 7.72432466672738016200E-01 7.62431962290809228655E-01 7.52560932124696213563E-01 7.42817699901690886577E-01 7.33200611051400108487E-01 7.23708032424770664193E-01 7.14338352016752331508E-01 7.05089978692551078154E-01 6.95961341917426645765E-01 6.86950891489989001748E-01 6.78057097278946141472E-01 6.69278448963262828642E-01 6.60613455775679314641E-01 6.52060646249555841969E-01 6.43618567968989974126E-01 6.35285787322171890956E-01 6.27060889257932463359E-01 6.18942477045441918904E-01 6.10929172037022127917E-01
1.05148488889071023422E+00 1.04003085133874950685E+00 1.02870158493436081315E+00 1.01749573052019948172E+00 1.00641194374449693960E+00 9.95448894899779168632E-01 9.84605268763345975458E-01 9.73879764439483097682E-01 9.63271095203396821027E-01 9.52777988346846571588E-01 9.42399185025460273124E-01 9.32133440107711708222E-01 9.21979522025545561448E-01 9.11936212626624609356E-01 9.02002307028192396032E-01 8.92176613472524082660E-01 8.82457953183952148457E-01 8.72845160227451510870E-01 8.63337081368762748745E-01 8.53932575936040438869E-01 8.44630515683008509242E-01 8.35429784653605511657E-01 8.26329279048105158623E-01 8.17327907090694694148E-01 8.08424588898496110367E-01 7.99618256352014555866E-01 7.90907852966996394173E-01 7.82292333767683811807E-01 7.73770665161453097269E-01 7.65341824814812388134E-01 7.57004801530756110672E-01 7.48758595127452242224E-01 7.40602216318251072025E-01 7.32534686593003581123E-01 7.24555038100668236112E-01 7.16662313533201866811E-01 7.08855566010710536062E-01 7.01133858967855627675E-01 6.93496266041492948062E-01 6.85941870959539956587E-01 6.78469767431051140605E-01 6.71079059037491876261E-01 6.63768859125195453963E-01 6.56538290698992832439E-01 6.49386486317001465629E-01 6.42312587986557881337E-01 6.35315747061286240083E-01 6.28395124139287664100E-01 6.21549888962438346063E-01 6.14779220316782670785E-01 6.08082305934016464910E-01 6.01458342394037392964E-01 5.94906535028560834455E-01 5.88426097825784810702E-01 5.82016253336092970194E-01 5.75676232578784863314E-01
1.17212626760558813466E+00 1.15790203091145849079E+00 1.14385041120845198925E+00 1.12996931371803954747E+00 1.11625666908269449706E+00 1.10271043305739979701E+00 1.08932858620489625423E+00 1.07610913359463000738E+00 1.06305010450535508681E+00 1.05014955213134086875E+00 1.03740555329215022873E+00 1.02481620814593488156E+00 1.01237963990621238075E+00 1.00009399456207970225E+00 9.87957440601823777548E-01 9.75968168739881791751E-01 9.64124391647119272086E-01 9.52424343684379670627E-01 9.40866280639267027475E-01 9.29448479466124410919E-01 9.18169238029165390991E-01 9.07026874848725017664E-01 8.96019728850589003422E-01 8.85146159118365027929E-01 8.74404544648859860523E-01 8.63793284110423220667E-01 8.53310795604227290134E-01 8.42955516428438689225E-01 8.32725902845258492135E-01 8.22620429850782985959E-01 8.12637590947660859442E-01 8.02775897920509740047E-01 7.93033880614055108893E-01 7.83410086713964393113E-01 7.73903081530340486438E-01 7.64511447783840392134E-01 7.55233785394391787804E-01 7.46068711272472762097E-01 7.37014859112924747286E-01 7.28070879191266229213E-01 7.19235438162480589241E-01 7.10507218862244327440E-01 7.01884920110566579154E-01 6.93367256517814056771E-01 6.84952958293087887931E-01 6.76640771054926148942E-01 6.68429455644304892914E-01 6.60317787939906808425E-01 6.52304558675632861764E-01 6.44388573260327501835E-01 6.36568651599693335896E-01 6.28843627920363967831E-01 6.21212350596115459034E-01 6.13673681976183882369E-01 6.06226498215667319869E-01 5.98869689107986213905E-01
1.38588641325664352344E+00 1.36602303988623119402E+00 1.34644436055558847087E+00 1.32714629485527235708E+00 1.30812482085876791160E+00 1.28937597428427563884E+00 1.27089584766851282360E+00 1.25268058955235428442E+00 1.23472640367814778806E+00 1.21702954819853204071E+00 1.19958633489659516336E+00 1.18239312841720978220E+00 1.16544634550938708273E+00 1.14874245427948662446E+00 1.13227797345513203631E+00 1.11604947165967582912E+00 1.10005356669706433337E+00 1.08428692484694932929E+00 1.06874626016990625921E+00 1.05342833382260758768E+00 1.03832995338281386388E+00 1.02344797218403660288E+00 1.00877928865974086925E+00 9.94320845696942789971E-01 9.80069629999076541438E-01 9.66022671457988035826E-01 9.52177042534934181539E-01 9.38529857650450938245E-01 9.25078272582967597870E-01 9.11819483876039615922E-01 8.98750728254079089830E-01 8.85869282046455985835E-01 8.73172460619857870867E-01 8.60657617818781695007E-01 8.48322145414046824285E-01 8.36163472559211418123E-01 8.24179065254780574001E-01 8.12366425820092663557E-01 8.00723092372776279468E-01 7.89246638315667325969E-01 7.77934671831077784177E-01 7.66784835382317564445E-01 7.55794805222357535257E-01 7.44962290909534252670E-01 7.34285034830198024558E-01 7.23760811728201391979E-01 7.13387428241132104390E-01 7.03162722443191667843E-01 6.93084563394627206634E-01 6.83150850697620048990E-01 6.73359514058540997716E-01 6.63708512856476917641E-01 6.54195835717944040866E-01 6.44819500097696840513E-01 6.35577551865543100007E-01 6.26468064899081023000E-01
1.44663545771228418957E+00 1.42499936321007569795E+00 1.40368686134678144484E+00 1.38269311242289227870E+00 1.36201334912216132089E+00 1.34164287542903171158E+00 1.32157706556225140737E+00 1.30181136292443921931E+00 1.28234127906736028457E+00 1.26316239267267738100E+00 1.24427034854794560381E+00 1.22566085663762502911E+00 1.20732969104888288037E+00 1.18927268909196626190E+00 1.17148575033492741149E+00 1.15396483567248675506E+00 1.13670596640882415329E+00 1.11970522335408206871E+00 1.10295874593438947286E+00 1.08646273131519000010E+00 1.07021343353768583206E+00 1.05420716266819369800E+00 1.03844028396022669547E+00 1.02290921702910475588E+00 1.00761043503891278839E+00 9.92540463901616543119E-01 9.77695881488158113903E-01 9.63073316851348670831E-01 9.48669449460387004258E-01 9.34481008446821359570E-01 9.20504771861795134669E-01 9.06737565944396139983E-01 8.93176264400951547273E-01 8.79817787695099773337E-01 8.66659102348482868194E-01 8.53697220251894206555E-01 8.40929197986732601677E-01 8.28352136156601304151E-01 8.15963178728907223558E-01 8.03759512386303054399E-01 7.91738365887834083523E-01 7.79897009439636135220E-01 7.68232754075046542219E-01 7.56742951043987810422E-01 7.45424991211480758579E-01 7.34276304465156570700E-01 7.23294359131627984105E-01 7.12476661401590272149E-01 7.01820754763520904262E-01 6.91324219445847987231E-01 6.80984671867462365569E-01 6.70799764096447148631E-01 6.60767183316903983226E-01 6.50884651303751726736E-01 6.41149923905382057576E-01 6.31560790534050342515E-01
1.10717210303776192326E+00 1.09447639067180002570E+00 1.08192625740057613015E+00 1.06952003389887106977E+00 1.05725606998327137376E+00 1.04513273439267351250E+00 1.03314841457130590641E+00 1.02130151645423938866E+00 1.00959046425535525771E+00 9.98013700257746938505E-01 9.86569684606523833459E-01 9.75256895103991716667E-01 9.64073827007180028659E-01 9.53018992827694089165E-01 9.42090922133858699183E-01 9.31288161355133481401E-01 9.20609273588768761698E-01 9.10052838408680675464E-01 8.99617451676515411663E-01 8.89301725354882277585E-01 8.79104287322726385412E-01 8.69023781192820421460E-01 8.59058866131346410278E-01 8.49208216679550265127E-01 8.39470522577437372469E-01 8.29844488589491446895E-01 8.20328834332394118967E-01 8.10922294104714946883E-01 8.01623616718559639516E-01 7.92431565333144849461E-01 7.83344917290283770939E-01 7.74362463951756674341E-01 7.65483010538547059554E-01 7.56705375971921445633E-01 7.48028392716330148282E-01 7.39450906624111170551E-01 7.30971776781973670012E-01 7.22589875359243016817E-01 7.14304087457843683850E-01 7.06113310964004980974E-01 6.98016456401665763565E-01 6.90012446787560351780E-01 6.82100217487966564711E-01 6.74278716077095330306E-01 6.66546902197105550769E-01 6.58903747419723351264E-01 6.51348235109448059355E-01 6.43879360288326929584E-01 6.36496129502280627577E-01 6.29197560688960932929E-01 6.21982683047124673692E-01 6.14850536907505129669E-01 6.07800173605162363799E-01 6.00830655353301601451E-01 5.93941055118533345336E-01 5.87130456497567565499E-01
1.15090388444629865283E+00 1.13718855664168216890E+00 1.12363667447256143639E+00 1.11024629015641607133E+00 1.09701547912246022420E+00 1.08394233973502829294E+00 1.07102499302025799821E+00 1.05826158239602730049E+00 1.04565027340511496057E+00 1.03318925345153478368E+00 1.02087673154001823406E+00 1.00871093801859523786E+00 9.96690124324250081855E-01 9.84812562731600005250E-01 9.73076546104575723639E-01 9.61480387651057810672E-01 9.50022420680437962304E-01 9.38700998364067507040E-01 9.27514493498565295582E-01 9.16461298271940227878E-01 9.05539824032506990292E-01 8.94748501060549372710E-01 8.84085778342710071342E-01 8.73550123349067009215E-01 8.63140021812864643991E-01 8.52853977512872729605E-01 8.42690512058337559687E-01 8.32648164676496382874E-01 8.22725492002622682541E-01 8.12921067872575342506E-01 8.03233483117819391239E-01 7.93661345362888459576E-01 7.84203278825262639629E-01 7.74857924117629437433E-01 7.65623938052502284179E-01 7.56499993449166741044E-01 7.47484778942929195544E-01 7.38576998796634853761E-01 7.29775372714436598720E-01 7.21078635657779520862E-01 7.12485537663579693302E-01 7.03994843664570546515E-01 6.95605333311788420758E-01 6.87315800799174980718E-01 6.79125054690269069901E-01 6.71031917746964357008E-01 6.63035226760307239147E-01 6.55133832383311909275E-01 6.47326598965766719651E-01 6.39612404391009192750E-01 6.31990139914647586217E-01 6.24458710005202810578E-01 6.17017032186650826731E-01 6.09664036882839766029E-01 6.02398667263762566115E-01 5.95219879093661363711E-01
9.96707516043067620615E-01 9.86412863789597471609E-01 9.76224541490816943856E-01 9.66141450900862008844E-01 9.56162505117274852395E-01 9.46286628463843704218E-01 9.36512756374648591695E-01 9.26839835279309687266E-01 9.17266822489415489805E-01 9.07792686086127731393E-01 8.98416404808946578164E-01 8.89136967945623690746E-01 8.79953375223212930223E-01 8.70864636700247163326E-01 8.61869772660026178812E-01 8.52967813505010385988E-01 8.44157799652303197924E-01 8.35438781430211774293E-01 8.26809818975878907388E-01 8.18269982133970730231E-01 8.09818350356410698865E-01 8.01454012603149523741E-01 7.93176067243960281061E-01 7.84983621961247268750E-01 7.76875793653859059162E-01 7.68851708341895090371E-01 7.60910501072495470964E-01 7.53051315826603895331E-01 7.45273305426692234121E-01 7.37575631445441248779E-01 7.29957464115360998846E-01 7.22417982239348166473E-01 7.14956373102163422750E-01 7.07571832382826726437E-01 7.00263564067914678901E-01 6.93030780365756715611E-01 6.85872701621512148584E-01 6.78788556233130724316E-01 6.71777580568176269082E-01 6.64839018881511756298E-01 6.57972123233834360612E-01 6.51176153411051394926E-01 6.44450376844489025707E-01 6.37794068531925550936E-01 6.31206510959440580955E-01 6.24686994024070352260E-01 6.18234814957262179824E-01 6.11849278249120720474E-01 6.05529695573435056133E-01 5.99275385713481156813E-01 5.93085674488590619546E-01 5.86959894681477245548E-01 5.80897385966314350192E-01 5.74897494837556699565E-01 5.68959574539493861955E-01 5.63082984996535751421E-01
1.03691999762428488374E+00 1.02578023550659769292E+00 1.01476014925621305096E+00 1.00385845318021682537E+00 9.93073875398056360453E-01 9.82405157693151509513E-01 9.71851055366102056787E-01 9.61410337089469768657E-01 9.51081784764121973552E-01 9.40864193377118573913E-01 9.30756370861125059690E-01 9.20757137955336868451E-01 9.10865328067896218300E-01 9.01079787139788979111E-01 8.91399373510202042148E-01 8.81822957783328753578E-01 8.72349422696602871952E-01 8.62977662990351168659E-01 8.53706585278844576337E-01 8.44535107922734118446E-01 8.35462160902858741451E-01 8.26486685695408063168E-01 8.17607635148426381555E-01 8.08823973359642511838E-01 8.00134675555615126896E-01 7.91538727972172062586E-01 7.83035127736137925858E-01 7.74622882748329355529E-01 7.66301011567810386182E-01 7.58068543297388153235E-01 7.49924517470340390446E-01 7.41867983938360286977E-01 7.33898002760703493941E-01 7.26013644094527954564E-01 7.18213988086409571565E-01 7.10498124765026384253E-01 7.02865153934992492601E-01 6.95314185071834067742E-01 6.87844337218094570297E-01 6.80454738880553300362E-01 6.73144527928551839047E-01 6.65912851493410062886E-01 6.58758865868923182418E-01 6.51681736412928036550E-01 6.44680637449928317650E-01 6.37754752174762518102E-01 6.30903272557310379476E-01 6.24125399248220857906E-01 6.17420341485653945135E-01 6.10787317003023244588E-01 6.04225551937730975816E-01 5.97734280740882750749E-01 5.91312746087972351816E-01 5.84960198790525853774E-01 5.78675897708696096444E-01 5.72459109664793741601E-01
1.34412323209207662522E+00 1.32543491693367276874E+00 1.30700643890561596372E+00 1.28883418530479532116E+00 1.27091459365811876303E+00 1.25324415102412745071E+00 1.23581939330432266644E+00 1.21863690456406659202E+00 1.20169331636292509025E+00 1.18498530709432281505E+00 1.16850960133437653532E+00 1.15226296919978499211E+00 1.13624222571464583709E+00 1.12044423018607242071E+00 1.10486588558850029607E+00 1.08950413795654466043E+00 1.07435597578630503968E+00 1.05941842944499331480E+00 1.04468857058876829491E+00 1.03016351158866559246E+00 1.01584040496451177837E+00 1.00171644282670313508E+00 9.87788856325751640775E-01 9.74054915109481722624E-01 9.60511926787774417136E-01 9.47157236404753022363E-01 9.33988225918307879425E-01 9.21002313686857920771E-01 9.08196953963249065112E-01 8.95569636395684320895E-01 8.83117885535601332414E-01 8.70839260352384458841E-01 8.58731353754827897440E-01 8.46791792119251596205E-01 8.35018234824179028664E-01 8.23408373791482017801E-01 8.11959933033908565214E-01 8.00670668208899649620E-01 7.89538366178610284685E-01 7.78560844576047461629E-01 7.67735951377241376825E-01 7.57061564479365012303E-01 7.46535591284717137128E-01 7.36155968290492457307E-01 7.25920660684254759332E-01 7.15827661945032667212E-01 7.05874993449964405201E-01 6.96060704086408965630E-01 6.86382869869451850420E-01 6.76839593564730113151E-01 6.67429004316498764027E-01 6.58149257280869703912E-01 6.48998533264150911926E-01 6.39975038366213166974E-01 6.31077003628814803271E-01 6.22302684688817109304E-01
1.09394594693708513411E+00 1.08155089381637292689E+00 1.06929628396188913797E+00 1.05718052606855095199E+00 1.04520204686170270492E+00 1.03335929089281663984E+00 1.02165072033751580527E+00 1.01007481479588134832E+00 9.98630071095022331384E-01 9.87315003093882981311E-01 9.76128141490264500391E-01 9.65068033630026800296E-01 9.54133243318459611793E-01 9.43322350633786776974E-01 9.32633951742782407734E-01 9.22066658718480258727E-01 9.11619099359946338801E-01 9.01289917014090891101E-01 8.91077770399506419174E-01 8.80981333432294011487E-01 8.70999295053868194394E-01 8.61130359060711225716E-01 8.51373243936055623671E-01 8.41726682683475169178E-01 8.32189422662361288907E-01 8.22760225425262281540E-01 8.13437866557066957540E-01 8.04221135516009710820E-01 7.95108835476477815440E-01 7.86099783173598964936E-01 7.77192808749589625350E-01 7.68386755601846105357E-01 7.59680480232753696512E-01 7.51072852101201449138E-01 7.42562753475775827461E-01 7.34149079289619588273E-01 7.25830736996935677041E-01 7.17606646431115380302E-01 7.09475739664474636115E-01 7.01436960869580738986E-01 6.93489266182149011186E-01 6.85631623565492565042E-01 6.77863012676509169019E-01 6.70182424733187009913E-01 6.62588862383608256934E-01 6.55081339576441989969E-01 6.47658881432900512820E-01 6.40320524120147727132E-01 6.33065314726142913671E-01 6.25892311135900381025E-01 6.18800581909153546434E-01 6.11789206159403797791E-01 6.04857273434340148022E-01 5.98003883597612362344E-01 5.91228146711948010505E-01 5.84529182923587797838E-01
1.19286307217362197441E+00 1.17813267176706704120E+00 1.16358417379441192452E+00 1.14921533198301295542E+00 1.13502392779894778485E+00 1.12100777010447472115E+00 1.10716469481972423772E+00 1.09349256458856713969E+00 1.07998926844860965168E+00 1.06665272150526124761E+00 1.05348086460983103585E+00 1.04047166404159718844E+00 1.02762311119380123081E+00 1.01493322226352233884E+00 1.00240003794538079518E+00 9.90021623129021977050E-01 9.77796066600338353858E-01 9.65721480746379423721E-01 9.53796001263907289314E-01 9.42017786871548912231E-01 9.30385019025504855783E-01 9.18895901638768108910E-01 9.07548660803811024778E-01 8.96341544518692967536E-01 8.85272822416556692815E-01 8.74340785498459505121E-01 8.63543745869506107482E-01 8.52880036478238512387E-01 8.42348010859246931759E-01 8.31946042878955793753E-01 8.21672526484550802550E-01 8.11525875456006740016E-01 8.01504523161174931012E-01 7.91606922313899841193E-01 7.81831544735116734657E-01 7.72176881116904412217E-01 7.62641440789448954440E-01 7.53223751490886050952E-01 7.43922359139984945564E-01 7.34735827611640246460E-01 7.25662738515136185313E-01 7.16701690975147243101E-01 7.07851301415445721688E-01 6.99110203345278513609E-01 6.90477047148382760966E-01 6.81950499874605542416E-01 6.73529245034099388612E-01 6.65211982394056211554E-01 6.56997427777953113548E-01 6.48884312867277768255E-01 6.40871385005700289206E-01 6.32957407005664163258E-01 6.25141156957367716274E-01 6.17421428040100250811E-01 6.09797028335912205677E-01 6.02266780645582255893E-01
1.23522903673670225722E+00 1.21943719727735366831E+00 1.20384724927788244742E+00 1.18845661164812033128E+00 1.17326273629595823067E+00 1.15826310770548213114E+00 1.14345524252050112501E+00 1.12883668913339874074E+00 1.11440502727924406479E+00 1.10015786763508804924E+00 1.08609285142438505289E+00 1.07220765002647122621E+00 1.05849996459103512514E+00 1.04496752565751682695E+00 1.03160809277937448591E+00 1.01841945415315238144E+00 1.00539942625229272721E+00 9.92545853465627625489E-01 9.79856607740494434111E-01 9.67329588230412817929E-01 9.54962720947265752969E-01 9.42753958417927195867E-01 9.30701279345280907407E-01 9.18802688273572032429E-01 9.07056215258035813953E-01 8.95459915538753592479E-01 8.84011869218673362880E-01 8.72710180945751146098E-01 8.61552979599154222790E-01 8.50538417979474825614E-01 8.39664672502907771801E-01 8.28929942899332972139E-01 8.18332451914263403481E-01 8.07870445014598925759E-01 7.97542190098144643251E-01 7.87345977206840963447E-01 7.77280118243662498934E-01 7.67342946693133298730E-01 7.57532817345417441857E-01 7.47848106023935588205E-01 7.38287209316465076192E-01 7.28848544309676493747E-01 7.19530548327064312097E-01 7.10331678670229726968E-01 7.01250412363468633714E-01 6.92285245901626100640E-01 6.83434695001174374873E-01 6.74697294354473120492E-01 6.66071597387171365767E-01 6.57556176018711191489E-01 6.49149620425892748266E-01 6.40850538809462189072E-01 6.32657557163683992307E-01 6.24569319048858595522E-01 6.16584485366749590618E-01 6.08701734138879735347E-01
1.24828145368559395578E+00 1.23215520652381527178E+00 1.21623729046136919152E+00 1.20052501411900780504E+00 1.18501572088676443428E+00 1.16970678847477449480E+00 1.15459562846990437812E+00 1.13967968589810619839E+00 1.12495643879242579466E+00 1.11042339776659115813E+00 1.09607810559411200657E+00 1.08191813679281589877E+00 1.06794109721474717034E+00 1.05414462364137340167E+00 1.04052638338401015616E+00 1.02708407388941713734E+00 1.01381542235048360823E+00 1.00071818532194667384E+00 9.87790148341071150284E-01 9.75029125553232289825E-01 9.62432959342334637398E-01 9.49999519966004624116E-01 9.37726705195497500789E-01 9.25612439960253663429E-01 9.13654675997050524927E-01 9.01851391503684762796E-01 8.90200590797127322418E-01 8.78700303976097885084E-01 8.67348586587995407093E-01 8.56143519300133104544E-01 8.45083207575221040386E-01 8.34165781351039137270E-01 8.23389394724250878177E-01 8.12752225638299519161E-01 8.02252475575338075409E-01 7.91888369252137680476E-01 7.81658154319925246867E-01 7.71560101068100134825E-01 7.61592502131774651275E-01 7.51753672203097522697E-01 7.42041947746302499311E-01 7.32455686716441345396E-01 7.22993268281748591164E-01 7.13653092549593082161E-01 7.04433580295971917273E-01 6.95333172698495149966E-01 6.86350331072824393353E-01 6.77483536612512815545E-01 6.68731290132208222587E-01 6.60092111814172044504E-01 6.51564540958074700505E-01 6.43147135734022268316E-01 6.34838472938773379362E-01 6.26637147755105594626E-01 6.18541773514292736458E-01 6.10550981461646435910E-01
1.30562248692102866876E+00 1.28798591785359617390E+00 1.27058758653986791920E+00 1.25342427482403007133E+00 1.23649280802166017246E+00 1.21979005433250975443E+00 1.20331292426121660988E+00 1.18705837004584413563E+00 1.17102338509413805845E+00 1.15520500342740062294E+00 1.13960029913187499417E+00 1.12420638581754173124E+00 1.10902041608422563534E+00 1.09403958099491260825E+00 1.07926110955618592691E+00 1.06468226820567424262E+00 1.05030036030643025846E+00 1.03611272564813217123E+00 1.02211673995503016243E+00 1.00830981440053268905E+00 9.94689395128356856901E-01 9.81252962780140625121E-01 9.67998032029440569346E-01 9.54922151122022500047E-01 9.42022901422363001522E-01 9.29297896966274850072E-01 9.16744784019579039835E-01 9.04361240642734265371E-01 8.92144976261352362634E-01 8.80093731242509336177E-01 8.68205276476785026141E-01 8.56477412965945594792E-01 8.44907971416197223213E-01 8.33494811836932525395E-01 8.22235823144898625436E-01 8.11128922773712290883E-01 8.00172056288648181344E-01 7.89363197006632821839E-01 7.78700345621369138804E-01 7.68181529833528276008E-01 7.57804803985933084221E-01 7.47568248703672111333E-01 7.37469970539074259896E-01 7.27508101621480718357E-01 7.17680799311743222724E-01 7.07986245861395468992E-01 6.98422648076424068542E-01 6.88988236985582980232E-01 6.79681267513188913654E-01 6.70500018156335753083E-01 6.61442790666469271343E-01 6.52507909735263291751E-01 6.43693722684739344508E-01 6.34998599161572752081E-01 6.26420930835526634795E-01 6.17959131101960212895E-01
1.15365784732190324036E+00 1.13987700027715299633E+00 1.12626077027697224509E+00 1.11280719091310897895E+00 1.09951431926674403350E+00 1.08638023562790619891E+00 1.07340304321823110101E+00 1.06058086791703698459E+00 1.04791185799066921547E+00 1.03539418382508130456E+00 1.02302603766160604692E+00 1.01080563333588790975E+00 9.98731206019929151907E-01 9.86801011967221253229E-01 9.75013328260918354928E-01 9.63366452565019626419E-01 9.51858702878523588176E-01 9.40488417292520750834E-01 9.29253953750185157645E-01 9.18153689809634632191E-01 9.07186022409623316065E-01 8.96349367638033966976E-01 8.85642160503134046046E-01 8.75062854707565729306E-01 8.64609922425033761151E-01 8.54281854079664171309E-01 8.44077158127994775505E-01 8.33994360843572812847E-01 8.24032006104124303825E-01 8.14188655181265263927E-01 8.04462886532726684230E-01 7.94853295597059861244E-01 7.85358494590793654311E-01 7.75977112308017802356E-01 7.66707793922356328764E-01 7.57549200791308385838E-01 7.48500010262927450988E-01 7.39558915484807344320E-01 7.30724625215351419882E-01 7.21995863637296175774E-01 7.13371370173462748809E-01 7.04849899304707760983E-01 6.96430220390050092050E-01 6.88111117488946155696E-01 6.79891389185688144181E-01 6.71769848415900150407E-01 6.63745322295105744104E-01 6.55816651949343132344E-01 6.47982692347807920363E-01 6.40242312137487945556E-01 6.32594393479780636724E-01 6.25037831889055373047E-01 6.17571536073150517687E-01 6.10194427775770709133E-01 6.02905441620770643496E-01 5.95703524958294927671E-01
1.24864445512434452112E+00 1.23250885798308962293E+00 1.21658177295594094325E+00 1.20086050554691214920E+00 1.18534239607961877638E+00 1.17002481924732038010E+00 1.15490518366878069934E+00 1.13998093144986456515E+00 1.12524953775080294172E+00 1.11070851035904438753E+00 1.09635538926763476120E+00 1.08218774625903724207E+00 1.06820318449433604435E+00 1.05439933810774433276E+00 1.04077387180635549946E+00 1.02732448047506674804E+00 1.01404888878660304208E+00 1.00094485081658857162E+00 9.88010149663583803203E-01 9.75242597074039707650E-01 9.62640033072094891686E-01 9.50200325594157235720E-01 9.37921370128207865235E-01 9.25801089357765949472E-01 9.13837432810455041476E-01 9.02028376511110230318E-01 8.90371922639368262864E-01 8.78866099191681571234E-01 8.67508959647702360130E-01 8.56298582640974359492E-01 8.45233071633882615536E-01 8.34310554596803810590E-01 8.23529183691400268330E-01 8.12887134958009904828E-01 8.02382608007073172551E-01 7.92013825714549146717E-01 7.81779033921267019203E-01 7.71676501136162151795E-01 7.61704518243348727147E-01 7.51861398212976039801E-01 7.42145475815821575871E-01 7.32555107341573918944E-01 7.23088670320752302523E-01 7.13744563250225616535E-01 7.04521205322271804050E-01 6.95417036157143564346E-01 6.86430515539086849586E-01 6.77560123155772520143E-01 6.68804358341094640217E-01 6.60161739821291226882E-01 6.51630805464348705769E-01 6.43210112032640446422E-01 6.34898234938767180857E-01 6.26693768004546236661E-01 6.18595323223121829059E-01 6.10601530524143565337E-01
1.15807491799034556479E+00 1.14418866083896220154E+00 1.13046891116881198514E+00 1.11691367242020289652E+00 1.10352097197381238125E+00 1.09028886086362142294E+00 1.07721541349329563708E+00 1.06429872735596031674E+00 1.05153692275734056416E+00 1.03892814254222098924E+00 1.02647055182418167618E+00 1.01416233771857910995E+00 1.00200170907872609938E+00 9.89986896235237168185E-01 9.78116150738495893080E-01 9.66387745104216100422E-01 9.54799972562047072344E-01 9.43351146807199891775E-01 9.32039601755045632459E-01 9.20863691298662412343E-01 9.09821789069283237694E-01 8.98912288199622544482E-01 8.88133601090035362802E-01 8.77484159177484235315E-01 8.66962412707273921697E-01 8.56566830507524024085E-01 8.46295899766346892967E-01 8.36148125811695952514E-01 8.26122031893853581153E-01 8.16216158970529459538E-01 8.06429065494531860381E-01 7.96759327203990452837E-01 7.87205536915087766836E-01 7.77766304317281775838E-01 7.68440255770981073269E-01 7.59226034107646774451E-01 7.50122298432290501857E-01 7.41127723928342363457E-01 7.32241001664857060760E-01 7.23460838406032924475E-01 7.14785956423012680538E-01 7.06215093307945851464E-01 6.97747001790273824184E-01 6.89380449555224816827E-01 6.81114219064478443322E-01 6.72947107378987108284E-01 6.64877925983917705821E-01 6.56905500615692750088E-01 6.49028671091107400848E-01 6.41246291138494628470E-01 6.33557228230913094258E-01 6.25960363421338095158E-01 6.18454591179826929093E-01 6.11038819232637142598E-01 6.03711968403273901984E-01 5.96472972455443728457E-01
9.89814938755506634749E-01 9.79661812504264095658E-01 9.69612832966348814345E-01 9.59666931846377857518E-01 9.49823051807115570355E-01 9.40080146357069379448E-01 9.30437179739238229281E-01 9.20893126821002772076E-01 9.11446972985144321378E-01 9.02097714021982688415E-01 8.92844356022619578539E-01 8.83685915273276223481E-01 8.74621418150718143991E-01 8.65649901018747724990E-01 8.56770410125763826059E-01 8.47982001503367111006E-01 8.39283740866010208315E-01 8.30674703511672274381E-01 8.22153974223557626466E-01 8.13720647172798128288E-01 8.05373825822156552690E-01 7.97112622830716932576E-01 7.88936159959551464027E-01 7.80843567978356412063E-01 7.72833986573045472745E-01 7.64906564254290932681E-01 7.57060458267001301635E-01 7.49294834500731865568E-01 7.41608867401007954001E-01 7.34001739881564474466E-01 7.26472643237479398515E-01 7.19020777059203863857E-01 7.11645349147469796769E-01 7.04345575429073278428E-01 6.97120679873519222269E-01 6.89969894410524475781E-01 6.82892458848363248514E-01 6.75887620793053311985E-01 6.68954635568368871645E-01 6.62092766136675670019E-01 6.55301283020577107763E-01 6.48579464225364277219E-01 6.41926595162261470762E-01 6.35341968572459614428E-01 6.28824884451927301754E-01 6.22374649976995208966E-01 6.15990579430702678287E-01 6.09671994129899474935E-01 6.03418222353095834443E-01 5.97228599269053361809E-01 5.91102466866106013299E-01 5.85039173882209162514E-01 5.79038075735703983149E-01 5.73098534456792818581E-01 5.67219918619717433650E-01 5.61401603275632599122E-01
1.34224115692826795332E+00 1.32360495857306115219E+00 1.30522751244530765824E+00 1.28710522592842657730E+00 1.26923455628712322785E+00 1.25161200997481913966E+00 1.23423414195069258703E+00 1.21709755500621197299E+00 1.20019889910100863162E+00 1.18353487070797758207E+00 1.16710221216747012107E+00 1.15089771105045080013E+00 1.13491819953049821734E+00 1.11916055376452550085E+00 1.10362169328209969166E+00 1.08829858038323479263E+00 1.07318821954455589918E+00 1.05828765683369874218E+00 1.04359397933184427920E+00 1.02910431456427264862E+00 1.01481582993882035737E+00 1.00072573219213478701E+00 9.86831266843618548634E-01 9.73129717656954329463E-01 9.59618406109106536483E-01 9.46294690866695376030E-01 9.33155967269641117845E-01 9.20199666821977957376E-01 9.07423256689736668079E-01 8.94824239205800564534E-01 8.82400151381635189374E-01 8.70148564425796022803E-01 8.58067083269124619704E-01 8.46153346096534031417E-01 8.34405023885297136843E-01 8.22819819949743180842E-01 8.11395469492280474455E-01 8.00129739160646558105E-01 7.89020426611310887743E-01 7.78065360078938228483E-01 7.67262397951826713438E-01 7.56609428353245072607E-01 7.46104368728579880887E-01 7.35745165438216885967E-01 7.25529793356071928123E-01 7.15456255473699620495E-01 7.05522582509897189240E-01 6.95726832525727201251E-01 6.86067090544888680270E-01 6.76541468179356120238E-01 6.67148103260218006128E-01 6.57885159473640457328E-01 6.48750826001885050331E-01 6.39743317169311320747E-01 6.30860872093294000607E-01 6.22101754339987156328E-01
1.45275512291358999128E+00 1.43093628168579023452E+00 1.40944513631327650316E+00 1.38827676515183950912E+00 1.36742632047514689475E+00 1.34688902736457505327E+00 1.32666018261571316827E+00 1.30673515366129233684E+00 1.28710937751029286247E+00 1.26777835970297902968E+00 1.24873767328163420842E+00 1.22998295777675270557E+00 1.21150991820845455038E+00 1.19331432410290427804E+00 1.17539200852349545734E+00 1.15773886711659068638E+00 1.14035085717159212493E+00 1.12322399669512562603E+00 1.10635436349913729437E+00 1.08973809430267576381E+00 1.07337138384717278861E+00 1.05725048402500920730E+00 1.04137170302116621734E+00 1.02573140446777166801E+00 1.01032600661134197573E+00 9.95151981492532700102E-01 9.80205854138206711390E-01 9.65484201765638760939E-01 9.50983652998669048984E-01 9.36700887095633261126E-01 9.22632633188884221376E-01 9.08775669535738517268E-01 8.95126822780670572399E-01 8.81682967228589298259E-01 8.68441024129029570666E-01 8.55397960971092219395E-01 8.42550790788976211587E-01 8.29896571477938715944E-01 8.17432405120530058973E-01 8.05155437322947586942E-01 7.93062856561355777885E-01 7.81151893538025499097E-01 7.69419820547142419009E-01 7.57863950850141576687E-01 7.46481638060420338299E-01 7.35270275537297623991E-01 7.24227295789069969167E-01 7.13350169885036744510E-01 7.02636406876354313589E-01 6.92083553225588898883E-01 6.81689192244837038892E-01 6.71450943542284073295E-01 6.61366462477076422211E-01 6.51433439622379539813E-01 6.41649600236500083916E-01 6.32012703741952952541E-01
1.36739667037141909844E+00 1.34805791628626359113E+00 1.32899266543368854698E+00 1.31019704972488604255E+00 1.29166725577647500955E+00 1.27339952413681567478E+00 1.25539014852326613614E+00 1.23763547507022630967E+00 1.22013190158781736905E+00 1.20287587683104302272E+00 1.18586389977929074213E+00 1.16909251892601862011E+00 1.15255833157849174597E+00 1.13625798316742021576E+00 1.12018816656635955553E+00 1.10434562142074099711E+00 1.08872713348638572306E+00 1.07332953397737806966E+00 1.05814969892316157463E+00 1.04318454853472442068E+00 1.02843104657975259464E+00 1.01388619976661620292E+00 9.99547057137072147981E-01 9.85410709467551937379E-01 9.71474288678919273288E-01 9.57734967254573632545E-01 9.44189957666785484314E-01 9.30836511811142242045E-01 9.17671920448995814823E-01 9.04693512657791409914E-01 8.91898655289174113747E-01 8.79284752434757121975E-01 8.66849244899446369494E-01 8.54589609682213091624E-01 8.42503359464210066498E-01 8.30588042104127399767E-01 8.18841240140685822091E-01 8.07260570302164692791E-01 7.95843683022868120247E-01 7.84588261966428723859E-01 7.73492023555853447370E-01 7.62552716510215500278E-01 7.51768121387899723729E-01 7.41136050136306789859E-01 7.30654345647925751450E-01 7.20320881322685457882E-01 7.10133560636495575480E-01 7.00090316715889282584E-01 6.90189111918681819091E-01 6.80427937420559181270E-01 6.70804812807515027373E-01 6.61317785674050195865E-01 6.51964931227054789176E-01 6.42744351895293775101E-01 6.33654176944414726513E-01 6.24692562097399650689E-01
1.34515091518188301123E+00 1.32643411180808623584E+00 1.30797773923397131490E+00 1.28977817375307113323E+00 1.27183184208017752148E+00 1.25413522064976357129E+00 1.23668483492417324854E+00 1.21947725871143108911E+00 1.20250911349254896443E+00 1.18577706775818958462E+00 1.16927783635456217226E+00 1.15300817983841752401E+00 1.13696490384102011362E+00 1.12114485844096711809E+00 1.10554493754573779363E+00 1.09016207828184441553E+00 1.07499326039347264938E+00 1.06003550564948501034E+00 1.04528587725867971869E+00 1.03074147929318304939E+00 1.01639945611986615148E+00 1.00225699183967265071E+00 9.88311309734747123201E-01 9.74559671723257858744E-01 9.60999377821803890676E-01 9.47627765615303041535E-01 9.34442209734256623577E-01 9.21440121339284545776E-01 9.08618947612838567807E-01 8.95976171257981901519E-01 8.83509310004145786976E-01 8.71215916119765010350E-01 8.59093575931689557024E-01 8.47139909351288578065E-01 8.35352569407145639779E-01 8.23729241784255550307E-01 8.12267644369635277712E-01 8.00965526804255922855E-01 7.89820670041208150458E-01 7.78830885910018144713E-01 7.67994016687023273171E-01 7.57307934671727633891E-01 7.46770541769051110492E-01 7.36379769077390000653E-01 7.26133576482412612663E-01 7.16029952256505342056E-01 7.06066912663790291482E-01 6.96242501570641714181E-01 6.86554790061620567876E-01 6.77001876060752239006E-01 6.67581883958076383045E-01 6.58292964241389610969E-01 6.49133293133115629736E-01 6.40101072232225343228E-01 6.31194528161140966382E-01 6.22411912217552765192E-01
1.35706171767735961353E+00 1.33801316534803826919E+00 1.31923199020658987735E+00 1.30071443918247386939E+00 1.28245681188555349372E+00 1.26445545986664353855E+00 1.24670678588843286683E+00 1.22920724320664453977E+00 1.21195333486128364875E+00 1.19494161297783607623E+00 1.17816867807827252435E+00 1.16163117840172724904E+00 1.14532580923470939105E+00 1.12924931225071811802E+00 1.11339847485912635250E+00 1.09777012956320296766E+00 1.08236115332714732951E+00 1.06716846695201050821E+00 1.05218903446037015392E+00 1.03741986248965090134E+00 1.02285799969395307940E+00 1.00850053615428247866E+00 9.94344602797056276167E-01 9.80387370820771764102E-01 9.66626051130722752092E-01 9.53057893781649956289E-01 9.39680187428217350565E-01 9.26490258783197129233E-01 9.13485472083264360421E-01 9.00663228562288420420E-01 8.88020965932016737021E-01 8.75556157870050588699E-01 8.63266313515003602674E-01 8.51148976968751913574E-01 8.39201726805666403664E-01 8.27422175588736985574E-01 8.15807969392486120874E-01 8.04356787332581535388E-01 7.93066341102049543466E-01 7.81934374513999719269E-01 7.70958663050767434299E-01 7.60137013419384999224E-01 7.49467263113293258314E-01 7.38947279980203819427E-01 7.28574961796028874872E-01 7.18348235844789240190E-01 7.08265058504421229912E-01 6.98323414838396550053E-01 6.88521318193074938208E-01 6.78856809800706950675E-01 6.69327958388011179380E-01 6.59932859790245740506E-01 6.50669636570694209787E-01 6.41536437645496837590E-01 6.32531437913743888046E-01 6.23652837892764155825E-01
1.31305960682894840019E+00 1.29522223113789403115E+00 1.27762716887258842569E+00 1.26027112830462373338E+00 1.24315086242237060610E+00 1.22626316832351811570E+00 1.20960488661587084458E+00 1.19317290082627680547E+00 1.17696413681759448622E+00 1.16097556221357200990E+00 1.14520418583154381942E+00 1.12964705712283430827E+00 1.11430126562075892949E+00 1.09916394039612819178E+00 1.08423224952014862765E+00 1.06950339953461415199E+00 1.05497463492930387829E+00 1.04064323762647092941E+00 1.02650652647233897596E+00 1.01256185673550525017E+00 9.98806619612156665333E-01 9.85238241738009556947E-01 9.71854184706877122224E-01 9.58651944595778515712E-01 9.45629051496499228868E-01 9.32783069053513380631E-01 9.20111594008184541238E-01 9.07612255749158158835E-01 8.95282715868862211117E-01 8.83120667726030816880E-01 8.71123836014173869025E-01 8.59289976335904315263E-01 8.47616874783053253495E-01 8.36102347522485023212E-01 8.24744240387540461512E-01 8.13540428475030497069E-01 8.02488815747702810555E-01 7.91587334642111173366E-01 7.80833945681809971084E-01 7.70226637095803523536E-01 7.59763424442179369223E-01 7.49442350236853460643E-01 7.39261483587360102021E-01 7.29218919831614464933E-01 7.19312780181584066064E-01 7.09541211371801039398E-01 6.99902385312647035143E-01 6.90394498748352791750E-01 6.81015772919635553606E-01 6.71764453230929259320E-01 6.62638808922127564571E-01 6.53637132744789517425E-01 6.44757740642743715220E-01 6.35998971437029769760E-01 6.27359186515122235761E-01 6.18836769524373608853E-01
1.25057594137486072228E+00 1.23439054886555932278E+00 1.21841463338361233326E+00 1.20264548380385161153E+00 1.18708042408944192125E+00 1.17171681283775530602E+00 1.15655204283212276195E+00 1.14158354059938949021E+00 1.12680876597319157284E+00 1.11222521166288923489E+00 1.09783040282807853316E+00 1.08362189665860753074E+00 1.06959728196003012179E+00 1.05575417874442467614E+00 1.04209023782650844758E+00 1.02860314042497824616E+00 1.01529059776901142698E+00 1.00215035070986169252E+00 9.89180169337476655755E-01 9.76377852602082874078E-01 9.63741227940664857421E-01 9.51268150908280207823E-01 9.38956504814144499171E-01 9.26804200362428498572E-01 9.14809175297702115159E-01 9.02969394054969010099E-01 8.91282847414228029947E-01 8.79747552159509282887E-01 8.68361550742318577534E-01 8.57122910949441596529E-01 8.46029725575045410402E-01 8.35080112097022930762E-01 8.24272212357529898696E-01 8.13604192247651680781E-01 8.03074241396155019679E-01 7.92680572862266341616E-01 7.82421422832425883520E-01 7.72295050320968123891E-01 7.62299736874674449538E-01 7.52433786281150762676E-01 7.42695524280978625065E-01 7.33083298283592421640E-01 7.23595477086833804847E-01 7.14230450600133348615E-01 7.04986629571280665196E-01 6.95862445316723365885E-01 6.86856349455362780176E-01 6.77966813645790700171E-01 6.69192329326930734901E-01 6.60531407462031872058E-01 6.51982578285979608168E-01 6.43544391055875353302E-01 6.35215413804843809231E-01 6.26994233099027020728E-01 6.18879453797724243813E-01 6.10869698816634332239E-01
1.19158057403148132103E+00 1.17688173318545707957E+00 1.16236421110790333344E+00 1.14802577112613679589E+00 1.13386420415813482521E+00 1.11987732837218900706E+00 1.10606298885075693406E+00 1.09241905725846044639E+00 1.07894343151417748672E+00 1.06563403546718293846E+00 1.05248881857728049383E+00 1.03950575559888136468E+00 1.02668284626898298484E+00 1.01401811499899174862E+00 1.00150961057035048363E+00 9.89155405833920919889E-01 9.76953597413071861411E-01 9.64902305410432870048E-01 9.52999673118262835558E-01 9.41243866732392464591E-01 9.29633075069695946624E-01 9.18165509289046832819E-01 9.06839402615716827505E-01 8.95653010069173083352E-01 8.84604608194234920404E-01 8.73692494795546004127E-01 8.62914988675320904221E-01 8.52270429374329729910E-01 8.41757176916073990292E-01 8.31373611554122371459E-01 8.21118133522558246717E-01 8.10989162789511053298E-01 8.00985138813723573925E-01 7.91104520304125147234E-01 7.81345784982367952409E-01 7.71707429348295503857E-01 7.62187968448301611524E-01 7.52785935646548276523E-01 7.43499882399005440625E-01 7.34328378030277839628E-01 7.25270009513184876759E-01 7.16323381251060431474E-01 7.07487114862735522181E-01 6.98759848970177066541E-01 6.90140238988743215387E-01 6.81626956920027171627E-01 6.73218691147256409479E-01 6.64914146233216318826E-01 6.56712042720664523898E-01 6.48611116935209786050E-01 6.40610120790621295761E-01 6.32707821596538488862E-01 6.24903001868555518783E-01 6.17194459140646078943E-01 6.09581005779902707076E-01 6.02061468803562704899E-01
1.25269189139264214283E+00 1.23645186039963550506E+00 1.22042236689670580141E+00 1.20460068145342669155E+00 1.18898411002399728709E+00 1.17356999348851331888E+00 1.15835570720018399271E+00 1.14333866053841992638E+00 1.12851629646771112192E+00 1.11388609110222880361E+00 1.09944555327606918738E+00 1.08519222411906723913E+00 1.07112367663811336449E+00 1.05723751530389442621E+00 1.04353137564299425222E+00 1.03000292383528235796E+00 1.01664985631651960674E+00 1.00346989938612018989E+00 9.90460808819992988283E-01 9.77620369488408469394E-01 9.64946394978813737353E-01 9.52436727223541446108E-01 9.40089236132342076502E-01 9.27901819229684399204E-01 9.15872401296752292055E-01 9.03998934018087951792E-01 8.92279395632813221440E-01 8.80711790590372300969E-01 8.69294149210740330069E-01 8.58024527349033450108E-01 8.46901006064468386825E-01 8.35921691293614932405E-01 8.25084713527883040207E-01 8.14388227495190353267E-01 8.03830411845758652234E-01 7.93409468841981491138E-01 7.83123624052314948329E-01 7.72971126049133649971E-01 7.62950246110506546948E-01 7.53059277925838377321E-01 7.43296537305324855893E-01 7.33660361893178625259E-01 7.24149110884568791846E-01 7.14761164746233301770E-01 7.05494924940712087036E-01 6.96348813654153908637E-01 6.87321273527655263180E-01 6.78410767392077951321E-01 6.69615778006309336767E-01 6.60934807798911228005E-01 6.52366378613121189467E-01 6.43909031455158653579E-01 6.35561326245792646006E-01 6.27321841575134153679E-01 6.19189174460601954308E-01 6.11161940108030821150E-01
1.32213659920495030242E+00 1.30405260968215519490E+00 1.28621597030249734672E+00 1.26862329784717831060E+00 1.25127125537256711496E+00 1.23415655157725656643E+00 1.21727594017777374091E+00 1.20062621929283430688E+00 1.18420423083601278336E+00 1.16800685991672503761E+00 1.15203103424940112021E+00 1.13627372357073985754E+00 1.12073193906493528971E+00 1.10540273279676304341E+00 1.09028319715242294485E+00 1.07537046428802729459E+00 1.06066170558563421800E+00 1.04615413111672195257E+00 1.03184498911299837864E+00 1.01773156544445364524E+00 1.00381118310454775511E+00 9.90081201702442403878E-01 9.76539016962174266645E-01 9.63182060228683689651E-01 9.50007797980596979670E-01 9.37013731349670919712E-01 9.24197395646815134107E-01 9.11556359894592604931E-01 8.99088226366117959643E-01 8.86790630130259271979E-01 8.74661238603066104602E-01 8.62697751105326204879E-01 8.50897898426178467268E-01 8.39259442392693899571E-01 8.27780175445343102680E-01 8.16457920219269661644E-01 8.05290529131293508769E-01 7.94275883972560658997E-01 7.83411895506764932584E-01 7.72696503073867391187E-01 7.62127674199233218211E-01 7.51703404208114878138E-01 7.41421715845411943846E-01 7.31280658900627655861E-01 7.21278309837955822204E-01 7.11412771431430557278E-01 7.01682172405062920539E-01 6.92084667077900839161E-01 6.82618435013944813150E-01 6.73281680676849569878E-01 6.64072633089352493130E-01 6.54989545497355996062E-01 6.46030695038608104852E-01 6.37194382415912752293E-01 6.28478931574810162353E-01 6.19882689385666485471E-01
1.27714770405484356885E+00 1.26026953320256174251E+00 1.24361441615244694425E+00 1.22717940513254619717E+00 1.21096159132724556784E+00 1.19495810436244043196E+00 1.17916611179751296135E+00 1.16358281862402024309E+00 1.14820546677100931987E+00 1.13303133461686922345E+00 1.11805773650763162763E+00 1.10328202228164329313E+00 1.08870157680051415916E+00 1.07431381948626758494E+00 1.06011620386460747589E+00 1.04610621711421702962E+00 1.03228137962202204392E+00 1.01863924454432264177E+00 1.00517739737373079656E+00 9.91893455511828947557E-01 9.78785067847476208946E-01 9.65849914340687343284E-01 9.53085705612012445975E-01 9.40490182537340180247E-01 9.28061115848059836608E-01 9.15796305736503279959E-01 9.03693581466604944907E-01 8.91750800989704939248E-01 8.79965850565429308361E-01 8.68336644387582845539E-01 8.56861124214982949887E-01 8.45537259007174579750E-01 8.34363044564958133975E-01 8.23336503175667977494E-01 8.12455683263140104877E-01 8.01718659042303438689E-01 7.91123530178338030261E-01 7.80668421450336769141E-01 7.70351482419411426328E-01 7.60170887101185521750E-01 7.50124833642616062335E-01 7.40211544003083532495E-01 7.30429263639700288024E-01 7.20776261196775291928E-01 7.11250828199382678640E-01 7.01851278750980744903E-01 6.92575949235027743534E-01 6.83423198020538524844E-01 6.74391405171534952245E-01 6.65478972160335691122E-01 6.56684321584633190483E-01 6.48005896888311228032E-01 6.39442162085952392481E-01 6.30991601490984765910E-01 6.22652719447422287047E-01 6.14424040065150722789E-01
1.21338420084811438038E+00 1.19814424479903292031E+00 1.18309570072005532104E+00 1.16823616450042377934E+00 1.15356326222471405885E+00 1.13907464979358796775E+00 1.12476801254930558471E+00 1.11064106490594305399E+00 1.09669154998425444347E+00 1.08291723925111904592E+00 1.06931593216351661368E+00 1.05588545581697723641E+00 1.04262366459844324496E+00 1.02952843984349251549E+00 1.01659768949786566417E+00 1.00382934778324917069E+00 9.91221374867249371832E-01 9.78771756537516246510E-01 9.66478503879958816825E-01 9.54339652961001871923E-01 9.42353264513833943639E-01 9.30517423628596351826E-01 9.18830239446461249919E-01 9.07289844857555483060E-01 8.95894396202675524776E-01 8.84642072978750082513E-01 8.73531077548002299338E-01 8.62559634850764811453E-01 8.51725992121900032927E-01 8.41028418610784478382E-01 8.30465205304811049380E-01 8.20034664656357992207E-01 8.09735130313195106133E-01 7.99564956852270691812E-01 7.89522519516843490628E-01 7.79606213956916760388E-01 7.69814455972933076033E-01 7.60145681262684669299E-01 7.50598345171407221876E-01 7.41170922445011148838E-01 7.31861906986408405906E-01 7.22669811614906176800E-01 7.13593167828616925519E-01 7.04630525569856724921E-01 6.95780452993487230628E-01 6.87041536238168215611E-01 6.78412379200484139119E-01 6.69891603311905781126E-01 6.61477847318555522982E-01 6.53169767063736084189E-01 6.44966035273193072364E-01 6.36865341343072932645E-01 6.28866391130544877264E-01 6.20967906747053599581E-01 6.13168626354165136050E-01 6.05467303961981451188E-01
1.08019474828550832157E+00 1.06810849102829608093E+00 1.05615746643604468957E+00 1.04434016139569663117E+00 1.03265507972435810480E+00 1.02110074197986766542E+00 1.00967568527348494634E+00 9.98378463084674150352E-01 9.87207645077963880098E-01 9.76161816921849667672E-01 9.65239580109726991175E-01 9.54439551782829243010E-01 9.43760364555141562093E-01 9.33200666340279538780E-01 9.22759120180300040914E-01 9.12434404076431171404E-01 9.02225210821693934804E-01 8.92130247835397738321E-01 8.82148236999487522780E-01 8.72277914496721429316E-01 8.62518030650660016967E-01 8.52867349767445270814E-01 8.43324649979349638684E-01 8.33888723090076333655E-01 8.24558374421790363229E-01 8.15332422663861411394E-01 8.06209699723296702167E-01 7.97189050576851965246E-01 7.88269333124793081247E-01 7.79449418046295305906E-01 7.70728188656461310480E-01 7.62104540764937499198E-01 7.53577382536113948852E-01 7.45145634350886765240E-01 7.36808228669968867663E-01 7.28564109898728107240E-01 7.20412234253540506579E-01 7.12351569629637082492E-01 7.04381095470428153504E-01 6.96499802638293030732E-01 6.88706693286812554611E-01 6.81000780734432153984E-01 6.73381089339539995464E-01 6.65846654376939794950E-01 6.58396521915708077266E-01 6.51029748698417898289E-01 6.43745402021713264418E-01 6.36542559618219705442E-01 6.29420309539776567931E-01 6.22377750041976263162E-01 6.15413989469994704429E-01 6.08528146145698167757E-01 6.01719348256016806076E-01 5.94986733742562279303E-01 5.88329450192485059468E-01 5.81746654730549206391E-01
1.00539345074509545164E+00 9.94919061588904307669E-01 9.84553796704523476180E-01 9.74296519213561085238E-01 9.64146104081850974232E-01 9.54101437996056733759E-01 9.44161419241562271942E-01 9.34324957581633364079E-01 9.24590974137839194391E-01 9.14958401271719679038E-01 9.05426182467684248500E-01 8.95993272217132430413E-01 8.86658635903780467657E-01 8.77421249690183313596E-01 8.68280100405437682554E-01 8.59234185434056829678E-01 8.50282512606002072175E-01 8.41424100087859061503E-01 8.32657976275150035761E-01 8.23983179685766176092E-01 8.15398758854510297134E-01 8.06903772228739324390E-01 7.98497288065093124843E-01 7.90178384327298921619E-01 7.81946148585042410950E-01 7.73799677913889039083E-01 7.65738078796251331326E-01 7.57760467023385841934E-01 7.49865967598411398143E-01 7.42053714640339645570E-01 7.34322851289101352634E-01 7.26672529611567474817E-01 7.19101910508544106548E-01 7.11610163622740321543E-01 7.04196467247692803326E-01 6.96860008237639605433E-01 6.89599981918333493347E-01 6.82415591998783099825E-01 6.75306050483915898397E-01 6.68270577588148673165E-01 6.61308401649859822768E-01 6.54418759046751508102E-01 6.47600894112096092670E-01 6.40854059051851332462E-01 6.34177513862642872056E-01 6.27570526250598836882E-01 6.21032371551030415446E-01 6.14562332648949771752E-01 6.08159699900416295115E-01 6.01823771054700640271E-01 5.95553851177262005834E-01 5.89349252573525217436E-01 5.83209294713455062009E-01 5.77133304156912996241E-01 5.71120614479794119767E-01 5.65170566200932755763E-01
1.39714841963062763597E+00 1.37696208785154050602E+00 1.35706741298232147486E+00 1.33746018109475262037E+00 1.31813623914445221530E+00 1.29909149409120883156E+00 1.28032191203202616592E+00 1.26182351734669540022E+00 1.24359239185571257558E+00 1.22562467399035890381E+00 1.20791655797477881507E+00 1.19046429301986567140E+00 1.17326418252880726456E+00 1.15631258331409569884E+00 1.13960590482586354710E+00 1.12314060839135620995E+00 1.10691320646540591888E+00 1.09092026189172131012E+00 1.07515838717486311715E+00 1.05962424376272856819E+00 1.04431454133940726514E+00 1.02922603712825444511E+00 1.01435553520503130009E+00 9.99699885820970024497E-01 9.85255984735620593540E-01 9.71020772559335165752E-01 9.56991234105253218978E-01 9.43164397750648975105E-01 9.29537334807507886758E-01 9.16107158902192630912E-01 9.02871025364078594322E-01 8.89826130623015632004E-01 8.76969711615502189872E-01 8.64299045199430904241E-01 8.51811447577300095979E-01 8.39504273727749050771E-01 8.27374916845314500868E-01 8.15420807788275747718E-01 8.03639414534481955066E-01 7.92028241645038377783E-01 7.80584829735743834789E-01 7.69306754956162741621E-01 7.58191628476226231470E-01 7.47237095980249010907E-01 7.36440837168256479117E-01 7.25800565264519081943E-01 7.15314026533185431944E-01 7.04978999800914163387E-01 6.94793295986402825726E-01 6.84754757636715782887E-01 6.74861258470308422730E-01 6.65110702926656860434E-01 6.55501025722392105521E-01 6.46030191413849319559E-01 6.36696193965937351500E-01 6.27497056327234514761E-01
1.17492697982575533544E+00 1.16063489437558819972E+00 1.14651666118179274001E+00 1.13257016546502886634E+00 1.11879331817062355192E+00 1.10518405565565247528E+00 1.09174033937982439824E+00 1.07846015560012697954E+00 1.06534151506918650654E+00 1.05238245273729846829E+00 1.03958102745807923206E+00 1.02693532169770329610E+00 1.01444344124767305004E+00 1.00210351494108351744E+00 9.89913694372340668970E-01 9.77872153620286344022E-01 9.65977088974692144063E-01 9.54226718666081441533E-01 9.42619282598836760734E-01 9.31153042087553339812E-01 9.19826279596601015243E-01 9.08637298482852462378E-01 8.97584422741543042079E-01 8.86665996755220620074E-01 8.75880385045748499628E-01 8.65225972029327716761E-01 8.54701161774497397694E-01 8.44304377763077540386E-01 8.34034062654023244932E-01 8.23888678050148315357E-01 8.13866704267688589880E-01 8.03966640108667585096E-01 7.94187002636030037195E-01 7.84526326951512587016E-01 7.74983165976215415682E-01 7.65556090233844077630E-01 7.56243687636585892875E-01 7.47044563273594031116E-01 7.37957339202041318060E-01 7.28980654240719339043E-01 7.20113163766143205002E-01 7.11353539511142995977E-01 7.02700469365898916507E-01 6.94152657181400956077E-01 6.85708822575297527457E-01 6.77367700740106437607E-01 6.69128042253758215097E-01 6.60988612892444149516E-01 6.52948193445741620344E-01 6.45005579533988071539E-01 6.37159581427874543991E-01 6.29409023870237782639E-01 6.21752745900015613145E-01 6.14189600678346492302E-01 6.06718455316784699427E-01 5.99338190707602858076E-01
1.21539902859939075164E+00 1.20010857867198539317E+00 1.18501049179036233028E+00 1.17010234791184442038E+00 1.15538175743934479200E+00 1.14084636083834323195E+00 1.12649382825868182856E+00 1.11232185916111725454E+00 1.09832818194857151362E+00 1.08451055360202253119E+00 1.07086675932097530328E+00 1.05739461216845587188E+00 1.04409195272047017333E+00 1.03095664871987646727E+00 1.01798659473460806346E+00 1.00517971182019816290E+00 9.92533947186551746000E-01 9.80047273868904778027E-01 9.67717690402928321092E-01 9.55543220503917489772E-01 9.43521912750015290250E-01 9.31651840269424935670E-01 9.19931100431553683272E-01 9.08357814542045116646E-01 8.96930127541646138312E-01 8.85646207708863930641E-01 8.74504246366362036902E-01 8.63502457591051264529E-01 8.52639077927828559211E-01 8.41912366106914222819E-01 8.31320602764749727598E-01 8.20862090168402613877E-01 8.10535151943439724498E-01 8.00338132805227364663E-01 7.90269398293604430350E-01 7.80327334510902526077E-01 7.70510347863254119183E-01 7.60816864805161197083E-01 7.51245331587272358043E-01 7.41794214007336916161E-01 7.32461997164289724260E-01 7.23247185215431742655E-01 7.14148301136663277155E-01 7.05163886485735580401E-01 6.96292501168478850104E-01 6.87532723207973317514E-01 6.78883148516623902147E-01 6.70342390671099574995E-01 6.61909080690108675427E-01 6.53581866814966550017E-01 6.45359414292924427059E-01 6.37240405163225664964E-01 6.29223538045850627753E-01 6.21307527932923320257E-01 6.13491105982737594537E-01 6.05773019316379501831E-01
1.19271669875145702733E+00 1.17798990198479436309E+00 1.16344494097446315983E+00 1.14907957054503206962E+00 1.13489157324286060735E+00 1.12087875899380939870E+00 1.10703896476517948955E+00 1.09337005423182342945E+00 1.07986991744638016755E+00 1.06653647051358135833E+00 1.05336765526857867314E+00 1.04036143895924482194E+00 1.02751581393239321827E+00 1.01482879732387698546E+00 1.00229843075251068285E+00 9.89922780017773340511E-01 9.77699934801241954396E-01 9.65628008371713697500E-01 9.53705137293968552292E-01 9.41929481141126290211E-01 9.30299222210556830959E-01 9.18812565243298018380E-01 9.07467737146937514225E-01 8.96262986721915622113E-01 8.85196584391208740605E-01 8.74266821933351478968E-01 8.63472012218751028279E-01 8.52810488949262035518E-01 8.42280606400974574122E-01 8.31880739170178684638E-01 8.21609281922464407266E-01 8.11464649144922334223E-01 8.01445274901400717127E-01 7.91549612590786599853E-01 7.81776134708270231677E-01 7.72123332609559231976E-01 7.62589716278000984140E-01 7.53173814094582616541E-01 7.43874172610771711156E-01 7.34689356324158326927E-01 7.25617947456870693301E-01 7.16658545736725050013E-01 7.07809768181078435845E-01 6.99070248883349898428E-01 6.90438638802177928611E-01 6.81913605553180257601E-01 6.73493833203286595968E-01 6.65178022067609564516E-01 6.56964888508823396940E-01 6.48853164739020660257E-01 6.40841598624016128838E-01 6.32928953490064061249E-01 6.25114007932965676240E-01 6.17395555629531411768E-01 6.09772405151371210685E-01 6.02243379780984633420E-01
1.10869384787817470972E+00 1.09596331317069628497E+00 1.08337895634113090537E+00 1.07093909890758642867E+00 1.05864208166127360400E+00 1.04648626444520553846E+00 1.03447002593543513349E+00 1.02259176342480540001E+00 1.01084989260918245435E+00 9.99242847376145326699E-01 9.87769079596097721030E-01 9.76427058915782852822E-01 9.65215272554166281438E-01 9.54132225100664754791E-01 9.43176438315688980829E-01 9.32346450933479453660E-01 9.21640818467205136244E-01 9.11058113016299797593E-01 9.00596923076010358322E-01 8.90255853349133707830E-01 8.80033524559912905261E-01 8.69928573270072669210E-01 8.59939651696964957317E-01 8.50065427533805317850E-01 8.40304583771970148298E-01 8.30655818525337541480E-01 8.21117844856642853379E-01 8.11689390605829563796E-01 8.02369198220370560826E-01 7.93156024587536756520E-01 7.84048640868594493014E-01 7.75045832334902762284E-01 7.66146398205896694833E-01 7.57349151488927896381E-01 7.48652918820945645351E-01 7.40056540311995414427E-01 7.31558869390515287279E-01 7.23158772650406955762E-01 7.14855129699864200177E-01 7.06646833011937425262E-01 6.98532787776812491565E-01 6.90511911755787188838E-01 6.82583135136923591091E-01 6.74745400392358751773E-01 6.66997662137252755876E-01 6.59338886990357253559E-01 6.51768053436184491289E-01 6.44284151688759076926E-01 6.36886183556935270289E-01 6.29573162311257594759E-01 6.22344112552354999934E-01 6.15198070080841930007E-01 6.08134081768715750727E-01 6.01151205432228552539E-01 5.94248509706222893811E-01 5.87425073919904949804E-01
1.25441424450203498075E+00 1.23812967103566284877E+00 1.22205650088693040800E+00 1.20619198965710827665E+00 1.19053342857474597771E+00 1.17507814403316013241E+00 1.15982349713393562141E+00 1.14476688323634689937E+00 1.12990573151263351548E+00 1.11523750450904390874E+00 1.10075969771258130869E+00 1.08646983912337335987E+00 1.07236548883259263931E+00 1.05844423860585523656E+00 1.04470371147203122675E+00 1.03114156131738976541E+00 1.01775547248501330166E+00 1.00454315937941429659E+00 9.91502366076281838048E-01 9.78630865937298421997E-01 9.65926461229950850118E-01 9.53386982752284284359E-01 9.41010289462520632675E-01 9.28794268113490084637E-01 9.16736832891807296164E-01 9.04835925061729162699E-01 8.93089512613638780714E-01 8.81495589917092425836E-01 8.70052177378368929439E-01 8.58757321102466497642E-01 8.47609092559486798635E-01 8.36605588255349141846E-01 8.25744929406780348025E-01 8.15025261620524243966E-01 8.04444754576715048699E-01 7.94001601716359362015E-01 7.83694019932879237800E-01 7.73520249267655723990E-01 7.63478552609526461836E-01 7.53567215398185497044E-01 7.43784545331430568815E-01 7.34128872076213134790E-01 7.24598546983439839586E-01 7.15191942806474134642E-01 7.05907453423293640427E-01 6.96743493562255511442E-01 6.87698498531418955793E-01 6.78770923951385385386E-01 6.69959245491602017886E-01 6.61261958610094735533E-01 6.52677578296574356642E-01 6.44204638818879016249E-01 6.35841693472712132795E-01 6.27587314334623780354E-01 6.19440092018201049484E-01 6.11398635433425874375E-01
1.02361282126341390786E+00 1.01275639475403789191E+00 1.00201511138678056589E+00 9.91387749954722674595E-01 9.80873102203051572268E-01 9.70469972691692217559E-01 9.60177178659394559013E-01 9.49993549889260990859E-01 9.39917928575701666638E-01 9.29949169192801128325E-01 9.20086138364078376384E-01 9.10327714733631498945E-01 9.00672788838647431220E-01 8.91120262983263300427E-01 8.81669051113766366612E-01 8.72318078695119347721E-01 8.63066282588789923658E-01 8.53912610931882753995E-01 8.44856023017549029319E-01 8.35895489176664896469E-01 8.27029990660766323174E-01 8.18258519526224858964E-01 8.09580078519650858659E-01 8.00993680964513621312E-01 7.92498350648962457399E-01 7.84093121714839691450E-01 7.75777038547868613705E-01 7.67549155669007165947E-01 7.59408537626953705768E-01 7.51354258891793191921E-01 7.43385403749770135029E-01 7.35501066199180542071E-01 7.27700349847363314737E-01 7.19982367808789436303E-01 7.12346242604227075645E-01 7.04791106060980387937E-01 6.97316099214183582333E-01 6.89920372209143151210E-01 6.82603084204714827266E-01 6.75363403277706608741E-01 6.68200506328294641101E-01 6.61113578986443628516E-01 6.54101815519317231207E-01 6.47164418739673452663E-01 6.40300599915229140535E-01 6.33509578678987383960E-01 6.26790582940515483834E-01 6.20142848798162948931E-01 6.13565620452212079350E-01 6.07058150118949257923E-01 6.00619697945646291437E-01 5.94249531926445473395E-01 5.87946927819134934623E-01 5.81711169062807953445E-01 5.75541546696395123206E-01 5.69437359278060606371E-01
1.35797572455888415632E+00 1.33890159505162187337E+00 1.32009538080225419243E+00 1.30155331867257961775E+00 1.28327169838144183878E+00 1.26524686176230183321E+00 1.24747520203123363203E+00 1.22995316306520496852E+00 1.21267723869049404151E+00 1.19564397198110161646E+00 1.17884995456701791028E+00 1.16229182595220348340E+00 1.14596627284215335507E+00 1.12987002848090312135E+00 1.11399987199734762378E+00 1.09835262776074449320E+00 1.08292516474526578918E+00 1.06771439590347805293E+00 1.05271727754862154391E+00 1.03793080874556742366E+00 1.02335203071032565525E+00 1.00897802621799237421E+00 9.94805919019010276294E-01 9.80832873263628113314E-01 9.67056092934445055143E-01 9.53472821286927008089E-01 9.40080340297777317105E-01 9.26875970121060377416E-01 9.13857068551960693981E-01 9.01021030498078023818E-01 8.88365287458142582899E-01 8.75887307008059501356E-01 8.63584592294167618931E-01 8.51454681533615587163E-01 8.39495147521759244036E-01 8.27703597146475678059E-01 8.16077670909298613644E-01 8.04615042453281748003E-01 7.93313418097492450975E-01 7.82170536378045011539E-01 7.71184167595579395105E-01 7.60352113369097248885E-01 7.49672206196063006800E-01 7.39142309018686383126E-01 7.28760314796293884321E-01 7.18524146083710291144E-01 7.08431754615558184618E-01 6.98481120896399798603E-01 6.88670253796633824450E-01 6.78997190154068896994E-01 6.69459994381093825844E-01 6.60056758077363858739E-01 6.50785599647929480227E-01 6.41644663926727032432E-01 6.32632121805358882405E-01 6.23746169867087640881E-01
1.10905144518108711438E+00 1.09631272063456397525E+00 1.08372031491191278540E+00 1.07127254737406008012E+00 1.05896775668599429920E+00 1.04680430059503737361E+00 1.03478055571166227544E+00 1.02289491729282722154E+00 1.01114579902779988529E+00 9.99531632826442417716E-01 9.88050868609924748398E-01 9.76701974103845738107E-01 9.65483434633728654362E-01 9.54393752922866323019E-01 9.43431448892487201086E-01 9.32595059464216391554E-01 9.21883138364809728849E-01 9.11294255933124186519E-01 9.00826998929311062447E-01 8.90479970346198190789E-01 8.80251789222838310067E-01 8.70141090460200716805E-01 8.60146524638978671184E-01 8.50266757839490128212E-01 8.40500471463645815184E-01 8.30846362058964560404E-01 8.21303141144607673496E-01 8.11869535039412948407E-01 8.02544284691903420104E-01 7.93326145512248781522E-01 7.84213887206156146092E-01 7.75206293610670504890E-01 7.66302162531859343275E-01 7.57500305584362876310E-01 7.48799548032786255192E-01 7.40198728634915092961E-01 7.31696699486729662532E-01 7.23292325869201335742E-01 7.14984486096847837722E-01 7.06772071368026999494E-01 6.98653985616952799553E-01 6.90629145367408159295E-01 6.82696479588139948369E-01 6.74854929549913995501E-01 6.67103448684212674280E-01 6.59441002443555079893E-01 6.51866568163421367110E-01 6.44379134925763819020E-01 6.36977703424084662487E-01 6.29661285830064532121E-01 6.22428905661722708942E-01 6.15279597653090259968E-01 6.08212407625382756038E-01 6.01226392359650696484E-01 5.94320619470892874681E-01 5.87494167283616142150E-01
1.15567940569925586836E+00 1.14185036520794924719E+00 1.12818680517771752214E+00 1.11468674544348633759E+00 1.10134822953514577293E+00 1.08816932439401359289E+00 1.07514812009268956317E+00 1.06228272955826330559E+00 1.04957128829883528098E+00 1.03701195413330560235E+00 1.02460290692440270099E+00 1.01234234831490255146E+00 1.00022850146700381657E+00 9.88259610804824717434E-01 9.76433941759979329156E-01 9.64749780520197552924E-01 9.53205433780955679879E-01 9.41799228500076357484E-01 9.30529511655266095005E-01 9.19394650004555447076E-01 9.08393029849603572679E-01 8.97523056801835861229E-01 8.86783155551381319093E-01 8.76171769638772746092E-01 8.65687361229380725192E-01 8.55328410890545010048E-01 8.45093417371374666658E-01 8.34980897385181553005E-01 8.24989385394517604766E-01 8.15117433398785617982E-01 8.05363610724389555884E-01 7.95726503817397734508E-01 7.86204716038685358370E-01 7.76796867461530093912E-01 7.67501594671628595279E-01 7.58317550569506115821E-01 7.49243404175291227709E-01 7.40277840435825451593E-01 7.31419560034082039124E-01 7.22667279200865153577E-01 7.14019729528761692983E-01 7.05475657788320109631E-01 6.97033825746428692405E-01 6.88693009986866444549E-01 6.80452001733002243000E-01 6.72309606672615411860E-01 6.64264644784811841838E-01 6.56315950169011785853E-01 6.48462370875984239760E-01 6.40702768740903594313E-01 6.33036019218401468933E-01 6.25461011219595741650E-01 6.17976646951067465352E-01 6.10581841755765353241E-01 6.03275523955814407806E-01 5.96056634697204490436E-01
1.51564470450089849862E+00 1.49190366245258787536E+00 1.46853449982685280162E+00 1.44553139150849241368E+00 1.42288860362684488337E+00 1.40060049212653736639E+00 1.37866150136061760278E+00 1.35706616270572655303E+00 1.33580909319896168341E+00 1.31488499419609139451E+00 1.29428865005079174466E+00 1.27401492681456307565E+00 1.25405877095701945301E+00 1.23441520810622140658E+00 1.21507934180873400365E+00 1.19604635230911782173E+00 1.17731149534852841398E+00 1.15887010098214027209E+00 1.14071757241509263991E+00 1.12284938485666918595E+00 1.10526108439242531922E+00 1.08794828687398426048E+00 1.07090667682622031620E+00 1.05413200637156379003E+00 1.03762009417115241838E+00 1.02136682438256998218E+00 1.00536814563391119215E+00 9.89620070013915276164E-01 9.74118672077919800500E-01 9.58860087869385369075E-01 9.43840513956744620039E-01 9.29056206485340929646E-01 9.14503480244216016004E-01 9.00178707747515405302E-01 8.86078318330283720705E-01 8.72198797258422309220E-01 8.58536684852588494188E-01 8.45088575625819182768E-01 8.31851117434662223893E-01 8.18821010643602575918E-01 8.05995007302581001341E-01 7.93369910337392458821E-01 7.80942572752765573618E-01 7.68709896847930451713E-01 7.56668833444467003879E-01 7.44816381126252258227E-01 7.33149585491313815488E-01 7.21665538415398044592E-01 7.10361377327078491462E-01 6.99234284494215985184E-01 6.88281486321596802647E-01 6.77500252659571922109E-01 6.66887896123527057490E-01 6.56441771424010833691E-01 6.46159274707356456879E-01 6.36037842906633343887E-01
1.07136461820244988097E+00 1.05947460747465305175E+00 1.04771655215466563682E+00 1.03608898780060831868E+00 1.02459046622298677320E+00 1.01321955530432195047E+00 1.00197483882078275386E+00 9.90854916265798801867E-01 9.79858402675629069911E-01 9.68983928456868537360E-01 9.58230139215867082747E-01 9.47595695590044861945E-01 9.37079273081073860219E-01 9.26679561889916625361E-01 9.16395266753693649164E-01 9.06225106784359524248E-01 8.96167815309172111071E-01 8.86222139712931400446E-01 8.76386841281966644246E-01 8.66660695049859874928E-01 8.57042489644876837040E-01 8.47531027139093673384E-01 8.38125122899198382598E-01 8.28823605438945398838E-01 8.19625316273250748011E-01 8.10529109773904687941E-01 8.01533853026885512172E-01 7.92638425691258419192E-01 7.83841719859638241807E-01 7.75142639920203269099E-01 7.66540102420236624248E-01 7.58033035931187537670E-01 7.49620380915224648888E-01 7.41301089593273676570E-01 7.33074125814518362532E-01 7.24938464927351033928E-01 7.16893093651752577600E-01 7.08937009953091612502E-01 7.01069222917322876221E-01 6.93288752627571613907E-01 6.85594630042085095845E-01 6.77985896873542492891E-01 6.70461605469700461235E-01 6.63020818695366109807E-01 6.55662609815678587566E-01 6.48386062380685412876E-01 6.41190270111201110481E-01 6.34074336785931946814E-01 6.27037376129853440965E-01 6.20078511703826218415E-01 6.13196876795437328944E-01 6.06391614311053595010E-01 5.99661876669072002599E-01 5.93006825694354589018E-01 5.86425632513836503357E-01 5.79917477453290253209E-01
1.22655483338119242198E+00 1.21098330466202797062E+00 1.19560946176990756662E+00 1.18043079501635261863E+00 1.16544482657423009719E+00 1.15064911007326053927E+00 1.13604123020066216654E+00 1.12161880230686850091E+00 1.10737947201624442606E+00 1.09332091484275095716E+00 1.07944083581048611009E+00 1.06573696907904413855E+00 1.05220707757362919033E+00 1.03884895261986809345E+00 1.02566041358325499289E+00 1.01263930751317809964E+00 9.99783508791462272036E-01 9.87090918785374027422E-01 9.74559465505032918031E-01 9.62187103265171317368E-01 9.49971812351187883117E-01 9.37911598689443071208E-01 9.26004493521735305706E-01 9.14248553083915393991E-01 9.02641858288578680103E-01 8.91182514411783310848E-01 8.79868650783749650657E-01 8.68698420483484001764E-01 8.57670000037279889327E-01 8.46781589121046840418E-01 8.36031410266417362998E-01 8.25417708570586605710E-01 8.14938751409835404615E-01 8.04592828156688533170E-01 7.94378249900665411865E-01 7.84293349172575426920E-01 7.74336479672314892397E-01 7.64506016000115695697E-01 7.54800353391210321341E-01 7.45217907453863515066E-01 7.35757113910728732797E-01 7.26416428343490072628E-01 7.17194325940744725756E-01 7.08089301249086755519E-01 6.99099867927350682173E-01 6.90224558503975238466E-01 6.81461924137446883876E-01 6.72810534379786218118E-01 6.64268976943034106242E-01 6.55835857468705762940E-01 6.47509799300168942260E-01 6.39289443257913148067E-01 6.31173447417672117687E-01 6.23160486891362053186E-01 6.15249253610801849490E-01 6.07438456114178237932E-01
1.30760190536625908742E+00 1.28991200108504044941E+00 1.27246141483494001889E+00 1.25524690899979529668E+00 1.23826528976356264877E+00 1.22151340651776907364E+00 1.20498815127697622707E+00 1.18868645810215523007E+00 1.17260530253186101568E+00 1.15674170102110296376E+00 1.14109271038780657470E+00 1.12565542726676182106E+00 1.11042698757096158779E+00 1.09540456596022717228E+00 1.08058537531701781553E+00 1.06596666622933966551E+00 1.05154572648064403850E+00 1.03731988054662727095E+00 1.02328648909884201146E+00 1.00944294851501847887E+00 9.95786690396015194970E-01 9.82315181089302602579E-01 9.69025921218890862185E-01 9.55916445221622335104E-01 9.42984320889731941762E-01 9.30227148919600232979E-01 9.17642562466608358029E-01 9.05228226706016325664E-01 8.92981838399782401616E-01 8.80901125469240819932E-01 8.68983846573563756266E-01 8.57227790693922409027E-01 8.45630776723276023077E-01 8.34190653061711695493E-01 8.22905297217254361186E-01 8.11772615412080789099E-01 8.00790542194061316650E-01 7.89957040053552939085E-01 7.79270099045381470226E-01 7.68727736415933282643E-01 7.58327996235295676009E-01 7.48068949034371599716E-01 7.37948691446904114777E-01 7.27965345856343981623E-01 7.18117060047494759623E-01 7.08402006862869471071E-01 6.98818383863699099656E-01 6.89364412995522535255E-01 6.80038340258305673558E-01 6.70838435381018949322E-01 6.61762991500621344798E-01 6.52810324845382816683E-01 6.43978774422495181540E-01 6.35266701709906400630E-01 6.26672490352325084473E-01 6.18194545861336930415E-01
1.52144578128938046113E+00 1.49752337633592813582E+00 1.47397711456535751573E+00 1.45080108170214816532E+00 1.42798945646370367690E+00 1.40553650909818195203E+00 1.38343659994531420487E+00 1.36168417801985364157E+00 1.34027377961729321498E+00 1.31920002694151450306E+00 1.29845762675400644426E+00 1.27804136904432685817E+00 1.25794612572147079810E+00 1.23816684932580933776E+00 1.21869857176128726373E+00 1.19953640304755215773E+00 1.18067553009170289613E+00 1.16211121547935469778E+00 1.14383879628470830347E+00 1.12585368289933152042E+00 1.10815135787935692413E+00 1.09072737481080328514E+00 1.07357735719274050012E+00 1.05669699733801270014E+00 1.04008205529124841959E+00 1.02372835776388049212E+00 1.00763179708591388284E+00 9.91788330174174115328E-01 9.76193977516777389170E-01 9.60844822173570145551E-01 9.45737008792284727932E-01 9.30866742640162780908E-01 9.16230288650808355477E-01 9.01823970486024473203E-01 8.87644169612401334746E-01 8.73687324392426689634E-01 8.59949929189883555125E-01 8.46428533489315904070E-01 8.33119741029338833904E-01 8.20020208949576168145E-01 8.07126646951013215769E-01 7.94435816469547639862E-01 7.81944529862538262321E-01 7.69649649608142305546E-01 7.57548087517243895483E-01 7.45636803957771321372E-01 7.33912807091212426869E-01 7.22373152121133843551E-01 7.11014940553516328059E-01 6.99835319468720684633E-01 6.88831480804899753956E-01 6.78000660652678166507E-01 6.67340138560923779032E-01 6.56847236853432159265E-01 6.46519319956355698054E-01 6.36353793736210371357E-01
1.25653486950214943185E+00 1.24019537045012118170E+00 1.22406834399694486315E+00 1.20815102723017608888E+00 1.19244069316522849356E+00 1.17693465027817900648E+00 1.16163024204465425981E+00 1.14652484648470753825E+00 1.13161587571361699212E+00 1.11690077549852406769E+00 1.10237702482083821387E+00 1.08804213544433059369E+00 1.07389365148884485812E+00 1.05992914900955148561E+00 1.04614623558167307849E+00 1.03254254989060867409E+00 1.01911576132739045697E+00 1.00586356958939782125E+00 9.92783704286266610595E-01 9.79873924550920372134E-01 9.67132018655662228923E-01 9.54555803633255761653E-01 9.42143124902936612841E-01 9.29891855901284758446E-01 9.17799897717897494864E-01 9.05865178735800968823E-01 8.94085654276536745400E-01 8.82459306249862684979E-01 8.70984142808010730619E-01 8.59658198004440210482E-01 8.48479531457026925345E-01 8.37446228015634730468E-01 8.26556397434006773217E-01 8.15808174045926981499E-01 8.05199716445588520308E-01 7.94729207172122142921E-01 7.84394852398224928791E-01 7.74194881622837782764E-01 7.64127547367821402524E-01 7.54191124878573648793E-01 7.44383911828541688926E-01 7.34704228027576733417E-01 7.25150415134079961987E-01 7.15720836370893120915E-01 7.06413876244882055211E-01 6.97227940270167656500E-01 6.88161454694955709854E-01 6.79212866231918788174E-01 6.70380641792083786790E-01 6.61663268222180356304E-01 6.53059252045405380649E-01 6.44567119205556871009E-01 6.36185414814495309166E-01 6.27912702902891917134E-01 6.19747566174212560774E-01 6.11688605761905979108E-01
1.09503589848675719765E+00 1.08261620384359669167E+00 1.07033737108016291373E+00 1.05819780256706752475E+00 1.04619591879493856190E+00 1.03433015816890794270E+00 1.02259897680542755083E+00 1.01100084833139036711E+00 9.99534263685531554344E-01 9.88197730922080297411E-01 9.76989775016636974314E-01 9.65908937674258893935E-01 9.54953777139712189914E-01 9.44122868009885429785E-01 9.33414801048325637467E-01 9.22828183001878854519E-01 9.12361636419411259347E-01 9.02013799472583643890E-01 8.91783325778664037742E-01 8.81668884225342175398E-01 8.71669158797539367356E-01 8.61782848406175361333E-01 8.52008666718882201607E-01 8.42345341992635110451E-01 8.32791616908284626497E-01 8.23346248406961578326E-01 8.14008007528340571390E-01 8.04775679250737452364E-01 7.95648062333019434611E-01 7.86623969158307567717E-01 7.77702225579455119764E-01 7.68881670766274116779E-01 7.60161157054498493046E-01 7.51539549796457650999E-01 7.43015727213445442700E-01 7.34588580249762035379E-01 7.26257012428412340732E-01 7.18019939708440357862E-01 7.09876290343882998535E-01 7.01825004744320080086E-01 6.93865035337011493155E-01 6.85995346430592567444E-01 6.78214914080318975742E-01 6.70522725954838194617E-01 6.62917781204472311707E-01 6.55399090330996303422E-01 6.47965675058889911675E-01 6.40616568208053238642E-01 6.33350813567964854300E-01 6.26167465773265541351E-01 6.19065590180755020988E-01 6.12044262747784229006E-01 6.05102569912023824372E-01 5.98239608472600048472E-01 5.91454485472576840799E-01 5.84746318082769667157E-01
1.31895069709554646487E+00 1.30095345722210398165E+00 1.28320179183736304829E+00 1.26569235004808056111E+00 1.24842182668435031090E+00 1.23138696167570627082E+00 1.21458453943573219114E+00 1.19801138825507358376E+00 1.18166437970272841795E+00 1.16554042803551016760E+00 1.14963648961556597072E+00 1.13394956233584576211E+00 1.11847668505340891443E+00 1.10321493703046469292E+00 1.08816143738303727773E+00 1.07331334453715743216E+00 1.05866785569247268128E+00 1.04422220629317563656E+00 1.02997366950615409920E+00 1.01591955570625858130E+00 1.00205721196859709465E+00 9.88384021567753956461E-01 9.74897403483845015337E-01 9.61594811915311376005E-01 9.48473735798359363081E-01 9.35531698332961236808E-01 9.22766256515322735865E-01 9.10175000676725964865E-01 8.97755554028673574685E-01 8.85505572214228986461E-01 8.73422742865487156116E-01 8.61504785167079289998E-01 8.49749449425634684196E-01 8.38154516645117642071E-01 8.26717798107958645737E-01 8.15437134961900511598E-01 8.04310397812483812707E-01 7.93335486321090299633E-01 7.82510328808473709650E-01 7.71832881863698028191E-01 7.61301129958414146692E-01 7.50913085066397978373E-01 7.40666786288280865058E-01 7.30560299481400443611E-01 7.20591716894701472818E-01 7.10759156808621339607E-01 7.01060763179883417173E-01 6.91494705291145650428E-01 6.82059177405421546148E-01 6.72752398425221942446E-01 6.63572611556346170225E-01 6.54518083976259101853E-01 6.45587106506997909783E-01 6.36777993292535926528E-01 6.28089081480554090042E-01 6.19518730908551695791E-01
1.14430656572196176590E+00 1.13074756284337629708E+00 1.11734922194521524297E+00 1.10410963932761285733E+00 1.09102693384783444586E+00 1.07809924665299283753E+00 1.06532474091593454268E+00 1.05270160157425451963E+00 1.04022803507240402254E+00 1.02790226910685333905E+00 1.01572255237427366836E+00 1.00368715432270549925E+00 9.91794364905671188559E-01 9.80042494339205760845E-01 9.68429872861763185732E-01 9.56954850496968711937E-01 9.45615796819182286015E-01 9.34411100721840748307E-01 9.23339170188543167939E-01 9.12398432066850895161E-01 9.01587331844764583444E-01 8.90904333429853978465E-01 8.80347918931001505172E-01 8.69916588442732008346E-01 8.59608859832101890319E-01 8.49423268528107677788E-01 8.39358367313594810888E-01 8.29412726119628906929E-01 8.19584931822305962079E-01 8.09873588041967962248E-01 8.00277314944799034180E-01 7.90794749046772271761E-01 7.81424543019919037867E-01 7.72165365500894984585E-01 7.63015900901812593737E-01 7.53974849223317034053E-01 7.45040925869875247933E-01 7.36212861467256063364E-01 7.27489401682169245511E-01 7.18869307044046057520E-01 7.10351352768928134829E-01 7.01934328585444355930E-01 6.93617038562850396488E-01 6.85398300941104765549E-01 6.77276947962958786320E-01 6.69251825708036096607E-01 6.61321793928878465252E-01 6.53485725888933610683E-01 6.45742508202463150191E-01 6.38091040676347809324E-01 6.30530236153766021623E-01 6.23059020359727377958E-01 6.15676331748432059676E-01 6.08381121352442377770E-01 6.01172352633641549069E-01 5.94049001335956172731E-01
1.13152527011797032763E+00 1.11826658850947846524E+00 1.10516326590412861108E+00 1.09221348187809774721E+00 1.07941543733843481334E+00 1.06676735427311419890E+00 1.05426747550402044595E+00 1.04191406444282641530E+00 1.02970540484972961082E+00 1.01763980059502090469E+00 1.00571557542344169889E+00 9.93931072721305430839E-01 9.82284655286346675140E-01 9.70774705100266310787E-01 9.59399623103944443336E-01 9.48157828975284888706E-01 9.37047760909662796891E-01 9.26067875402946438790E-01 9.15216647037061181713E-01 9.04492568268064012216E-01 8.93894149216704292371E-01 8.83419917461436110528E-01 8.73068417833858023691E-01 8.62838212216548217093E-01 8.52727879343269434820E-01 8.42736014601514038524E-01 8.32861229837364769324E-01 8.23102153162639460504E-01 8.13457428764297274526E-01 8.03925716716077598534E-01 7.94505692792346951414E-01 7.85196048284125147632E-01 7.75995489817269512578E-01 7.66902739172787395461E-01 7.57916533109256662648E-01 7.49035623187324528516E-01 7.40258775596264073648E-01 7.31584770982562804242E-01 7.23012404280520049049E-01 7.14540484544828879976E-01 7.06167834785120129837E-01 6.97893291802445414618E-01 6.89715706027674069212E-01 6.81633941361787676350E-01 6.73646875018041546568E-01 6.65753397365979493472E-01 6.57952411777273149518E-01 6.50242834473370168169E-01 6.42623594374925999340E-01 6.35093632953000808428E-01 6.27651904081999778562E-01 6.20297373894336145916E-01 6.13029020636797983279E-01 6.05845834528597748658E-01 5.98746817621084836958E-01 5.91730983659101816841E-01
1.31322088197129382969E+00 1.29537913925040593099E+00 1.27777979884560077828E+00 1.26041956741924021657E+00 1.24329519637778251884E+00 1.22640348126387888072E+00 1.20974126115672864223E+00 1.19330541808058065989E+00 1.17709287642127069518E+00 1.16110060235068734968E+00 1.14532560325905574672E+00 1.12976492719493526451E+00 1.11441566231282562782E+00 1.09927493632827810721E+00 1.08433991598040790905E+00 1.06960780650171094486E+00 1.05507585109508528198E+00 1.04074133041795202637E+00 1.02660156207339281487E+00 1.01265390010819467115E+00 9.98895734517717071022E-01 9.85324490757486626258E-01 9.71937629261425239946E-01 9.58732644966627023386E-01 9.45707066844587274090E-01 9.32858457438804467010E-01 9.20184412408662000260E-01 9.07682560079507871897E-01 8.95350560998846467520E-01 8.83186107498560524220E-01 8.71186923263081669511E-01 8.59350762903424714167E-01 8.47675411537014866781E-01 8.36158684373216498642E-01 8.24798426304498732975E-01 8.13592511503153259511E-01 8.02538843023490877648E-01 7.91635352409444270627E-01 7.80879999307499295114E-01 7.70270771084888727920E-01 7.59805682452969644025E-01 7.49482775095720477054E-01 7.39300117303284265446E-01 7.29255803610490027644E-01 7.19347954440286874167E-01 7.09574715752021023540E-01 6.99934258694491995278E-01 6.90424779263722920852E-01 6.81044497965379469484E-01 6.71791659481776881613E-01 6.62664532343408496651E-01 6.53661408604939819789E-01 6.44780603525602513670E-01 6.36020455253931693562E-01 6.27379324516787018062E-01 6.18855594312595846951E-01
1.19589407078527854011E+00 1.18108895025731452932E+00 1.16646711652640222567E+00 1.15202630050936116746E+00 1.13776426121417029158E+00 1.12367878539219812062E+00 1.10976768719474350178E+00 1.09602880783382361507E+00 1.08246001524716439768E+00 1.06905920376733765131E+00 1.05582429379499220801E+00 1.04275323147613407926E+00 1.02984398838339852311E+00 1.01709456120127073042E+00 1.00450297141520050737E+00 9.92067265004569431852E-01 9.79785512139454972669E-01 9.67655806881152047438E-01 9.55676266886399394807E-01 9.43845033115270015678E-01 9.32160269542676833687E-01 9.20620162873449277008E-01 9.09222922260938370975E-01 8.97966779029103379095E-01 8.86849986398043910185E-01 8.75870819212922757657E-01 8.65027573676251715362E-01 8.54318567083485747027E-01 8.43742137561895089171E-01 8.33296643812667658935E-01 8.22980464856204019242E-01 8.12791999780567708811E-01 8.02729667493047971405E-01 7.92791906474797136717E-01 7.82977174538509235191E-01 7.73283948589094216608E-01 7.63710724387318240503E-01 7.54256016316369959362E-01 7.44918357151312493514E-01 7.35696297831396117672E-01 7.26588407235184252642E-01 7.17593271958466116800E-01 7.08709496094919289000E-01 6.99935701019484102225E-01 6.91270525174424443904E-01 6.82712623858034328705E-01 6.74260669015960600881E-01 6.65913349035109902729E-01 6.57669368540105603316E-01 6.49527448192267042870E-01 6.41486324491074011434E-01 6.33544749578092925013E-01 6.25701491043327173713E-01 6.17955331733965884666E-01 6.10305069565501678852E-01 6.02749517335184448186E-01
1.23118672641841309101E+00 1.21549774642274743819E+00 1.20000869068554205654E+00 1.18471701157724074172E+00 1.16962019393266603018E+00 1.15471575463732256672E+00 1.14000124221897847221E+00 1.12547423644444632984E+00 1.11113234792150850083E+00 1.09697321770590794365E+00 1.08299451691335280046E+00 1.06919394633646147597E+00 1.05556923606659291970E+00 1.04211814512049016912E+00 1.02883846107168830386E+00 1.01572799968661375836E+00 1.00278460456532436673E+00 9.90006146786824858808E-01 9.77390524558904849606E-01 9.64935662872436150650E-01 9.52639513160077333609E-01 9.40500052959326704460E-01 9.28515285579868732135E-01 9.16683239775159863783E-01 9.05001969418199880835E-01 8.93469553181432840638E-01 8.82084094220729419966E-01 8.70843719863395260283E-01 8.59746581300154799621E-01 8.48790853281059964885E-01 8.37974733815275096838E-01 8.27296443874685816233E-01 8.16754227101286311985E-01 8.06346349518294536196E-01 7.96071099244948898743E-01 7.85926786214939165909E-01 7.75911741898425599828E-01 7.66024319027600042453E-01 7.56262891325744757154E-01 7.46625853239743397793E-01 7.37111619676000473511E-01 7.27718625739726343582E-01 7.18445326477544998767E-01 7.09290196623379443075E-01 7.00251730347579148805E-01 6.91328441009240735049E-01 6.82518860911686564563E-01 6.73821541061059181565E-01 6.65235050927991844461E-01 6.56757978212315407518E-01 6.48388928610764470051E-01 6.40126525587644046311E-01 6.31969410148416899098E-01 6.23916240616176787093E-01 6.15965692410972098791E-01 6.08116457831937351486E-01
1.14076985950463827280E+00 1.12729429294586602772E+00 1.11397790914649674754E+00 1.10081882772912464930E+00 1.08781519052866837427E+00 1.07496516132998509718E+00 1.06226692560858015923E+00 1.04971869027438513555E+00 1.03731868341855659743E+00 1.02506515406327114448E+00 1.01295637191447207570E+00 1.00099062711753883370E+00 9.89166230015842140588E-01 9.77481510912151407844E-01 9.65934819832860558364E-01 9.54524526294998398868E-01 9.43249019075992456429E-01 9.32106705986150863019E-01 9.21096013643833311235E-01 9.10215387253276997370E-01 8.99463290385047686826E-01 8.88838204759083261308E-01 8.78338630030301548146E-01 8.67963083576739125036E-01 8.57710100290193899752E-01 8.47578232369340267560E-01 8.37566049115288091542E-01 8.27672136729557528234E-01 8.17895098114438723336E-01 8.08233552675711286462E-01 7.98686136127693568909E-01 7.89251500300594099890E-01 7.79928312950141422455E-01 7.70715257569457912190E-01 7.61611033203161480465E-01 7.52614354263658968947E-01 7.43723950349611362398E-01 7.34938566066543730315E-01 7.26256960849573030004E-01 7.17677908788231011528E-01 7.09200198453356134287E-01 7.00822632726029848271E-01 6.92544028628535035530E-01 6.84363217157309189353E-01 6.76279043117872791235E-01 6.68290364961706240265E-01 6.60396054625055128895E-01 6.52594997369637219720E-01 6.44886091625234803004E-01 6.37268248834142791992E-01 6.29740393297456568789E-01 6.22301462023174489779E-01 6.14950404576095732700E-01 6.07686182929489726590E-01 6.00507771318519845138E-01 5.93414156095395939339E-01
1.16452457176019197327E+00 1.15048368146161950065E+00 1.13661208480025965883E+00 1.12290774057110365192E+00 1.10936863218033354705E+00 1.09599276734857875581E+00 1.08277817781775409500E+00 1.06972291906142991103E+00 1.05682506999869407771E+00 1.04408273271146656569E+00 1.03149403216521995397E+00 1.01905711593306813612E+00 1.00677015392318236486E+00 9.94631338109493112754E-01 9.82638882265638891056E-01 9.70791021702122280956E-01 9.59086013006637871925E-01 9.47522133787527032212E-01 9.36097682420330534647E-01 9.24810977797391520205E-01 9.13660359080483708283E-01 9.02644185456415892865E-01 8.91760835895589742961E-01 8.81008708913462168510E-01 8.70386222334889603225E-01 8.59891813061308574184E-01 8.49523936840727911246E-01 8.39281068040490962900E-01 8.29161699422778508684E-01 8.19164341922819727593E-01 8.09287524429775917412E-01 7.99529793570266100744E-01 7.89889713494504430713E-01 7.80365865665013647146E-01 7.70956848647887826864E-01 7.61661277906571343443E-01 7.52477785598124948585E-01 7.43405020371946778646E-01 7.34441647170921751986E-01 7.25586347034967937830E-01 7.16837816906951141860E-01 7.08194769440940841143E-01 6.99655932812776826246E-01 6.91220050532920238240E-01 6.82885881261561022981E-01 6.74652198625955934475E-01 6.66517791039966223110E-01 6.58481461525773581478E-01 6.50542027537745259913E-01 6.42698320788421928462E-01 6.34949187076604304458E-01 6.27293486117512455458E-01 6.19730091374993796727E-01 6.12257889895751583609E-01 6.04875782145575247029E-01 5.97582681847543817355E-01
1.43202902786416697012E+00 1.41082603058343347691E+00 1.38993697044010344754E+00 1.36935719919860288130E+00 1.34908213744635263609E+00 1.32910727357475622057E+00 1.30942816277527729341E+00 1.29004042605038060643E+00 1.27093974923911590125E+00 1.25212188205713226274E+00 1.23358263715090221702E+00 1.21531788916595262506E+00 1.19732357382889165187E+00 1.17959568704302375508E+00 1.16213028399735951446E+00 1.14492347828881513294E+00 1.12797144105741065090E+00 1.11127040013426947596E+00 1.09481663920223759590E+00 1.07860649696892751948E+00 1.06263636635200575675E+00 1.04690269367654709143E+00 1.03140197788426757342E+00 1.01613076975447147454E+00 1.00108567113652791036E+00 9.86263334193716700860E-01 9.71660460658264835132E-01 9.57273801097416776607E-01 9.43100154190371520180E-01 9.29136366015922088302E-01 9.15379329350646364638E-01 9.01825982977487172754E-01 8.88473311004569388238E-01 8.75318342194103760079E-01 8.62358149301227450145E-01 8.49589848422631965796E-01 8.37010598354837376256E-01 8.24617599961967817634E-01 8.12408095552887510316E-01 8.00379368267557733674E-01 7.88528741472482752606E-01 7.76853578165103586528E-01 7.65351280387013166440E-01 7.54019288645857543862E-01 7.42855081345797807479E-01 7.31856174226403699556E-01 7.21020119809856807613E-01 7.10344506856337321032E-01 6.99826959827473782383E-01 6.89465138357739371067E-01 6.79256736733672261686E-01 6.69199483380809145849E-01 6.59291140358214011741E-01 6.49529502860490604021E-01 6.39912398727170206314E-01 6.30437687959361170442E-01
1.11917246490328214925E+00 1.10620085896203845799E+00 1.09337959853587074477E+00 1.08070694106691833625E+00 1.06818116419418385199E+00 1.05580056551944490018E+00 1.04356346237587893633E+00 1.03146819159936820043E+00 1.01951310930245853115E+00 1.00769659065093275530E+00 9.96017029642980111781E-01 9.84472838890919854649E-01 9.73062449405458385066E-01 9.61784310382444052046E-01 9.50636888992095530071E-01 9.39618670170672687370E-01 9.28728156414562078247E-01 9.17963867576748082655E-01 9.07324340665643491732E-01 8.96808129646253782141E-01 8.86413805243642216602E-01 8.76139954748676452745E-01 8.65985181826023131535E-01 8.55948106324371793541E-01 8.46027364088854927360E-01 8.36221606775643833132E-01 8.26529501668693655780E-01 8.16949731498610498548E-01 8.07480994263620854845E-01 7.98122003052613271379E-01 7.88871485870233257742E-01 7.79728185464002687688E-01 7.70690859153446927721E-01 7.61758278661198273696E-01 7.52929229946059153100E-01 7.44202513038001223222E-01 7.35576941875073830879E-01 7.27051344142205180354E-01 7.18624561111870785446E-01 7.10295447486610442844E-01 7.02062871243366193319E-01 6.93925713479630390523E-01 6.85882868261371791974E-01 6.77933242472726682593E-01 6.70075755667432937379E-01 6.62309339921982709321E-01 6.54632939690481641115E-01 6.47045511661186178998E-01 6.39546024614706221101E-01 6.32133459283849785670E-01 6.24806808215094489078E-01 6.17565075631660298505E-01 6.10407277298174344438E-01 6.03332440386900037410E-01 5.96339603345520385957E-01 5.89427815766450535762E-01
1.22655428049099191057E+00 1.21098276576533603333E+00 1.19560893660052935950E+00 1.18043028331259791663E+00 1.16544432807883957537E+00 1.15064862453333693892E+00 1.13604075736760123938E+00 1.12161834193628928702E+00 1.10737902386792352871E+00 1.09332047868055548534E+00 1.07944041140230950759E+00 1.06573655619674068085E+00 1.05220667599295159000E+00 1.03884856212040532775E+00 1.02566003394837101936E+00 1.01263893852995168210E+00 9.99783150250626695410E-01 9.87090570481259810265E-01 9.74559127235509192744E-01 9.62186774831589763934E-01 9.49971493558327106932E-01 9.37911289345452536814E-01 9.26004193438082379153E-01 9.14248262075331274978E-01 9.02641576173006221495E-01 8.91182241010325171260E-01 8.79868385920617668283E-01 8.68698163985949123322E-01 8.57669751735622098998E-01 8.46781348848507531279E-01 8.36031177859150820275E-01 8.25417483867613710480E-01 8.14938534252996116258E-01 8.04592618390597258404E-01 7.94378047372665485604E-01 7.84293153732695591529E-01 7.74336291173224222639E-01 7.64505834297082742523E-01 7.54800178342059036041E-01 7.45217738918932837144E-01 7.35756951752830956615E-01 7.26416272427871212436E-01 7.17194176135044436649E-01 7.08089157423299475624E-01 6.99099729953786552805E-01 6.90224426257222800629E-01 6.81461797494336440906E-01 6.72810413219351755032E-01 6.64268861146477873625E-01 6.55835746919363082874E-01 6.47509693883472570164E-01 6.39289342861359188852E-01 6.31173351930785941910E-01 6.23160396205664990354E-01 6.15249167619778214444E-01 6.07438374713243245395E-01
1.28845675173456508666E+00 1.27127935712845840932E+00 1.25433096740362293176E+00 1.23760852952222255574E+00 1.22110903114878732723E+00 1.20482950010757416948E+00 1.18876700384717226555E+00 1.17291864891223762690E+00 1.15728158042227602387E+00 1.14185298155736991710E+00 1.12663007305076701137E+00 1.11161011268822695897E+00 1.09679039481405049550E+00 1.08216824984368531481E+00 1.06774104378283762884E+00 1.05350617775298993628E+00 1.03946108752324661850E+00 1.02560324304841854470E+00 1.01193014801327008101E+00 9.98439339382837465209E-01 9.85128386958744828306E-01 9.71994892941435484346E-01 9.59036491498237553266E-01 9.46250848337189198745E-01 9.33635660286547097719E-01 9.21188654879896984262E-01 9.08907589946798877278E-01 8.96790253208888832326E-01 8.84834461881363720792E-01 8.73038062279780868735E-01 8.61398929432099391690E-01 8.49914966695893281390E-01 8.38584105380666744445E-01 8.27404304375207733102E-01 8.16373549779905616219E-01 8.05489854543973926582E-01 7.94751258107508018469E-01 7.84155826048314574805E-01 7.73701649733450902424E-01 7.63386845975408401266E-01 7.53209556692878923201E-01 7.43167948576047177056E-01 7.33260212756342122375E-01 7.23484564480591174629E-01 7.13839242789521821742E-01 7.04322510200544704695E-01 6.94932652394769645454E-01 6.85667977908192227687E-01 6.76526817826998749794E-01 6.67507525486931152514E-01 6.58608476176662183121E-01 6.49828066845124285855E-01 6.41164715812739816059E-01 6.32616862486502173901E-01 6.24182967078853789822E-01 6.15861510330313333128E-01
1.14823394577085990953E+00 1.13458199003788773318E+00 1.12109234956830050578E+00 1.10776309451078258661E+00 1.09459231795903333406E+00 1.08157813567896177176E+00 1.06871868583912355000E+00 1.05601212874436622968E+00 1.04345664657263759167E+00 1.03105044311492521913E+00 1.01879174351828827305E+00 1.00667879403194282517E+00 9.94709861756369773111E-01 9.82883234395399374428E-01 9.71197220011250306193E-01 9.59650146782477175833E-01 9.48240362764796729245E-01 9.36966235654757562124E-01 9.25826152556220693945E-01 9.14818519749615477465E-01 9.03941762463938536243E-01 8.93194324651465754172E-01 8.82574668765140790683E-01 8.72081275538610367626E-01 8.61712643768876351835E-01 8.51467290101529883373E-01 8.41343748818541792289E-01 8.31340571628572444496E-01 8.21456327459778479216E-01 8.11689602255079800663E-01 8.02038998769863509253E-01 7.92503136372089911355E-01 7.83080650844778736186E-01 7.73770194190840809867E-01 7.64570434440230872752E-01 7.55480055459395449802E-01 7.46497756762982245249E-01 7.37622253327792076760E-01 7.28852275408940597501E-01 7.20186568358206491425E-01 7.11623892444539163371E-01 7.03163022676701165992E-01 6.94802748628018052024E-01 6.86541874263213225404E-01 6.78379217767301256892E-01 6.70313611376514906226E-01 6.62343901211242536142E-01 6.54468947110952936619E-01 6.46687622471081580144E-01 6.38998814081856325586E-01 6.31401421969040144155E-01 6.23894359236567219718E-01 6.16476551911048442634E-01 6.09146938788127645381E-01 6.01904471280665265276E-01 5.94748113268722788938E-01
1.20429669708208497703E+00 1.18928345298492854631E+00 1.17445736999090200037E+00 1.15981611487486668821E+00 1.14535738349860283236E+00 1.13107890044819825448E+00 1.11697841867596103782E+00 1.10305371914679284373E+00 1.08930261048897514264E+00 1.07572292864930485479E+00 1.06231253655253166102E+00 1.04906932376503903015E+00 1.03599120616272077910E+00 1.02307612560299387994E+00 1.01032204960090443713E+00 9.97726971009267327162E-01 9.85288907702798200106E-01 9.73005902266178557269E-01 9.60876021686011272394E-01 9.48897357046617151433E-01 9.37068023229623126014E-01 9.25386158617295784268E-01 9.13849924799572388423E-01 9.02457506284744526148E-01 8.91207110213750319794E-01 8.80096966078024678382E-01 8.69125325440870954985E-01 8.58290461662302606172E-01 8.47590669627318105128E-01 8.37024265477561035809E-01 8.26589586346326288258E-01 8.16284990096869722542E-01 8.06108855063981222244E-01 7.96059579798776617565E-01 7.86135582816674061135E-01 7.76335302348511113735E-01 7.66657196094763349059E-01 7.57099740982829838565E-01 7.47661432927340552368E-01 7.38340786593455700171E-01 7.29136335163113380453E-01 7.20046630104191676125E-01 7.11070240942549558483E-01 7.02205755036908740863E-01 6.93451777356540954855E-01 6.84806930261730006926E-01 6.76269853286966093897E-01 6.67839202926847286257E-01 6.59513652424646212857E-01 6.51291891563515634722E-01 6.43172626460295715489E-01 6.35154579361890903044E-01 6.27236488444186890412E-01 6.19417107613473127969E-01 6.11695206310341133005E-01 6.04069569316028842643E-01
1.23010021514678014043E+00 1.21443882526482749284E+00 1.19897683306609992293E+00 1.18371169985917989997E+00 1.16864091927476132504E+00 1.15376201685413115605E+00 1.13907254964288906507E+00 1.12457010578984206717E+00 1.11025230415100439885E+00 1.09611679389863869716E+00 1.08216125413527586296E+00 1.06838339351264921540E+00 1.05478094985548076501E+00 1.04135168979005432455E+00 1.02809340837752261066E+00 1.01500392875187728237E+00 1.00208110176253328838E+00 9.89322805621461021097E-01 9.76726945554811321060E-01 9.64291453458976599578E-01 9.52014287561030791984E-01 9.39893432083492852414E-01 9.27926896913356835661E-01 9.16112717275337495870E-01 9.04448953409275557824E-01 8.92933690251650480363E-01 8.81565037121146977128E-01 8.70341127408225778694E-01 8.59260118268648009909E-01 8.48320190320897560277E-01 8.37519547347461257303E-01 8.26856415999907112813E-01 8.16329045507720674202E-01 8.05935707390848077303E-01 7.95674695175896617982E-01 7.85544324115952985466E-01 7.75542930913963646233E-01 7.65668873449640408069E-01 7.55920530509842425460E-01 7.46296301522390126415E-01 7.36794606293268983244E-01 7.27413884747177719170E-01 7.18152596671383425253E-01 7.09009221462831962235E-01 6.99982257878483560276E-01 6.91070223788825210853E-01 6.82271655934519438702E-01 6.73585109686154925868E-01 6.65009158807052136453E-01 6.56542395219091967640E-01 6.48183428771524794421E-01 6.39930887012721716367E-01 6.31783414964833478500E-01 6.23739674901317653344E-01 6.15798346127298890096E-01 6.07958124762724483325E-01
1.12615516896462741769E+00 1.11302167076009461688E+00 1.10004133863768105428E+00 1.08721238633691319464E+00 1.07453304842912777950E+00 1.06200158007452283293E+00 1.04961625678204684142E+00 1.03737537417208702806E+00 1.02527724774192408042E+00 1.01332021263392269006E+00 1.00150262340642748349E+00 9.89822853807326707987E-01 9.78279296550260579757E-01 9.66870363093437767965E-01 9.55594483421031148929E-01 9.44450105827124408719E-01 9.33435696702176520567E-01 9.22549740321977118640E-01 9.11790738639064679560E-01 9.01157211076574871100E-01 8.90647694324494088036E-01 8.80260742138289975500E-01 8.69994925139889407895E-01 8.59848830620976500860E-01 8.49821062348587563662E-01 8.39910240372970351430E-01 8.30115000837686078938E-01 8.20433995791923886820E-01 8.10865893005007443151E-01 8.01409375783060706766E-01 7.92063142787816198975E-01 7.82825907857531588796E-01 7.73696399830000047793E-01 7.64673362367620068625E-01 7.55755553784507538850E-01 7.46941746875624534852E-01 7.38230728747900077913E-01 7.29621300653319093676E-01 7.21112277823961256296E-01 7.12702489308960296377E-01 7.04390777813367008342E-01 6.96175999538889200835E-01 6.88057024026492380919E-01 6.80032734000832528309E-01 6.72102025216505083449E-01 6.64263806306086834752E-01 6.56516998629949277699E-01 6.48860536127824349961E-01 6.41293365172100782168E-01 6.33814444422831413384E-01 6.26422744684430710116E-01 6.19117248764045946530E-01 6.11896951331576066657E-01 6.04760858781327570455E-01 5.97707989095280112224E-01 5.90737371707948710764E-01
1.26748351004558990063E+00 1.25085897253433531162E+00 1.23445248539239327279E+00 1.21826118863262000680E+00 1.20228225977996761031E+00 1.18651291337946962479E+00 1.17095040051067855735E+00 1.15559200830847297325E+00 1.14043505949014933876E+00 1.12547691188871668011E+00 1.11071495799231279022E+00 1.09614662448966226904E+00 1.08176937182149290884E+00 1.06758069373784203471E+00 1.05357811686116331629E+00 1.03975920025516699319E+00 1.02612153499931513245E+00 1.01266274376889575670E+00 9.99380480420609562664E-01 9.86272429583584853141E-01 9.73336306255764283080E-01 9.60569855405581041197E-01 9.47970851578859741160E-01 9.35537098510875630986E-01 9.23266428743499401044E-01 9.11156703247365529208E-01 8.99205811048995329315E-01 8.87411668862810532055E-01 8.75772220727975003740E-01 8.64285437649997767551E-01 8.52949317247037375189E-01 8.41761883400847121806E-01 8.30721185912294934894E-01 8.19825300161405534638E-01 8.09072326771859473560E-01 7.98460391279891545935E-01 7.87987643807535054208E-01 7.77652258740148649707E-01 7.67452434408175676595E-01 7.57386392773075400875E-01 7.47452379117373277850E-01 7.37648661738781075137E-01 7.27973531648321681153E-01 7.18425302272420185368E-01 7.09002309158898169628E-01 6.99702909686826024505E-01 6.90525482780179888920E-01 6.81468428625255695508E-01 6.72530168391788141236E-01 6.63709143957728509022E-01 6.55003817637632379522E-01 6.46412671914608161217E-01 6.37934209175784805446E-01 6.29566951451245415683E-01 6.21309440156387449150E-01 6.13160235837662326297E-01
1.27492258257046242598E+00 1.25810297826706185553E+00 1.24150526907540448285E+00 1.22512652761148421732E+00 1.20896386511124109830E+00 1.19301443092106218558E+00 1.17727541199500174152E+00 1.16174403239863721637E+00 1.14641755281947266276E+00 1.13129327008379476638E+00 1.11636851667990888437E+00 1.10164066028766183258E+00 1.08710710331417303998E+00 1.07276528243568858301E+00 1.05861266814548193871E+00 1.04464676430771685745E+00 1.03086510771719819246E+00 1.01726526766492764153E+00 1.00384484550939578895E+00 9.90601474253523517355E-01 9.77532818127190505919E-01 9.64636572175269102480E-01 9.51910461851091738161E-01 9.39352242615283716809E-01 9.26959699539886883279E-01 9.14730646917706446963E-01 9.02662927876814014105E-01 8.90754414000131111706E-01 8.79003004950035360388E-01 8.67406628097919907283E-01 8.55963238158634842634E-01 8.44670816829758086541E-01 8.33527372435618474356E-01 8.22530939576021302706E-01 8.11679578779603394523E-01 8.00971376161763948254E-01 7.90404443087106889365E-01 7.79976915836337325594E-01 7.69686955277552820043E-01 7.59532746541868974965E-01 7.49512498703327478822E-01 7.39624444463025332297E-01 7.29866839837410186220E-01 7.20237963850691165213E-01 7.10736118231303559689E-01 7.01359627112381311953E-01 6.92106836736178898661E-01 6.82976115162394981084E-01 6.73965851980339869520E-01 6.65074458024905834641E-01 6.56300365096279314514E-01 6.47642025683355271326E-01 6.39097912690796521318E-01 6.30666519169696737634E-01 6.22346358051795278676E-01 6.14135961887199099962E-01
1.35122620069699661549E+00 1.33234054530780920977E+00 1.31371884866904831135E+00 1.29535742151388677534E+00 1.27725262613919765542E+00 1.25940087568486447367E+00 1.24179863342316454400E+00 1.22444241205808412865E+00 1.20732877303442842631E+00 1.19045432585658561564E+00 1.17381572741681439176E+00 1.15740968133291888265E+00 1.14123293729517905071E+00 1.12528229042241334490E+00 1.10955458062703571365E+00 1.09404669198899151539E+00 1.07875555213844220859E+00 1.06367813164707625262E+00 1.04881144342793208857E+00 1.03415254214360285978E+00 1.01969852362272050961E+00 1.00544652428458736182E+00 9.91393720571855707746E-01 9.77537328391134052730E-01 9.63874602561410664947E-01 9.50402836270189510515E-01 9.37119360537224443952E-01 9.24021543685750845754E-01 9.11106790821106682365E-01 8.98372543316639737832E-01 8.85816278306803539522E-01 8.73435508187332954044E-01 8.61227780122411745722E-01 8.49190675558722296579E-01 8.37321809746291445542E-01 8.25618831266032748850E-01 8.14079421563888794289E-01 8.02701294491490413563E-01 7.91482195853230541260E-01 7.80419902959671119014E-01 7.69512224187192672709E-01 7.58756998543795524448E-01 7.48152095240972703216E-01 7.37695413271565070268E-01 7.27384880993516835801E-01 7.17218455719449088370E-01 7.07194123311969180534E-01 6.97309897784637922058E-01 6.87563820908510758834E-01 6.77953961824181994267E-01 6.68478416659248675380E-01 6.59135308151121646070E-01 6.49922785275109715641E-01 6.40839022877699671099E-01 6.31882221314964409586E-01 6.23050606096022474567E-01
1.27898577852261796650E+00 1.26205915217619191182E+00 1.24535653979792959589E+00 1.22887497669439982317E+00 1.21261153740815053048E+00 1.19656333519844126911E+00 1.18072752152885307453E+00 1.16510128556167424918E+00 1.14968185365898056816E+00 1.13446648889031931340E+00 1.11945249054690543211E+00 1.10463719366225077145E+00 1.09001796853913535124E+00 1.07559222028283762995E+00 1.06135738834054604851E+00 1.04731094604686303384E+00 1.03345040017532530108E+00 1.01977329049585851983E+00 1.00627718933808973922E+00 9.92959701160439744960E-01 9.79818462124915634526E-01 9.66851139677533999439E-01 9.54055432134294556512E-01 9.41429068272634506087E-01 9.28969806928288788228E-01 9.16675436597486292811E-01 9.04543775044411524355E-01 8.92572668913858113804E-01 8.80759993349013892150E-01 8.69103651614299699268E-01 8.57601574723200088535E-01 8.46251721071024420873E-01 8.35052076072519966488E-01 8.24000651804288941626E-01 8.13095486651933985200E-01 8.02334644961871901181E-01 7.91716216697759600507E-01 7.81238317101464962988E-01 7.70899086358522445117E-01 7.60696689268021031261E-01 7.50629314916856138495E-01 7.40695176358296292207E-01 7.30892510294800734627E-01 7.21219576765037895250E-01 7.11674658835042439620E-01 7.02256062293464267121E-01 6.92962115350845064832E-01 6.83791168342879229769E-01 6.74741593437601094863E-01 6.65811784346445056926E-01 6.57000156039132976460E-01 6.48305144462332227917E-01 6.39725206262037437988E-01 6.31258818509629504589E-01 6.22904478431555053142E-01 6.14660703142587028225E-01
1.08624797551376839344E+00 1.07402626466037887099E+00 1.06194206404364899221E+00 1.04999382649351269414E+00 1.03818002224759164953E+00 1.02649913875533549401E+00 1.01494968048436584596E+00 1.00353016872900169254E+00 9.92239141420934389615E-01 9.81075152942036066150E-01 9.70036773939275231982E-01 9.59122591141711722251E-01 9.48331207179552104769E-01 9.37661240405241125373E-01 9.27111324716566764792E-01 9.16680109381753815967E-01 9.06366258866526441906E-01 8.96168452663117065526E-01 8.86085385121198165770E-01 8.76115765280715996788E-01 8.66258316706607023328E-01 8.56511777325371648217E-01 8.46874899263488578605E-01 8.37346448687646183195E-01 8.27925205646771744661E-01 8.18609963915838290127E-01 8.09399530841428349603E-01 8.00292727189035435487E-01 7.91288386992084702420E-01 7.82385357402650361003E-01 7.73582498543853858131E-01 7.64878683363923395078E-01 7.56272797491893133959E-01 7.47763739094929880125E-01 7.39350418737260040025E-01 7.31031759240688416845E-01 7.22806695546683863896E-01 7.14674174580016474678E-01 7.06633155113931432645E-01 6.98682607636836205955E-01 6.90821514220490984215E-01 6.83048868389680263746E-01 6.75363674993351814635E-01 6.67764950077204266776E-01 6.60251720757709659182E-01 6.52823025097552522844E-01 6.45477911982470620167E-01 6.38215440999481575801E-01 6.31034682316479078601E-01 6.23934716563185443050E-01 6.16914634713440102054E-01 6.09973537968816814647E-01 6.03110537643547828246E-01 5.96324755050742005835E-01 5.89615321389886259951E-01 5.82981377635609310239E-01
1.42079496218098211280E+00 1.39992211084737472326E+00 1.37935590187553724917E+00 1.35909183039277592364E+00 1.33912545770733015793E+00 1.31945241033611226911E+00 1.30006837904672800654E+00 1.28096911791357226384E+00 1.26215044338779147637E+00 1.24360823338090931145E+00 1.22533842636191181441E+00 1.20733702046760260629E+00 1.18960007262602451839E+00 1.17212369769275737141E+00 1.15490406759990871244E+00 1.13793741051760344263E+00 1.12122001002779292378E+00 1.10474820431020259726E+00 1.08851838534023648286E+00 1.07252699809866847147E+00 1.05677053979293944508E+00 1.04124555908990101827E+00 1.02594865535982249227E+00 1.01087647793151291786E+00 9.96025725358378632990E-01 9.81393144695268171418E-01 9.66975530785938341971E-01 9.52769725560989710900E-01 9.38772617346114612857E-01 9.24981140180508365489E-01 9.11392273145294695702E-01 8.98003039701815497509E-01 8.84810507039642479832E-01 8.71811785434166597319E-01 8.59004027613628706739E-01 8.46384428135442123953E-01 8.33950222771683735701E-01 8.21698687903610891503E-01 8.09627139925073291415E-01 7.97732934654687642073E-01 7.86013466756652734446E-01 7.74466169170067275651E-01 7.63088512546636676959E-01 7.51878004696636903503E-01 7.40832190043020699655E-01 7.29948649083541289961E-01 7.19224997860777426339E-01 7.08658887439948315112E-01 6.98248003394393745857E-01 6.87990065298620168122E-01 6.77882826228787593870E-01 6.67924072270538959906E-01 6.58111622034060261832E-01 6.48443326176260881333E-01 6.38917066929979071688E-01 6.29530757640099025707E-01
1.22862840613045110061E+00 1.21300435187082555899E+00 1.19757898345493463133E+00 1.18234977426171927739E+00 1.16731422980031340764E+00 1.15246988730144961366E+00 1.13781431531407184465E+00 1.12334511330706710019E+00 1.10905991127607062019E+00 1.09495636935526552413E+00 1.08103217743412205465E+00 1.06728505477900847964E+00 1.05371274965961680969E+00 1.04031303898013494091E+00 1.02708372791511348687E+00 1.01402264954995935398E+00 1.00112766452600432387E+00 9.88396660690085027134E-01 9.75827552748578574970E-01 9.63418281925840891411E-01 9.51166815626984907261E-01 9.39071147104949099926E-01 9.27129295131799424645E-01 9.15339303674212012574E-01 9.03699241573079681267E-01 8.92207202227196849442E-01 8.80861303280964902385E-01 8.69659686316066937728E-01 8.58600516547068148832E-01 8.47681982520882448817E-01 8.36902295820063146792E-01 8.26259690769867494176E-01 8.15752424149044474966E-01 8.05378774904300653859E-01 7.95137043868399895352E-01 7.85025553481843663128E-01 7.75042647518093263947E-01 7.65186690812286185448E-01 7.55456068993401563816E-01 7.45849188219831926716E-01 7.36364474918317357677E-01 7.27000375526199671405E-01 7.17755356236955521787E-01 7.08627902748962368307E-01 6.99616520017461884784E-01 6.90719732009679066032E-01 6.81936081463048848761E-01 6.73264129646525488759E-01 6.64702456124922180791E-01 6.56249658526248169643E-01 6.47904352312006159842E-01 6.39665170550408945793E-01 6.31530763692481400540E-01 6.23499799351008743287E-01 6.15570962082296335716E-01 6.07742953170704813814E-01
1.40561107548481722951E+00 1.38518036052386239732E+00 1.36504660830110435832E+00 1.34520550242976710820E+00 1.32565278926224228151E+00 1.30638427697816705830E+00 1.28739583468575835568E+00 1.26868339153620990345E+00 1.25024293585095991332E+00 1.23207051426164682084E+00 1.21416223086256036545E+00 1.19651424637541881069E+00 1.17912277732628201221E+00 1.16198409523442869329E+00 1.14509452581302295648E+00 1.12845044818140172183E+00 1.11204829408880967456E+00 1.09588454714941674339E+00 1.07995574208845601660E+00 1.06425846399931911535E+00 1.04878934761144937404E+00 1.03354507656887451006E+00 1.01852238271923090096E+00 1.00371804541311515635E+00 9.89128890813626204803E-01 9.74751791215938023782E-01 9.60583664376766566129E-01 9.46621472853579781770E-01 9.32862223353415287441E-01 9.19302966091158135775E-01 9.05940794157153894695E-01 8.92772842894004936554E-01 8.79796289282432697476E-01 8.67008351336059135406E-01 8.54406287504992145720E-01 8.41987396088074935285E-01 8.29749014653681116194E-01 8.17688519468926067191E-01 8.05803324937179210607E-01 7.94090883043746753600E-01 7.82548682809614537526E-01 7.71174249753130980345E-01 7.59965145359513316592E-01 7.48918966558065224426E-01 7.38033345206993152132E-01 7.27305947585710876879E-01 7.16734473894522383652E-01 7.06316657761579702601E-01 6.96050265757003350231E-01 6.85933096914069007077E-01 6.75962982257350963877E-01 6.66137784337724858652E-01 6.56455396774129451565E-01 6.46913743801989404858E-01 6.37510779828200258024E-01 6.28244488992583782760E-01
1.19739324315208350846E+00 1.18255109562039684157E+00 1.16789292218795615064E+00 1.15341644242538832188E+00 1.13911940417011492421E+00 1.12499958317597492652E+00 1.11105478276718949715E+00 1.09728283349661692725E+00 1.08368159280824305490E+00 1.07024894470385567580E+00 1.05698279941384964964E+00 1.04388109307211518484E+00 1.03094178739495179187E+00 1.01816286936396571683E+00 1.00554235091289712045E+00 9.93078268618328374728E-01 9.80768683394225404548E-01 9.68611680190269552782E-01 9.56605367693921793126E-01 9.44747878036187538342E-01 9.33037366501022313869E-01 9.21472011238343879924E-01 9.10050012980598066470E-01 8.98769594762841128599E-01 8.87629001646290438643E-01 8.76626500445300549380E-01 8.65760379457725215424E-01 8.55028948198622074095E-01 8.44430537137257242186E-01 8.33963497437367418108E-01 8.23626200700646959874E-01 8.13417038713410867068E-01 8.03334423196397362510E-01 7.93376785557674657490E-01 7.83542576648607713707E-01 7.73830266522852694422E-01 7.64238344198335362023E-01 7.54765317422182779872E-01 7.45409712438568128334E-01 7.36170073759430776406E-01 7.27044963938043076190E-01 7.18032963345379138254E-01 7.09132669949258276354E-01 7.00342699096224818867E-01 6.91661683296133311671E-01 6.83088272009401920037E-01 6.74621131436903276324E-01 6.66258944312461465209E-01 6.58000409697918287044E-01 6.49844242780742376020E-01 6.41789174674145646016E-01 6.33833952219676421969E-01 6.25977337792262389371E-01 6.18218109107667834756E-01 6.10555059032337532621E-01 6.02986995395598968095E-01
1.18021377143873795745E+00 1.16579317335643950493E+00 1.15154877525933319049E+00 1.13747842422459255474E+00 1.12357999363516425362E+00 1.10985138285834494809E+00 1.09629051692829104780E+00 1.08289534623240446543E+00 1.06966384620154797425E+00 1.05659401700405086721E+00 1.04368388324345073848E+00 1.03093149365992697852E+00 1.01833492083538645900E+00 1.00589226090214856058E+00 9.93601633255191463157E-01 9.81461180267914512498E-01 9.69469067011374141529E-01 9.57623480976948160404E-01 9.45922631802390556643E-01 9.34364751001234283834E-01 9.22948091695496630749E-01 9.11670928351655640576E-01 9.00531556519848730424E-01 8.89528292576259538293E-01 8.78659473468651253114E-01 8.67923456465011899930E-01 8.57318618905267393338E-01 8.46843357956030384770E-01 8.36496090368344713539E-01 8.26275252238392599047E-01 8.16179298771119943190E-01 8.06206704046756761350E-01 7.96355960790185335441E-01 7.86625580143128000365E-01 7.77014091439119147786E-01 7.67520041981226142092E-01 7.58141996822485397800E-01 7.48878538549023087256E-01 7.39728267065824063309E-01 7.30689799385119687081E-01 7.21761769417359366763E-01 7.12942827764739939234E-01 7.04231641517252260343E-01 6.95626894051225019844E-01 6.87127284830328144416E-01 6.78731529209005479686E-01 6.70438358238312992476E-01 6.62246518474127854326E-01 6.54154771787699207408E-01 6.46161895178516409999E-01 6.38266680589462231943E-01 6.30467934724225242960E-01 6.22764478866942972068E-01 6.15155148704048526653E-01 6.07638794148294136832E-01 6.00214279164925312848E-01
1.35976220638129574603E+00 1.34063803553286620129E+00 1.32178283370631666216E+00 1.30319281802733089037E+00 1.28486425882525767683E+00 1.26679347888483850859E+00 1.24897685270845482108E+00 1.23141080578875361518E+00 1.21409181389150200303E+00 1.19701640234852990652E+00 1.18018114536061302644E+00 1.16358266531016618650E+00 1.14721763208359717190E+00 1.13108276240319538530E+00 1.11517481916841609824E+00 1.09949061080642596089E+00 1.08402699063178964423E+00 1.06878085621515306336E+00 1.05374914876081482440E+00 1.03892885249304334216E+00 1.02431699405103215916E+00 1.00991064189236046111E+00 9.95706905704842992755E-01 9.81702935826656242213E-01 9.67895922674615882819E-01 9.54283096180497891758E-01 9.40861725235285217828E-01 9.27629117141232750754E-01 9.14582617071637238304E-01 9.01719607538206346931E-01 8.89037507865917175920E-01 8.76533773675262528613E-01 8.64205896371777582132E-01 8.52051402642747146565E-01 8.40067853960989707751E-01 8.28252846095622996536E-01 8.16604008629707167621E-01 8.05119004484675326871E-01 7.93795529451449488612E-01 7.82631311728154366314E-01 7.71624111464329076604E-01 7.60771720311553156790E-01 7.50071960980389640383E-01 7.39522686803561035696E-01 7.29121781305269056617E-01 7.18867157776570064875E-01 7.08756758856724511375E-01 6.98788556120433446139E-01 6.88960549670879940365E-01 6.79270767738494707366E-01 6.69717266285364765110E-01 6.60298128615205759395E-01 6.51011464988819787969E-01 6.41855412244961232027E-01 6.32828133426535321959E-01 6.23927817412054164237E-01
1.19716739511126091244E+00 1.18233082858151239414E+00 1.16767813250070062736E+00 1.15320702815144726650E+00 1.13891526505665252600E+00 1.12480062062951402524E+00 1.11086089982787838970E+00 1.09709393481288075556E+00 1.08349758461181111535E+00 1.07006973478516176357E+00 1.05680829709779899872E+00 1.04371120919421112028E+00 1.03077643427777987384E+00 1.01800196079402960336E+00 1.00538580211779748907E+00 9.92925996244284903014E-01 9.80620605483934371094E-01 9.68467716161090397264E-01 9.56465438316393079532E-01 9.44611905412861663223E-01 9.32905274045618404521E-01 9.21343723655211555013E-01 9.09925456244490393765E-01 8.98648696098990118486E-01 8.87511689510779855361E-01 8.76512704505736039984E-01 8.65650030574192430599E-01 8.54921978404930671402E-01 8.44326879622466663911E-01 8.33863086527592445307E-01 8.23528971841134493914E-01 8.13322928450885718199E-01 8.03243369161676934453E-01 7.93288726448542647063E-01 7.83457452212946159342E-01 7.73748017542029375981E-01 7.64158912470840445685E-01 7.54688645747513708884E-01 7.45335744601356098293E-01 7.36098754513808573030E-01 7.26976238992247836279E-01 7.17966779346587480326E-01 7.09068974468653356880E-01 7.00281440614286099233E-01 6.91602811188151034294E-01 6.83031736531210298402E-01 6.74566883710829734433E-01 6.66206936313489705981E-01 6.57950594240060193663E-01 6.49796573503617524992E-01 6.41743606029763991039E-01 6.33790439459422816348E-01 6.25935836954077839955E-01 6.18178577003425933079E-01 6.10517453235413065649E-01 6.02951274228627154272E-01
1.19823769871243679397E+00 1.18337467433380583159E+00 1.16869601195106032065E+00 1.15419942472508463283E+00 1.13988265418287526565E+00 1.12574346986568740725E+00 1.11177966898154068076E+00 1.09798907606204321219E+00 1.08436954262346341160E+00 1.07091894683201416250E+00 1.05763519317328213987E+00 1.04451621212576251096E+00 1.03155995983843862263E+00 1.01876441781236715123E+00 1.00612759258620565461E+00 9.93647515425646443710E-01 9.81322242016700041489E-01 9.69149852162784042342E-01 9.57128449485568744137E-01 9.45256161129534477894E-01 9.33531137470192007299E-01 9.21951551825924586758E-01 9.10515600173402050999E-01 8.99221500866525857987E-01 8.88067494358860676229E-01 8.77051842929508329583E-01 8.66172830412382688259E-01 8.55428761928841652207E-01 8.44817963623636924986E-01 8.34338782404137391246E-01 8.23989585682789904553E-01 8.13768761122770523109E-01 8.03674716386794552037E-01 7.93705878889041316349E-01 7.83860695550153807609E-01 7.74137632555281118840E-01 7.64535175115118037503E-01 7.55051827229913818940E-01 7.45686111456401734543E-01 7.36436568677625302826E-01 7.27301757875618015703E-01 7.18280255906900033658E-01 7.09370657280763206032E-01 7.00571573940305225570E-01 6.91881635046178278259E-01 6.83299486763021657332E-01 6.74823792048544035538E-01 6.66453230445219979572E-01 6.58186497874571840860E-01 6.50022306434002494768E-01 6.41959384196149396296E-01 6.33996475010725646371E-01 6.26132338308820868278E-01 6.18365748909628032415E-01 6.10695496829569139940E-01 6.03120387093786680666E-01
1.31118945701036526685E+00 1.29340268271631941843E+00 1.27585719265324049054E+00 1.25854971371049395579E+00 1.24147701717841085767E+00 1.22463591814597450025E+00 1.20802327490667460452E+00 1.19163598837242279416E+00 1.17547100149541550174E+00 1.15952529869784504157E+00 1.14379590530934116543E+00 1.12827988701204739996E+00 1.11297434929322447417E+00 1.09787643690527825235E+00 1.08298333333311336268E+00 1.06829226026871393351E+00 1.05380047709284774271E+00 1.03950528036380607233E+00 1.02540400331307557380E+00 1.01149401534785310375E+00 9.97772721560308051281E-01 9.84237562243504005011E-01 9.70886012413883281447E-01 9.57715581340232935403E-01 9.44723812079038216538E-01 9.31908281016139983244E-01 9.19266597414610586725E-01 9.06796402968759185370E-01 8.94495371364193325725E-01 8.82361207843842532128E-01 8.70391648779872517672E-01 8.58584461251405417492E-01 8.46937442627968772868E-01 8.35448420158593330065E-01 8.24115250566488377615E-01 8.12935819649212909610E-01 8.01908041884270450517E-01 7.91029860040055821102E-01 7.80299244792078017241E-01 7.69714194344389812663E-01 7.59272734056154141591E-01 7.48972916073272543258E-01 7.38812818965014939110E-01 7.28790547365576246719E-01 7.18904231620495326460E-01 7.09152027437871534943E-01 6.99532115544313271016E-01 6.90042701345549680525E-01 6.80682014591651785018E-01 6.71448309046792091159E-01 6.62339862163482728796E-01 6.53354974761235829384E-01 6.44491970709580863641E-01 6.35749196615382428099E-01 6.27125021514400415867E-01 6.18617836567033063666E-01
1.18745138197283384152E+00 1.17285392331482962724E+00 1.15843591267676693235E+00 1.14419514408618105961E+00 1.13012943868884674359E+00 1.11623664441541237125E+00 1.10251463565212959317E+00 1.08896131291563280641E+00 1.07557460253171610631E+00 1.06235245631805685917E+00 1.04929285127084459539E+00 1.03639378925525416086E+00 1.02365329669973492699E+00 1.01106942429404655925E+00 9.98640246691016031377E-01 9.86363862211954600667E-01 9.74238392555700660758E-01 9.62261982511236402260E-01 9.50432799673838757393E-01 9.38749034164719553530E-01 9.27208898354111132889E-01 9.15810626587758025430E-01 9.04552474916768933788E-01 8.93432720830790616517E-01 8.82449662994462036281E-01 8.71601620987108582916E-01 8.60886935045633960861E-01 8.50303965810576656281E-01 8.39851094075284798635E-01 8.29526720538175998954E-01 8.19329265558041752726E-01 8.09257168912361879443E-01 7.99308889558587032376E-01 7.89482905398358192350E-01 7.79777713044624176675E-01 7.70191827591620969962E-01 7.60723782387679459127E-01 7.51372128810826711565E-01 7.42135436047144825267E-01 7.33012290871853600116E-01 7.24001297433087387390E-01 7.15101077038327148649E-01 7.06310267943458303108E-01 6.97627525144423610293E-01 6.89051520171434561668E-01 6.80580940885715524047E-01 6.72214491278743442315E-01 6.63950891273958232475E-01 6.55788876530908781959E-01 6.47727198251807578799E-01 6.39764622990463660557E-01 6.31899932463562685747E-01 6.24131923364270146948E-01 6.16459407178121643334E-01 6.08881210001181449876E-01 6.01396172360430858461E-01
1.28019595335428992833E+00 1.26323738659853157529E+00 1.24650346747242402046E+00 1.22999122010198957966E+00 1.21369770803421350713E+00 1.19762003371484082592E+00 1.18175533797308984774E+00 1.16610079951319178804E+00 1.15065363441266721445E+00 1.13541109562724495952E+00 1.12037047250234533813E+00 1.10552909029102908178E+00 1.09088430967833427410E+00 1.07643352631191513424E+00 1.06217417033889627298E+00 1.04810370594886426154E+00 1.03421963092291213648E+00 1.02051947618865668233E+00 1.00700080538115144257E+00 9.93661214409617632448E-01 9.80498331029912129075E-01 9.67509814422659264466E-01 9.54693354776971370157E-01 9.42046672879685798030E-01 9.29567519710038814296E-01 9.17253676039713750079E-01 9.05102952038183361516E-01 8.93113186883281673367E-01 8.81282248376935473111E-01 8.69608032565983624096E-01 8.58088463368022913436E-01 8.46721492202206715838E-01 8.35505097624936632350E-01 8.24437284970378381210E-01 8.13516085995742099790E-01 8.02739558531259445040E-01 7.92105786134798095510E-01 7.81612877751051926545E-01 7.71258967375244353093E-01 7.61042213721289995121E-01 7.50960799894346830996E-01 7.41012933067711432322E-01 7.31196844163990777865E-01 7.21510787540498799153E-01 7.11953040678820370246E-01 7.02521903878487674611E-01 6.93215699954713215902E-01 6.84032773940129512624E-01 6.74971492790477523016E-01 6.66030245094193507072E-01 6.57207440785845586895E-01 6.48501510863363050952E-01 6.39910907109015103522E-01 6.31434101814081771842E-01 6.23069587507174671437E-01 6.14815876686157003483E-01
1.25165808071430140203E+00 1.23544475641445483660E+00 1.21944145103982570788E+00 1.20364544411507434774E+00 1.18805405040447453757E+00 1.17266461945543976064E+00 1.15747453514796094787E+00 1.14248121524987955588E+00 1.12768211097792181441E+00 1.11307470656442064616E+00 1.09865651882964665553E+00 1.08442509675968312699E+00 1.07037802108976576321E+00 1.05651290389302099371E+00 1.04282738817453113356E+00 1.02931914747065889060E+00 1.01598588545355927870E+00 1.00282533554081898508E+00 9.89835260510146919266E-01 9.77013452119060099577E-01 9.64357730729494155852E-01 9.51865944937276275972E-01 9.39535971206398756728E-01 9.27365713508028211010E-01 9.15353102964193698909E-01 9.03496097496086947309E-01 8.91792681476921478279E-01 8.80240865389285143117E-01 8.68838685486935657920E-01 8.57584203460971306043E-01 8.46475506110331066267E-01 8.35510705016559773739E-01 8.24687936222788131602E-01 8.14005359916868509451E-01 8.03461160118618678005E-01 7.93053544371113527944E-01 7.82780743435978032529E-01 7.72641010992625831832E-01 7.62632623341394810801E-01 7.52753879110525714324E-01 7.43003098966940944692E-01 7.33378625330764588597E-01 7.23878822093543483618E-01 7.14502074340119031071E-01 7.05246788074097685772E-01 6.96111389946883041269E-01 6.87094326990212778128E-01 6.78194066352164171008E-01 6.69409095036575862991E-01 6.60737919645848492678E-01 6.52179066127073880921E-01 6.43731079521454918613E-01 6.35392523716968971037E-01 6.27161981204238827559E-01 6.19038052835561902754E-01 6.11019357587063494108E-01
1.04885568660167360910E+00 1.03745870251785921035E+00 1.02618555934739985602E+00 1.01503491142097601596E+00 1.00400542769146206012E+00 9.93095791575041575427E-01 9.82304700794043972323E-01 9.71630867221496719033E-01 9.61073016727359230593E-01 9.50629889026431751375E-01 9.40300237527914806179E-01 9.30082829186606452332E-01 9.19976444355711575618E-01 9.09979876641255014391E-01 9.00091932758074642074E-01 8.90311432387379197984E-01 8.80637208035854324173E-01 8.71068104896300154927E-01 8.61602980709780696955E-01 8.52240705629275896449E-01 8.42980162084809747647E-01 8.33820244650047559531E-01 8.24759859910342285616E-01 8.15797926332213041434E-01 8.06933374134243930342E-01 7.98165145159384414875E-01 7.89492192748638133004E-01 7.80913481616122395756E-01 7.72427987725488374160E-01 7.64034698167681436409E-01 7.55732611040030533012E-01 7.47520735326652308039E-01 7.39398090780153283141E-01 7.31363707804619900266E-01 7.23416627339874773739E-01 7.15555900746998263529E-01 7.07780589695087836155E-01 7.00089766049249884183E-01 6.92482511759809016283E-01 6.84957918752721828248E-01 6.77515088821179389811E-01 6.70153133518388899326E-01 6.62871174051520628545E-01 6.55668341176807167869E-01 6.48543775095781427353E-01 6.41496625352643623508E-01 6.34526050732742152860E-01 6.27631219162159137426E-01 6.20811307608385098966E-01 6.14065501982074990472E-01 6.07392997039870152776E-01 6.00792996288276981431E-01 5.94264711888589869382E-01 5.87807364562847434186E-01 5.81420183500810816568E-01 5.75102406267951282715E-01
1.20185924545374644978E+00 1.18690652292088305586E+00 1.17213983208182281892E+00 1.15755685845563927039E+00 1.14315531635661815635E+00 1.12893294853600467675E+00 1.11488752582821226689E+00 1.10101684680143008244E+00 1.08731873741257700772E+00 1.07379105066655067269E+00 1.06043166627971507943E+00 1.04723849034757310328E+00 1.03420945501657679522E+00 1.02134251816001619950E+00 1.00863566305794738476E+00 9.96086898081094851420E-01 9.83694256378693121512E-01 9.71455795570207336631E-01 9.59369597440892118989E-01 9.47433767641136737048E-01 9.35646435389551056616E-01 9.24005753179746314174E-01 9.12509896490762750787E-01 9.01157063501100252800E-01 8.89945474806307368354E-01 8.78873373140082514432E-01 8.67939023098847961535E-01 8.57140710869746524914E-01 8.46476743962026101364E-01 8.35945450941763090746E-01 8.25545181169887731798E-01 8.15274304543469385820E-01 8.05131211240218691572E-01 7.95114311466170731180E-01 7.85222035206504465066E-01 7.75452831979465795342E-01 7.65805170593348738528E-01 7.56277538906502289073E-01 7.46868443590322894643E-01 7.37576409895194573529E-01 7.28399981419342035238E-01 7.19337719880559056662E-01 7.10388204890777030798E-01 7.01550033733437716776E-01 6.92821821143637772700E-01 6.84202199091004659159E-01 6.75689816565278822402E-01 6.67283339364558303330E-01 6.58981449886182901743E-01 6.50782846920215818365E-01 6.42686245445497239537E-01 6.34690376428234559469E-01 6.26793986623098153821E-01 6.18995838376791507329E-01 6.11294709434066718678E-01 6.03689392746151187730E-01
1.17755731090724569121E+00 1.16320135817836467496E+00 1.14902042315507180170E+00 1.13501237214426797806E+00 1.12117509746534405046E+00 1.10750651713305381385E+00 1.09400457454425481529E+00 1.08066723816846810280E+00 1.06749250124220784741E+00 1.05447838146704242490E+00 1.04162292071133211202E+00 1.02892418471560342930E+00 1.01638026280151860803E+00 1.00398926758439044349E+00 9.91749334689199679715E-01 9.79658622470081952294E-01 9.67715311733226224433E-01 9.55917605463156516699E-01 9.44263728552349301815E-01 9.32751927534145930387E-01 9.21380470318924449380E-01 9.10147645933483517844E-01 8.99051764263607999794E-01 8.88091155799769049750E-01 8.77264171385926383451E-01 8.66569181971394542074E-01 8.56004578365730517397E-01 8.45568770996612761870E-01 8.35260189670670172291E-01 8.25077283337227629367E-01 8.15018519854933232160E-01 8.05082385761225483023E-01 7.95267386044618551644E-01 7.85572043919756990427E-01 7.75994900605217363676E-01 7.66534515104015268250E-01 7.57189463986791211347E-01 7.47958341177637486830E-01 7.38839757742538405516E-01 7.29832341680387020055E-01 7.20934737716550921860E-01 7.12145607098956134884E-01 7.03463627396655022395E-01 6.94887492300849896054E-01 6.86415911428343461509E-01 6.78047610127385680379E-01 6.69781329285886739555E-01 6.61615825141967706102E-01 6.53549869096821778314E-01 6.45582247529857933266E-01 6.37711761616095329508E-01 6.29937227145786926563E-01 6.22257474346239347618E-01 6.14671347705808335249E-01 6.07177705800036715544E-01 5.99775421119913443313E-01
1.19985970677433706477E+00 1.18495654179716281007E+00 1.17023848539983599260E+00 1.15570323839380240116E+00 1.14134853014816872729E+00 1.12717211823499452450E+00 1.11317178807899064275E+00 1.09934535261156707264E+00 1.08569065192918046137E+00 1.07220555295592245848E+00 1.05888794911030115209E+00 1.04573575997615897393E+00 1.03274693097768133221E+00 1.01991943305843912881E+00 1.00725126236441742122E+00 9.94740439930985265171E-01 9.82385011373747674135E-01 9.70183046583242947314E-01 9.58132639423427634462E-01 9.46231907433910057748E-01 9.34478991535880099129E-01 9.22872055741692509656E-01 9.11409286868057000319E-01 9.00088894252791260620E-01 8.88909109475090830621E-01 8.77868186079276080491E-01 8.66964399301967114653E-01 8.56196045802649075007E-01 8.45561443397585987825E-01 8.35058930797034304483E-01 8.24686867345726604128E-01 8.14443632766574721060E-01 8.04327626907556214597E-01 7.94337269491748099171E-01 7.84470999870461538350E-01 7.74727276779444529176E-01 7.65104578098112386719E-01 7.55601400611769835614E-01 7.46216259776784962554E-01 7.36947689488679613667E-01 7.27794241853103152096E-01 7.18754486959647054256E-01 7.09827012658471478979E-01 7.01010424339706283980E-01 6.92303344715589519254E-01 6.83704413605315974856E-01 6.75212287722553372582E-01 6.66825640465602997864E-01 6.58543161710161473188E-01 6.50363557604660802447E-01 6.42285550368147051259E-01 6.34307878090673349369E-01 6.26429294536167358132E-01 6.18648568947752330871E-01 6.10964485855482131171E-01 6.03375844886466672357E-01
1.14057138881560349297E+00 1.12710049689912383819E+00 1.11378870500111348818E+00 1.10063413404659771189E+00 1.08763492715370335695E+00 1.07478924937154385333E+00 1.06209528742119840850E+00 1.04955124943975275364E+00 1.03715536472736258311E+00 1.02490588349730349371E+00 1.01280107662897345122E+00 1.00083923542381181271E+00 9.89018671364102930355E-01 9.77337715874625923007E-01 9.65794720087122193775E-01 9.54388054607541835850E-01 9.43116109286041393034E-01 9.31977292989697447823E-01 9.20970033377904062633E-01 9.10092776680422432811E-01 8.99343987478054995854E-01 8.88722148485904805959E-01 8.78225760339199634785E-01 8.67853341381643383912E-01 8.57603427456266498297E-01 8.47474571698747958237E-01 8.37465344333178762781E-01 8.27574332470234930170E-01 8.17800139907737144718E-01 8.08141386933564631612E-01 7.98596710130896059177E-01 7.89164762185752044488E-01 7.79844211696810285517E-01 7.70633742987465564234E-01 7.61532055920112416203E-01 7.52537865712617382030E-01 7.43649902756962632999E-01 7.34866912440028552389E-01 7.26187654966494844366E-01 7.17610905183832192833E-01 7.09135452409362487813E-01 7.00760100259358087449E-01 6.92483666480164572476E-01 6.84304982781313797524E-01 6.76222894670610141787E-01 6.68236261291163313736E-01 6.60343955260347392766E-01 6.52544862510660017563E-01 6.44837882132462736351E-01 6.37221926218578094137E-01 6.29695919710721474516E-01 6.22258800247748045109E-01 6.14909518015690603754E-01 6.07647035599569895759E-01 6.00470327836953421397E-01 5.93378381673246857453E-01
1.07493991490847218273E+00 1.06297063691104587413E+00 1.05113463484262070757E+00 1.03943042469779101111E+00 1.02785653899530493582E+00 1.01641152659407230097E+00 1.00509395251121902426E+00 9.93902397742166487937E-01 9.82835459082718299051E-01 9.71891748953123801869E-01 9.61069895224103909470E-01 9.50368541044810943852E-01 9.39786344672707274484E-01 9.29321979305336887123E-01 9.18974132913967678427E-01 9.08741508079092707995E-01 8.98622821827754658663E-01 8.88616805472687953937E-01 8.78722204453250443912E-01 8.68937778178124564654E-01 8.59262299869771428718E-01 8.49694556410617307662E-01 8.40233348190951856438E-01 8.30877488958520205031E-01 8.21625805669789932573E-01 8.12477138342873828059E-01 8.03430339912091562304E-01 7.94484276084148954844E-01 7.85637825195919736743E-01 7.76889878073811268600E-01 7.68239337894694340747E-01 7.59685120048385065239E-01 7.51226152001653435519E-01 7.42861373163749338921E-01 7.34589734753426037983E-01 7.26410199667441247584E-01 7.18321742350526259990E-01 7.10323348666800025164E-01 7.02414015772617195132E-01 6.94592751990830037379E-01 6.86858576686451893778E-01 6.79210520143703866403E-01 6.71647623444432517736E-01 6.64168938347878490269E-01 6.56773527171786719592E-01 6.49460462674838812092E-01 6.42228827940395041729E-01 6.35077716261530422770E-01 6.28006231027351313756E-01 6.21013485610578563900E-01 6.14098603256380548565E-01 6.07260716972445879769E-01 6.00498969420278139175E-01 5.93812512807704528939E-01 5.87200508782576235944E-01 5.80662128327658288995E-01
1.18796470146835919657E+00 1.17335465848668607514E+00 1.15892429538578878301E+00 1.14467140239396547585E+00 1.13059379691612837959E+00 1.11668932319957692201E+00 1.10295585200387891156E+00 1.08939128027481402228E+00 1.07599353082232407353E+00 1.06276055200242636190E+00 1.04969031740303964106E+00 1.03678082553366901486E+00 1.02403009951891554863E+00 1.01143618679574620600E+00 9.98997158814493024792E-01 9.86711110743528685418E-01 9.74576161177569955107E-01 9.62590451849574813004E-01 9.50752147346176856857E-01 9.39059434826624239712E-01 9.27510523745171178156E-01 9.16103645576887282154E-01 9.04837053546835745621E-01 8.93709022362584204480E-01 8.82717847950004852464E-01 8.71861847192323069500E-01 8.61139357672376370978E-01 8.50548737418043043768E-01 8.40088364650800056843E-01 8.29756637537375718594E-01 8.19551973944454226206E-01 8.09472811196399577582E-01 7.99517605835955991189E-01 7.89684833387894635770E-01 7.79972988125563038153E-01 7.70380582840310190740E-01 7.60906148613744837128E-01 7.51548234592793185094E-01 7.42305407767526848062E-01 7.33176252751719048639E-01 7.24159371566104215212E-01 7.15253383424297228821E-01 7.06456924521351892210E-01 6.97768647824914656219E-01 6.89187222868949622701E-01 6.80711335550000073980E-01 6.72339687925954221370E-01 6.64070998017287972282E-01 6.55903999610750298999E-01 6.47837442065463120500E-01 6.39870090121407164574E-01 6.32000723710262168886E-01 6.24228137768573332345E-01 6.16551142053215595062E-01 6.08968560959128213383E-01 6.01479233339289098836E-01
