3.27249644266596078523E+02 3.26535695402111969088E+02 3.25821746537627859652E+02 3.25107797673143807060E+02 3.24393848808659697625E+02 3.23679899944175588189E+02 3.22965951079691535597E+02 3.22252002215207426161E+02 3.21538053350723316726E+02 3.20824104486239264133E+02 3.20110155621755154698E+02 3.19396206757271045262E+02 3.18682257892786935827E+02 3.17968309028302883235E+02 3.17254360163818773799E+02 3.16540411299334721207E+02 3.15826462434850611771E+02 3.15112513570366502336E+02 3.14398564705882392900E+02 3.13684615841398283465E+02 3.12970666976914287716E+02 3.12256718112430178280E+02 3.11542769247946068845E+02 3.10828820383461959409E+02 3.10114871518977849973E+02 3.09400922654493740538E+02 3.08686973790009744789E+02 3.07973024925525635354E+02 3.07259076061041525918E+02 3.06545127196557416482E+02 3.05831178332073307047E+02 3.05117229467589197611E+02 3.04403280603105145019E+02 3.03689331738621092427E+02 3.02975382874136982991E+02 3.02261434009652873556E+02 3.01547485145168764120E+02 3.00833536280684654685E+02 3.00119587416200602092E+02 2.99405638551716492657E+02 2.98691689687232440065E+02 2.97977740822748330629E+02 2.97263791958264221194E+02 2.96549843093780168601E+02 2.95835894229296059166E+02 2.95121945364811949730E+02 2.94407996500327840295E+02 2.93694047635843787702E+02 2.92980098771359678267E+02 2.92266149906875625675E+02 2.91552201042391516239E+02 2.90838252177907406804E+02 2.90124303313423297368E+02 2.89410354448939187932E+02 2.88696405584455192184E+02 2.87982456719971082748E+02
2.82137732076137467629E+02 2.81607054077063708064E+02 2.81076376077989891655E+02 2.80545698078916132090E+02 2.80015020079842372525E+02 2.79484342080768612959E+02 2.78953664081694796550E+02 2.78422986082621036985E+02 2.77892308083547277420E+02 2.77361630084473461011E+02 2.76830952085399701446E+02 2.76300274086325941880E+02 2.75769596087252182315E+02 2.75238918088178365906E+02 2.74708240089104606341E+02 2.74177562090030846775E+02 2.73646884090957087210E+02 2.73116206091883270801E+02 2.72585528092809511236E+02 2.72054850093735751670E+02 2.71524172094661935262E+02 2.70993494095588175696E+02 2.70462816096514416131E+02 2.69932138097440656566E+02 2.69401460098366840157E+02 2.68870782099293080591E+02 2.68340104100219321026E+02 2.67809426101145561461E+02 2.67278748102071745052E+02 2.66748070102997985487E+02 2.66217392103924225921E+02 2.65686714104850466356E+02 2.65156036105776649947E+02 2.64625358106702890382E+02 2.64094680107629130816E+02 2.63564002108555314408E+02 2.63033324109481554842E+02 2.62502646110407795277E+02 2.61971968111334035711E+02 2.61441290112260219303E+02 2.60910612113186459737E+02 2.60379934114112700172E+02 2.59849256115038940607E+02 2.59318578115965124198E+02 2.58787900116891364632E+02 2.58257222117817548224E+02 2.57726544118743788658E+02 2.57195866119669972250E+02 2.56665188120596212684E+02 2.56134510121522453119E+02 2.55603832122448665132E+02 2.55073154123374877145E+02 2.54542476124301117579E+02 2.54011798125227329592E+02 2.53481120126153570027E+02 2.52950442127079782040E+02
2.77171755276141823288E+02 2.76659594063322799684E+02 2.76147432850503719237E+02 2.75635271637684695634E+02 2.75123110424865615187E+02 2.74610949212046591583E+02 2.74098787999227511136E+02 2.73586626786408487533E+02 2.73074465573589407086E+02 2.72562304360770383482E+02 2.72050143147951303035E+02 2.71537981935132279432E+02 2.71025820722313198985E+02 2.70513659509494175381E+02 2.70001498296675151778E+02 2.69489337083856071331E+02 2.68977175871037047727E+02 2.68465014658217967281E+02 2.67952853445398943677E+02 2.67440692232579863230E+02 2.66928531019760839627E+02 2.66416369806941759180E+02 2.65904208594122735576E+02 2.65392047381303655129E+02 2.64879886168484631526E+02 2.64367724955665607922E+02 2.63855563742846527475E+02 2.63343402530027503872E+02 2.62831241317208423425E+02 2.62319080104389399821E+02 2.61806918891570319374E+02 2.61294757678751295771E+02 2.60782596465932215324E+02 2.60270435253113191720E+02 2.59758274040294111273E+02 2.59246112827475087670E+02 2.58733951614656064066E+02 2.58221790401836983619E+02 2.57709629189017960016E+02 2.57197467976198879569E+02 2.56685306763379855965E+02 2.56173145550560775519E+02 2.55660984337741751915E+02 2.55148823124922671468E+02 2.54636661912103647865E+02 2.54124500699284567418E+02 2.53612339486465543814E+02 2.53100178273646463367E+02 2.52588017060827439764E+02 2.52075855848008416160E+02 2.51563694635189335713E+02 2.51051533422370312110E+02 2.50539372209551231663E+02 2.50027210996732208059E+02 2.49515049783913127612E+02 2.49002888571094104009E+02
2.90688246091297173734E+02 2.90124915048526304417E+02 2.89561584005755435101E+02 2.88998252962984508940E+02 2.88434921920213582780E+02 2.87871590877442713463E+02 2.87308259834671787303E+02 2.86744928791900917986E+02 2.86181597749130048669E+02 2.85618266706359122509E+02 2.85054935663588196348E+02 2.84491604620817327032E+02 2.83928273578046400871E+02 2.83364942535275531554E+02 2.82801611492504662237E+02 2.82238280449733736077E+02 2.81674949406962809917E+02 2.81111618364191940600E+02 2.80548287321421014440E+02 2.79984956278650145123E+02 2.79421625235879275806E+02 2.78858294193108349646E+02 2.78294963150337423485E+02 2.77731632107566554168E+02 2.77168301064795628008E+02 2.76604970022024758691E+02 2.76041638979253889374E+02 2.75478307936482963214E+02 2.74914976893712037054E+02 2.74351645850941167737E+02 2.73788314808170298420E+02 2.73224983765399372260E+02 2.72661652722628502943E+02 2.72098321679857633626E+02 2.71534990637086650622E+02 2.70971659594315781305E+02 2.70408328551544911988E+02 2.69844997508773985828E+02 2.69281666466003116511E+02 2.68718335423232247194E+02 2.68155004380461264191E+02 2.67591673337690394874E+02 2.67028342294919525557E+02 2.66465011252148599397E+02 2.65901680209377730080E+02 2.65338349166606860763E+02 2.64775018123835877759E+02 2.64211687081065008442E+02 2.63648356038294139125E+02 2.63085024995523212965E+02 2.62521693952752343648E+02 2.61958362909981474331E+02 2.61395031867210548171E+02 2.60831700824439622011E+02 2.60268369781668752694E+02 2.59705038738897826534E+02
2.77022754419611999310E+02 2.76511143709837142524E+02 2.75999533000062228894E+02 2.75487922290287428950E+02 2.74976311580512572164E+02 2.74464700870737715377E+02 2.73953090160962801747E+02 2.73441479451188001804E+02 2.72929868741413145017E+02 2.72418258031638288230E+02 2.71906647321863374600E+02 2.71395036612088574657E+02 2.70883425902313717870E+02 2.70371815192538861083E+02 2.69860204482763947453E+02 2.69348593772989147510E+02 2.68836983063214290723E+02 2.68325372353439433937E+02 2.67813761643664520307E+02 2.67302150933889720363E+02 2.66790540224114863577E+02 2.66278929514339949947E+02 2.65767318804565093160E+02 2.65255708094790293217E+02 2.64744097385015436430E+02 2.64232486675240522800E+02 2.63720875965465666013E+02 2.63209265255690866070E+02 2.62697654545916009283E+02 2.62186043836141095653E+02 2.61674433126366238866E+02 2.61162822416591382080E+02 2.60651211706816582137E+02 2.60139600997041668506E+02 2.59627990287266811720E+02 2.59116379577492011776E+02 2.58604768867717154990E+02 2.58093158157942241360E+02 2.57581547448167384573E+02 2.57069936738392527786E+02 2.56558326028617727843E+02 2.56046715318842814213E+02 2.55535104609067957426E+02 2.55023493899293100640E+02 2.54511883189518272275E+02 2.54000272479743415488E+02 2.53488661769968530280E+02 2.52977051060193673493E+02 2.52465440350418845128E+02 2.51953829640643959920E+02 2.51442218930869103133E+02 2.50930608221094246346E+02 2.50418997511319417981E+02 2.49907386801544532773E+02 2.49395776091769675986E+02 2.48884165381994790778E+02
2.71830995302914516287E+02 2.71338381369532044118E+02 2.70845767436149515106E+02 2.70353153502767042937E+02 2.69860539569384570768E+02 2.69367925636002098599E+02 2.68875311702619569587E+02 2.68382697769237097418E+02 2.67890083835854625249E+02 2.67397469902472096237E+02 2.66904855969089624068E+02 2.66412242035707151899E+02 2.65919628102324679730E+02 2.65427014168942150718E+02 2.64934400235559678549E+02 2.64441786302177206380E+02 2.63949172368794677368E+02 2.63456558435412205199E+02 2.62963944502029733030E+02 2.62471330568647260861E+02 2.61978716635264788692E+02 2.61486102701882259680E+02 2.60993488768499787511E+02 2.60500874835117315342E+02 2.60008260901734843173E+02 2.59515646968352371005E+02 2.59023033034969841992E+02 2.58530419101587369823E+02 2.58037805168204897655E+02 2.57545191234822425486E+02 2.57052577301439896473E+02 2.56559963368057424304E+02 2.56067349434674952136E+02 2.55574735501292394702E+02 2.55082121567909922533E+02 2.54589507634527450364E+02 2.54096893701144978195E+02 2.53604279767762477604E+02 2.53111665834380005435E+02 2.52619051900997533266E+02 2.52126437967615004254E+02 2.51633824034232532085E+02 2.51141210100850059916E+02 2.50648596167467587748E+02 2.50155982234085058735E+02 2.49663368300702586566E+02 2.49170754367320114397E+02 2.48678140433937585385E+02 2.48185526500555113216E+02 2.47692912567172641047E+02 2.47200298633790168878E+02 2.46707684700407639866E+02 2.46215070767025167697E+02 2.45722456833642695528E+02 2.45229842900260166516E+02 2.44737228966877694347E+02
3.20948504027195781418E+02 3.20261784412280462675E+02 3.19575064797365200775E+02 3.18888345182449882032E+02 3.18201625567534620131E+02 3.17514905952619301388E+02 3.16828186337703982645E+02 3.16141466722788720745E+02 3.15454747107873402001E+02 3.14768027492958083258E+02 3.14081307878042764514E+02 3.13394588263127502614E+02 3.12707868648212183871E+02 3.12021149033296921971E+02 3.11334429418381603227E+02 3.10647709803466284484E+02 3.09960990188550965740E+02 3.09274270573635703840E+02 3.08587550958720441940E+02 3.07900831343805123197E+02 3.07214111728889804454E+02 3.06527392113974485710E+02 3.05840672499059166967E+02 3.05153952884143905067E+02 3.04467233269228643167E+02 3.03780513654313324423E+02 3.03093794039398005680E+02 3.02407074424482686936E+02 3.01720354809567425036E+02 3.01033635194652106293E+02 3.00346915579736787549E+02 2.99660195964821525649E+02 2.98973476349906206906E+02 2.98286756734990945006E+02 2.97600037120075626262E+02 2.96913317505160307519E+02 2.96226597890244988776E+02 2.95539878275329670032E+02 2.94853158660414464975E+02 2.94166439045499146232E+02 2.93479719430583827489E+02 2.92792999815668508745E+02 2.92106280200753190002E+02 2.91419560585837871258E+02 2.90732840970922609358E+02 2.90046121356007347458E+02 2.89359401741092028715E+02 2.88672682126176709971E+02 2.87985962511261391228E+02 2.87299242896346129328E+02 2.86612523281430810584E+02 2.85925803666515491841E+02 2.85239084051600229941E+02 2.84552364436684911198E+02 2.83865644821769649297E+02 2.83178925206854330554E+02
3.34173392958828685551E+02 3.33428913915084535802E+02 3.32684434871340442896E+02 3.31939955827596349991E+02 3.31195476783852200242E+02 3.30450997740108164180E+02 3.29706518696364071275E+02 3.28962039652619921526E+02 3.28217560608875828621E+02 3.27473081565131735715E+02 3.26728602521387642810E+02 3.25984123477643493061E+02 3.25239644433899400155E+02 3.24495165390155307250E+02 3.23750686346411157501E+02 3.23006207302667064596E+02 3.22261728258923028534E+02 3.21517249215178878785E+02 3.20772770171434785880E+02 3.20028291127690692974E+02 3.19283812083946543225E+02 3.18539333040202450320E+02 3.17794853996458357415E+02 3.17050374952714207666E+02 3.16305895908970114760E+02 3.15561416865226078698E+02 3.14816937821481985793E+02 3.14072458777737836044E+02 3.13327979733993743139E+02 3.12583500690249650233E+02 3.11839021646505500485E+02 3.11094542602761407579E+02 3.10350063559017314674E+02 3.09605584515273164925E+02 3.08861105471529072020E+02 3.08116626427784979114E+02 3.07372147384040886209E+02 3.06627668340296793303E+02 3.05883189296552700398E+02 3.05138710252808607493E+02 3.04394231209064457744E+02 3.03649752165320364838E+02 3.02905273121576271933E+02 3.02160794077832122184E+02 3.01416315034088029279E+02 3.00671835990343993217E+02 2.99927356946599843468E+02 2.99182877902855750563E+02 2.98438398859111657657E+02 2.97693919815367507908E+02 2.96949440771623415003E+02 2.96204961727879322098E+02 2.95460482684135172349E+02 2.94716003640391079443E+02 2.93971524596646986538E+02 2.93227045552902893633E+02
3.10899467263312146770E+02 3.10255077405014787928E+02 3.09610687546717372243E+02 3.08966297688419956557E+02 3.08321907830122540872E+02 3.07677517971825125187E+02 3.07033128113527709502E+02 3.06388738255230293817E+02 3.05744348396932934975E+02 3.05099958538635519290E+02 3.04455568680338103604E+02 3.03811178822040687919E+02 3.03166788963743272234E+02 3.02522399105445856549E+02 3.01878009247148440863E+02 3.01233619388851025178E+02 3.00589229530553666336E+02 2.99944839672256250651E+02 2.99300449813958834966E+02 2.98656059955661419281E+02 2.98011670097364003595E+02 2.97367280239066587910E+02 2.96722890380769172225E+02 2.96078500522471813383E+02 2.95434110664174397698E+02 2.94789720805876982013E+02 2.94145330947579566327E+02 2.93500941089282093799E+02 2.92856551230984678114E+02 2.92212161372687262428E+02 2.91567771514389903587E+02 2.90923381656092487901E+02 2.90278991797795072216E+02 2.89634601939497656531E+02 2.88990212081200240846E+02 2.88345822222902825160E+02 2.87701432364605409475E+02 2.87057042506308050633E+02 2.86412652648010634948E+02 2.85768262789713219263E+02 2.85123872931415803578E+02 2.84479483073118387892E+02 2.83835093214820972207E+02 2.83190703356523556522E+02 2.82546313498226197680E+02 2.81901923639928781995E+02 2.81257533781631366310E+02 2.80613143923333950625E+02 2.79968754065036534939E+02 2.79324364206739119254E+02 2.78679974348441703569E+02 2.78035584490144344727E+02 2.77391194631846929042E+02 2.76746804773549513357E+02 2.76102414915252097671E+02 2.75458025056954681986E+02
2.88717449828910673659E+02 2.88161731390005968478E+02 2.87606012951101206454E+02 2.87050294512196501273E+02 2.86494576073291796092E+02 2.85938857634387034068E+02 2.85383139195482328887E+02 2.84827420756577566863E+02 2.84271702317672804838E+02 2.83715983878768099657E+02 2.83160265439863337633E+02 2.82604547000958632452E+02 2.82048828562053927271E+02 2.81493110123149165247E+02 2.80937391684244460066E+02 2.80381673245339754885E+02 2.79825954806434992861E+02 2.79270236367530287680E+02 2.78714517928625525656E+02 2.78158799489720820475E+02 2.77603081050816058450E+02 2.77047362611911296426E+02 2.76491644173006591245E+02 2.75935925734101886064E+02 2.75380207295197124040E+02 2.74824488856292418859E+02 2.74268770417387713678E+02 2.73713051978482951654E+02 2.73157333539578246473E+02 2.72601615100673484449E+02 2.72045896661768779268E+02 2.71490178222864074087E+02 2.70934459783959312063E+02 2.70378741345054550038E+02 2.69823022906149844857E+02 2.69267304467245082833E+02 2.68711586028340377652E+02 2.68155867589435672471E+02 2.67600149150530910447E+02 2.67044430711626205266E+02 2.66488712272721443242E+02 2.65932993833816738061E+02 2.65377275394912032880E+02 2.64821556956007270855E+02 2.64265838517102565675E+02 2.63710120078197803650E+02 2.63154401639293041626E+02 2.62598683200388336445E+02 2.62042964761483631264E+02 2.61487246322578869240E+02 2.60931527883674164059E+02 2.60375809444769402035E+02 2.59820091005864696854E+02 2.59264372566959991673E+02 2.58708654128055229648E+02 2.58152935689150524468E+02
3.53476433890289229112E+02 3.52643463294850619150E+02 3.51810492699411952344E+02 3.50977522103973342382E+02 3.50144551508534732420E+02 3.49311580913096008771E+02 3.48478610317657398809E+02 3.47645639722218732004E+02 3.46812669126780122042E+02 3.45979698531341512080E+02 3.45146727935902788431E+02 3.44313757340464178469E+02 3.43480786745025568507E+02 3.42647816149586901702E+02 3.41814845554148291740E+02 3.40981874958709681778E+02 3.40148904363271014972E+02 3.39315933767832348167E+02 3.38482963172393681361E+02 3.37649992576955071399E+02 3.36817021981516461437E+02 3.35984051386077794632E+02 3.35151080790639184670E+02 3.34318110195200517865E+02 3.33485139599761851059E+02 3.32652169004323241097E+02 3.31819198408884631135E+02 3.30986227813445964330E+02 3.30153257218007354368E+02 3.29320286622568630719E+02 3.28487316027130020757E+02 3.27654345431691410795E+02 3.26821374836252743989E+02 3.25988404240814134027E+02 3.25155433645375524065E+02 3.24322463049936800417E+02 3.23489492454498190455E+02 3.22656521859059580493E+02 3.21823551263620913687E+02 3.20990580668182303725E+02 3.20157610072743693763E+02 3.19324639477304970114E+02 3.18491668881866360152E+02 3.17658698286427693347E+02 3.16825727690989083385E+02 3.15992757095550473423E+02 3.15159786500111749774E+02 3.14326815904673139812E+02 3.13493845309234529850E+02 3.12660874713795863045E+02 3.11827904118357253083E+02 3.10994933522918586277E+02 3.10161962927479919472E+02 3.09328992332041309510E+02 3.08496021736602642704E+02 3.07663051141164032742E+02
3.52187521011655974235E+02 3.51360614011947120616E+02 3.50533707012238153311E+02 3.49706800012529299693E+02 3.48879893012820332387E+02 3.48052986013111478769E+02 3.47226079013402511464E+02 3.46399172013693657846E+02 3.45572265013984690540E+02 3.44745358014275836922E+02 3.43918451014566983304E+02 3.43091544014858015998E+02 3.42264637015149162380E+02 3.41437730015440195075E+02 3.40610823015731341457E+02 3.39783916016022374151E+02 3.38957009016313520533E+02 3.38130102016604553228E+02 3.37303195016895699609E+02 3.36476288017186845991E+02 3.35649381017477878686E+02 3.34822474017769025068E+02 3.33995567018060057762E+02 3.33168660018351204144E+02 3.32341753018642236839E+02 3.31514846018933383220E+02 3.30687939019224415915E+02 3.29861032019515562297E+02 3.29034125019806708679E+02 3.28207218020097741373E+02 3.27380311020388887755E+02 3.26553404020679920450E+02 3.25726497020971066831E+02 3.24899590021262099526E+02 3.24072683021553245908E+02 3.23245776021844392289E+02 3.22418869022135424984E+02 3.21591962022426571366E+02 3.20765055022717604061E+02 3.19938148023008750442E+02 3.19111241023299783137E+02 3.18284334023590929519E+02 3.17457427023881962214E+02 3.16630520024173108595E+02 3.15803613024464254977E+02 3.14976706024755287672E+02 3.14149799025046434053E+02 3.13322892025337466748E+02 3.12495985025628613130E+02 3.11669078025919645825E+02 3.10842171026210792206E+02 3.10015264026501824901E+02 3.09188357026792971283E+02 3.08361450027084060821E+02 3.07534543027375150359E+02 3.06707636027666296741E+02
3.73338988005262649494E+02 3.72409774672164019194E+02 3.71480561339065388893E+02 3.70551348005966815435E+02 3.69622134672868128291E+02 3.68692921339769497990E+02 3.67763708006670867690E+02 3.66834494673572294232E+02 3.65905281340473663931E+02 3.64976068007375033631E+02 3.64046854674276403330E+02 3.63117641341177773029E+02 3.62188428008079142728E+02 3.61259214674980512427E+02 3.60330001341881882126E+02 3.59400788008783308669E+02 3.58471574675684678368E+02 3.57542361342585991224E+02 3.56613148009487360923E+02 3.55683934676388787466E+02 3.54754721343290157165E+02 3.53825508010191526864E+02 3.52896294677092896563E+02 3.51967081343994323106E+02 3.51037868010895635962E+02 3.50108654677797005661E+02 3.49179441344698375360E+02 3.48250228011599801903E+02 3.47321014678501171602E+02 3.46391801345402541301E+02 3.45462588012303967844E+02 3.44533374679205280700E+02 3.43604161346106650399E+02 3.42674948013008020098E+02 3.41745734679909389797E+02 3.40816521346810816340E+02 3.39887308013712186039E+02 3.38958094680613555738E+02 3.38028881347514868594E+02 3.37099668014416295136E+02 3.36170454681317664836E+02 3.35241241348219034535E+02 3.34312028015120461077E+02 3.33382814682021830777E+02 3.32453601348923200476E+02 3.31524388015824513332E+02 3.30595174682725883031E+02 3.29665961349627309573E+02 3.28736748016528679273E+02 3.27807534683430048972E+02 3.26878321350331475514E+02 3.25949108017232788370E+02 3.25019894684134158069E+02 3.24090681351035527769E+02 3.23161468017936954311E+02 3.22232254684838324010E+02
2.74181945426606318961E+02 2.73680773831953501940E+02 2.73179602237300741763E+02 2.72678430642647924742E+02 2.72177259047995164565E+02 2.71676087453342347544E+02 2.71174915858689587367E+02 2.70673744264036770346E+02 2.70172572669384010169E+02 2.69671401074731193148E+02 2.69170229480078432971E+02 2.68669057885425615950E+02 2.68167886290772798930E+02 2.67666714696120038752E+02 2.67165543101467221732E+02 2.66664371506814461554E+02 2.66163199912161644534E+02 2.65662028317508884356E+02 2.65160856722856067336E+02 2.64659685128203307158E+02 2.64158513533550490138E+02 2.63657341938897729960E+02 2.63156170344244912940E+02 2.62654998749592152762E+02 2.62153827154939335742E+02 2.61652655560286575565E+02 2.61151483965633815387E+02 2.60650312370980998367E+02 2.60149140776328238189E+02 2.59647969181675421169E+02 2.59146797587022660991E+02 2.58645625992369843971E+02 2.58144454397717026950E+02 2.57643282803064266773E+02 2.57142111208411449752E+02 2.56640939613758689575E+02 2.56139768019105872554E+02 2.55638596424453083955E+02 2.55137424829800295356E+02 2.54636253235147506757E+02 2.54135081640494718158E+02 2.53633910045841957981E+02 2.53132738451189140960E+02 2.52631566856536380783E+02 2.52130395261883563762E+02 2.51629223667230746742E+02 2.51128052072577986564E+02 2.50626880477925169544E+02 2.50125708883272409366E+02 2.49624537288619592346E+02 2.49123365693966832168E+02 2.48622194099314015148E+02 2.48121022504661254970E+02 2.47619850910008437950E+02 2.47118679315355620929E+02 2.46617507720702860752E+02
2.76504266381363777327E+02 2.75994568985849809906E+02 2.75484871590335785640E+02 2.74975174194821818219E+02 2.74465476799307850797E+02 2.73955779403793883375E+02 2.73446082008279859110E+02 2.72936384612765948532E+02 2.72426687217251981110E+02 2.71916989821737956845E+02 2.71407292426224046267E+02 2.70897595030710022002E+02 2.70387897635196054580E+02 2.69878200239682087158E+02 2.69368502844168119736E+02 2.68858805448654152315E+02 2.68349108053140128050E+02 2.67839410657626217471E+02 2.67329713262112193206E+02 2.66820015866598225784E+02 2.66310318471084258363E+02 2.65800621075570290941E+02 2.65290923680056323519E+02 2.64781226284542299254E+02 2.64271528889028388676E+02 2.63761831493514364411E+02 2.63252134098000396989E+02 2.62742436702486486411E+02 2.62232739306972462145E+02 2.61723041911458494724E+02 2.61213344515944527302E+02 2.60703647120430559880E+02 2.60193949724916535615E+02 2.59684252329402568193E+02 2.59174554933888657615E+02 2.58664857538374633350E+02 2.58155160142860665928E+02 2.57645462747346698507E+02 2.57135765351832731085E+02 2.56626067956318706820E+02 2.56116370560804796241E+02 2.55606673165290828820E+02 2.55096975769776804555E+02 2.54587278374262865555E+02 2.54077580978748841289E+02 2.53567883583234902289E+02 2.53058186187720963289E+02 2.52548488792206939024E+02 2.52038791396693000024E+02 2.51529094001178975759E+02 2.51019396605665036759E+02 2.50509699210151040916E+02 2.50000001814637073494E+02 2.49490304419123134494E+02 2.48980607023609110229E+02 2.48470909628095171229E+02
3.39474836083001775933E+02 3.38706548320777869776E+02 3.37938260558554020463E+02 3.37169972796330114306E+02 3.36401685034106321837E+02 3.35633397271882415680E+02 3.34865109509658509523E+02 3.34096821747434660210E+02 3.33328533985210754054E+02 3.32560246222986961584E+02 3.31791958460763055427E+02 3.31023670698539206114E+02 3.30255382936315299958E+02 3.29487095174091393801E+02 3.28718807411867544488E+02 3.27950519649643695175E+02 3.27182231887419845862E+02 3.26413944125195939705E+02 3.25645656362972033548E+02 3.24877368600748184235E+02 3.24109080838524278079E+02 3.23340793076300485609E+02 3.22572505314076579452E+02 3.21804217551852730139E+02 3.21035929789628823983E+02 3.20267642027404917826E+02 3.19499354265181068513E+02 3.18731066502957219200E+02 3.17962778740733369887E+02 3.17194490978509463730E+02 3.16426203216285557573E+02 3.15657915454061708260E+02 3.14889627691837802104E+02 3.14121339929614009634E+02 3.13353052167390103477E+02 3.12584764405166197321E+02 3.11816476642942348008E+02 3.11048188880718441851E+02 3.10279901118494649381E+02 3.09511613356270743225E+02 3.08743325594046893912E+02 3.07975037831822987755E+02 3.07206750069599081598E+02 3.06438462307375232285E+02 3.05670174545151382972E+02 3.04901886782927533659E+02 3.04133599020703627502E+02 3.03365311258479721346E+02 3.02597023496255872033E+02 3.01828735734031965876E+02 3.01060447971808173406E+02 3.00292160209584267250E+02 2.99523872447360417937E+02 2.98755584685136511780E+02 2.97987296922912605623E+02 2.97219009160688756310E+02
2.87357133080342521225E+02 2.86806638934128159235E+02 2.86256144787913797245E+02 2.85705650641699492098E+02 2.85155156495485073265E+02 2.84604662349270711275E+02 2.84054168203056349284E+02 2.83503674056841987294E+02 2.82953179910627682148E+02 2.82402685764413320157E+02 2.81852191618198958167E+02 2.81301697471984539334E+02 2.80751203325770234187E+02 2.80200709179555872197E+02 2.79650215033341510207E+02 2.79099720887127148217E+02 2.78549226740912786227E+02 2.77998732594698481080E+02 2.77448238448484062246E+02 2.76897744302269700256E+02 2.76347250156055338266E+02 2.75796756009840976276E+02 2.75246261863626671129E+02 2.74695767717412309139E+02 2.74145273571197947149E+02 2.73594779424983528315E+02 2.73044285278769223169E+02 2.72493791132554861179E+02 2.71943296986340499188E+02 2.71392802840126137198E+02 2.70842308693911775208E+02 2.70291814547697470061E+02 2.69741320401483051228E+02 2.69190826255268689238E+02 2.68640332109054327248E+02 2.68089837962839965257E+02 2.67539343816625660111E+02 2.66988849670411298121E+02 2.66438355524196936130E+02 2.65887861377982517297E+02 2.65337367231768212150E+02 2.64786873085553850160E+02 2.64236378939339488170E+02 2.63685884793125126180E+02 2.63135390646910764190E+02 2.62584896500696459043E+02 2.62034402354482040209E+02 2.61483908208267678219E+02 2.60933414062053316229E+02 2.60382919915839011082E+02 2.59832425769624649092E+02 2.59281931623410287102E+02 2.58731437477195925112E+02 2.58180943330981506278E+02 2.57630449184767201132E+02 2.57079955038552839142E+02
3.32154254938184919865E+02 3.31418745277694654305E+02 3.30683235617204331902E+02 3.29947725956714066342E+02 3.29212216296223857626E+02 3.28476706635733592066E+02 3.27741196975243269662E+02 3.27005687314753004102E+02 3.26270177654262738542E+02 3.25534667993772472983E+02 3.24799158333282150579E+02 3.24063648672791941863E+02 3.23328139012301676303E+02 3.22592629351811410743E+02 3.21857119691321088339E+02 3.21121610030830822780E+02 3.20386100370340557220E+02 3.19650590709850291660E+02 3.18915081049359969256E+02 3.18179571388869760540E+02 3.17444061728379494980E+02 3.16708552067889229420E+02 3.15973042407398907017E+02 3.15237532746908641457E+02 3.14502023086418375897E+02 3.13766513425928110337E+02 3.13031003765437901620E+02 3.12295494104947579217E+02 3.11559984444457313657E+02 3.10824474783967048097E+02 3.10088965123476782537E+02 3.09353455462986460134E+02 3.08617945802496194574E+02 3.07882436142005985857E+02 3.07146926481515720297E+02 3.06411416821025397894E+02 3.05675907160535132334E+02 3.04940397500044866774E+02 3.04204887839554601214E+02 3.03469378179064278811E+02 3.02733868518574070094E+02 3.01998358858083804535E+02 3.01262849197593538975E+02 3.00527339537103216571E+02 2.99791829876612951011E+02 2.99056320216122685451E+02 2.98320810555632419891E+02 2.97585300895142097488E+02 2.96849791234651888772E+02 2.96114281574161623212E+02 2.95378771913671357652E+02 2.94643262253181035248E+02 2.93907752592690769688E+02 2.93172242932200504129E+02 2.92436733271710295412E+02 2.91701223611219973009E+02
3.15253900009455207964E+02 3.14591333199647408492E+02 3.13928766389839609019E+02 3.13266199580031809546E+02 3.12603632770224010073E+02 3.11941065960416153757E+02 3.11278499150608354284E+02 3.10615932340800554812E+02 3.09953365530992755339E+02 3.09290798721184955866E+02 3.08628231911377156393E+02 3.07965665101569356921E+02 3.07303098291761500604E+02 3.06640531481953701132E+02 3.05977964672145844816E+02 3.05315397862338045343E+02 3.04652831052530245870E+02 3.03990264242722446397E+02 3.03327697432914646924E+02 3.02665130623106847452E+02 3.02002563813299047979E+02 3.01339997003491248506E+02 3.00677430193683449033E+02 3.00014863383875535874E+02 2.99352296574067736401E+02 2.98689729764259936928E+02 2.98027162954452137456E+02 2.97364596144644337983E+02 2.96702029334836538510E+02 2.96039462525028739037E+02 2.95376895715220939564E+02 2.94714328905413140092E+02 2.94051762095605283776E+02 2.93389195285797484303E+02 2.92726628475989684830E+02 2.92064061666181828514E+02 2.91401494856374029041E+02 2.90738928046566229568E+02 2.90076361236758430096E+02 2.89413794426950630623E+02 2.88751227617142831150E+02 2.88088660807334974834E+02 2.87426093997527175361E+02 2.86763527187719375888E+02 2.86100960377911576415E+02 2.85438393568103776943E+02 2.84775826758295977470E+02 2.84113259948488121154E+02 2.83450693138680321681E+02 2.82788126328872522208E+02 2.82125559519064665892E+02 2.81462992709256866419E+02 2.80800425899449066947E+02 2.80137859089641267474E+02 2.79475292279833468001E+02 2.78812725470025668528E+02
3.07692244412951936283E+02 3.07061080964472694177E+02 3.06429917515993508914E+02 3.05798754067514323651E+02 3.05167590619035081545E+02 3.04536427170555896282E+02 3.03905263722076711019E+02 3.03274100273597525756E+02 3.02642936825118340494E+02 3.02011773376639155231E+02 3.01380609928159969968E+02 3.00749446479680727862E+02 3.00118283031201485755E+02 2.99487119582722300493E+02 2.98855956134243115230E+02 2.98224792685763929967E+02 2.97593629237284744704E+02 2.96962465788805559441E+02 2.96331302340326374178E+02 2.95700138891847132072E+02 2.95068975443367946809E+02 2.94437811994888761546E+02 2.93806648546409576284E+02 2.93175485097930334177E+02 2.92544321649451148915E+02 2.91913158200971963652E+02 2.91281994752492721545E+02 2.90650831304013536283E+02 2.90019667855534351020E+02 2.89388504407055165757E+02 2.88757340958575980494E+02 2.88126177510096795231E+02 2.87495014061617609968E+02 2.86863850613138367862E+02 2.86232687164659125756E+02 2.85601523716179940493E+02 2.84970360267700755230E+02 2.84339196819221569967E+02 2.83708033370742384704E+02 2.83076869922263199442E+02 2.82445706473783957335E+02 2.81814543025304772073E+02 2.81183379576825586810E+02 2.80552216128346401547E+02 2.79921052679867216284E+02 2.79289889231388031021E+02 2.78658725782908788915E+02 2.78027562334429546809E+02 2.77396398885950361546E+02 2.76765235437471176283E+02 2.76134071988991991020E+02 2.75502908540512805757E+02 2.74871745092033620494E+02 2.74240581643554435232E+02 2.73609418195075193125E+02 2.72978254746596007863E+02
3.34003645403623011134E+02 3.33259922502670292488E+02 3.32516199601717573842E+02 3.31772476700764855195E+02 3.31028753799812079706E+02 3.30285030898859361059E+02 3.29541307997906642413E+02 3.28797585096953923767E+02 3.28053862196001205120E+02 3.27310139295048486474E+02 3.26566416394095710984E+02 3.25822693493143049182E+02 3.25078970592190330535E+02 3.24335247691237555046E+02 3.23591524790284836399E+02 3.22847801889332060910E+02 3.22104078988379399107E+02 3.21360356087426680460E+02 3.20616633186473904971E+02 3.19872910285521186324E+02 3.19129187384568467678E+02 3.18385464483615749032E+02 3.17641741582663030385E+02 3.16898018681710254896E+02 3.16154295780757536249E+02 3.15410572879804874447E+02 3.14666849978852098957E+02 3.13923127077899380311E+02 3.13179404176946661664E+02 3.12435681275993886175E+02 3.11691958375041224372E+02 3.10948235474088448882E+02 3.10204512573135730236E+02 3.09460789672183011589E+02 3.08717066771230236100E+02 3.07973343870277574297E+02 3.07229620969324798807E+02 3.06485898068372080161E+02 3.05742175167419361514E+02 3.04998452266466642868E+02 3.04254729365513924222E+02 3.03511006464561205576E+02 3.02767283563608430086E+02 3.02023560662655711440E+02 3.01279837761703049637E+02 3.00536114860750274147E+02 2.99792391959797555501E+02 2.99048669058844780011E+02 2.98304946157892061365E+02 2.97561223256939399562E+02 2.96817500355986624072E+02 2.96073777455033905426E+02 2.95330054554081129936E+02 2.94586331653128468133E+02 2.93842608752175749487E+02 2.93098885851222973997E+02
3.07710267555893381086E+02 3.07079030164164578309E+02 3.06447792772435832376E+02 3.05816555380706972755E+02 3.05185317988978226822E+02 3.04554080597249424045E+02 3.03922843205520564425E+02 3.03291605813791818491E+02 3.02660368422063015714E+02 3.02029131030334269781E+02 3.01397893638605410160E+02 3.00766656246876607383E+02 3.00135418855147861450E+02 2.99504181463419001830E+02 2.98872944071690255896E+02 2.98241706679961453119E+02 2.97610469288232650342E+02 2.96979231896503847565E+02 2.96347994504775044788E+02 2.95716757113046298855E+02 2.95085519721317439235E+02 2.94454282329588636458E+02 2.93823044937859890524E+02 2.93191807546131087747E+02 2.92560570154402284970E+02 2.91929332762673482193E+02 2.91298095370944679416E+02 2.90666857979215876640E+02 2.90035620587487073863E+02 2.89404383195758271086E+02 2.88773145804029468309E+02 2.88141908412300665532E+02 2.87510671020571919598E+02 2.86879433628843116821E+02 2.86248196237114314044E+02 2.85616958845385511268E+02 2.84985721453656708491E+02 2.84354484061927905714E+02 2.83723246670199102937E+02 2.83092009278470300160E+02 2.82460771886741554226E+02 2.81829534495012694606E+02 2.81198297103283948672E+02 2.80567059711555145896E+02 2.79935822319826343119E+02 2.79304584928097540342E+02 2.78673347536368737565E+02 2.78042110144639991631E+02 2.77410872752911132011E+02 2.76779635361182329234E+02 2.76148397969453583300E+02 2.75517160577724723680E+02 2.74885923185995977747E+02 2.74254685794267174970E+02 2.73623448402538429036E+02 2.72992211010809569416E+02
3.47511563741820680207E+02 3.46706468495592105228E+02 3.45901373249363530249E+02 3.45096278003134955270E+02 3.44291182756906380291E+02 3.43486087510677862156E+02 3.42680992264449287177E+02 3.41875897018220655355E+02 3.41070801771992080376E+02 3.40265706525763505397E+02 3.39460611279534930418E+02 3.38655516033306355439E+02 3.37850420787077837304E+02 3.37045325540849262325E+02 3.36240230294620687346E+02 3.35435135048392112367E+02 3.34630039802163537388E+02 3.33824944555935019253E+02 3.33019849309706444274E+02 3.32214754063477812451E+02 3.31409658817249237472E+02 3.30604563571020662494E+02 3.29799468324792087515E+02 3.28994373078563512536E+02 3.28189277832334994400E+02 3.27384182586106419421E+02 3.26579087339877844443E+02 3.25773992093649269464E+02 3.24968896847420694485E+02 3.24163801601192176349E+02 3.23358706354963601370E+02 3.22553611108735026392E+02 3.21748515862506451413E+02 3.20943420616277819590E+02 3.20138325370049244611E+02 3.19333230123820669633E+02 3.18528134877592151497E+02 3.17723039631363576518E+02 3.16917944385135001539E+02 3.16112849138906426560E+02 3.15307753892677851582E+02 3.14502658646449333446E+02 3.13697563400220758467E+02 3.12892468153992183488E+02 3.12087372907763608509E+02 3.11282277661535033531E+02 3.10477182415306401708E+02 3.09672087169077826729E+02 3.08866991922849308594E+02 3.08061896676620733615E+02 3.07256801430392158636E+02 3.06451706184163583657E+02 3.05646610937935008678E+02 3.04841515691706490543E+02 3.04036420445477915564E+02 3.03231325199249340585E+02
2.87168211813932316545E+02 2.86618441268089554796E+02 2.86068670722246793048E+02 2.85518900176404031299E+02 2.84969129630561326394E+02 2.84419359084718564645E+02 2.83869588538875802897E+02 2.83319817993033097991E+02 2.82770047447190393086E+02 2.82220276901347631338E+02 2.81670506355504869589E+02 2.81120735809662107840E+02 2.80570965263819402935E+02 2.80021194717976641186E+02 2.79471424172133879438E+02 2.78921653626291117689E+02 2.78371883080448355940E+02 2.77822112534605651035E+02 2.77272341988762946130E+02 2.76722571442920184381E+02 2.76172800897077422633E+02 2.75623030351234717727E+02 2.75073259805391955979E+02 2.74523489259549194230E+02 2.73973718713706432482E+02 2.73423948167863727576E+02 2.72874177622020965828E+02 2.72324407076178204079E+02 2.71774636530335442330E+02 2.71224865984492737425E+02 2.70675095438650032520E+02 2.70125324892807270771E+02 2.69575554346964509023E+02 2.69025783801121804117E+02 2.68476013255279042369E+02 2.67926242709436280620E+02 2.67376472163593518871E+02 2.66826701617750813966E+02 2.66276931071908052218E+02 2.65727160526065290469E+02 2.65177389980222528720E+02 2.64627619434379823815E+02 2.64077848888537118910E+02 2.63528078342694357161E+02 2.62978307796851595413E+02 2.62428537251008833664E+02 2.61878766705166128759E+02 2.61328996159323367010E+02 2.60779225613480605261E+02 2.60229455067637843513E+02 2.59679684521795138608E+02 2.59129913975952376859E+02 2.58580143430109615110E+02 2.58030372884266853362E+02 2.57480602338424205300E+02 2.56930831792581443551E+02
2.91806089254935272947E+02 2.91238417296760189856E+02 2.90670745338585163609E+02 2.90103073380410080517E+02 2.89535401422235054270E+02 2.88967729464059971178E+02 2.88400057505884944931E+02 2.87832385547709861839E+02 2.87264713589534778748E+02 2.86697041631359752500E+02 2.86129369673184669409E+02 2.85561697715009643161E+02 2.84994025756834560070E+02 2.84426353798659476979E+02 2.83858681840484393888E+02 2.83291009882309367640E+02 2.82723337924134284549E+02 2.82155665965959201458E+02 2.81587994007784175210E+02 2.81020322049609092119E+02 2.80452650091434065871E+02 2.79884978133258982780E+02 2.79317306175083956532E+02 2.78749634216908873441E+02 2.78181962258733790350E+02 2.77614290300558764102E+02 2.77046618342383681011E+02 2.76478946384208654763E+02 2.75911274426033571672E+02 2.75343602467858488581E+02 2.74775930509683405489E+02 2.74208258551508322398E+02 2.73640586593333296150E+02 2.73072914635158213059E+02 2.72505242676983186811E+02 2.71937570718808103720E+02 2.71369898760633077472E+02 2.70802226802457994381E+02 2.70234554844282911290E+02 2.69666882886107885042E+02 2.69099210927932801951E+02 2.68531538969757775703E+02 2.67963867011582692612E+02 2.67396195053407666364E+02 2.66828523095232583273E+02 2.66260851137057557025E+02 2.65693179178882417091E+02 2.65125507220707334000E+02 2.64557835262532307752E+02 2.63990163304357224661E+02 2.63422491346182198413E+02 2.62854819388007115322E+02 2.62287147429832089074E+02 2.61719475471657005983E+02 2.61151803513481922892E+02 2.60584131555306896644E+02
3.08431590739978673810E+02 3.07797390432202689681E+02 3.07163190124426762395E+02 3.06528989816650835110E+02 3.05894789508874850981E+02 3.05260589201098866852E+02 3.04626388893322882723E+02 3.03992188585547012281E+02 3.03357988277771028152E+02 3.02723787969995044023E+02 3.02089587662219059894E+02 3.01455387354443189452E+02 3.00821187046667205323E+02 3.00186986738891221194E+02 2.99552786431115237065E+02 2.98918586123339309779E+02 2.98284385815563382494E+02 2.97650185507787398365E+02 2.97015985200011414236E+02 2.96381784892235486950E+02 2.95747584584459502821E+02 2.95113384276683575536E+02 2.94479183968907591407E+02 2.93844983661131664121E+02 2.93210783353355679992E+02 2.92576583045579752707E+02 2.91942382737803768578E+02 2.91308182430027784449E+02 2.90673982122251857163E+02 2.90039781814475873034E+02 2.89405581506699945749E+02 2.88771381198923961620E+02 2.88137180891148034334E+02 2.87502980583372050205E+02 2.86868780275596122920E+02 2.86234579967820138791E+02 2.85600379660044211505E+02 2.84966179352268227376E+02 2.84331979044492243247E+02 2.83697778736716315962E+02 2.83063578428940388676E+02 2.82429378121164404547E+02 2.81795177813388420418E+02 2.81160977505612493133E+02 2.80526777197836509004E+02 2.79892576890060581718E+02 2.79258376582284597589E+02 2.78624176274508613460E+02 2.77989975966732743018E+02 2.77355775658956758889E+02 2.76721575351180774760E+02 2.76087375043404790631E+02 2.75453174735628806502E+02 2.74818974427852936060E+02 2.74184774120076951931E+02 2.73550573812300967802E+02
2.78257638905763769799E+02 2.77741456815034382544E+02 2.77225274724304995289E+02 2.76709092633575551190E+02 2.76192910542846163935E+02 2.75676728452116776680E+02 2.75160546361387389425E+02 2.74644364270657945326E+02 2.74128182179928558071E+02 2.73612000089199170816E+02 2.73095817998469783561E+02 2.72579635907740339462E+02 2.72063453817010952207E+02 2.71547271726281564952E+02 2.71031089635552177697E+02 2.70514907544822733598E+02 2.69998725454093346343E+02 2.69482543363363959088E+02 2.68966361272634571833E+02 2.68450179181905127734E+02 2.67933997091175740479E+02 2.67417815000446296381E+02 2.66901632909716909126E+02 2.66385450818987465027E+02 2.65869268728258077772E+02 2.65353086637528690517E+02 2.64836904546799303262E+02 2.64320722456069859163E+02 2.63804540365340471908E+02 2.63288358274611084653E+02 2.62772176183881697398E+02 2.62255994093152253299E+02 2.61739812002422866044E+02 2.61223629911693478789E+02 2.60707447820964091534E+02 2.60191265730234647435E+02 2.59675083639505260180E+02 2.59158901548775872925E+02 2.58642719458046485670E+02 2.58126537367317041571E+02 2.57610355276587654316E+02 2.57094173185858267061E+02 2.56577991095128879806E+02 2.56061809004399435707E+02 2.55545626913670048452E+02 2.55029444822940661197E+02 2.54513262732211273942E+02 2.53997080641481829844E+02 2.53480898550752442588E+02 2.52964716460023055333E+02 2.52448534369293639656E+02 2.51932352278564223980E+02 2.51416170187834808303E+02 2.50899988097105421048E+02 2.50383806006376033793E+02 2.49867623915646589694E+02
3.04678553806750414878E+02 3.04059693665751922254E+02 3.03440833524753429629E+02 3.02821973383754937004E+02 3.02203113242756444379E+02 3.01584253101757951754E+02 3.00965392960759459129E+02 3.00346532819760966504E+02 2.99727672678762530722E+02 2.99108812537764038098E+02 2.98489952396765545473E+02 2.97871092255767052848E+02 2.97252232114768560223E+02 2.96633371973770067598E+02 2.96014511832771574973E+02 2.95395651691773082348E+02 2.94776791550774589723E+02 2.94157931409776097098E+02 2.93539071268777604473E+02 2.92920211127779168692E+02 2.92301350986780676067E+02 2.91682490845782240285E+02 2.91063630704783747660E+02 2.90444770563785255035E+02 2.89825910422786762410E+02 2.89207050281788269785E+02 2.88588190140789777161E+02 2.87969329999791284536E+02 2.87350469858792791911E+02 2.86731609717794299286E+02 2.86112749576795806661E+02 2.85493889435797314036E+02 2.84875029294798821411E+02 2.84256169153800328786E+02 2.83637309012801836161E+02 2.83018448871803400380E+02 2.82399588730804907755E+02 2.81780728589806415130E+02 2.81161868448807922505E+02 2.80543008307809429880E+02 2.79924148166810937255E+02 2.79305288025812444630E+02 2.78686427884814008848E+02 2.78067567743815516224E+02 2.77448707602817023599E+02 2.76829847461818530974E+02 2.76210987320820038349E+02 2.75592127179821545724E+02 2.74973267038823053099E+02 2.74354406897824617317E+02 2.73735546756826124692E+02 2.73116686615827632068E+02 2.72497826474829139443E+02 2.71878966333830646818E+02 2.71260106192832154193E+02 2.70641246051833661568E+02
2.47996638839262317333E+02 2.47586623286758538143E+02 2.47176607734254702109E+02 2.46766592181750894497E+02 2.46356576629247086885E+02 2.45946561076743307694E+02 2.45536545524239443239E+02 2.45126529971735664049E+02 2.44716514419231856436E+02 2.44306498866728020403E+02 2.43896483314224212791E+02 2.43486467761720433600E+02 2.43076452209216597566E+02 2.42666436656712789954E+02 2.42256421104208982342E+02 2.41846405551705203152E+02 2.41436389999201338696E+02 2.41026374446697559506E+02 2.40616358894193751894E+02 2.40206343341689915860E+02 2.39796327789186108248E+02 2.39386312236682329058E+02 2.38976296684178521446E+02 2.38566281131674685412E+02 2.38156265579170877800E+02 2.37746250026667098609E+02 2.37336234474163234154E+02 2.36926218921659454963E+02 2.36516203369155647351E+02 2.36106187816651868161E+02 2.35696172264148003705E+02 2.35286156711644224515E+02 2.34876141159140416903E+02 2.34466125606636580869E+02 2.34056110054132773257E+02 2.33646094501628994067E+02 2.33236078949125186455E+02 2.32826063396621350421E+02 2.32416047844117542809E+02 2.32006032291613763618E+02 2.31596016739109899163E+02 2.31186001186606119973E+02 2.30775985634102312360E+02 2.30365970081598533170E+02 2.29955954529094668715E+02 2.29545938976590889524E+02 2.29135923424087081912E+02 2.28725907871583245878E+02 2.28315892319079438266E+02 2.27905876766575659076E+02 2.27495861214071794620E+02 2.27085845661568015430E+02 2.26675830109064207818E+02 2.26265814556560400206E+02 2.25855799004056564172E+02 2.25445783451552784982E+02
2.99400361259538442482E+02 2.98802757417389500461E+02 2.98205153575240501596E+02 2.97607549733091559574E+02 2.97009945890942617552E+02 2.96412342048793675531E+02 2.95814738206644733509E+02 2.95217134364495791488E+02 2.94619530522346792623E+02 2.94021926680197907444E+02 2.93424322838048965423E+02 2.92826718995899966558E+02 2.92229115153751024536E+02 2.91631511311602082515E+02 2.91033907469453197336E+02 2.90436303627304198471E+02 2.89838699785155256450E+02 2.89241095943006314428E+02 2.88643492100857372407E+02 2.88045888258708430385E+02 2.87448284416559488363E+02 2.86850680574410489498E+02 2.86253076732261604320E+02 2.85655472890112662299E+02 2.85057869047963663434E+02 2.84460265205814721412E+02 2.83862661363665779390E+02 2.83265057521516837369E+02 2.82667453679367895347E+02 2.82069849837218953326E+02 2.81472245995069954461E+02 2.80874642152921069282E+02 2.80277038310772127261E+02 2.79679434468623128396E+02 2.79081830626474186374E+02 2.78484226784325244353E+02 2.77886622942176302331E+02 2.77289019100027360309E+02 2.76691415257878418288E+02 2.76093811415729419423E+02 2.75496207573580534245E+02 2.74898603731431592223E+02 2.74300999889282650201E+02 2.73703396047133651336E+02 2.73105792204984709315E+02 2.72508188362835824137E+02 2.71910584520686825272E+02 2.71312980678537883250E+02 2.70715376836388941229E+02 2.70117772994239999207E+02 2.69520169152091057185E+02 2.68922565309942115164E+02 2.68324961467793116299E+02 2.67727357625644231121E+02 2.67129753783495289099E+02 2.66532149941346290234E+02
3.17744968501806170025E+02 3.17071889401751377591E+02 3.16398810301696585157E+02 3.15725731201641906409E+02 3.15052652101587113975E+02 3.14379573001532378385E+02 3.13706493901477585950E+02 3.13033414801422850360E+02 3.12360335701368114769E+02 3.11687256601313322335E+02 3.11014177501258529901E+02 3.10341098401203851154E+02 3.09668019301149058720E+02 3.08994940201094266286E+02 3.08321861101039530695E+02 3.07648782000984795104E+02 3.06975702900930002670E+02 3.06302623800875267079E+02 3.05629544700820474645E+02 3.04956465600765739055E+02 3.04283386500711003464E+02 3.03610307400656211030E+02 3.02937228300601418596E+02 3.02264149200546739849E+02 3.01591070100491947414E+02 3.00917991000437154980E+02 3.00244911900382419390E+02 2.99571832800327683799E+02 2.98898753700272948208E+02 2.98225674600218155774E+02 2.97552595500163363340E+02 2.96879516400108684593E+02 2.96206437300053892159E+02 2.95533358199999099725E+02 2.94860279099944364134E+02 2.94187199999889628543E+02 2.93514120899834836109E+02 2.92841041799780100519E+02 2.92167962699725308084E+02 2.91494883599670572494E+02 2.90821804499615836903E+02 2.90148725399561044469E+02 2.89475646299506252035E+02 2.88802567199451573288E+02 2.88129488099396780854E+02 2.87456408999341988419E+02 2.86783329899287252829E+02 2.86110250799232517238E+02 2.85437171699177724804E+02 2.84764092599122989213E+02 2.84091013499068196779E+02 2.83417934399013518032E+02 2.82744855298958725598E+02 2.82071776198903933164E+02 2.81398697098849197573E+02 2.80725617998794461982E+02
2.62866485560987257486E+02 2.62405826966112726950E+02 2.61945168371238139571E+02 2.61484509776363609035E+02 2.61023851181489021656E+02 2.60563192586614434276E+02 2.60102533991739903740E+02 2.59641875396865316361E+02 2.59181216801990785825E+02 2.58720558207116198446E+02 2.58259899612241611067E+02 2.57799241017367080531E+02 2.57338582422492549995E+02 2.56877923827617905772E+02 2.56417265232743375236E+02 2.55956606637868844700E+02 2.55495948042994228899E+02 2.55035289448119698363E+02 2.54574630853245139406E+02 2.54113972258370552026E+02 2.53653313663495993069E+02 2.53192655068621405690E+02 2.52731996473746846732E+02 2.52271337878872316196E+02 2.51810679283997700395E+02 2.51350020689123169859E+02 2.50889362094248610902E+02 2.50428703499374023522E+02 2.49968044904499464565E+02 2.49507386309624877185E+02 2.49046727714750318228E+02 2.48586069119875787692E+02 2.48125410525001171891E+02 2.47664751930126641355E+02 2.47204093335252082397E+02 2.46743434740377495018E+02 2.46282776145502936060E+02 2.45822117550628405525E+02 2.45361458955753789724E+02 2.44900800360879259188E+02 2.44440141766004700230E+02 2.43979483171130112851E+02 2.43518824576255553893E+02 2.43058165981380966514E+02 2.42597507386506435978E+02 2.42136848791631877020E+02 2.41676190196757289641E+02 2.41215531601882730683E+02 2.40754873007008171726E+02 2.40294214412133584347E+02 2.39833555817259053811E+02 2.39372897222384494853E+02 2.38912238627509907474E+02 2.38451580032635348516E+02 2.37990921437760761137E+02 2.37530262842886202179E+02
3.29591615743634804403E+02 3.28867411522511531530E+02 3.28143207301388144970E+02 3.27419003080264815253E+02 3.26694798859141485536E+02 3.25970594638018155820E+02 3.25246390416894826103E+02 3.24522186195771496386E+02 3.23797981974648166670E+02 3.23073777753524836953E+02 3.22349573532401507237E+02 3.21625369311278177520E+02 3.20901165090154790960E+02 3.20176960869031518087E+02 3.19452756647908188370E+02 3.18728552426784801810E+02 3.18004348205661528937E+02 3.17280143984538142377E+02 3.16555939763414869503E+02 3.15831735542291539787E+02 3.15107531321168153227E+02 3.14383327100044880353E+02 3.13659122878921550637E+02 3.12934918657798164077E+02 3.12210714436674891203E+02 3.11486510215551504643E+02 3.10762305994428174927E+02 3.10038101773304902053E+02 3.09313897552181515493E+02 3.08589693331058185777E+02 3.07865489109934856060E+02 3.07141284888811526343E+02 3.06417080667688196627E+02 3.05692876446564866910E+02 3.04968672225441537194E+02 3.04244468004318207477E+02 3.03520263783194877760E+02 3.02796059562071548044E+02 3.02071855340948161484E+02 3.01347651119824888610E+02 3.00623446898701558894E+02 2.99899242677578172334E+02 2.99175038456454899460E+02 2.98450834235331512900E+02 2.97726630014208183184E+02 2.97002425793084910310E+02 2.96278221571961523750E+02 2.95554017350838194034E+02 2.94829813129714864317E+02 2.94105608908591534600E+02 2.93381404687468261727E+02 2.92657200466344875167E+02 2.91932996245221545450E+02 2.91208792024098158890E+02 2.90484587802974886017E+02 2.89760383581851556301E+02
3.57409277971900053217E+02 3.56557668692030745206E+02 3.55706059412161437194E+02 3.54854450132292129183E+02 3.54002840852422878015E+02 3.53151231572553513161E+02 3.52299622292684205149E+02 3.51448013012814897138E+02 3.50596403732945645970E+02 3.49744794453076337959E+02 3.48893185173207029948E+02 3.48041575893337778780E+02 3.47189966613468470769E+02 3.46338357333599105914E+02 3.45486748053729797903E+02 3.44635138773860546735E+02 3.43783529493991238724E+02 3.42931920214121930712E+02 3.42080310934252622701E+02 3.41228701654383371533E+02 3.40377092374514063522E+02 3.39525483094644755511E+02 3.38673873814775390656E+02 3.37822264534906139488E+02 3.36970655255036831477E+02 3.36119045975167523466E+02 3.35267436695298272298E+02 3.34415827415428964287E+02 3.33564218135559656275E+02 3.32712608855690348264E+02 3.31860999575821040253E+02 3.31009390295951732242E+02 3.30157781016082424230E+02 3.29306171736213116219E+02 3.28454562456343865051E+02 3.27602953176474557040E+02 3.26751343896605249029E+02 3.25899734616735997861E+02 3.25048125336866689850E+02 3.24196516056997324995E+02 3.23344906777128016984E+02 3.22493297497258765816E+02 3.21641688217389457805E+02 3.20790078937520149793E+02 3.19938469657650841782E+02 3.19086860377781590614E+02 3.18235251097912282603E+02 3.17383641818042917748E+02 3.16532032538173609737E+02 3.15680423258304358569E+02 3.14828813978435050558E+02 3.13977204698565742547E+02 3.13125595418696491379E+02 3.12273986138827183368E+02 3.11422376858957875356E+02 3.10570767579088567345E+02
2.98059995983562430411E+02 2.97467730908857674876E+02 2.96875465834152805655E+02 2.96283200759448050121E+02 2.95690935684743180900E+02 2.95098670610038425366E+02 2.94506405535333556145E+02 2.93914140460628800611E+02 2.93321875385923988233E+02 2.92729610311219175856E+02 2.92137345236514363478E+02 2.91545080161809551100E+02 2.90952815087104738723E+02 2.90360550012399926345E+02 2.89768284937695113967E+02 2.89176019862990358433E+02 2.88583754788285489212E+02 2.87991489713580733678E+02 2.87399224638875864457E+02 2.86806959564171108923E+02 2.86214694489466239702E+02 2.85622429414761484168E+02 2.85030164340056614947E+02 2.84437899265351859412E+02 2.83845634190647047035E+02 2.83253369115942234657E+02 2.82661104041237422280E+02 2.82068838966532609902E+02 2.81476573891827797524E+02 2.80884308817122985147E+02 2.80292043742418172769E+02 2.79699778667713417235E+02 2.79107513593008548014E+02 2.78515248518303792480E+02 2.77922983443598923259E+02 2.77330718368894167725E+02 2.76738453294189298504E+02 2.76146188219484542969E+02 2.75553923144779730592E+02 2.74961658070074918214E+02 2.74369392995370105837E+02 2.73777127920665293459E+02 2.73184862845960481081E+02 2.72592597771255668704E+02 2.72000332696550856326E+02 2.71408067621846100792E+02 2.70815802547141231571E+02 2.70223537472436476037E+02 2.69631272397731606816E+02 2.69039007323026851282E+02 2.68446742248321982061E+02 2.67854477173617226526E+02 2.67262212098912414149E+02 2.66669947024207601771E+02 2.66077681949502789394E+02 2.65485416874797977016E+02
3.73927117649913100195E+02 3.72994974387819979711E+02 3.72062831125726802384E+02 3.71130687863633681900E+02 3.70198544601540504573E+02 3.69266401339447384089E+02 3.68334258077354206762E+02 3.67402114815261086278E+02 3.66469971553167965794E+02 3.65537828291074788467E+02 3.64605685028981667983E+02 3.63673541766888490656E+02 3.62741398504795370172E+02 3.61809255242702192845E+02 3.60877111980609072361E+02 3.59944968718515895034E+02 3.59012825456422774550E+02 3.58080682194329597223E+02 3.57148538932236476739E+02 3.56216395670143356256E+02 3.55284252408050178929E+02 3.54352109145957058445E+02 3.53419965883863881118E+02 3.52487822621770760634E+02 3.51555679359677583307E+02 3.50623536097584462823E+02 3.49691392835491285496E+02 3.48759249573398165012E+02 3.47827106311304987685E+02 3.46894963049211867201E+02 3.45962819787118746717E+02 3.45030676525025569390E+02 3.44098533262932448906E+02 3.43166390000839271579E+02 3.42234246738746151095E+02 3.41302103476652973768E+02 3.40369960214559853284E+02 3.39437816952466675957E+02 3.38505673690373555473E+02 3.37573530428280434990E+02 3.36641387166187257662E+02 3.35709243904094137179E+02 3.34777100642000959851E+02 3.33844957379907839368E+02 3.32912814117814662040E+02 3.31980670855721541557E+02 3.31048527593628364230E+02 3.30116384331535243746E+02 3.29184241069442066419E+02 3.28252097807348945935E+02 3.27319954545255825451E+02 3.26387811283162648124E+02 3.25455668021069527640E+02 3.24523524758976350313E+02 3.23591381496883229829E+02 3.22659238234790052502E+02
2.74123707929477177458E+02 2.73622749214483803826E+02 2.73121790499490430193E+02 2.72620831784497056560E+02 2.72119873069503682927E+02 2.71618914354510366138E+02 2.71117955639516992505E+02 2.70616996924523618873E+02 2.70116038209530245240E+02 2.69615079494536871607E+02 2.69114120779543497974E+02 2.68613162064550124342E+02 2.68112203349556750709E+02 2.67611244634563433920E+02 2.67110285919570060287E+02 2.66609327204576686654E+02 2.66108368489583256178E+02 2.65607409774589882545E+02 2.65106451059596508912E+02 2.64605492344603135280E+02 2.64104533629609761647E+02 2.63603574914616444858E+02 2.63102616199623071225E+02 2.62601657484629697592E+02 2.62100698769636323959E+02 2.61599740054642950327E+02 2.61098781339649576694E+02 2.60597822624656203061E+02 2.60096863909662829428E+02 2.59595905194669455796E+02 2.59094946479676139006E+02 2.58593987764682765373E+02 2.58093029049689391741E+02 2.57592070334696018108E+02 2.57091111619702644475E+02 2.56590152904709270842E+02 2.56089194189715897210E+02 2.55588235474722551999E+02 2.55087276759729178366E+02 2.54586318044735804733E+02 2.54085359329742431100E+02 2.53584400614749085889E+02 2.53083441899755712257E+02 2.52582483184762338624E+02 2.52081524469768964991E+02 2.51580565754775619780E+02 2.51079607039782246147E+02 2.50578648324788815671E+02 2.50077689609795442038E+02 2.49576730894802096827E+02 2.49075772179808723195E+02 2.48574813464815349562E+02 2.48073854749821975929E+02 2.47572896034828630718E+02 2.47071937319835257085E+02 2.46570978604841883453E+02
2.80528379986634831766E+02 2.80003738840115317998E+02 2.79479097693595804230E+02 2.78954456547076290462E+02 2.78429815400556833538E+02 2.77905174254037319770E+02 2.77380533107517806002E+02 2.76855891960998292234E+02 2.76331250814478778466E+02 2.75806609667959264698E+02 2.75281968521439750930E+02 2.74757327374920294005E+02 2.74232686228400780237E+02 2.73708045081881266469E+02 2.73183403935361752701E+02 2.72658762788842238933E+02 2.72134121642322725165E+02 2.71609480495803268241E+02 2.71084839349283754473E+02 2.70560198202764240705E+02 2.70035557056244726937E+02 2.69510915909725213169E+02 2.68986274763205699401E+02 2.68461633616686242476E+02 2.67936992470166728708E+02 2.67412351323647214940E+02 2.66887710177127701172E+02 2.66363069030608187404E+02 2.65838427884088673636E+02 2.65313786737569216712E+02 2.64789145591049702944E+02 2.64264504444530189176E+02 2.63739863298010675408E+02 2.63215222151491161640E+02 2.62690581004971647872E+02 2.62165939858452190947E+02 2.61641298711932677179E+02 2.61116657565413163411E+02 2.60592016418893649643E+02 2.60067375272374135875E+02 2.59542734125854622107E+02 2.59018092979335108339E+02 2.58493451832815651414E+02 2.57968810686296080803E+02 2.57444169539776623878E+02 2.56919528393257053267E+02 2.56394887246737539499E+02 2.55870246100218054153E+02 2.55345604953698540385E+02 2.54820963807179055038E+02 2.54296322660659541270E+02 2.53771681514140027502E+02 2.53247040367620542156E+02 2.52722399221101028388E+02 2.52197758074581514620E+02 2.51673116928062029274E+02
3.12751402793341810593E+02 3.12099313193680472978E+02 3.11447223594019135362E+02 3.10795133994357797746E+02 3.10143044394696403288E+02 3.09490954795035008829E+02 3.08838865195373671213E+02 3.08186775595712333597E+02 3.07534685996050995982E+02 3.06882596396389601523E+02 3.06230506796728263907E+02 3.05578417197066926292E+02 3.04926327597405588676E+02 3.04274237997744251061E+02 3.03622148398082856602E+02 3.02970058798421462143E+02 3.02317969198760124527E+02 3.01665879599098786912E+02 3.01013789999437449296E+02 3.00361700399776111681E+02 2.99709610800114717222E+02 2.99057521200453379606E+02 2.98405431600792041991E+02 2.97753342001130647532E+02 2.97101252401469309916E+02 2.96449162801807972301E+02 2.95797073202146577842E+02 2.95144983602485240226E+02 2.94492894002823902611E+02 2.93840804403162564995E+02 2.93188714803501227379E+02 2.92536625203839832920E+02 2.91884535604178438462E+02 2.91232446004517100846E+02 2.90580356404855763230E+02 2.89928266805194425615E+02 2.89276177205533087999E+02 2.88624087605871693540E+02 2.87971998006210355925E+02 2.87319908406549018309E+02 2.86667818806887680694E+02 2.86015729207226286235E+02 2.85363639607564891776E+02 2.84711550007903554160E+02 2.84059460408242216545E+02 2.83407370808580878929E+02 2.82755281208919541314E+02 2.82103191609258203698E+02 2.81451102009596809239E+02 2.80799012409935471624E+02 2.80146922810274077165E+02 2.79494833210612739549E+02 2.78842743610951401934E+02 2.78190654011290007475E+02 2.77538564411628669859E+02 2.76886474811967332244E+02
2.62871222222677545233E+02 2.62410547026191920850E+02 2.61949871829706296467E+02 2.61489196633220672084E+02 2.61028521436735047700E+02 2.60567846240249423317E+02 2.60107171043763798934E+02 2.59646495847278174551E+02 2.59185820650792493325E+02 2.58725145454306868942E+02 2.58264470257821301402E+02 2.57803795061335620176E+02 2.57343119864849995793E+02 2.56882444668364371410E+02 2.56421769471878747026E+02 2.55961094275393122643E+02 2.55500419078907469839E+02 2.55039743882421902299E+02 2.54579068685936249494E+02 2.54118393489450596689E+02 2.53657718292964972306E+02 2.53197043096479376345E+02 2.52736367899993723540E+02 2.52275692703508099157E+02 2.51815017507022446352E+02 2.51354342310536850391E+02 2.50893667114051197586E+02 2.50432991917565573203E+02 2.49972316721079977242E+02 2.49511641524594324437E+02 2.49050966328108700054E+02 2.48590291131623047249E+02 2.48129615935137451288E+02 2.47668940738651798483E+02 2.47208265542166174100E+02 2.46747590345680521295E+02 2.46286915149194925334E+02 2.45826239952709300951E+02 2.45365564756223648146E+02 2.44904889559738052185E+02 2.44444214363252427802E+02 2.43983539166766774997E+02 2.43522863970281122192E+02 2.43062188773795526231E+02 2.42601513577309901848E+02 2.42140838380824249043E+02 2.41680163184338624660E+02 2.41219487987853028699E+02 2.40758812791367375894E+02 2.40298137594881723089E+02 2.39837462398396155550E+02 2.39376787201910502745E+02 2.38916112005424849940E+02 2.38455436808939225557E+02 2.37994761612453629596E+02 2.37534086415967976791E+02
2.93031566901397013680E+02 2.92459116906725796525E+02 2.91886666912054579370E+02 2.91314216917383248528E+02 2.90741766922712031374E+02 2.90169316928040757375E+02 2.89596866933369540220E+02 2.89024416938698266222E+02 2.88451966944026992223E+02 2.87879516949355775068E+02 2.87307066954684501070E+02 2.86734616960013283915E+02 2.86162166965341953073E+02 2.85589716970670735918E+02 2.85017266975999518763E+02 2.84444816981328244765E+02 2.83872366986656970766E+02 2.83299916991985696768E+02 2.82727466997314479613E+02 2.82155017002643262458E+02 2.81582567007971988460E+02 2.81010117013300714461E+02 2.80437667018629440463E+02 2.79865217023958223308E+02 2.79292767029287006153E+02 2.78720317034615675311E+02 2.78147867039944458156E+02 2.77575417045273184158E+02 2.77002967050601967003E+02 2.76430517055930749848E+02 2.75858067061259419006E+02 2.75285617066588201851E+02 2.74713167071916927853E+02 2.74140717077245710698E+02 2.73568267082574436699E+02 2.72995817087903162701E+02 2.72423367093231945546E+02 2.71850917098560671548E+02 2.71278467103889454393E+02 2.70706017109218123551E+02 2.70133567114546906396E+02 2.69561117119875689241E+02 2.68988667125204415242E+02 2.68416217130533141244E+02 2.67843767135861867246E+02 2.67271317141190650091E+02 2.66698867146519432936E+02 2.66126417151848158937E+02 2.65553967157176884939E+02 2.64981517162505610941E+02 2.64409067167834393786E+02 2.63836617173163176631E+02 2.63264167178491845789E+02 2.62691717183820628634E+02 2.62119267189149354635E+02 2.61546817194478137480E+02
3.46471603314160915943E+02 3.45671319501473647051E+02 3.44871035688786435003E+02 3.44070751876099222955E+02 3.43270468063411954063E+02 3.42470184250724742014E+02 3.41669900438037473123E+02 3.40869616625350317918E+02 3.40069332812663049026E+02 3.39269048999975780134E+02 3.38468765187288568086E+02 3.37668481374601299194E+02 3.36868197561914087146E+02 3.36067913749226875098E+02 3.35267629936539606206E+02 3.34467346123852337314E+02 3.33667062311165182109E+02 3.32866778498477913217E+02 3.32066494685790701169E+02 3.31266210873103432277E+02 3.30465927060416163386E+02 3.29665643247729008181E+02 3.28865359435041739289E+02 3.28065075622354470397E+02 3.27264791809667258349E+02 3.26464507996980046300E+02 3.25664224184292777409E+02 3.24863940371605565360E+02 3.24063656558918296469E+02 3.23263372746231141264E+02 3.22463088933543872372E+02 3.21662805120856603480E+02 3.20862521308169391432E+02 3.20062237495482179384E+02 3.19261953682794910492E+02 3.18461669870107698443E+02 3.17661386057420429552E+02 3.16861102244733160660E+02 3.16060818432046005455E+02 3.15260534619358736563E+02 3.14460250806671467672E+02 3.13659966993984255623E+02 3.12859683181297043575E+02 3.12059399368609831527E+02 3.11259115555922562635E+02 3.10458831743235293743E+02 3.09658547930548138538E+02 3.08858264117860869646E+02 3.08057980305173657598E+02 3.07257696492486388706E+02 3.06457412679799119815E+02 3.05657128867111907766E+02 3.04856845054424695718E+02 3.04056561241737426826E+02 3.03256277429050214778E+02 3.02455993616363002729E+02
3.61658864428071069597E+02 3.60786883533274988167E+02 3.59914902638479077268E+02 3.59042921743682995839E+02 3.58170940848886971253E+02 3.57298959954091003510E+02 3.56426979059294978924E+02 3.55554998164498954338E+02 3.54683017269702929752E+02 3.53811036374906962010E+02 3.52939055480110937424E+02 3.52067074585314912838E+02 3.51195093690518945095E+02 3.50323112795722863666E+02 3.49451131900926839080E+02 3.48579151006130814494E+02 3.47707170111334846752E+02 3.46835189216538822166E+02 3.45963208321742797580E+02 3.45091227426946829837E+02 3.44219246532150805251E+02 3.43347265637354780665E+02 3.42475284742558812923E+02 3.41603303847762788337E+02 3.40731322952966706907E+02 3.39859342058170796008E+02 3.38987361163374714579E+02 3.38115380268578689993E+02 3.37243399373782665407E+02 3.36371418478986697664E+02 3.35499437584190673078E+02 3.34627456689394648492E+02 3.33755475794598680750E+02 3.32883494899802656164E+02 3.32011514005006631578E+02 3.31139533110210550149E+02 3.30267552215414582406E+02 3.29395571320618557820E+02 3.28523590425822533234E+02 3.27651609531026565492E+02 3.26779628636230540906E+02 3.25907647741434516320E+02 3.25035666846638548577E+02 3.24163685951842523991E+02 3.23291705057046499405E+02 3.22419724162250531663E+02 3.21547743267454507077E+02 3.20675762372658425647E+02 3.19803781477862401061E+02 3.18931800583066433319E+02 3.18059819688270408733E+02 3.17187838793474384147E+02 3.16315857898678416404E+02 3.15443877003882391818E+02 3.14571896109086367233E+02 3.13699915214290342647E+02
2.76793025759440467937E+02 2.76282263232046716439E+02 2.75771500704652908098E+02 2.75260738177259213444E+02 2.74749975649865405103E+02 2.74239213122471596762E+02 2.73728450595077845264E+02 2.73217688067684036923E+02 2.72706925540290285426E+02 2.72196163012896533928E+02 2.71685400485502725587E+02 2.71174637958108974090E+02 2.70663875430715165749E+02 2.70153112903321414251E+02 2.69642350375927662753E+02 2.69131587848533854412E+02 2.68620825321140102915E+02 2.68110062793746294574E+02 2.67599300266352543076E+02 2.67088537738958791579E+02 2.66577775211564983238E+02 2.66067012684171231740E+02 2.65556250156777423399E+02 2.65045487629383671901E+02 2.64534725101989863560E+02 2.64023962574596112063E+02 2.63513200047202360565E+02 2.63002437519808552224E+02 2.62491674992414800727E+02 2.61980912465020992386E+02 2.61470149937627240888E+02 2.60959387410233489391E+02 2.60448624882839681050E+02 2.59937862355445929552E+02 2.59427099828052121211E+02 2.58916337300658312870E+02 2.58405574773264618216E+02 2.57894812245870809875E+02 2.57384049718477058377E+02 2.56873287191083250036E+02 2.56362524663689441695E+02 2.55851762136295718619E+02 2.55340999608901938700E+02 2.54830237081508158781E+02 2.54319474554114378861E+02 2.53808712026720598942E+02 2.53297949499326847445E+02 2.52787186971933067525E+02 2.52276424444539287606E+02 2.51765661917145507687E+02 2.51254899389751727767E+02 2.50744136862357919426E+02 2.50233374334964196350E+02 2.49722611807570416431E+02 2.49211849280176636512E+02 2.48701086752782856593E+02
2.87725971111574665429E+02 2.87174062881894030852E+02 2.86622154652213396275E+02 2.86070246422532648012E+02 2.85518338192852013435E+02 2.84966429963171378859E+02 2.84414521733490744282E+02 2.83862613503810052862E+02 2.83310705274129418285E+02 2.82758797044448726865E+02 2.82206888814768092288E+02 2.81654980585087400868E+02 2.81103072355406766292E+02 2.80551164125726131715E+02 2.79999255896045497138E+02 2.79447347666364805718E+02 2.78895439436684114298E+02 2.78343531207003479722E+02 2.77791622977322845145E+02 2.77239714747642210568E+02 2.76687806517961519148E+02 2.76135898288280827728E+02 2.75583990058600193152E+02 2.75032081828919558575E+02 2.74480173599238867155E+02 2.73928265369558232578E+02 2.73376357139877598001E+02 2.72824448910196906581E+02 2.72272540680516215161E+02 2.71720632450835580585E+02 2.71168724221154946008E+02 2.70616815991474311431E+02 2.70064907761793620011E+02 2.69512999532112928591E+02 2.68961091302432294015E+02 2.68409183072751659438E+02 2.67857274843070968018E+02 2.67305366613390333441E+02 2.66753458383709698865E+02 2.66201550154029007444E+02 2.65649641924348316024E+02 2.65097733694667681448E+02 2.64545825464987046871E+02 2.63993917235306412294E+02 2.63442009005625720874E+02 2.62890100775945029454E+02 2.62338192546264394878E+02 2.61786284316583760301E+02 2.61234376086903125724E+02 2.60682467857222434304E+02 2.60130559627541799728E+02 2.59578651397861108308E+02 2.59026743168180473731E+02 2.58474834938499782311E+02 2.57922926708819147734E+02 2.57371018479138513158E+02
2.49176879010766924694E+02 2.48762951563876583805E+02 2.48349024116986328181E+02 2.47935096670095987292E+02 2.47521169223205674825E+02 2.47107241776315390780E+02 2.46693314329425078313E+02 2.46279386882534737424E+02 2.45865459435644424957E+02 2.45451531988754140912E+02 2.45037604541863828445E+02 2.44623677094973487556E+02 2.44209749648083231932E+02 2.43795822201192891043E+02 2.43381894754302578576E+02 2.42967967307412294531E+02 2.42554039860521982064E+02 2.42140112413631641175E+02 2.41726184966741328708E+02 2.41312257519851044663E+02 2.40898330072960732195E+02 2.40484402626070391307E+02 2.40070475179180135683E+02 2.39656547732289794794E+02 2.39242620285399482327E+02 2.38828692838509198282E+02 2.38414765391618885815E+02 2.38000837944728544926E+02 2.37586910497838289302E+02 2.37172983050947948414E+02 2.36759055604057635946E+02 2.36345128157167323479E+02 2.35931200710277039434E+02 2.35517273263386698545E+02 2.35103345816496386078E+02 2.34689418369606102033E+02 2.34275490922715789566E+02 2.33861563475825477099E+02 2.33447636028935193053E+02 2.33033708582044852164E+02 2.32619781135154539697E+02 2.32205853688264227230E+02 2.31791926241373943185E+02 2.31377998794483630718E+02 2.30964071347593289829E+02 2.30550143900703005784E+02 2.30136216453812693317E+02 2.29722289006922380850E+02 2.29308361560032096804E+02 2.28894434113141784337E+02 2.28480506666251443448E+02 2.28066579219361130981E+02 2.27652651772470846936E+02 2.27238724325580534469E+02 2.26824796878690193580E+02 2.26410869431799937956E+02
2.59229999406071215162E+02 2.58781998122124093697E+02 2.58333996838176915389E+02 2.57885995554229793925E+02 2.57437994270282615616E+02 2.56989992986335494152E+02 2.56541991702388372687E+02 2.56093990418441251222E+02 2.55645989134494072914E+02 2.55197987850546923028E+02 2.54749986566599773141E+02 2.54301985282652623255E+02 2.53853983998705473368E+02 2.53405982714758323482E+02 2.52957981430811173595E+02 2.52509980146864023709E+02 2.52061978862916873823E+02 2.51613977578969780780E+02 2.51165976295022630893E+02 2.50717975011075481007E+02 2.50269973727128331120E+02 2.49821972443181181234E+02 2.49373971159234031347E+02 2.48925969875286881461E+02 2.48477968591339731574E+02 2.48029967307392581688E+02 2.47581966023445431802E+02 2.47133964739498281915E+02 2.46685963455551188872E+02 2.46237962171604038986E+02 2.45789960887656889099E+02 2.45341959603709739213E+02 2.44893958319762589326E+02 2.44445957035815439440E+02 2.43997955751868289553E+02 2.43549954467921139667E+02 2.43101953183973989780E+02 2.42653951900026839894E+02 2.42205950616079746851E+02 2.41757949332132596965E+02 2.41309948048185447078E+02 2.40861946764238297192E+02 2.40413945480291147305E+02 2.39965944196343997419E+02 2.39517942912396847532E+02 2.39069941628449697646E+02 2.38621940344502547759E+02 2.38173939060555397873E+02 2.37725937776608247987E+02 2.37277936492661154944E+02 2.36829935208714005057E+02 2.36381933924766855171E+02 2.35933932640819705284E+02 2.35485931356872555398E+02 2.35037930072925405511E+02 2.34589928788978255625E+02
3.36030808023019176289E+02 3.35278029996748500707E+02 3.34525251970477768282E+02 3.33772473944207149543E+02 3.33019695917936473961E+02 3.32266917891665741536E+02 3.31514139865395065954E+02 3.30761361839124390372E+02 3.30008583812853714790E+02 3.29255805786582982364E+02 3.28503027760312306782E+02 3.27750249734041574357E+02 3.26997471707770955618E+02 3.26244693681500280036E+02 3.25491915655229547610E+02 3.24739137628958872028E+02 3.23986359602688196446E+02 3.23233581576417520864E+02 3.22480803550146788439E+02 3.21728025523876112857E+02 3.20975247497605380431E+02 3.20222469471334761693E+02 3.19469691445064086111E+02 3.18716913418793353685E+02 3.17964135392522678103E+02 3.17211357366251945678E+02 3.16458579339981326939E+02 3.15705801313710594513E+02 3.14953023287439918931E+02 3.14200245261169243349E+02 3.13447467234898567767E+02 3.12694689208627892185E+02 3.11941911182357159760E+02 3.11189133156086484178E+02 3.10436355129815751752E+02 3.09683577103545133014E+02 3.08930799077274457431E+02 3.08178021051003725006E+02 3.07425243024733049424E+02 3.06672464998462373842E+02 3.05919686972191698260E+02 3.05166908945920965834E+02 3.04414130919650290252E+02 3.03661352893379557827E+02 3.02908574867108939088E+02 3.02155796840838263506E+02 3.01403018814567531081E+02 3.00650240788296855499E+02 2.99897462762026123073E+02 2.99144684735755504335E+02 2.98391906709484771909E+02 2.97639128683214096327E+02 2.96886350656943420745E+02 2.96133572630672745163E+02 2.95380794604402069581E+02 2.94628016578131337155E+02
2.73486486734271295518E+02 2.72987854344762979508E+02 2.72489221955254606655E+02 2.71990589565746233802E+02 2.71491957176237860949E+02 2.70993324786729488096E+02 2.70494692397221115243E+02 2.69996060007712742390E+02 2.69497427618204426381E+02 2.68998795228696053528E+02 2.68500162839187680675E+02 2.68001530449679307821E+02 2.67502898060170934968E+02 2.67004265670662562115E+02 2.66505633281154246106E+02 2.66007000891645873253E+02 2.65508368502137500400E+02 2.65009736112629127547E+02 2.64511103723120754694E+02 2.64012471333612381841E+02 2.63513838944104008988E+02 2.63015206554595692978E+02 2.62516574165087320125E+02 2.62017941775578947272E+02 2.61519309386070574419E+02 2.61020676996562201566E+02 2.60522044607053828713E+02 2.60023412217545455860E+02 2.59524779828037083007E+02 2.59026147438528710154E+02 2.58527515049020337301E+02 2.58028882659511964448E+02 2.57530250270003591595E+02 2.57031617880495275585E+02 2.56532985490986902732E+02 2.56034353101478529879E+02 2.55535720711970157026E+02 2.55037088322461784173E+02 2.54538455932953439742E+02 2.54039823543445066889E+02 2.53541191153936694036E+02 2.53042558764428349605E+02 2.52543926374919976752E+02 2.52045293985411603899E+02 2.51546661595903231046E+02 2.51048029206394886614E+02 2.50549396816886513761E+02 2.50050764427378140908E+02 2.49552132037869796477E+02 2.49053499648361423624E+02 2.48554867258853050771E+02 2.48056234869344706340E+02 2.47557602479836333487E+02 2.47058970090327960634E+02 2.46560337700819616202E+02 2.46061705311311243349E+02
2.98215768043405489607E+02 2.97622883748007382110E+02 2.97029999452609274613E+02 2.96437115157211167116E+02 2.95844230861813002775E+02 2.95251346566414895278E+02 2.94658462271016787781E+02 2.94065577975618623441E+02 2.93472693680220515944E+02 2.92879809384822408447E+02 2.92286925089424300950E+02 2.91694040794026136609E+02 2.91101156498628029112E+02 2.90508272203229921615E+02 2.89915387907831814118E+02 2.89322503612433649778E+02 2.88729619317035542281E+02 2.88136735021637434784E+02 2.87543850726239327287E+02 2.86950966430841162946E+02 2.86358082135443055449E+02 2.85765197840044947952E+02 2.85172313544646840455E+02 2.84579429249248676115E+02 2.83986544953850568618E+02 2.83393660658452461121E+02 2.82800776363054353624E+02 2.82207892067656189283E+02 2.81615007772258081786E+02 2.81022123476859974289E+02 2.80429239181461866792E+02 2.79836354886063702452E+02 2.79243470590665594955E+02 2.78650586295267487458E+02 2.78057701999869379961E+02 2.77464817704471215620E+02 2.76871933409073108123E+02 2.76279049113675000626E+02 2.75686164818276893129E+02 2.75093280522878728789E+02 2.74500396227480621292E+02 2.73907511932082513795E+02 2.73314627636684406298E+02 2.72721743341286241957E+02 2.72128859045888134460E+02 2.71535974750490026963E+02 2.70943090455091919466E+02 2.70350206159693755126E+02 2.69757321864295647629E+02 2.69164437568897540132E+02 2.68571553273499432635E+02 2.67978668978101268294E+02 2.67385784682703160797E+02 2.66792900387305053300E+02 2.66200016091906945803E+02 2.65607131796508781463E+02
3.08807259184175620703E+02 3.08171513028676656631E+02 3.07535766873177692560E+02 3.06900020717678785331E+02 3.06264274562179764416E+02 3.05628528406680857188E+02 3.04992782251181836273E+02 3.04357036095682929044E+02 3.03721289940184021816E+02 3.03085543784685000901E+02 3.02449797629186093673E+02 3.01814051473687129601E+02 3.01178305318188165529E+02 3.00542559162689258301E+02 2.99906813007190294229E+02 2.99271066851691330157E+02 2.98635320696192366086E+02 2.97999574540693458857E+02 2.97363828385194437942E+02 2.96728082229695530714E+02 2.96092336074196623485E+02 2.95456589918697602570E+02 2.94820843763198695342E+02 2.94185097607699731270E+02 2.93549351452200767199E+02 2.92913605296701859970E+02 2.92277859141202895898E+02 2.91642112985703931827E+02 2.91006366830204967755E+02 2.90370620674706060527E+02 2.89734874519207039612E+02 2.89099128363708132383E+02 2.88463382208209168311E+02 2.87827636052710204240E+02 2.87191889897211297011E+02 2.86556143741712276096E+02 2.85920397586213368868E+02 2.85284651430714461640E+02 2.84648905275215440724E+02 2.84013159119716533496E+02 2.83377412964217569424E+02 2.82741666808718605353E+02 2.82105920653219641281E+02 2.81470174497720734053E+02 2.80834428342221769981E+02 2.80198682186722805909E+02 2.79562936031223898681E+02 2.78927189875724877766E+02 2.78291443720225970537E+02 2.77655697564727063309E+02 2.77019951409228042394E+02 2.76384205253729135165E+02 2.75748459098230171094E+02 2.75112712942731207022E+02 2.74476966787232242950E+02 2.73841220631733278879E+02
3.12070363421398496939E+02 3.11421110676558726027E+02 3.10771857931719011958E+02 3.10122605186879184203E+02 3.09473352442039470134E+02 3.08824099697199699222E+02 3.08174846952359985153E+02 3.07525594207520157397E+02 3.06876341462680443328E+02 3.06227088717840672416E+02 3.05577835973000958347E+02 3.04928583228161130592E+02 3.04279330483321416523E+02 3.03630077738481645611E+02 3.02980824993641931542E+02 3.02331572248802103786E+02 3.01682319503962389717E+02 3.01033066759122618805E+02 3.00383814014282847893E+02 2.99734561269443076981E+02 2.99085308524603362912E+02 2.98436055779763592000E+02 2.97786803034923821087E+02 2.97137550290084050175E+02 2.96488297545244336106E+02 2.95839044800404565194E+02 2.95189792055564794282E+02 2.94540539310725023370E+02 2.93891286565885309301E+02 2.93242033821045538389E+02 2.92592781076205767476E+02 2.91943528331365996564E+02 2.91294275586526282495E+02 2.90645022841686454740E+02 2.89995770096846740671E+02 2.89346517352006969759E+02 2.88697264607167255690E+02 2.88048011862327427934E+02 2.87398759117487657022E+02 2.86749506372647942953E+02 2.86100253627808228885E+02 2.85451000882968401129E+02 2.84801748138128630217E+02 2.84152495393288916148E+02 2.83503242648449145236E+02 2.82853989903609374323E+02 2.82204737158769603411E+02 2.81555484413929889342E+02 2.80906231669090118430E+02 2.80256978924250347518E+02 2.79607726179410576606E+02 2.78958473434570862537E+02 2.78309220689731034781E+02 2.77659967944891320712E+02 2.77010715200051549800E+02 2.76361462455211835731E+02
3.26405621730257223589E+02 3.25695350864276406355E+02 3.24985079998295645964E+02 3.24274809132314885574E+02 3.23564538266334068339E+02 3.22854267400353307949E+02 3.22143996534372547558E+02 3.21433725668391844010E+02 3.20723454802411026776E+02 3.20013183936430266385E+02 3.19302913070449505994E+02 3.18592642204468745604E+02 3.17882371338487928369E+02 3.17172100472507167979E+02 3.16461829606526407588E+02 3.15751558740545590354E+02 3.15041287874564829963E+02 3.14331017008584069572E+02 3.13620746142603252338E+02 3.12910475276622548790E+02 3.12200204410641788400E+02 3.11489933544661028009E+02 3.10779662678680210774E+02 3.10069391812699450384E+02 3.09359120946718689993E+02 3.08648850080737929602E+02 3.07938579214757112368E+02 3.07228308348776351977E+02 3.06518037482795591586E+02 3.05807766616814774352E+02 3.05097495750834013961E+02 3.04387224884853310414E+02 3.03676954018872550023E+02 3.02966683152891732789E+02 3.02256412286910972398E+02 3.01546141420930212007E+02 3.00835870554949394773E+02 3.00125599688968634382E+02 2.99415328822987873991E+02 2.98705057957007113600E+02 2.97994787091026296366E+02 2.97284516225045535975E+02 2.96574245359064775585E+02 2.95863974493084072037E+02 2.95153703627103254803E+02 2.94443432761122494412E+02 2.93733161895141734021E+02 2.93022891029160916787E+02 2.92312620163180156396E+02 2.91602349297199396005E+02 2.90892078431218635615E+02 2.90181807565237818380E+02 2.89471536699257057990E+02 2.88761265833276297599E+02 2.88050994967295480365E+02 2.87340724101314719974E+02
2.88414461830475772786E+02 2.87859909151856015797E+02 2.87305356473236315651E+02 2.86750803794616558662E+02 2.86196251115996801673E+02 2.85641698437377044684E+02 2.85087145758757287695E+02 2.84532593080137530706E+02 2.83978040401517773716E+02 2.83423487722898016727E+02 2.82868935044278259738E+02 2.82314382365658502749E+02 2.81759829687038802604E+02 2.81205277008418988771E+02 2.80650724329799231782E+02 2.80096171651179531636E+02 2.79541618972559774647E+02 2.78987066293939960815E+02 2.78432513615320260669E+02 2.77877960936700503680E+02 2.77323408258080746691E+02 2.76768855579460932859E+02 2.76214302900841232713E+02 2.75659750222221475724E+02 2.75105197543601718735E+02 2.74550644864981961746E+02 2.73996092186362204757E+02 2.73441539507742447768E+02 2.72886986829122747622E+02 2.72332434150502990633E+02 2.71777881471883176800E+02 2.71223328793263419811E+02 2.70668776114643719666E+02 2.70114223436023962677E+02 2.69559670757404148844E+02 2.69005118078784448699E+02 2.68450565400164691710E+02 2.67896012721544934720E+02 2.67341460042925177731E+02 2.66786907364305420742E+02 2.66232354685685663753E+02 2.65677802007065906764E+02 2.65123249328446149775E+02 2.64568696649826392786E+02 2.64014143971206635797E+02 2.63459591292586935651E+02 2.62905038613967121819E+02 2.62350485935347364830E+02 2.61795933256727664684E+02 2.61241380578107907695E+02 2.60686827899488150706E+02 2.60132275220868393717E+02 2.59577722542248636728E+02 2.59023169863628879739E+02 2.58468617185009122750E+02 2.57914064506389365761E+02
3.12161113781086157815E+02 3.11511483374705846927E+02 3.10861852968325479196E+02 3.10212222561945168309E+02 3.09562592155564857421E+02 3.08912961749184546534E+02 3.08263331342804235646E+02 3.07613700936423867915E+02 3.06964070530043557028E+02 3.06314440123663246140E+02 3.05664809717282935253E+02 3.05015179310902567522E+02 3.04365548904522256635E+02 3.03715918498142002591E+02 3.03066288091761691703E+02 3.02416657685381380816E+02 3.01767027279001013085E+02 3.01117396872620702197E+02 3.00467766466240391310E+02 2.99818136059860080422E+02 2.99168505653479712691E+02 2.98518875247099401804E+02 2.97869244840719090917E+02 2.97219614434338780029E+02 2.96569984027958412298E+02 2.95920353621578101411E+02 2.95270723215197790523E+02 2.94621092808817479636E+02 2.93971462402437168748E+02 2.93321831996056801017E+02 2.92672201589676490130E+02 2.92022571183296179242E+02 2.91372940776915868355E+02 2.90723310370535500624E+02 2.90073679964155189737E+02 2.89424049557774935693E+02 2.88774419151394624805E+02 2.88124788745014257074E+02 2.87475158338633946187E+02 2.86825527932253635299E+02 2.86175897525873324412E+02 2.85526267119493013524E+02 2.84876636713112645793E+02 2.84227006306732334906E+02 2.83577375900352024019E+02 2.82927745493971713131E+02 2.82278115087591345400E+02 2.81628484681211034513E+02 2.80978854274830723625E+02 2.80329223868450412738E+02 2.79679593462070101850E+02 2.79029963055689734119E+02 2.78380332649309423232E+02 2.77730702242929112344E+02 2.77081071836548801457E+02 2.76431441430168433726E+02
2.89518729497586434718E+02 2.88959922199387108321E+02 2.88401114901187781925E+02 2.87842307602988455528E+02 2.87283500304789185975E+02 2.86724693006589859579E+02 2.86165885708390533182E+02 2.85607078410191206785E+02 2.85048271111991937232E+02 2.84489463813792610836E+02 2.83930656515593284439E+02 2.83371849217393958043E+02 2.82813041919194688489E+02 2.82254234620995362093E+02 2.81695427322796035696E+02 2.81136620024596709300E+02 2.80577812726397439747E+02 2.80019005428198113350E+02 2.79460198129998786953E+02 2.78901390831799517400E+02 2.78342583533600191004E+02 2.77783776235400864607E+02 2.77224968937201538211E+02 2.76666161639002268657E+02 2.76107354340802942261E+02 2.75548547042603615864E+02 2.74989739744404289468E+02 2.74430932446205076758E+02 2.73872125148005693518E+02 2.73313317849806423965E+02 2.72754510551607097568E+02 2.72195703253407828015E+02 2.71636895955208501618E+02 2.71078088657009175222E+02 2.70519281358809848825E+02 2.69960474060610579272E+02 2.69401666762411252876E+02 2.68842859464211926479E+02 2.68284052166012600082E+02 2.67725244867813330529E+02 2.67166437569614004133E+02 2.66607630271414677736E+02 2.66048822973215351340E+02 2.65490015675016081786E+02 2.64931208376816755390E+02 2.64372401078617428993E+02 2.63813593780418102597E+02 2.63254786482218833044E+02 2.62695979184019506647E+02 2.62137171885820180250E+02 2.61578364587620853854E+02 2.61019557289421584301E+02 2.60460749991222257904E+02 2.59901942693022931508E+02 2.59343135394823605111E+02 2.58784328096624335558E+02
2.47453734688876693326E+02 2.47045512350133520840E+02 2.46637290011390376776E+02 2.46229067672647204290E+02 2.45820845333904088648E+02 2.45412622995160916162E+02 2.45004400656417772097E+02 2.44596178317674599612E+02 2.44187955978931483969E+02 2.43779733640188311483E+02 2.43371511301445138997E+02 2.42963288962701994933E+02 2.42555066623958822447E+02 2.42146844285215706805E+02 2.41738621946472534319E+02 2.41330399607729390254E+02 2.40922177268986217769E+02 2.40513954930243102126E+02 2.40105732591499929640E+02 2.39697510252756785576E+02 2.39289287914013613090E+02 2.38881065575270440604E+02 2.38472843236527324962E+02 2.38064620897784152476E+02 2.37656398559041008411E+02 2.37248176220297835926E+02 2.36839953881554720283E+02 2.36431731542811547797E+02 2.36023509204068403733E+02 2.35615286865325231247E+02 2.35207064526582058761E+02 2.34798842187838943119E+02 2.34390619849095770633E+02 2.33982397510352626568E+02 2.33574175171609454082E+02 2.33165952832866338440E+02 2.32757730494123165954E+02 2.32349508155380021890E+02 2.31941285816636849404E+02 2.31533063477893676918E+02 2.31124841139150561276E+02 2.30716618800407388790E+02 2.30308396461664244725E+02 2.29900174122921072239E+02 2.29491951784177956597E+02 2.29083729445434784111E+02 2.28675507106691640047E+02 2.28267284767948467561E+02 2.27859062429205351918E+02 2.27450840090462179433E+02 2.27042617751719006947E+02 2.26634395412975862882E+02 2.26226173074232690396E+02 2.25817950735489574754E+02 2.25409728396746402268E+02 2.25001506058003286626E+02
3.35560289232066963905E+02 3.34809617847336937757E+02 3.34058946462606854766E+02 3.33308275077876828618E+02 3.32557603693146745627E+02 3.31806932308416662636E+02 3.31056260923686636488E+02 3.30305589538956553497E+02 3.29554918154226527349E+02 3.28804246769496501202E+02 3.28053575384766418210E+02 3.27302904000036392063E+02 3.26552232615306252228E+02 3.25801561230576226080E+02 3.25050889845846199933E+02 3.24300218461116116941E+02 3.23549547076386090794E+02 3.22798875691656007803E+02 3.22048204306925981655E+02 3.21297532922195898664E+02 3.20546861537465815672E+02 3.19796190152735789525E+02 3.19045518768005706534E+02 3.18294847383275680386E+02 3.17544175998545654238E+02 3.16793504613815571247E+02 3.16042833229085545099E+02 3.15292161844355405265E+02 3.14541490459625379117E+02 3.13790819074895352969E+02 3.13040147690165269978E+02 3.12289476305435243830E+02 3.11538804920705160839E+02 3.10788133535975134691E+02 3.10037462151245108544E+02 3.09286790766514968709E+02 3.08536119381784942561E+02 3.07785447997054859570E+02 3.07034776612324833422E+02 3.06284105227594807275E+02 3.05533433842864724284E+02 3.04782762458134698136E+02 3.04032091073404558301E+02 3.03281419688674532154E+02 3.02530748303944506006E+02 3.01780076919214423015E+02 3.01029405534484396867E+02 3.00278734149754313876E+02 2.99528062765024287728E+02 2.98777391380294261580E+02 2.98026719995564178589E+02 2.97276048610834095598E+02 2.96525377226104012607E+02 2.95774705841373986459E+02 2.95024034456643960311E+02 2.94273363071913877320E+02
3.63188780728397489383E+02 3.62309406792084303106E+02 3.61430032855771116829E+02 3.60550658919457930551E+02 3.59671284983144687430E+02 3.58791911046831444310E+02 3.57912537110518258032E+02 3.57033163174205071755E+02 3.56153789237891885477E+02 3.55274415301578699200E+02 3.54395041365265456079E+02 3.53515667428952269802E+02 3.52636293492639083524E+02 3.51756919556325897247E+02 3.50877545620012710970E+02 3.49998171683699524692E+02 3.49118797747386338415E+02 3.48239423811073038451E+02 3.47360049874759852173E+02 3.46480675938446665896E+02 3.45601302002133479618E+02 3.44721928065820293341E+02 3.43842554129507107064E+02 3.42963180193193863943E+02 3.42083806256880677665E+02 3.41204432320567491388E+02 3.40325058384254305111E+02 3.39445684447941118833E+02 3.38566310511627932556E+02 3.37686936575314632591E+02 3.36807562639001446314E+02 3.35928188702688260037E+02 3.35048814766375073759E+02 3.34169440830061887482E+02 3.33290066893748701204E+02 3.32410692957435514927E+02 3.31531319021122271806E+02 3.30651945084809085529E+02 3.29772571148495899251E+02 3.28893197212182712974E+02 3.28013823275869526697E+02 3.27134449339556283576E+02 3.26255075403243097298E+02 3.25375701466929854178E+02 3.24496327530616667900E+02 3.23616953594303481623E+02 3.22737579657990295345E+02 3.21858205721677109068E+02 3.20978831785363922791E+02 3.20099457849050679670E+02 3.19220083912737493392E+02 3.18340709976424307115E+02 3.17461336040111063994E+02 3.16581962103797877717E+02 3.15702588167484691439E+02 3.14823214231171448318E+02
3.41849167592854769282E+02 3.41070095236961947194E+02 3.40291022881069068262E+02 3.39511950525176246174E+02 3.38732878169283367242E+02 3.37953805813390545154E+02 3.37174733457497666222E+02 3.36395661101604844134E+02 3.35616588745711965203E+02 3.34837516389819143114E+02 3.34058444033926264183E+02 3.33279371678033442095E+02 3.32500299322140563163E+02 3.31721226966247741075E+02 3.30942154610354862143E+02 3.30163082254462040055E+02 3.29384009898569161123E+02 3.28604937542676339035E+02 3.27825865186783460103E+02 3.27046792830890638015E+02 3.26267720474997759084E+02 3.25488648119104936995E+02 3.24709575763212058064E+02 3.23930503407319235976E+02 3.23151431051426357044E+02 3.22372358695533534956E+02 3.21593286339640599181E+02 3.20814213983747777093E+02 3.20035141627854898161E+02 3.19256069271962076073E+02 3.18476996916069197141E+02 3.17697924560176375053E+02 3.16918852204283496121E+02 3.16139779848390674033E+02 3.15360707492497795101E+02 3.14581635136604973013E+02 3.13802562780712094082E+02 3.13023490424819271993E+02 3.12244418068926393062E+02 3.11465345713033570973E+02 3.10686273357140692042E+02 3.09907201001247869954E+02 3.09128128645354991022E+02 3.08349056289462168934E+02 3.07569983933569290002E+02 3.06790911577676467914E+02 3.06011839221783588982E+02 3.05232766865890766894E+02 3.04453694509997887963E+02 3.03674622154105065874E+02 3.02895549798212186943E+02 3.02116477442319364854E+02 3.01337405086426485923E+02 3.00558332730533663835E+02 2.99779260374640784903E+02 2.99000188018747962815E+02
3.36287728795470741261E+02 3.35533799218547983401E+02 3.34779869641625225540E+02 3.34025940064702467680E+02 3.33272010487779652976E+02 3.32518080910856895116E+02 3.31764151333934137256E+02 3.31010221757011379395E+02 3.30256292180088507848E+02 3.29502362603165749988E+02 3.28748433026242992128E+02 3.27994503449320234267E+02 3.27240573872397476407E+02 3.26486644295474661703E+02 3.25732714718551903843E+02 3.24978785141629145983E+02 3.24224855564706388122E+02 3.23470925987783630262E+02 3.22716996410860815558E+02 3.21963066833938057698E+02 3.21209137257015299838E+02 3.20455207680092541978E+02 3.19701278103169784117E+02 3.18947348526246912570E+02 3.18193418949324154710E+02 3.17439489372401396849E+02 3.16685559795478638989E+02 3.15931630218555824285E+02 3.15177700641633066425E+02 3.14423771064710308565E+02 3.13669841487787550705E+02 3.12915911910864792844E+02 3.12161982333941978141E+02 3.11408052757019220280E+02 3.10654123180096462420E+02 3.09900193603173704560E+02 3.09146264026250889856E+02 3.08392334449328131996E+02 3.07638404872405317292E+02 3.06884475295482559432E+02 3.06130545718559801571E+02 3.05376616141636986868E+02 3.04622686564714229007E+02 3.03868756987791471147E+02 3.03114827410868713287E+02 3.02360897833945898583E+02 3.01606968257023140723E+02 3.00853038680100382862E+02 3.00099109103177625002E+02 2.99345179526254867142E+02 2.98591249949332052438E+02 2.97837320372409294578E+02 2.97083390795486479874E+02 2.96329461218563722014E+02 2.95575531641640907310E+02 2.94821602064718149450E+02
3.39265429419339909600E+02 3.38498089208679346029E+02 3.37730748998018725615E+02 3.36963408787358162044E+02 3.36196068576697541630E+02 3.35428728366036978059E+02 3.34661388155376357645E+02 3.33894047944715794074E+02 3.33126707734055173660E+02 3.32359367523394553245E+02 3.31592027312733989675E+02 3.30824687102073369260E+02 3.30057346891412805689E+02 3.29290006680752185275E+02 3.28522666470091621704E+02 3.27755326259431058133E+02 3.26987986048770380876E+02 3.26220645838109817305E+02 3.25453305627449196891E+02 3.24685965416788633320E+02 3.23918625206128012906E+02 3.23151284995467449335E+02 3.22383944784806885764E+02 3.21616604574146265350E+02 3.20849264363485701779E+02 3.20081924152825024521E+02 3.19314583942164460950E+02 3.18547243731503897379E+02 3.17779903520843276965E+02 3.17012563310182713394E+02 3.16245223099522092980E+02 3.15477882888861529409E+02 3.14710542678200908995E+02 3.13943202467540345424E+02 3.13175862256879781853E+02 3.12408522046219104595E+02 3.11641181835558541025E+02 3.10873841624897920610E+02 3.10106501414237357039E+02 3.09339161203576736625E+02 3.08571820992916173054E+02 3.07804480782255609483E+02 3.07037140571594989069E+02 3.06269800360934425498E+02 3.05502460150273748241E+02 3.04735119939613184670E+02 3.03967779728952564255E+02 3.03200439518292000685E+02 3.02433099307631437114E+02 3.01665759096970816699E+02 3.00898418886310253129E+02 3.00131078675649632714E+02 2.99363738464989069143E+02 2.98596398254328391886E+02 2.97829058043667828315E+02 2.97061717833007264744E+02
3.28264901707237129358E+02 3.27546516069284734840E+02 3.26828130431332283479E+02 3.26109744793379888961E+02 3.25391359155427494443E+02 3.24672973517475099925E+02 3.23954587879522648564E+02 3.23236202241570254046E+02 3.22517816603617859528E+02 3.21799430965665351323E+02 3.21081045327712956805E+02 3.20362659689760562287E+02 3.19644274051808110926E+02 3.18925888413855716408E+02 3.18207502775903321890E+02 3.17489117137950927372E+02 3.16770731499998476011E+02 3.16052345862046081493E+02 3.15333960224093686975E+02 3.14615574586141235613E+02 3.13897188948188841096E+02 3.13178803310236446578E+02 3.12460417672284052060E+02 3.11742032034331600698E+02 3.11023646396379206180E+02 3.10305260758426811663E+02 3.09586875120474360301E+02 3.08868489482521965783E+02 3.08150103844569571265E+02 3.07431718206617119904E+02 3.06713332568664725386E+02 3.05994946930712330868E+02 3.05276561292759936350E+02 3.04558175654807428145E+02 3.03839790016855033628E+02 3.03121404378902639110E+02 3.02403018740950187748E+02 3.01684633102997793230E+02 3.00966247465045398712E+02 3.00247861827093004194E+02 2.99529476189140552833E+02 2.98811090551188158315E+02 2.98092704913235763797E+02 2.97374319275283312436E+02 2.96655933637330917918E+02 2.95937547999378523400E+02 2.95219162361426072039E+02 2.94500776723473677521E+02 2.93782391085521283003E+02 2.93064005447568888485E+02 2.92345619809616437124E+02 2.91627234171664042606E+02 2.90908848533711648088E+02 2.90190462895759196726E+02 2.89472077257806802209E+02 2.88753691619854407691E+02
3.12643985343715200997E+02 3.11992343599904472740E+02 3.11340701856093858169E+02 3.10689060112283129911E+02 3.10037418368472515340E+02 3.09385776624661787082E+02 3.08734134880851115668E+02 3.08082493137040501097E+02 3.07430851393229772839E+02 3.06779209649419101424E+02 3.06127567905608430010E+02 3.05475926161797758596E+02 3.04824284417987087181E+02 3.04172642674176415767E+02 3.03521000930365687509E+02 3.02869359186555072938E+02 3.02217717442744401524E+02 3.01566075698933730109E+02 3.00914433955123058695E+02 3.00262792211312330437E+02 2.99611150467501715866E+02 2.98959508723690987608E+02 2.98307866979880316194E+02 2.97656225236069644779E+02 2.97004583492258973365E+02 2.96352941748448358794E+02 2.95701300004637630536E+02 2.95049658260826959122E+02 2.94398016517016287708E+02 2.93746374773205616293E+02 2.93094733029394944879E+02 2.92443091285584273464E+02 2.91791449541773545207E+02 2.91139807797962930636E+02 2.90488166054152259221E+02 2.89836524310341530963E+02 2.89184882566530916392E+02 2.88533240822720188135E+02 2.87881599078909573564E+02 2.87229957335098845306E+02 2.86578315591288173891E+02 2.85926673847477502477E+02 2.85275032103666831063E+02 2.84623390359856216492E+02 2.83971748616045488234E+02 2.83320106872234816819E+02 2.82668465128424145405E+02 2.82016823384613473991E+02 2.81365181640802745733E+02 2.80713539896992131162E+02 2.80061898153181402904E+02 2.79410256409370788333E+02 2.78758614665560116919E+02 2.78106972921749445504E+02 2.77455331177938774090E+02 2.76803689434128045832E+02
2.97895143507870329813E+02 2.97303533397699823126E+02 2.96711923287529316440E+02 2.96120313177358809753E+02 2.95528703067188303066E+02 2.94937092957017796380E+02 2.94345482846847289693E+02 2.93753872736676839850E+02 2.93162262626506333163E+02 2.92570652516335826476E+02 2.91979042406165376633E+02 2.91387432295994869946E+02 2.90795822185824363260E+02 2.90204212075653856573E+02 2.89612601965483349886E+02 2.89020991855312843199E+02 2.88429381745142336513E+02 2.87837771634971829826E+02 2.87246161524801379983E+02 2.86654551414630873296E+02 2.86062941304460366609E+02 2.85471331194289859923E+02 2.84879721084119353236E+02 2.84288110973948903393E+02 2.83696500863778396706E+02 2.83104890753607890019E+02 2.82513280643437383333E+02 2.81921670533266876646E+02 2.81330060423096369959E+02 2.80738450312925863273E+02 2.80146840202755413429E+02 2.79555230092584906743E+02 2.78963619982414400056E+02 2.78372009872243893369E+02 2.77780399762073386682E+02 2.77188789651902879996E+02 2.76597179541732373309E+02 2.76005569431561923466E+02 2.75413959321391416779E+02 2.74822349211220910092E+02 2.74230739101050403406E+02 2.73639128990879896719E+02 2.73047518880709446876E+02 2.72455908770538940189E+02 2.71864298660368433502E+02 2.71272688550197926816E+02 2.70681078440027420129E+02 2.70089468329856913442E+02 2.69497858219686406755E+02 2.68906248109515900069E+02 2.68314637999345450226E+02 2.67723027889174943539E+02 2.67131417779004436852E+02 2.66539807668833987009E+02 2.65948197558663423479E+02 2.65356587448492973635E+02
3.13172972848160497961E+02 3.12519124108676862761E+02 3.11865275369193113875E+02 3.11211426629709421832E+02 3.10557577890225786632E+02 3.09903729150742037746E+02 3.09249880411258345703E+02 3.08596031671774596816E+02 3.07942182932290961617E+02 3.07288334192807269574E+02 3.06634485453323520687E+02 3.05980636713839828644E+02 3.05326787974356193445E+02 3.04672939234872444558E+02 3.04019090495388752515E+02 3.03365241755905060472E+02 3.02711393016421368429E+02 3.02057544276937676386E+02 3.01403695537453984343E+02 3.00749846797970235457E+02 3.00095998058486600257E+02 2.99442149319002851371E+02 2.98788300579519159328E+02 2.98134451840035467285E+02 2.97480603100551775242E+02 2.96826754361068083199E+02 2.96172905621584391156E+02 2.95519056882100642270E+02 2.94865208142617007070E+02 2.94211359403133258184E+02 2.93557510663649566141E+02 2.92903661924165874098E+02 2.92249813184682182055E+02 2.91595964445198490012E+02 2.90942115705714797969E+02 2.90288266966231049082E+02 2.89634418226747413883E+02 2.88980569487263721840E+02 2.88326720747779972953E+02 2.87672872008296337754E+02 2.87019023268812645711E+02 2.86365174529328896824E+02 2.85711325789845204781E+02 2.85057477050361569582E+02 2.84403628310877820695E+02 2.83749779571394128652E+02 2.83095930831910379766E+02 2.82442082092426744566E+02 2.81788233352943052523E+02 2.81134384613459303637E+02 2.80480535873975611594E+02 2.79826687134491976394E+02 2.79172838395008227508E+02 2.78518989655524535465E+02 2.77865140916040786578E+02 2.77211292176557151379E+02
3.30534149801237617794E+02 3.29805797640005437188E+02 3.29077445478773256582E+02 3.28349093317541075976E+02 3.27620741156308895370E+02 3.26892388995076714764E+02 3.26164036833844534158E+02 3.25435684672612353552E+02 3.24707332511380172946E+02 3.23978980350147992340E+02 3.23250628188915811734E+02 3.22522276027683631128E+02 3.21793923866451450522E+02 3.21065571705219269916E+02 3.20337219543987089310E+02 3.19608867382754908704E+02 3.18880515221522728098E+02 3.18152163060290547492E+02 3.17423810899058366886E+02 3.16695458737826186280E+02 3.15967106576594005674E+02 3.15238754415361825068E+02 3.14510402254129644461E+02 3.13782050092897463855E+02 3.13053697931665283249E+02 3.12325345770433102643E+02 3.11596993609200978881E+02 3.10868641447968741431E+02 3.10140289286736617669E+02 3.09411937125504380219E+02 3.08683584964272256457E+02 3.07955232803040019007E+02 3.07226880641807895245E+02 3.06498528480575657795E+02 3.05770176319343534033E+02 3.05041824158111296583E+02 3.04313471996879172821E+02 3.03585119835646935371E+02 3.02856767674414811609E+02 3.02128415513182574159E+02 3.01400063351950450397E+02 3.00671711190718212947E+02 2.99943359029486089185E+02 2.99215006868253851735E+02 2.98486654707021727972E+02 2.97758302545789490523E+02 2.97029950384557309917E+02 2.96301598223325129311E+02 2.95573246062092948705E+02 2.94844893900860768099E+02 2.94116541739628587493E+02 2.93388189578396463730E+02 2.92659837417164226281E+02 2.91931485255932102518E+02 2.91203133094699865069E+02 2.90474780933467741306E+02
3.19286926013710910865E+02 3.18607298406222298581E+02 3.17927670798733743140E+02 3.17248043191245187700E+02 3.16568415583756632259E+02 3.15888787976268076818E+02 3.15209160368779464534E+02 3.14529532761290965936E+02 3.13849905153802353652E+02 3.13170277546313798211E+02 3.12490649938825242771E+02 3.11811022331336630486E+02 3.11131394723848131889E+02 3.10451767116359519605E+02 3.09772139508870964164E+02 3.09092511901382408723E+02 3.08412884293893853282E+02 3.07733256686405297842E+02 3.07053629078916685557E+02 3.06374001471428130117E+02 3.05694373863939517832E+02 3.05014746256451019235E+02 3.04335118648962463794E+02 3.03655491041473851510E+02 3.02975863433985296069E+02 3.02296235826496797472E+02 3.01616608219008185188E+02 3.00936980611519629747E+02 3.00257353004031017463E+02 2.99577725396542462022E+02 2.98898097789053906581E+02 2.98218470181565351140E+02 2.97538842574076795700E+02 2.96859214966588183415E+02 2.96179587359099684818E+02 2.95499959751611072534E+02 2.94820332144122517093E+02 2.94140704536633961652E+02 2.93461076929145349368E+02 2.92781449321656850771E+02 2.92101821714168238486E+02 2.91422194106679683046E+02 2.90742566499191127605E+02 2.90062938891702572164E+02 2.89383311284214016723E+02 2.88703683676725404439E+02 2.88024056069236848998E+02 2.87344428461748236714E+02 2.86664800854259738117E+02 2.85985173246771182676E+02 2.85305545639282570392E+02 2.84625918031794014951E+02 2.83946290424305516353E+02 2.83266662816816904069E+02 2.82587035209328348628E+02 2.81907407601839736344E+02
3.03346050212028615078E+02 3.02732591370833631572E+02 3.02119132529638761753E+02 3.01505673688443835090E+02 3.00892214847248908427E+02 3.00278756006053981764E+02 2.99665297164859055101E+02 2.99051838323664128438E+02 2.98438379482469201776E+02 2.97824920641274275113E+02 2.97211461800079405293E+02 2.96598002958884421787E+02 2.95984544117689551967E+02 2.95371085276494568461E+02 2.94757626435299698642E+02 2.94144167594104771979E+02 2.93530708752909845316E+02 2.92917249911714918653E+02 2.92303791070519935147E+02 2.91690332229325065327E+02 2.91076873388130081821E+02 2.90463414546935212002E+02 2.89849955705740285339E+02 2.89236496864545358676E+02 2.88623038023350432013E+02 2.88009579182155505350E+02 2.87396120340960578687E+02 2.86782661499765652025E+02 2.86169202658570725362E+02 2.85555743817375855542E+02 2.84942284976180872036E+02 2.84328826134986002216E+02 2.83715367293791018710E+02 2.83101908452596148891E+02 2.82488449611401222228E+02 2.81874990770206238722E+02 2.81261531929011368902E+02 2.80648073087816385396E+02 2.80034614246621515576E+02 2.79421155405426532070E+02 2.78807696564231662251E+02 2.78194237723036735588E+02 2.77580778881841808925E+02 2.76967320040646882262E+02 2.76353861199451955599E+02 2.75740402358257028936E+02 2.75126943517062102273E+02 2.74513484675867175611E+02 2.73900025834672305791E+02 2.73286566993477322285E+02 2.72673108152282452465E+02 2.72059649311087468959E+02 2.71446190469892542296E+02 2.70832731628697672477E+02 2.70219272787502688971E+02 2.69605813946307819151E+02
2.70048687071377059965E+02 2.69562511782117269377E+02 2.69076336492857421945E+02 2.68590161203597574513E+02 2.68103985914337727081E+02 2.67617810625077936493E+02 2.67131635335818089061E+02 2.66645460046558298473E+02 2.66159284757298451041E+02 2.65673109468038603609E+02 2.65186934178778756177E+02 2.64700758889518908745E+02 2.64214583600259118157E+02 2.63728408310999270725E+02 2.63242233021739480137E+02 2.62756057732479632705E+02 2.62269882443219785273E+02 2.61783707153959994685E+02 2.61297531864700147253E+02 2.60811356575440299821E+02 2.60325181286180452389E+02 2.59839005996920604957E+02 2.59352830707660814369E+02 2.58866655418401023780E+02 2.58380480129141176349E+02 2.57894304839881328917E+02 2.57408129550621481485E+02 2.56921954261361634053E+02 2.56435778972101843465E+02 2.55949603682841996033E+02 2.55463428393582148601E+02 2.54977253104322358013E+02 2.54491077815062539003E+02 2.54004902525802691571E+02 2.53518727236542844139E+02 2.53032551947283025129E+02 2.52546376658023177697E+02 2.52060201368763358687E+02 2.51574026079503511255E+02 2.51087850790243663823E+02 2.50601675500983901657E+02 2.50115500211724054225E+02 2.49629324922464206793E+02 2.49143149633204387783E+02 2.48656974343944540351E+02 2.48170799054684721341E+02 2.47684623765424873909E+02 2.47198448476165026477E+02 2.46712273186905207467E+02 2.46226097897645416879E+02 2.45739922608385569447E+02 2.45253747319125750437E+02 2.44767572029865903005E+02 2.44281396740606083995E+02 2.43795221451346236563E+02 2.43309046162086389131E+02
2.51348362686273873123E+02 2.50927189356773368445E+02 2.50506016027272920610E+02 2.50084842697772444353E+02 2.49663669368271996518E+02 2.49242496038771491840E+02 2.48821322709271044005E+02 2.48400149379770567748E+02 2.47978976050270119913E+02 2.47557802720769615235E+02 2.47136629391269138978E+02 2.46715456061768691143E+02 2.46294282732268186464E+02 2.45873109402767738629E+02 2.45451936073267262373E+02 2.45030762743766814538E+02 2.44609589414266309859E+02 2.44188416084765862024E+02 2.43767242755265385767E+02 2.43346069425764881089E+02 2.42924896096264433254E+02 2.42503722766763956997E+02 2.42082549437263509162E+02 2.41661376107763004484E+02 2.41240202778262585070E+02 2.40819029448762080392E+02 2.40397856119261632557E+02 2.39976682789761156300E+02 2.39555509460260651622E+02 2.39134336130760203787E+02 2.38713162801259727530E+02 2.38291989471759279695E+02 2.37870816142258775017E+02 2.37449642812758327182E+02 2.37028469483257850925E+02 2.36607296153757346246E+02 2.36186122824256898411E+02 2.35764949494756422155E+02 2.35343776165255974320E+02 2.34922602835755469641E+02 2.34501429506255021806E+02 2.34080256176754545550E+02 2.33659082847254097715E+02 2.33237909517753593036E+02 2.32816736188253145201E+02 2.32395562858752668944E+02 2.31974389529252164266E+02 2.31553216199751716431E+02 2.31132042870251240174E+02 2.30710869540750792339E+02 2.30289696211250287661E+02 2.29868522881749868247E+02 2.29447349552249363569E+02 2.29026176222748858891E+02 2.28605002893248439477E+02 2.28183829563747934799E+02
3.49287104907656896557E+02 3.48473761696625103923E+02 3.47660418485593254445E+02 3.46847075274561461811E+02 3.46033732063529612333E+02 3.45220388852497876542E+02 3.44407045641466027064E+02 3.43593702430434234429E+02 3.42780359219402384952E+02 3.41967016008370535474E+02 3.41153672797338742839E+02 3.40340329586306893361E+02 3.39526986375275100727E+02 3.38713643164243251249E+02 3.37900299953211458615E+02 3.37086956742179665980E+02 3.36273613531147873346E+02 3.35460270320116023868E+02 3.34646927109084231233E+02 3.33833583898052381755E+02 3.33020240687020589121E+02 3.32206897475988739643E+02 3.31393554264956947009E+02 3.30580211053925097531E+02 3.29766867842893248053E+02 3.28953524631861455418E+02 3.28140181420829719627E+02 3.27326838209797870149E+02 3.26513494998766020672E+02 3.25700151787734228037E+02 3.24886808576702378559E+02 3.24073465365670585925E+02 3.23260122154638736447E+02 3.22446778943606943812E+02 3.21633435732575094335E+02 3.20820092521543358544E+02 3.20006749310511509066E+02 3.19193406099479716431E+02 3.18380062888447866953E+02 3.17566719677416074319E+02 3.16753376466384224841E+02 3.15940033255352432207E+02 3.15126690044320582729E+02 3.14313346833288733251E+02 3.13500003622256940616E+02 3.12686660411225204825E+02 3.11873317200193355347E+02 3.11059973989161505870E+02 3.10246630778129713235E+02 3.09433287567097863757E+02 3.08619944356066071123E+02 3.07806601145034221645E+02 3.06993257934002429010E+02 3.06179914722970579533E+02 3.05366571511938843742E+02 3.04553228300906994264E+02
2.93731744956438888039E+02 2.93156556036471158677E+02 2.92581367116503486159E+02 2.92006178196535756797E+02 2.91430989276568084279E+02 2.90855800356600411760E+02 2.90280611436632739242E+02 2.89705422516664953037E+02 2.89130233596697280518E+02 2.88555044676729608000E+02 2.87979855756761935481E+02 2.87404666836794206120E+02 2.86829477916826533601E+02 2.86254288996858804239E+02 2.85679100076891131721E+02 2.85103911156923402359E+02 2.84528722236955729841E+02 2.83953533316988057322E+02 2.83378344397020384804E+02 2.82803155477052598599E+02 2.82227966557084926080E+02 2.81652777637117253562E+02 2.81077588717149581043E+02 2.80502399797181851682E+02 2.79927210877214179163E+02 2.79352021957246449801E+02 2.78776833037278777283E+02 2.78201644117311047921E+02 2.77626455197343375403E+02 2.77051266277375702884E+02 2.76476077357407973523E+02 2.75900888437440244161E+02 2.75325699517472571642E+02 2.74750510597504899124E+02 2.74175321677537226606E+02 2.73600132757569497244E+02 2.73024943837601767882E+02 2.72449754917634095364E+02 2.71874565997666422845E+02 2.71299377077698693483E+02 2.70724188157731020965E+02 2.70148999237763348447E+02 2.69573810317795619085E+02 2.68998621397827889723E+02 2.68423432477860217205E+02 2.67848243557892544686E+02 2.67273054637924872168E+02 2.66697865717957142806E+02 2.66122676797989413444E+02 2.65547487878021740926E+02 2.64972298958054068407E+02 2.64397110038086339046E+02 2.63821921118118666527E+02 2.63246732198150994009E+02 2.62671543278183264647E+02 2.62096354358215535285E+02
3.03849757149847732762E+02 3.03234259317047587956E+02 3.02618761484247443150E+02 3.02003263651447298344E+02 3.01387765818647153537E+02 3.00772267985847008731E+02 3.00156770153046863925E+02 2.99541272320246719119E+02 2.98925774487446574312E+02 2.98310276654646429506E+02 2.97694778821846284700E+02 2.97079280989046139894E+02 2.96463783156245995087E+02 2.95848285323445907125E+02 2.95232787490645705475E+02 2.94617289657845617512E+02 2.94001791825045415862E+02 2.93386293992245327900E+02 2.92770796159445126250E+02 2.92155298326645038287E+02 2.91539800493844836637E+02 2.90924302661044748675E+02 2.90308804828244547025E+02 2.89693306995444459062E+02 2.89077809162644257412E+02 2.88462311329844169450E+02 2.87846813497043967800E+02 2.87231315664243879837E+02 2.86615817831443678187E+02 2.86000319998643590225E+02 2.85384822165843445418E+02 2.84769324333043300612E+02 2.84153826500243098963E+02 2.83538328667443011000E+02 2.82922830834642866193E+02 2.82307333001842721387E+02 2.81691835169042576581E+02 2.81076337336242431775E+02 2.80460839503442286968E+02 2.79845341670642142162E+02 2.79229843837841997356E+02 2.78614346005041852550E+02 2.77998848172241764587E+02 2.77383350339441562937E+02 2.76767852506641474974E+02 2.76152354673841273325E+02 2.75536856841041185362E+02 2.74921359008240983712E+02 2.74305861175440895749E+02 2.73690363342640694100E+02 2.73074865509840606137E+02 2.72459367677040404487E+02 2.71843869844240316525E+02 2.71228372011440114875E+02 2.70612874178640026912E+02 2.69997376345839825262E+02
2.98179174687864247062E+02 2.97586435886413994467E+02 2.96993697084963798716E+02 2.96400958283513546121E+02 2.95808219482063293526E+02 2.95215480680613097775E+02 2.94622741879162845180E+02 2.94030003077712592585E+02 2.93437264276262339990E+02 2.92844525474812087396E+02 2.92251786673361834801E+02 2.91659047871911639049E+02 2.91066309070461386455E+02 2.90473570269011190703E+02 2.89880831467560938108E+02 2.89288092666110685514E+02 2.88695353864660489762E+02 2.88102615063210180324E+02 2.87509876261759927729E+02 2.86917137460309731978E+02 2.86324398658859479383E+02 2.85731659857409226788E+02 2.85138921055959031037E+02 2.84546182254508778442E+02 2.83953443453058525847E+02 2.83360704651608330096E+02 2.82767965850158020658E+02 2.82175227048707768063E+02 2.81582488247257572311E+02 2.80989749445807319717E+02 2.80397010644357067122E+02 2.79804271842906871370E+02 2.79211533041456618776E+02 2.78618794240006366181E+02 2.78026055438556170429E+02 2.77433316637105860991E+02 2.76840577835655608396E+02 2.76247839034205412645E+02 2.75655100232755160050E+02 2.75062361431304964299E+02 2.74469622629854711704E+02 2.73876883828404459109E+02 2.73284145026954263358E+02 2.72691406225504010763E+02 2.72098667424053701325E+02 2.71505928622603505573E+02 2.70913189821153252979E+02 2.70320451019703000384E+02 2.69727712218252804632E+02 2.69134973416802552038E+02 2.68542234615352299443E+02 2.67949495813902103691E+02 2.67356757012451851097E+02 2.66764018211001541658E+02 2.66171279409551345907E+02 2.65578540608101093312E+02
2.77173461969543666328E+02 2.76661294449409126628E+02 2.76149126929274586928E+02 2.75636959409140047228E+02 2.75124791889005450685E+02 2.74612624368870967828E+02 2.74100456848736428128E+02 2.73588289328601888428E+02 2.73076121808467348728E+02 2.72563954288332809028E+02 2.72051786768198212485E+02 2.71539619248063672785E+02 2.71027451727929133085E+02 2.70515284207794593385E+02 2.70003116687660053685E+02 2.69490949167525513985E+02 2.68978781647390974285E+02 2.68466614127256377742E+02 2.67954446607121838042E+02 2.67442279086987298342E+02 2.66930111566852758642E+02 2.66417944046718218942E+02 2.65905776526583679242E+02 2.65393609006449139542E+02 2.64881441486314542999E+02 2.64369273966180003299E+02 2.63857106446045463599E+02 2.63344938925910923899E+02 2.62832771405776384199E+02 2.62320603885641844499E+02 2.61808436365507304799E+02 2.61296268845372708256E+02 2.60784101325238168556E+02 2.60271933805103628856E+02 2.59759766284969089156E+02 2.59247598764834549456E+02 2.58735431244700009756E+02 2.58223263724565413213E+02 2.57711096204430873513E+02 2.57198928684296333813E+02 2.56686761164161794113E+02 2.56174593644027254413E+02 2.55662426123892714713E+02 2.55150258603758175013E+02 2.54638091083623578470E+02 2.54125923563489038770E+02 2.53613756043354527492E+02 2.53101588523219987792E+02 2.52589421003085448092E+02 2.52077253482950908392E+02 2.51565085962816311849E+02 2.51052918442681772149E+02 2.50540750922547232449E+02 2.50028583402412692749E+02 2.49516415882278153049E+02 2.49004248362143613349E+02
3.13603561125508804253E+02 3.12947913168504726400E+02 3.12292265211500762234E+02 3.11636617254496741225E+02 3.10980969297492720216E+02 3.10325321340488756050E+02 3.09669673383484735041E+02 3.09014025426480714032E+02 3.08358377469476749866E+02 3.07702729512472728857E+02 3.07047081555468707847E+02 3.06391433598464743682E+02 3.05735785641460722672E+02 3.05080137684456701663E+02 3.04424489727452737498E+02 3.03768841770448716488E+02 3.03113193813444695479E+02 3.02457545856440731313E+02 3.01801897899436710304E+02 3.01146249942432689295E+02 3.00490601985428725129E+02 2.99834954028424704120E+02 2.99179306071420683111E+02 2.98523658114416718945E+02 2.97868010157412641092E+02 2.97212362200408620083E+02 2.96556714243404655917E+02 2.95901066286400634908E+02 2.95245418329396613899E+02 2.94589770372392649733E+02 2.93934122415388628724E+02 2.93278474458384607715E+02 2.92622826501380586706E+02 2.91967178544376622540E+02 2.91311530587372601531E+02 2.90655882630368580521E+02 2.90000234673364616356E+02 2.89344586716360595346E+02 2.88688938759356574337E+02 2.88033290802352610172E+02 2.87377642845348589162E+02 2.86721994888344568153E+02 2.86066346931340603987E+02 2.85410698974336582978E+02 2.84755051017332561969E+02 2.84099403060328597803E+02 2.83443755103324576794E+02 2.82788107146320498941E+02 2.82132459189316534776E+02 2.81476811232312513766E+02 2.80821163275308492757E+02 2.80165515318304528591E+02 2.79509867361300507582E+02 2.78854219404296486573E+02 2.78198571447292522407E+02 2.77542923490288501398E+02
2.55903205315853455204E+02 2.55466628979247275311E+02 2.55030052642641066996E+02 2.54593476306034915524E+02 2.54156899969428735631E+02 2.53720323632822527316E+02 2.53283747296216319000E+02 2.52847170959610167529E+02 2.52410594623003987635E+02 2.51974018286397779320E+02 2.51537441949791599427E+02 2.51100865613185447955E+02 2.50664289276579239640E+02 2.50227712939973059747E+02 2.49791136603366851432E+02 2.49354560266760699960E+02 2.48917983930154491645E+02 2.48481407593548311752E+02 2.48044831256942103437E+02 2.47608254920335951965E+02 2.47171678583729772072E+02 2.46735102247123563757E+02 2.46298525910517355442E+02 2.45861949573911203970E+02 2.45425373237305024077E+02 2.44988796900698815762E+02 2.44552220564092635868E+02 2.44115644227486427553E+02 2.43679067890880276082E+02 2.43242491554274067767E+02 2.42805915217667887873E+02 2.42369338881061679558E+02 2.41932762544455528086E+02 2.41496186207849348193E+02 2.41059609871243139878E+02 2.40623033534636959985E+02 2.40186457198030808513E+02 2.39749880861424600198E+02 2.39313304524818391883E+02 2.38876728188212211990E+02 2.38440151851606060518E+02 2.38003575514999852203E+02 2.37566999178393672310E+02 2.37130422841787463994E+02 2.36693846505181312523E+02 2.36257270168575104208E+02 2.35820693831968924314E+02 2.35384117495362715999E+02 2.34947541158756564528E+02 2.34510964822150384634E+02 2.34074388485544176319E+02 2.33637812148937996426E+02 2.33201235812331844954E+02 2.32764659475725636639E+02 2.32328083139119428324E+02 2.31891506802513248431E+02
3.39493931139721041745E+02 3.38725556944516426938E+02 3.37957182749311698444E+02 3.37188808554107026794E+02 3.36420434358902355143E+02 3.35652060163697683493E+02 3.34883685968492954999E+02 3.34115311773288283348E+02 3.33346937578083668541E+02 3.32578563382878996890E+02 3.31810189187674268396E+02 3.31041814992469596746E+02 3.30273440797264925095E+02 3.29505066602060253445E+02 3.28736692406855524951E+02 3.27968318211650910143E+02 3.27199944016446238493E+02 3.26431569821241566842E+02 3.25663195626036838348E+02 3.24894821430832166698E+02 3.24126447235627495047E+02 3.23358073040422823397E+02 3.22589698845218151746E+02 3.21821324650013480095E+02 3.21052950454808808445E+02 3.20284576259604136794E+02 3.19516202064399408300E+02 3.18747827869194736650E+02 3.17979453673990064999E+02 3.17211079478785450192E+02 3.16442705283580721698E+02 3.15674331088376050047E+02 3.14905956893171378397E+02 3.14137582697966706746E+02 3.13369208502761978252E+02 3.12600834307557306602E+02 3.11832460112352691795E+02 3.11064085917148020144E+02 3.10295711721943291650E+02 3.09527337526738619999E+02 3.08758963331533948349E+02 3.07990589136329276698E+02 3.07222214941124548204E+02 3.06453840745919933397E+02 3.05685466550715261747E+02 3.04917092355510590096E+02 3.04148718160305861602E+02 3.03380343965101189951E+02 3.02611969769896518301E+02 3.01843595574691903494E+02 3.01075221379487175000E+02 3.00306847184282503349E+02 2.99538472989077831699E+02 2.98770098793873103205E+02 2.98001724598668431554E+02 2.97233350403463759903E+02
2.77262861295271761719E+02 2.76750363333580878589E+02 2.76237865371889938615E+02 2.75725367410198998641E+02 2.75212869448508058667E+02 2.74700371486817118694E+02 2.74187873525126178720E+02 2.73675375563435238746E+02 2.73162877601744298772E+02 2.72650379640053301955E+02 2.72137881678362361981E+02 2.71625383716671422007E+02 2.71112885754980482034E+02 2.70600387793289542060E+02 2.70087889831598602086E+02 2.69575391869907662112E+02 2.69062893908216722139E+02 2.68550395946525782165E+02 2.68037897984834842191E+02 2.67525400023143902217E+02 2.67012902061452962243E+02 2.66500404099762022270E+02 2.65987906138071082296E+02 2.65475408176380142322E+02 2.64962910214689259192E+02 2.64450412252998319218E+02 2.63937914291307322401E+02 2.63425416329616382427E+02 2.62912918367925442453E+02 2.62400420406234502479E+02 2.61887922444543562506E+02 2.61375424482852622532E+02 2.60862926521161682558E+02 2.60350428559470742584E+02 2.59837930597779802611E+02 2.59325432636088862637E+02 2.58812934674397922663E+02 2.58300436712706982689E+02 2.57787938751016042715E+02 2.57275440789325102742E+02 2.56762942827634162768E+02 2.56250444865943222794E+02 2.55737946904252311242E+02 2.55225448942561314425E+02 2.54712950980870374451E+02 2.54200453019179434477E+02 2.53687955057488494504E+02 2.53175457095797554530E+02 2.52662959134106614556E+02 2.52150461172415674582E+02 2.51637963210724734608E+02 2.51125465249033794635E+02 2.50612967287342883083E+02 2.50100469325651943109E+02 2.49587971363961003135E+02 2.49075473402270063161E+02
2.88919851424813998619E+02 2.88363353554498416997E+02 2.87806855684182892219E+02 2.87250357813867253753E+02 2.86693859943551672131E+02 2.86137362073236090509E+02 2.85580864202920565731E+02 2.85024366332604984109E+02 2.84467868462289345644E+02 2.83911370591973820865E+02 2.83354872721658239243E+02 2.82798374851342657621E+02 2.82241876981027075999E+02 2.81685379110711494377E+02 2.81128881240395912755E+02 2.80572383370080331133E+02 2.80015885499764806355E+02 2.79459387629449167889E+02 2.78902889759133586267E+02 2.78346391888818004645E+02 2.77789894018502479867E+02 2.77233396148186898245E+02 2.76676898277871259779E+02 2.76120400407555735001E+02 2.75563902537240153379E+02 2.75007404666924571757E+02 2.74450906796608990135E+02 2.73894408926293408513E+02 2.73337911055977826891E+02 2.72781413185662245269E+02 2.72224915315346720490E+02 2.71668417445031138868E+02 2.71111919574715500403E+02 2.70555421704399918781E+02 2.69998923834084394002E+02 2.69442425963768812380E+02 2.68885928093453173915E+02 2.68329430223137649136E+02 2.67772932352822067514E+02 2.67216434482506485892E+02 2.66659936612190904270E+02 2.66103438741875322648E+02 2.65546940871559741026E+02 2.64990443001244159404E+02 2.64433945130928634626E+02 2.63877447260613053004E+02 2.63320949390297414539E+02 2.62764451519981832917E+02 2.62207953649666308138E+02 2.61651455779350726516E+02 2.61094957909035144894E+02 2.60538460038719563272E+02 2.59981962168403981650E+02 2.59425464298088400028E+02 2.58868966427772818406E+02 2.58312468557457236784E+02
3.78911176125224642419E+02 3.77954018262607291945E+02 3.76996860399989941470E+02 3.76039702537372590996E+02 3.75082544674755297365E+02 3.74125386812137946890E+02 3.73168228949520596416E+02 3.72211071086903245941E+02 3.71253913224285895467E+02 3.70296755361668544992E+02 3.69339597499051194518E+02 3.68382439636433957730E+02 3.67425281773816607256E+02 3.66468123911199256781E+02 3.65510966048581906307E+02 3.64553808185964555832E+02 3.63596650323347205358E+02 3.62639492460729854884E+02 3.61682334598112504409E+02 3.60725176735495210778E+02 3.59768018872877860304E+02 3.58810861010260509829E+02 3.57853703147643159355E+02 3.56896545285025808880E+02 3.55939387422408458406E+02 3.54982229559791107931E+02 3.54025071697173814300E+02 3.53067913834556463826E+02 3.52110755971939113351E+02 3.51153598109321762877E+02 3.50196440246704412402E+02 3.49239282384087061928E+02 3.48282124521469711453E+02 3.47324966658852474666E+02 3.46367808796235124191E+02 3.45410650933617773717E+02 3.44453493071000423242E+02 3.43496335208383072768E+02 3.42539177345765722293E+02 3.41582019483148371819E+02 3.40624861620531078188E+02 3.39667703757913727713E+02 3.38710545895296377239E+02 3.37753388032679026765E+02 3.36796230170061676290E+02 3.35839072307444325816E+02 3.34881914444826975341E+02 3.33924756582209681710E+02 3.32967598719592331236E+02 3.32010440856974980761E+02 3.31053282994357630287E+02 3.30096125131740279812E+02 3.29138967269122929338E+02 3.28181809406505578863E+02 3.27224651543888342076E+02 3.26267493681270991601E+02
2.67841154550612486673E+02 2.67362895323472457676E+02 2.66884636096332428679E+02 2.66406376869192399681E+02 2.65928117642052370684E+02 2.65449858414912284843E+02 2.64971599187772255846E+02 2.64493339960632226848E+02 2.64015080733492197851E+02 2.63536821506352168853E+02 2.63058562279212139856E+02 2.62580303052072110859E+02 2.62102043824932081861E+02 2.61623784597792052864E+02 2.61145525370651967023E+02 2.60667266143511938026E+02 2.60189006916371909028E+02 2.59710747689231880031E+02 2.59232488462091851034E+02 2.58754229234951822036E+02 2.58275970007811793039E+02 2.57797710780671764041E+02 2.57319451553531735044E+02 2.56841192326391706047E+02 2.56362933099251620206E+02 2.55884673872111591209E+02 2.55406414644971562211E+02 2.54928155417831533214E+02 2.54449896190691504216E+02 2.53971636963551475219E+02 2.53493377736411446222E+02 2.53015118509271417224E+02 2.52536859282131388227E+02 2.52058600054991330808E+02 2.51580340827851301810E+02 2.51102081600711272813E+02 2.50623822373571243816E+02 2.50145563146431214818E+02 2.49667303919291185821E+02 2.49189044692151156823E+02 2.48710785465011127826E+02 2.48232526237871098829E+02 2.47754267010731069831E+02 2.47276007783590983991E+02 2.46797748556450954993E+02 2.46319489329310925996E+02 2.45841230102170896998E+02 2.45362970875030868001E+02 2.44884711647890839004E+02 2.44406452420750810006E+02 2.43928193193610781009E+02 2.43449933966470752011E+02 2.42971674739330666171E+02 2.42493415512190665595E+02 2.42015156285050636598E+02 2.41536897057910607600E+02
3.06638708345298141467E+02 3.06011859695593614106E+02 3.05385011045889143588E+02 3.04758162396184729914E+02 3.04131313746480202553E+02 3.03504465096775732036E+02 3.02877616447071204675E+02 3.02250767797366734158E+02 3.01623919147662263640E+02 3.00997070497957793123E+02 3.00370221848253265762E+02 2.99743373198548795244E+02 2.99116524548844267883E+02 2.98489675899139854209E+02 2.97862827249435383692E+02 2.97235978599730856331E+02 2.96609129950026385814E+02 2.95982281300321858453E+02 2.95355432650617444779E+02 2.94728584000912917418E+02 2.94101735351208446900E+02 2.93474886701503919539E+02 2.92848038051799449022E+02 2.92221189402094921661E+02 2.91594340752390507987E+02 2.90967492102685980626E+02 2.90340643452981510109E+02 2.89713794803277039591E+02 2.89086946153572569074E+02 2.88460097503868098556E+02 2.87833248854163571195E+02 2.87206400204459100678E+02 2.86579551554754573317E+02 2.85952702905050102800E+02 2.85325854255345632282E+02 2.84699005605641161765E+02 2.84072156955936634404E+02 2.83445308306232163886E+02 2.82818459656527693369E+02 2.82191611006823222851E+02 2.81564762357118752334E+02 2.80937913707414224973E+02 2.80311065057709754456E+02 2.79684216408005227095E+02 2.79057367758300813421E+02 2.78430519108596286060E+02 2.77803670458891815542E+02 2.77176821809187288181E+02 2.76549973159482817664E+02 2.75923124509778347146E+02 2.75296275860073876629E+02 2.74669427210369406112E+02 2.74042578560664878751E+02 2.73415729910960408233E+02 2.72788881261255880872E+02 2.72162032611551467198E+02
3.26900476341564740324E+02 3.26188050198682503833E+02 3.25475624055800210499E+02 3.24763197912917917165E+02 3.24050771770035623831E+02 3.23338345627153387341E+02 3.22625919484271094007E+02 3.21913493341388800673E+02 3.21201067198506564182E+02 3.20488641055624270848E+02 3.19776214912741977514E+02 3.19063788769859684180E+02 3.18351362626977447690E+02 3.17638936484095154356E+02 3.16926510341212861022E+02 3.16214084198330510844E+02 3.15501658055448274354E+02 3.14789231912565981020E+02 3.14076805769683687686E+02 3.13364379626801451195E+02 3.12651953483919157861E+02 3.11939527341036864527E+02 3.11227101198154571193E+02 3.10514675055272334703E+02 3.09802248912390041369E+02 3.09089822769507748035E+02 3.08377396626625511544E+02 3.07664970483743218210E+02 3.06952544340860924876E+02 3.06240118197978631542E+02 3.05527692055096395052E+02 3.04815265912214101718E+02 3.04102839769331808384E+02 3.03390413626449571893E+02 3.02677987483567278559E+02 3.01965561340684985225E+02 3.01253135197802691891E+02 3.00540709054920455401E+02 2.99828282912038162067E+02 2.99115856769155868733E+02 2.98403430626273518556E+02 2.97691004483391282065E+02 2.96978578340508988731E+02 2.96266152197626695397E+02 2.95553726054744458906E+02 2.94841299911862165573E+02 2.94128873768979872239E+02 2.93416447626097578905E+02 2.92704021483215342414E+02 2.91991595340333049080E+02 2.91279169197450755746E+02 2.90566743054568519256E+02 2.89854316911686225922E+02 2.89141890768803932588E+02 2.88429464625921639254E+02 2.87717038483039402763E+02
3.80361445322345161912E+02 3.79396946461760478542E+02 3.78432447601175738328E+02 3.77467948740591054957E+02 3.76503449880006428430E+02 3.75538951019421688216E+02 3.74574452158837004845E+02 3.73609953298252321474E+02 3.72645454437667581260E+02 3.71680955577082954733E+02 3.70716456716498271362E+02 3.69751957855913531148E+02 3.68787458995328847777E+02 3.67822960134744221250E+02 3.66858461274159537879E+02 3.65893962413574797665E+02 3.64929463552990114295E+02 3.63964964692405487767E+02 3.63000465831820747553E+02 3.62035966971236064182E+02 3.61071468110651380812E+02 3.60106969250066640598E+02 3.59142470389482014070E+02 3.58177971528897330700E+02 3.57213472668312590486E+02 3.56248973807727907115E+02 3.55284474947143280588E+02 3.54319976086558540374E+02 3.53355477225973857003E+02 3.52390978365389173632E+02 3.51426479504804433418E+02 3.50461980644219806891E+02 3.49497481783635123520E+02 3.48532982923050383306E+02 3.47568484062465699935E+02 3.46603985201881016565E+02 3.45639486341296333194E+02 3.44674987480711649823E+02 3.43710488620126966453E+02 3.42745989759542226238E+02 3.41781490898957542868E+02 3.40816992038372916340E+02 3.39852493177788232970E+02 3.38887994317203492756E+02 3.37923495456618809385E+02 3.36958996596034182858E+02 3.35994497735449442644E+02 3.35029998874864759273E+02 3.34065500014280075902E+02 3.33101001153695335688E+02 3.32136502293110709161E+02 3.31172003432526025790E+02 3.30207504571941285576E+02 3.29243005711356602205E+02 3.28278506850771975678E+02 3.27314007990187292307E+02
3.14133717375537344196E+02 3.13475850759589548034E+02 3.12817984143641695027E+02 3.12160117527693898865E+02 3.11502250911746045858E+02 3.10844384295798249696E+02 3.10186517679850453533E+02 3.09528651063902600526E+02 3.08870784447954747520E+02 3.08212917832006951357E+02 3.07555051216059098351E+02 3.06897184600111245345E+02 3.06239317984163449182E+02 3.05581451368215596176E+02 3.04923584752267743170E+02 3.04265718136320003850E+02 3.03607851520372150844E+02 3.02949984904424354681E+02 3.02292118288476501675E+02 3.01634251672528648669E+02 3.00976385056580852506E+02 3.00318518440632999500E+02 2.99660651824685146494E+02 2.99002785208737350331E+02 2.98344918592789497325E+02 2.97687051976841701162E+02 2.97029185360893904999E+02 2.96371318744946051993E+02 2.95713452128998255830E+02 2.95055585513050402824E+02 2.94397718897102549818E+02 2.93739852281154753655E+02 2.93081985665206900649E+02 2.92424119049259047642E+02 2.91766252433311308323E+02 2.91108385817363455317E+02 2.90450519201415602311E+02 2.89792652585467806148E+02 2.89134785969519953142E+02 2.88476919353572156979E+02 2.87819052737624303973E+02 2.87161186121676450966E+02 2.86503319505728654804E+02 2.85845452889780801797E+02 2.85187586273832948791E+02 2.84529719657885209472E+02 2.83871853041937356465E+02 2.83213986425989503459E+02 2.82556119810041707296E+02 2.81898253194093854290E+02 2.81240386578146058127E+02 2.80582519962198205121E+02 2.79924653346250352115E+02 2.79266786730302555952E+02 2.78608920114354759789E+02 2.77951053498406906783E+02
2.73758974621689333162E+02 2.73259348113783175904E+02 2.72759721605877075490E+02 2.72260095097970975075E+02 2.71760468590064817818E+02 2.71260842082158717403E+02 2.70761215574252560145E+02 2.70261589066346459731E+02 2.69761962558440359317E+02 2.69262336050534202059E+02 2.68762709542628101644E+02 2.68263083034721944387E+02 2.67763456526815787129E+02 2.67263830018909743558E+02 2.66764203511003586300E+02 2.66264577003097429042E+02 2.65764950495191328628E+02 2.65265323987285171370E+02 2.64765697479379127799E+02 2.64266070971472970541E+02 2.63766444463566813283E+02 2.63266817955660712869E+02 2.62767191447754555611E+02 2.62267564939848455197E+02 2.61767938431942354782E+02 2.61268311924036197524E+02 2.60768685416130097110E+02 2.60269058908223939852E+02 2.59769432400317839438E+02 2.59269805892411739023E+02 2.58770179384505581766E+02 2.58270552876599424508E+02 2.57770926368693324093E+02 2.57271299860787223679E+02 2.56771673352881066421E+02 2.56272046844974966007E+02 2.55772420337068837171E+02 2.55272793829162679913E+02 2.54773167321256579498E+02 2.54273540813350450662E+02 2.53773914305444350248E+02 2.53274287797538221412E+02 2.52774661289632064154E+02 2.52275034781725963740E+02 2.51775408273819834903E+02 2.51275781765913677646E+02 2.50776155258007605653E+02 2.50276528750101448395E+02 2.49776902242195347981E+02 2.49277275734289219145E+02 2.48777649226383061887E+02 2.48278022718476989894E+02 2.47778396210570832636E+02 2.47278769702664675378E+02 2.46779143194758603386E+02 2.46279516686852446128E+02
3.29737674273886625542E+02 3.29012828048316237073E+02 3.28287981822745962290E+02 3.27563135597175573821E+02 3.26838289371605242195E+02 3.26113443146034853726E+02 3.25388596920464578943E+02 3.24663750694894190474E+02 3.23938904469323858848E+02 3.23214058243753470379E+02 3.22489212018183195596E+02 3.21764365792612807127E+02 3.21039519567042475501E+02 3.20314673341472143875E+02 3.19589827115901812249E+02 3.18864980890331423780E+02 3.18140134664761148997E+02 3.17415288439190760528E+02 3.16690442213620428902E+02 3.15965595988050040432E+02 3.15240749762479765650E+02 3.14515903536909377181E+02 3.13791057311339045555E+02 3.13066211085768657085E+02 3.12341364860198382303E+02 3.11616518634627993833E+02 3.10891672409057662207E+02 3.10166826183487330582E+02 3.09441979957916998956E+02 3.08717133732346610486E+02 3.07992287506776278860E+02 3.07267441281205947234E+02 3.06542595055635615608E+02 3.05817748830065227139E+02 3.05092902604494952357E+02 3.04368056378924563887E+02 3.03643210153354175418E+02 3.02918363927783843792E+02 3.02193517702213512166E+02 3.01468671476643180540E+02 3.00743825251072792071E+02 3.00018979025502460445E+02 2.99294132799932128819E+02 2.98569286574361797193E+02 2.97844440348791408724E+02 2.97119594123221133941E+02 2.96394747897650745472E+02 2.95669901672080413846E+02 2.94945055446510025376E+02 2.94220209220939750594E+02 2.93495362995369362125E+02 2.92770516769799030499E+02 2.92045670544228642029E+02 2.91320824318658367247E+02 2.90595978093087978777E+02 2.89871131867517647152E+02
2.86076641430490440143E+02 2.85531042465342750347E+02 2.84985443500195117394E+02 2.84439844535047427598E+02 2.83894245569899794646E+02 2.83348646604752104849E+02 2.82803047639604471897E+02 2.82257448674456782101E+02 2.81711849709309149148E+02 2.81166250744161459352E+02 2.80620651779013826399E+02 2.80075052813866136603E+02 2.79529453848718503650E+02 2.78983854883570813854E+02 2.78438255918423180901E+02 2.77892656953275491105E+02 2.77347057988127801309E+02 2.76801459022980168356E+02 2.76255860057832535404E+02 2.75710261092684845607E+02 2.75164662127537155811E+02 2.74619063162389522859E+02 2.74073464197241889906E+02 2.73527865232094200110E+02 2.72982266266946510314E+02 2.72436667301798820517E+02 2.71891068336651244408E+02 2.71345469371503554612E+02 2.70799870406355864816E+02 2.70254271441208175020E+02 2.69708672476060598910E+02 2.69163073510912909114E+02 2.68617474545765219318E+02 2.68071875580617529522E+02 2.67526276615469896569E+02 2.66980677650322263617E+02 2.66435078685174573820E+02 2.65889479720026884024E+02 2.65343880754879251072E+02 2.64798281789731618119E+02 2.64252682824583928323E+02 2.63707083859436238527E+02 2.63161484894288605574E+02 2.62615885929140972621E+02 2.62070286963993282825E+02 2.61524687998845593029E+02 2.60979089033697960076E+02 2.60433490068550270280E+02 2.59887891103402637327E+02 2.59342292138254947531E+02 2.58796693173107314578E+02 2.58251094207959624782E+02 2.57705495242811991830E+02 2.57159896277664302033E+02 2.56614297312516669081E+02 2.56068698347368979285E+02
2.82881317529492605445E+02 2.82347838597444422248E+02 2.81814359665396352739E+02 2.81280880733348169542E+02 2.80747401801299986346E+02 2.80213922869251859993E+02 2.79680443937203733640E+02 2.79146965005155607287E+02 2.78613486073107424090E+02 2.78080007141059297737E+02 2.77546528209011171384E+02 2.77013049276962988188E+02 2.76479570344914861835E+02 2.75946091412866735482E+02 2.75412612480818552285E+02 2.74879133548770482776E+02 2.74345654616722299579E+02 2.73812175684674116383E+02 2.73278696752625990030E+02 2.72745217820577863677E+02 2.72211738888529737324E+02 2.71678259956481554127E+02 2.71144781024433427774E+02 2.70611302092385301421E+02 2.70077823160337118225E+02 2.69544344228288991872E+02 2.69010865296240865518E+02 2.68477386364192682322E+02 2.67943907432144555969E+02 2.67410428500096429616E+02 2.66876949568048246419E+02 2.66343470636000120066E+02 2.65809991703951993713E+02 2.65276512771903867360E+02 2.64743033839855684164E+02 2.64209554907807500967E+02 2.63676075975759431458E+02 2.63142597043711248261E+02 2.62609118111663121908E+02 2.62075639179614995555E+02 2.61542160247566812359E+02 2.61008681315518686006E+02 2.60475202383470502809E+02 2.59941723451422433300E+02 2.59408244519374250103E+02 2.58874765587326066907E+02 2.58341286655277997397E+02 2.57807807723229814201E+02 2.57274328791181631004E+02 2.56740849859133561495E+02 2.56207370927085378298E+02 2.55673891995037223523E+02 2.55140413062989125592E+02 2.54606934130940970817E+02 2.54073455198892816043E+02 2.53539976266844632846E+02
3.28305220492823423228E+02 3.27586658374137812189E+02 3.26868096255452257992E+02 3.26149534136766590109E+02 3.25430972018081035912E+02 3.24712409899395368029E+02 3.23993847780709813833E+02 3.23275285662024145950E+02 3.22556723543338591753E+02 3.21838161424652923870E+02 3.21119599305967369673E+02 3.20401037187281758634E+02 3.19682475068596147594E+02 3.18963912949910536554E+02 3.18245350831224925514E+02 3.17526788712539314474E+02 3.16808226593853646591E+02 3.16089664475168092395E+02 3.15371102356482424511E+02 3.14652540237796870315E+02 3.13933978119111259275E+02 3.13215416000425648235E+02 3.12496853881740037195E+02 3.11778291763054426156E+02 3.11059729644368815116E+02 3.10341167525683204076E+02 3.09622605406997593036E+02 3.08904043288312038840E+02 3.08185481169626370956E+02 3.07466919050940816760E+02 3.06748356932255148877E+02 3.06029794813569537837E+02 3.05311232694883926797E+02 3.04592670576198315757E+02 3.03874108457512704717E+02 3.03155546338827093678E+02 3.02436984220141539481E+02 3.01718422101455871598E+02 3.00999859982770317401E+02 3.00281297864084649518E+02 2.99562735745399095322E+02 2.98844173626713427439E+02 2.98125611508027873242E+02 2.97407049389342205359E+02 2.96688487270656594319E+02 2.95969925151971040123E+02 2.95251363033285429083E+02 2.94532800914599818043E+02 2.93814238795914150160E+02 2.93095676677228595963E+02 2.92377114558542928080E+02 2.91658552439857373884E+02 2.90939990321171762844E+02 2.90221428202486151804E+02 2.89502866083800540764E+02 2.88784303965114929724E+02
2.98973517696319618153E+02 2.98377616601094928228E+02 2.97781715505870124616E+02 2.97185814410645434691E+02 2.96589913315420687923E+02 2.95994012220195884311E+02 2.95398111124971194386E+02 2.94802210029746447617E+02 2.94206308934521700849E+02 2.93610407839296954080E+02 2.93014506744072207312E+02 2.92418605648847460543E+02 2.91822704553622713775E+02 2.91226803458397967006E+02 2.90630902363173277081E+02 2.90035001267948473469E+02 2.89439100172723726700E+02 2.88843199077499036775E+02 2.88247297982274233163E+02 2.87651396887049486395E+02 2.87055495791824796470E+02 2.86459594696600049701E+02 2.85863693601375246089E+02 2.85267792506150556164E+02 2.84671891410925809396E+02 2.84075990315701062627E+02 2.83480089220476315859E+02 2.82884188125251569090E+02 2.82288287030026822322E+02 2.81692385934802075553E+02 2.81096484839577328785E+02 2.80500583744352582016E+02 2.79904682649127835248E+02 2.79308781553903088479E+02 2.78712880458678398554E+02 2.78116979363453594942E+02 2.77521078268228905017E+02 2.76925177173004158249E+02 2.76329276077779354637E+02 2.75733374982554664712E+02 2.75137473887329917943E+02 2.74541572792105114331E+02 2.73945671696880424406E+02 2.73349770601655677638E+02 2.72753869506430874026E+02 2.72157968411206184101E+02 2.71562067315981437332E+02 2.70966166220756747407E+02 2.70370265125531943795E+02 2.69774364030307197027E+02 2.69178462935082507101E+02 2.68582561839857703490E+02 2.67986660744632956721E+02 2.67390759649408266796E+02 2.66794858554183463184E+02 2.66198957458958716416E+02
3.07796681604603293181E+02 3.07165089623224560000E+02 3.06533497641845883663E+02 3.05901905660467207326E+02 3.05270313679088474146E+02 3.04638721697709740965E+02 3.04007129716331007785E+02 3.03375537734952331448E+02 3.02743945753573655111E+02 3.02112353772194921930E+02 3.01480761790816245593E+02 3.00849169809437569256E+02 3.00217577828058836076E+02 2.99585985846680159739E+02 2.98954393865301426558E+02 2.98322801883922693378E+02 2.97691209902544017041E+02 2.97059617921165283860E+02 2.96428025939786607523E+02 2.95796433958407931186E+02 2.95164841977029198006E+02 2.94533249995650521669E+02 2.93901658014271845332E+02 2.93270066032893055308E+02 2.92638474051514378971E+02 2.92006882070135702634E+02 2.91375290088756969453E+02 2.90743698107378293116E+02 2.90112106125999559936E+02 2.89480514144620883599E+02 2.88848922163242207262E+02 2.88217330181863417238E+02 2.87585738200484740901E+02 2.86954146219106064564E+02 2.86322554237727331383E+02 2.85690962256348655046E+02 2.85059370274969978709E+02 2.84427778293591245529E+02 2.83796186312212569192E+02 2.83164594330833836011E+02 2.82533002349455102831E+02 2.81901410368076426494E+02 2.81269818386697693313E+02 2.80638226405319016976E+02 2.80006634423940340639E+02 2.79375042442561607459E+02 2.78743450461182931122E+02 2.78111858479804254785E+02 2.77480266498425464761E+02 2.76848674517046788424E+02 2.76217082535668055243E+02 2.75585490554289378906E+02 2.74953898572910702569E+02 2.74322306591531969389E+02 2.73690714610153293052E+02 2.73059122628774616715E+02
2.85192464876159590403E+02 2.84650233262678625579E+02 2.84108001649197717597E+02 2.83565770035716752773E+02 2.83023538422235844791E+02 2.82481306808754936810E+02 2.81939075195273971985E+02 2.81396843581793064004E+02 2.80854611968312099179E+02 2.80312380354831191198E+02 2.79770148741350226373E+02 2.79227917127869375236E+02 2.78685685514388467254E+02 2.78143453900907502430E+02 2.77601222287426594448E+02 2.77058990673945629624E+02 2.76516759060464721642E+02 2.75974527446983756818E+02 2.75432295833502848836E+02 2.74890064220021884012E+02 2.74347832606540976030E+02 2.73805600993060068049E+02 2.73263369379579103224E+02 2.72721137766098195243E+02 2.72178906152617230418E+02 2.71636674539136322437E+02 2.71094442925655357612E+02 2.70552211312174449631E+02 2.70009979698693541650E+02 2.69467748085212576825E+02 2.68925516471731725687E+02 2.68383284858250760863E+02 2.67841053244769852881E+02 2.67298821631288888057E+02 2.66756590017807980075E+02 2.66214358404327015251E+02 2.65672126790846107269E+02 2.65129895177365199288E+02 2.64587663563884234463E+02 2.64045431950403326482E+02 2.63503200336922361657E+02 2.62960968723441453676E+02 2.62418737109960488851E+02 2.61876505496479580870E+02 2.61334273882998616045E+02 2.60792042269517708064E+02 2.60249810656036800083E+02 2.59707579042555835258E+02 2.59165347429074927277E+02 2.58623115815593962452E+02 2.58080884202113054471E+02 2.57538652588632146490E+02 2.56996420975151238508E+02 2.56454189361670273684E+02 2.55911957748189365702E+02 2.55369726134708429299E+02
2.91131142940047993761E+02 2.90566093990784111156E+02 2.90001045041520285395E+02 2.89435996092256402790E+02 2.88870947142992577028E+02 2.88305898193728694423E+02 2.87740849244464811818E+02 2.87175800295200986056E+02 2.86610751345937103451E+02 2.86045702396673277690E+02 2.85480653447409395085E+02 2.84915604498145569323E+02 2.84350555548881686718E+02 2.83785506599617804113E+02 2.83220457650353978352E+02 2.82655408701090095747E+02 2.82090359751826269985E+02 2.81525310802562387380E+02 2.80960261853298504775E+02 2.80395212904034679013E+02 2.79830163954770796408E+02 2.79265115005506970647E+02 2.78700066056243088042E+02 2.78135017106979262280E+02 2.77569968157715379675E+02 2.77004919208451497070E+02 2.76439870259187671309E+02 2.75874821309923788704E+02 2.75309772360659962942E+02 2.74744723411396080337E+02 2.74179674462132197732E+02 2.73614625512868371970E+02 2.73049576563604546209E+02 2.72484527614340720447E+02 2.71919478665076837842E+02 2.71354429715813012081E+02 2.70789380766549129476E+02 2.70224331817285246871E+02 2.69659282868021421109E+02 2.69094233918757538504E+02 2.68529184969493712742E+02 2.67964136020229830137E+02 2.67399087070965947532E+02 2.66834038121702121771E+02 2.66268989172438239166E+02 2.65703940223174413404E+02 2.65138891273910530799E+02 2.64573842324646705038E+02 2.64008793375382822433E+02 2.63443744426118939828E+02 2.62878695476855114066E+02 2.62313646527591231461E+02 2.61748597578327405699E+02 2.61183548629063523094E+02 2.60618499679799640489E+02 2.60053450730535814728E+02
3.58007256966041779833E+02 3.57152795659106118364E+02 3.56298334352170400052E+02 3.55443873045234795427E+02 3.54589411738299133958E+02 3.53734950431363415646E+02 3.52880489124427754177E+02 3.52026027817492149552E+02 3.51171566510556488083E+02 3.50317105203620769771E+02 3.49462643896685165146E+02 3.48608182589749503677E+02 3.47753721282813785365E+02 3.46899259975878123896E+02 3.46044798668942519271E+02 3.45190337362006800959E+02 3.44335876055071139490E+02 3.43481414748135478021E+02 3.42626953441199816552E+02 3.41772492134264155084E+02 3.40918030827328493615E+02 3.40063569520392888990E+02 3.39209108213457170677E+02 3.38354646906521509209E+02 3.37500185599585847740E+02 3.36645724292650186271E+02 3.35791262985714524802E+02 3.34936801678778863334E+02 3.34082340371843145022E+02 3.33227879064907540396E+02 3.32373417757971878927E+02 3.31518956451036217459E+02 3.30664495144100555990E+02 3.29810033837164894521E+02 3.28955572530229233053E+02 3.28101111223293514740E+02 3.27246649916357910115E+02 3.26392188609422248646E+02 3.25537727302486530334E+02 3.24683265995550925709E+02 3.23828804688615264240E+02 3.22974343381679545928E+02 3.22119882074743884459E+02 3.21265420767808279834E+02 3.20410959460872618365E+02 3.19556498153936900053E+02 3.18702036847001295428E+02 3.17847575540065633959E+02 3.16993114233129915647E+02 3.16138652926194254178E+02 3.15284191619258649553E+02 3.14429730312322931240E+02 3.13575269005387269772E+02 3.12720807698451608303E+02 3.11866346391516003678E+02 3.11011885084580285366E+02
2.79793116225820540421E+02 2.79271221639904865697E+02 2.78749327053989134129E+02 2.78227432468073459404E+02 2.77705537882157727836E+02 2.77183643296242053111E+02 2.76661748710326321543E+02 2.76139854124410589975E+02 2.75617959538494915250E+02 2.75096064952579183682E+02 2.74574170366663508958E+02 2.74052275780747834233E+02 2.73530381194832102665E+02 2.73008486608916427940E+02 2.72486592023000696372E+02 2.71964697437085021647E+02 2.71442802851169290079E+02 2.70920908265253615355E+02 2.70399013679337883787E+02 2.69877119093422152218E+02 2.69355224507506477494E+02 2.68833329921590745926E+02 2.68311435335675071201E+02 2.67789540749759396476E+02 2.67267646163843664908E+02 2.66745751577927990184E+02 2.66223856992012258615E+02 2.65701962406096583891E+02 2.65180067820180852323E+02 2.64658173234265120755E+02 2.64136278648349446030E+02 2.63614384062433714462E+02 2.63092489476518039737E+02 2.62570594890602308169E+02 2.62048700304686633444E+02 2.61526805718770958720E+02 2.61004911132855227152E+02 2.60483016546939552427E+02 2.59961121961023820859E+02 2.59439227375108146134E+02 2.58917332789192357723E+02 2.58395438203276682998E+02 2.57873543617361008273E+02 2.57351649031445276705E+02 2.56829754445529601981E+02 2.56307859859613870412E+02 2.55785965273698195688E+02 2.55264070687782492541E+02 2.54742176101866789395E+02 2.54220281515951086249E+02 2.53698386930035383102E+02 2.53176492344119651534E+02 2.52654597758203948388E+02 2.52132703172288245241E+02 2.51610808586372542095E+02 2.51088914000456838949E+02
3.06638570122747978530E+02 3.06011722038168500148E+02 3.05384873953589021767E+02 3.04758025869009486541E+02 3.04131177784430008160E+02 3.03504329699850529778E+02 3.02877481615271051396E+02 3.02250633530691573014E+02 3.01623785446112094633E+02 3.00996937361532559407E+02 3.00370089276953081026E+02 2.99743241192373602644E+02 2.99116393107794124262E+02 2.98489545023214645880E+02 2.97862696938635167498E+02 2.97235848854055632273E+02 2.96609000769476153891E+02 2.95982152684896675510E+02 2.95355304600317197128E+02 2.94728456515737718746E+02 2.94101608431158240364E+02 2.93474760346578705139E+02 2.92847912261999226757E+02 2.92221064177419748376E+02 2.91594216092840269994E+02 2.90967368008260791612E+02 2.90340519923681313230E+02 2.89713671839101778005E+02 2.89086823754522299623E+02 2.88459975669942821241E+02 2.87833127585363342860E+02 2.87206279500783807634E+02 2.86579431416204329253E+02 2.85952583331624794027E+02 2.85325735247045315646E+02 2.84698887162465837264E+02 2.84072039077886358882E+02 2.83445190993306880500E+02 2.82818342908727402119E+02 2.82191494824147866893E+02 2.81564646739568388512E+02 2.80937798654988910130E+02 2.80310950570409431748E+02 2.79684102485829953366E+02 2.79057254401250474984E+02 2.78430406316670939759E+02 2.77803558232091461377E+02 2.77176710147511982996E+02 2.76549862062932504614E+02 2.75923013978353026232E+02 2.75296165893773547850E+02 2.74669317809194012625E+02 2.74042469724614534243E+02 2.73415621640035055862E+02 2.72788773555455577480E+02 2.72161925470876099098E+02
3.22114187933641289874E+02 3.21422470933187014452E+02 3.20730753932732682188E+02 3.20039036932278293079E+02 3.19347319931823960815E+02 3.18655602931369685393E+02 3.17963885930915353129E+02 3.17272168930461020864E+02 3.16580451930006631756E+02 3.15888734929552356334E+02 3.15197017929098024069E+02 3.14505300928643691805E+02 3.13813583928189416383E+02 3.13121866927735027275E+02 3.12430149927280695010E+02 3.11738432926826362745E+02 3.11046715926372087324E+02 3.10354998925917755059E+02 3.09663281925463365951E+02 3.08971564925009033686E+02 3.08279847924554758265E+02 3.07588130924100426000E+02 3.06896413923646093735E+02 3.06204696923191704627E+02 3.05512979922737429206E+02 3.04821262922283096941E+02 3.04129545921828764676E+02 3.03437828921374489255E+02 3.02746111920920156990E+02 3.02054394920465767882E+02 3.01362677920011435617E+02 3.00670960919557160196E+02 2.99979243919102827931E+02 2.99287526918648495666E+02 2.98595809918194106558E+02 2.97904092917739831137E+02 2.97212375917285498872E+02 2.96520658916831166607E+02 2.95828941916376891186E+02 2.95137224915922502078E+02 2.94445507915468169813E+02 2.93753790915013837548E+02 2.93062073914559562127E+02 2.92370356914105229862E+02 2.91678639913650840754E+02 2.90986922913196508489E+02 2.90295205912742233068E+02 2.89603488912287900803E+02 2.88911771911833568538E+02 2.88220054911379179430E+02 2.87528337910924904008E+02 2.86836620910470571744E+02 2.86144903910016239479E+02 2.85453186909561964058E+02 2.84761469909107631793E+02 2.84069752908653242685E+02
2.87058486442714979603E+02 2.86509135945123148304E+02 2.85959785447531203317E+02 2.85410434949939372018E+02 2.84861084452347427032E+02 2.84311733954755595732E+02 2.83762383457163650746E+02 2.83213032959571819447E+02 2.82663682461979931304E+02 2.82114331964388043161E+02 2.81564981466796155019E+02 2.81015630969204266876E+02 2.80466280471612378733E+02 2.79916929974020547434E+02 2.79367579476428602447E+02 2.78818228978836771148E+02 2.78268878481244826162E+02 2.77719527983652994862E+02 2.77170177486061106720E+02 2.76620826988469218577E+02 2.76071476490877387278E+02 2.75522125993285442291E+02 2.74972775495693610992E+02 2.74423424998101666006E+02 2.73874074500509834706E+02 2.73324724002917889720E+02 2.72775373505326058421E+02 2.72226023007734170278E+02 2.71676672510142282135E+02 2.71127322012550393993E+02 2.70577971514958505850E+02 2.70028621017366617707E+02 2.69479270519774786408E+02 2.68929920022182841421E+02 2.68380569524591010122E+02 2.67831219026999065136E+02 2.67281868529407233837E+02 2.66732518031815288850E+02 2.66183167534223457551E+02 2.65633817036631569408E+02 2.65084466539039681265E+02 2.64535116041447793123E+02 2.63985765543855904980E+02 2.63436415046264016837E+02 2.62887064548672185538E+02 2.62337714051080240552E+02 2.61788363553488409252E+02 2.61239013055896521109E+02 2.60689662558304632967E+02 2.60140312060712744824E+02 2.59590961563120856681E+02 2.59041611065529025382E+02 2.58492260567937080395E+02 2.57942910070345249096E+02 2.57393559572753304110E+02 2.56844209075161472811E+02
3.01074174270521268681E+02 3.00469869881103420539E+02 2.99865565491685572397E+02 2.99261261102267724254E+02 2.98656956712849932956E+02 2.98052652323432084813E+02 2.97448347934014236671E+02 2.96844043544596388529E+02 2.96239739155178540386E+02 2.95635434765760692244E+02 2.95031130376342844102E+02 2.94426825986924995959E+02 2.93822521597507204660E+02 2.93218217208089356518E+02 2.92613912818671508376E+02 2.92009608429253660233E+02 2.91405304039835812091E+02 2.90800999650417963949E+02 2.90196695261000115806E+02 2.89592390871582267664E+02 2.88988086482164476365E+02 2.88383782092746628223E+02 2.87779477703328780080E+02 2.87175173313910931938E+02 2.86570868924493083796E+02 2.85966564535075178810E+02 2.85362260145657330668E+02 2.84757955756239539369E+02 2.84153651366821691227E+02 2.83549346977403843084E+02 2.82945042587985994942E+02 2.82340738198568146800E+02 2.81736433809150298657E+02 2.81132129419732450515E+02 2.80527825030314602373E+02 2.79923520640896811074E+02 2.79319216251478962931E+02 2.78714911862061114789E+02 2.78110607472643266647E+02 2.77506303083225418504E+02 2.76901998693807570362E+02 2.76297694304389722220E+02 2.75693389914971874077E+02 2.75089085525554082778E+02 2.74484781136136234636E+02 2.73880476746718386494E+02 2.73276172357300538351E+02 2.72671867967882690209E+02 2.72067563578464842067E+02 2.71463259189046993924E+02 2.70858954799629202626E+02 2.70254650410211354483E+02 2.69650346020793506341E+02 2.69046041631375658199E+02 2.68441737241957810056E+02 2.67837432852539961914E+02
3.07525053786695025337E+02 3.06894576061984992066E+02 3.06264098337274901951E+02 3.05633620612564868679E+02 3.05003142887854778564E+02 3.04372665163144688449E+02 3.03742187438434655178E+02 3.03111709713724565063E+02 3.02481231989014531791E+02 3.01850754264304498520E+02 3.01220276539594351561E+02 3.00589798814884318290E+02 2.99959321090174228175E+02 2.99328843365464194903E+02 2.98698365640754161632E+02 2.98067887916044071517E+02 2.97437410191334038245E+02 2.96806932466623891287E+02 2.96176454741913858015E+02 2.95545977017203824744E+02 2.94915499292493734629E+02 2.94285021567783701357E+02 2.93654543843073611242E+02 2.93024066118363577971E+02 2.92393588393653487856E+02 2.91763110668943397741E+02 2.91132632944233364469E+02 2.90502155219523274354E+02 2.89871677494813241083E+02 2.89241199770103207811E+02 2.88610722045393060853E+02 2.87980244320683027581E+02 2.87349766595972937466E+02 2.86719288871262904195E+02 2.86088811146552870923E+02 2.85458333421842780808E+02 2.84827855697132690693E+02 2.84197377972422600578E+02 2.83566900247712567307E+02 2.82936422523002534035E+02 2.82305944798292443920E+02 2.81675467073582410649E+02 2.81044989348872377377E+02 2.80414511624162230419E+02 2.79784033899452197147E+02 2.79153556174742107032E+02 2.78523078450032073761E+02 2.77892600725322040489E+02 2.77262123000611950374E+02 2.76631645275901917103E+02 2.76001167551191770144E+02 2.75370689826481736873E+02 2.74740212101771703601E+02 2.74109734377061613486E+02 2.73479256652351580215E+02 2.72848778927641490100E+02
2.81538792241156841101E+02 2.81010364964246150521E+02 2.80481937687335459941E+02 2.79953510410424655674E+02 2.79425083133513965095E+02 2.78896655856603217671E+02 2.78368228579692527092E+02 2.77839801302781722825E+02 2.77311374025871032245E+02 2.76782946748960284822E+02 2.76254519472049594242E+02 2.75726092195138846819E+02 2.75197664918228099395E+02 2.74669237641317408816E+02 2.74140810364406661392E+02 2.73612383087495970813E+02 2.73083955810585166546E+02 2.72555528533674475966E+02 2.72027101256763785386E+02 2.71498673979853037963E+02 2.70970246702942290540E+02 2.70441819426031543117E+02 2.69913392149120852537E+02 2.69384964872210105113E+02 2.68856537595299357690E+02 2.68328110318388610267E+02 2.67799683041477919687E+02 2.67271255764567229107E+02 2.66742828487656481684E+02 2.66214401210745734261E+02 2.65685973933834986838E+02 2.65157546656924296258E+02 2.64629119380013548835E+02 2.64100692103102801411E+02 2.63572264826192110831E+02 2.63043837549281363408E+02 2.62515410272370672828E+02 2.61986982995459868562E+02 2.61458555718549177982E+02 2.60930128441638430559E+02 2.60401701164727739979E+02 2.59873273887816992556E+02 2.59344846610906245132E+02 2.58816419333995554553E+02 2.58287992057084807129E+02 2.57759564780174116549E+02 2.57231137503263312283E+02 2.56702710226352621703E+02 2.56174282949441874280E+02 2.55645855672531183700E+02 2.55117428395620407855E+02 2.54589001118709688853E+02 2.54060573841798969852E+02 2.53532146564888250850E+02 2.53003719287977560271E+02 2.52475292011066784426E+02
3.16870877511397509352E+02 3.16201496491298541969E+02 3.15532115471199631429E+02 3.14862734451100607203E+02 3.14193353431001639819E+02 3.13523972410902672436E+02 3.12854591390803761897E+02 3.12185210370704794514E+02 3.11515829350605827130E+02 3.10846448330506916591E+02 3.10177067310407949208E+02 3.09507686290308981825E+02 3.08838305270210014442E+02 3.08168924250111103902E+02 3.07499543230012136519E+02 3.06830162209913169136E+02 3.06160781189814258596E+02 3.05491400169715291213E+02 3.04822019149616323830E+02 3.04152638129517356447E+02 3.03483257109418445907E+02 3.02813876089319478524E+02 3.02144495069220511141E+02 3.01475114049121543758E+02 3.00805733029022633218E+02 3.00136352008923608992E+02 2.99466970988824641609E+02 2.98797589968725731069E+02 2.98128208948626763686E+02 2.97458827928527796303E+02 2.96789446908428828920E+02 2.96120065888329918380E+02 2.95450684868230950997E+02 2.94781303848131983614E+02 2.94111922828033073074E+02 2.93442541807934105691E+02 2.92773160787835138308E+02 2.92103779767736170925E+02 2.91434398747637260385E+02 2.90765017727538293002E+02 2.90095636707439325619E+02 2.89426255687340415079E+02 2.88756874667241447696E+02 2.88087493647142480313E+02 2.87418112627043512930E+02 2.86748731606944602390E+02 2.86079350586845635007E+02 2.85409969566746667624E+02 2.84740588546647757084E+02 2.84071207526548732858E+02 2.83401826506449765475E+02 2.82732445486350798092E+02 2.82063064466251887552E+02 2.81393683446152920169E+02 2.80724302426053952786E+02 2.80054921405955042246E+02
3.18730645642615627366E+02 3.18053384146137261723E+02 3.17376122649658839237E+02 3.16698861153180473593E+02 3.16021599656702051107E+02 3.15344338160223685463E+02 3.14667076663745262977E+02 3.13989815167266897333E+02 3.13312553670788474847E+02 3.12635292174310109203E+02 3.11958030677831743560E+02 3.11280769181353321073E+02 3.10603507684874955430E+02 3.09926246188396532943E+02 3.09248984691918167300E+02 3.08571723195439744813E+02 3.07894461698961379170E+02 3.07217200202482956684E+02 3.06539938706004591040E+02 3.05862677209526168554E+02 3.05185415713047802910E+02 3.04508154216569437267E+02 3.03830892720091014780E+02 3.03153631223612649137E+02 3.02476369727134226650E+02 3.01799108230655861007E+02 3.01121846734177438520E+02 3.00444585237699072877E+02 2.99767323741220650390E+02 2.99090062244742284747E+02 2.98412800748263919104E+02 2.97735539251785496617E+02 2.97058277755307130974E+02 2.96381016258828708487E+02 2.95703754762350342844E+02 2.95026493265871920357E+02 2.94349231769393554714E+02 2.93671970272915132227E+02 2.92994708776436766584E+02 2.92317447279958400941E+02 2.91640185783479978454E+02 2.90962924287001612811E+02 2.90285662790523190324E+02 2.89608401294044824681E+02 2.88931139797566402194E+02 2.88253878301088036551E+02 2.87576616804609614064E+02 2.86899355308131248421E+02 2.86222093811652825934E+02 2.85544832315174517134E+02 2.84867570818696151491E+02 2.84190309322217729004E+02 2.83513047825739363361E+02 2.82835786329260940875E+02 2.82158524832782575231E+02 2.81481263336304152745E+02
3.37806550174249139218E+02 3.37045795071978318447E+02 3.36285039969707440832E+02 3.35524284867436620061E+02 3.34763529765165742447E+02 3.34002774662894921676E+02 3.33242019560624044061E+02 3.32481264458353223290E+02 3.31720509356082345676E+02 3.30959754253811524904E+02 3.30198999151540647290E+02 3.29438244049269826519E+02 3.28677488946998948904E+02 3.27916733844728128133E+02 3.27155978742457250519E+02 3.26395223640186429748E+02 3.25634468537915552133E+02 3.24873713435644731362E+02 3.24112958333373853748E+02 3.23352203231103032977E+02 3.22591448128832155362E+02 3.21830693026561334591E+02 3.21069937924290456976E+02 3.20309182822019636205E+02 3.19548427719748701747E+02 3.18787672617477937820E+02 3.18026917515207117049E+02 3.17266162412936182591E+02 3.16505407310665361820E+02 3.15744652208394484205E+02 3.14983897106123663434E+02 3.14223142003852785820E+02 3.13462386901581965049E+02 3.12701631799311087434E+02 3.11940876697040266663E+02 3.11180121594769389048E+02 3.10419366492498568277E+02 3.09658611390227690663E+02 3.08897856287956869892E+02 3.08137101185685992277E+02 3.07376346083415171506E+02 3.06615590981144293892E+02 3.05854835878873473121E+02 3.05094080776602595506E+02 3.04333325674331774735E+02 3.03572570572060897121E+02 3.02811815469790076349E+02 3.02051060367519198735E+02 3.01290305265248377964E+02 3.00529550162977557193E+02 2.99768795060706679578E+02 2.99008039958435858807E+02 2.98247284856164924349E+02 2.97486529753894160422E+02 2.96725774651623225964E+02 2.95965019549352405193E+02
3.19746444630654480079E+02 3.19064859371628188001E+02 3.18383274112601895922E+02 3.17701688853575603844E+02 3.17020103594549311765E+02 3.16338518335523019687E+02 3.15656933076496727608E+02 3.14975347817470435530E+02 3.14293762558444086608E+02 3.13612177299417794529E+02 3.12930592040391502451E+02 3.12249006781365210372E+02 3.11567421522338918294E+02 3.10885836263312626215E+02 3.10204251004286334137E+02 3.09522665745260098902E+02 3.08841080486233806823E+02 3.08159495227207514745E+02 3.07477909968181222666E+02 3.06796324709154930588E+02 3.06114739450128638509E+02 3.05433154191102346431E+02 3.04751568932076054352E+02 3.04069983673049705430E+02 3.03388398414023413352E+02 3.02706813154997121273E+02 3.02025227895970829195E+02 3.01343642636944537117E+02 3.00662057377918245038E+02 2.99980472118891952960E+02 2.99298886859865660881E+02 2.98617301600839368803E+02 2.97935716341813076724E+02 2.97254131082786784646E+02 2.96572545823760492567E+02 2.95890960564734200489E+02 2.95209375305707908410E+02 2.94527790046681616332E+02 2.93846204787655324253E+02 2.93164619528628975331E+02 2.92483034269602683253E+02 2.91801449010576391174E+02 2.91119863751550099096E+02 2.90438278492523807017E+02 2.89756693233497514939E+02 2.89075107974471222860E+02 2.88393522715444930782E+02 2.87711937456418638703E+02 2.87030352197392346625E+02 2.86348766938366054546E+02 2.85667181679339762468E+02 2.84985596420313470389E+02 2.84304011161287121467E+02 2.83622425902260829389E+02 2.82940840643234537310E+02 2.82259255384208245232E+02
2.71561993878442137884E+02 2.71070354434980572478E+02 2.70578714991519007071E+02 2.70087075548057384822E+02 2.69595436104595876259E+02 2.69103796661134310853E+02 2.68612157217672745446E+02 2.68120517774211123196E+02 2.67628878330749557790E+02 2.67137238887287992384E+02 2.66645599443826483821E+02 2.66153960000364918415E+02 2.65662320556903296165E+02 2.65170681113441730758E+02 2.64679041669980165352E+02 2.64187402226518656789E+02 2.63695762783057034540E+02 2.63204123339595469133E+02 2.62712483896133903727E+02 2.62220844452672338321E+02 2.61729205009210829758E+02 2.61237565565749207508E+02 2.60745926122287642102E+02 2.60254286678826076695E+02 2.59762647235364511289E+02 2.59271007791902945883E+02 2.58779368348441380476E+02 2.58287728904979815070E+02 2.57796089461518249664E+02 2.57304450018056684257E+02 2.56812810574595118851E+02 2.56321171131133553445E+02 2.55829531687671988038E+02 2.55337892244210422632E+02 2.54846252800748828804E+02 2.54354613357287263398E+02 2.53862973913825726413E+02 2.53371334470364161007E+02 2.52879695026902567179E+02 2.52388055583441001772E+02 2.51896416139979436366E+02 2.51404776696517899381E+02 2.50913137253056333975E+02 2.50421497809594740147E+02 2.49929858366133174741E+02 2.49438218922671609334E+02 2.48946579479210072350E+02 2.48454940035748450100E+02 2.47963300592286913115E+02 2.47471661148825347709E+02 2.46980021705363782303E+02 2.46488382261902188475E+02 2.45996742818440623068E+02 2.45505103374979057662E+02 2.45013463931517520678E+02 2.44521824488055955271E+02
3.55198740545245584599E+02 3.54357632910012739558E+02 3.53516525274779837673E+02 3.52675417639546992632E+02 3.51834310004314090747E+02 3.50993202369081302550E+02 3.50152094733848400665E+02 3.49310987098615555624E+02 3.48469879463382710583E+02 3.47628771828149808698E+02 3.46787664192917020500E+02 3.45946556557684118616E+02 3.45105448922451273575E+02 3.44264341287218428533E+02 3.43423233651985526649E+02 3.42582126016752738451E+02 3.41741018381519836566E+02 3.40899910746286991525E+02 3.40058803111054089641E+02 3.39217695475821244600E+02 3.38376587840588456402E+02 3.37535480205355554517E+02 3.36694372570122709476E+02 3.35853264934889807591E+02 3.35012157299656962550E+02 3.34171049664424117509E+02 3.33329942029191272468E+02 3.32488834393958427427E+02 3.31647726758725525542E+02 3.30806619123492680501E+02 3.29965511488259778616E+02 3.29124403853026990419E+02 3.28283296217794145377E+02 3.27442188582561243493E+02 3.26601080947328398452E+02 3.25759973312095496567E+02 3.24918865676862708369E+02 3.24077758041629863328E+02 3.23236650406396961444E+02 3.22395542771164116402E+02 3.21554435135931214518E+02 3.20713327500698369477E+02 3.19872219865465524435E+02 3.19031112230232679394E+02 3.18190004594999834353E+02 3.17348896959766932468E+02 3.16507789324534087427E+02 3.15666681689301242386E+02 3.14825574054068397345E+02 3.13984466418835552304E+02 3.13143358783602650419E+02 3.12302251148369805378E+02 3.11461143513136960337E+02 3.10620035877904115296E+02 3.09778928242671213411E+02 3.08937820607438368370E+02
3.07157101532612784922E+02 3.06528131632466624978E+02 3.05899161732320578722E+02 3.05270191832174475621E+02 3.04641221932028372521E+02 3.04012252031882269421E+02 3.03383282131736109477E+02 3.02754312231590063220E+02 3.02125342331443903277E+02 3.01496372431297857020E+02 3.00867402531151697076E+02 3.00238432631005593976E+02 2.99609462730859547719E+02 2.98980492830713387775E+02 2.98351522930567341518E+02 2.97722553030421181575E+02 2.97093583130275078474E+02 2.96464613230128975374E+02 2.95835643329982872274E+02 2.95206673429836769174E+02 2.94577703529690666073E+02 2.93948733629544562973E+02 2.93319763729398459873E+02 2.92690793829252356772E+02 2.92061823929106253672E+02 2.91432854028960150572E+02 2.90803884128813990628E+02 2.90174914228667944371E+02 2.89545944328521784428E+02 2.88916974428375738171E+02 2.88288004528229635071E+02 2.87659034628083475127E+02 2.87030064727937428870E+02 2.86401094827791268926E+02 2.85772124927645222670E+02 2.85143155027499062726E+02 2.84514185127352959626E+02 2.83885215227206913369E+02 2.83256245327060753425E+02 2.82627275426914707168E+02 2.81998305526768547224E+02 2.81369335626622444124E+02 2.80740365726476341024E+02 2.80111395826330237924E+02 2.79482425926184134823E+02 2.78853456026038031723E+02 2.78224486125891985466E+02 2.77595516225745825523E+02 2.76966546325599722422E+02 2.76337576425453619322E+02 2.75708606525307516222E+02 2.75079636625161413122E+02 2.74450666725015310021E+02 2.73821696824869150078E+02 2.73192726924723103821E+02 2.72563757024577000720E+02
3.51402768871204330026E+02 3.50579542831402022784E+02 3.49756316791599658700E+02 3.48933090751797351459E+02 3.48109864711995044217E+02 3.47286638672192736976E+02 3.46463412632390316048E+02 3.45640186592588008807E+02 3.44816960552785701566E+02 3.43993734512983337481E+02 3.43170508473181030240E+02 3.42347282433378722999E+02 3.41524056393576415758E+02 3.40700830353774051673E+02 3.39877604313971744432E+02 3.39054378274169437191E+02 3.38231152234367073106E+02 3.37407926194564765865E+02 3.36584700154762458624E+02 3.35761474114960151383E+02 3.34938248075157730455E+02 3.34115022035355423213E+02 3.33291795995553115972E+02 3.32468569955750751888E+02 3.31645343915948444646E+02 3.30822117876146137405E+02 3.29998891836343830164E+02 3.29175665796541466079E+02 3.28352439756739158838E+02 3.27529213716936851597E+02 3.26705987677134544356E+02 3.25882761637332180271E+02 3.25059535597529873030E+02 3.24236309557727565789E+02 3.23413083517925201704E+02 3.22589857478122894463E+02 3.21766631438320587222E+02 3.20943405398518279981E+02 3.20120179358715859053E+02 3.19296953318913551811E+02 3.18473727279111244570E+02 3.17650501239308880486E+02 3.16827275199506573244E+02 3.16004049159704266003E+02 3.15180823119901958762E+02 3.14357597080099594677E+02 3.13534371040297287436E+02 3.12711145000494980195E+02 3.11887918960692616110E+02 3.11064692920890308869E+02 3.10241466881088001628E+02 3.09418240841285694387E+02 3.08595014801483273459E+02 3.07771788761680966218E+02 3.06948562721878658976E+02 3.06125336682076294892E+02
2.99348310788020910422E+02 2.98750914713543295420E+02 2.98153518639065680418E+02 2.97556122564588065416E+02 2.96958726490110507257E+02 2.96361330415632892255E+02 2.95763934341155277252E+02 2.95166538266677662250E+02 2.94569142192200047248E+02 2.93971746117722432246E+02 2.93374350043244817243E+02 2.92776953968767145398E+02 2.92179557894289587239E+02 2.91582161819811972236E+02 2.90984765745334357234E+02 2.90387369670856742232E+02 2.89789973596379127230E+02 2.89192577521901512227E+02 2.88595181447423897225E+02 2.87997785372946282223E+02 2.87400389298468724064E+02 2.86802993223991109062E+02 2.86205597149513494060E+02 2.85608201075035879057E+02 2.85010805000558264055E+02 2.84413408926080649053E+02 2.83816012851603034051E+02 2.83218616777125475892E+02 2.82621220702647860890E+02 2.82023824628170245887E+02 2.81426428553692574042E+02 2.80829032479214959039E+02 2.80231636404737344037E+02 2.79634240330259729035E+02 2.79036844255782114033E+02 2.78439448181304555874E+02 2.77842052106826940872E+02 2.77244656032349325869E+02 2.76647259957871710867E+02 2.76049863883394095865E+02 2.75452467808916480863E+02 2.74855071734438865860E+02 2.74257675659961307701E+02 2.73660279585483692699E+02 2.73062883511006077697E+02 2.72465487436528462695E+02 2.71868091362050847692E+02 2.71270695287573232690E+02 2.70673299213095617688E+02 2.70075903138618002686E+02 2.69478507064140444527E+02 2.68881110989662772681E+02 2.68283714915185157679E+02 2.67686318840707542677E+02 2.67088922766229927674E+02 2.66491526691752312672E+02
2.95053442859684537325E+02 2.94473065965395505827E+02 2.93892689071106474330E+02 2.93312312176817499676E+02 2.92731935282528468178E+02 2.92151558388239436681E+02 2.91571181493950405184E+02 2.90990804599661430530E+02 2.90410427705372342189E+02 2.89830050811083310691E+02 2.89249673916794279194E+02 2.88669297022505304540E+02 2.88088920128216273042E+02 2.87508543233927241545E+02 2.86928166339638210047E+02 2.86347789445349235393E+02 2.85767412551060203896E+02 2.85187035656771172398E+02 2.84606658762482140901E+02 2.84026281868193166247E+02 2.83445904973904134749E+02 2.82865528079615046408E+02 2.82285151185326014911E+02 2.81704774291037040257E+02 2.81124397396748008759E+02 2.80544020502458977262E+02 2.79963643608169945765E+02 2.79383266713880971110E+02 2.78802889819591939613E+02 2.78222512925302908116E+02 2.77642136031013933462E+02 2.77061759136724901964E+02 2.76481382242435870467E+02 2.75901005348146838969E+02 2.75320628453857864315E+02 2.74740251559568832818E+02 2.74159874665279744477E+02 2.73579497770990712979E+02 2.72999120876701738325E+02 2.72418743982412706828E+02 2.71838367088123675330E+02 2.71257990193834643833E+02 2.70677613299545669179E+02 2.70097236405256637681E+02 2.69516859510967606184E+02 2.68936482616678574686E+02 2.68356105722389600032E+02 2.67775728828100568535E+02 2.67195351933811537037E+02 2.66614975039522448697E+02 2.66034598145233474042E+02 2.65454221250944442545E+02 2.64873844356655411048E+02 2.64293467462366436393E+02 2.63713090568077404896E+02 2.63132713673788373399E+02
3.39940551595323938727E+02 3.39170154404531047021E+02 3.38399757213738212158E+02 3.37629360022945263609E+02 3.36858962832152371902E+02 3.36088565641359537040E+02 3.35318168450566645333E+02 3.34547771259773696784E+02 3.33777374068980861921E+02 3.33006976878187970215E+02 3.32236579687395078508E+02 3.31466182496602186802E+02 3.30695785305809295096E+02 3.29925388115016403390E+02 3.29154990924223568527E+02 3.28384593733430619977E+02 3.27614196542637728271E+02 3.26843799351844893408E+02 3.26073402161052001702E+02 3.25303004970259053152E+02 3.24532607779466218290E+02 3.23762210588673326583E+02 3.22991813397880434877E+02 3.22221416207087543171E+02 3.21451019016294651465E+02 3.20680621825501759758E+02 3.19910224634708924896E+02 3.19139827443915976346E+02 3.18369430253123084640E+02 3.17599033062330249777E+02 3.16828635871537358071E+02 3.16058238680744409521E+02 3.15287841489951574658E+02 3.14517444299158682952E+02 3.13747047108365791246E+02 3.12976649917572842696E+02 3.12206252726780007833E+02 3.11435855535987116127E+02 3.10665458345194281264E+02 3.09895061154401332715E+02 3.09124663963608441009E+02 3.08354266772815606146E+02 3.07583869582022714440E+02 3.06813472391229765890E+02 3.06043075200436874184E+02 3.05272678009644039321E+02 3.04502280818851090771E+02 3.03731883628058199065E+02 3.02961486437265364202E+02 3.02191089246472472496E+02 3.01420692055679523946E+02 3.00650294864886689084E+02 2.99879897674093797377E+02 2.99109500483300905671E+02 2.98339103292508070808E+02 2.97568706101715122259E+02
2.99291848777815232552E+02 2.98694678039516247736E+02 2.98097507301217319764E+02 2.97500336562918391792E+02 2.96903165824619406976E+02 2.96305995086320479004E+02 2.95708824348021494188E+02 2.95111653609722566216E+02 2.94514482871423581400E+02 2.93917312133124653428E+02 2.93320141394825725456E+02 2.92722970656526740640E+02 2.92125799918227812668E+02 2.91528629179928884696E+02 2.90931458441629899880E+02 2.90334287703330971908E+02 2.89737116965032043936E+02 2.89139946226733002277E+02 2.88542775488434074305E+02 2.87945604750135146332E+02 2.87348434011836218360E+02 2.86751263273537233545E+02 2.86154092535238305572E+02 2.85556921796939377600E+02 2.84959751058640392785E+02 2.84362580320341464812E+02 2.83765409582042536840E+02 2.83168238843743552025E+02 2.82571068105444624052E+02 2.81973897367145639237E+02 2.81376726628846654421E+02 2.80779555890547726449E+02 2.80182385152248798477E+02 2.79585214413949813661E+02 2.78988043675650885689E+02 2.78390872937351957717E+02 2.77793702199053029744E+02 2.77196531460754044929E+02 2.76599360722455116957E+02 2.76002189984156188984E+02 2.75405019245857147325E+02 2.74807848507558219353E+02 2.74210677769259291381E+02 2.73613507030960306565E+02 2.73016336292661378593E+02 2.72419165554362450621E+02 2.71821994816063465805E+02 2.71224824077764537833E+02 2.70627653339465609861E+02 2.70030482601166625045E+02 2.69433311862867697073E+02 2.68836141124568712257E+02 2.68238970386269784285E+02 2.67641799647970799469E+02 2.67044628909671871497E+02 2.66447458171372943525E+02
2.99559424678109166962E+02 2.98961185685352631936E+02 2.98362946692596153753E+02 2.97764707699839618726E+02 2.97166468707083083700E+02 2.96568229714326548674E+02 2.95969990721570013648E+02 2.95371751728813478621E+02 2.94773512736056943595E+02 2.94175273743300408569E+02 2.93577034750543873542E+02 2.92978795757787338516E+02 2.92380556765030803490E+02 2.91782317772274325307E+02 2.91184078779517790281E+02 2.90585839786761198411E+02 2.89987600794004663385E+02 2.89389361801248128359E+02 2.88791122808491593332E+02 2.88192883815735058306E+02 2.87594644822978523280E+02 2.86996405830221988253E+02 2.86398166837465453227E+02 2.85799927844708975044E+02 2.85201688851952440018E+02 2.84603449859195904992E+02 2.84005210866439369966E+02 2.83406971873682834939E+02 2.82808732880926299913E+02 2.82210493888169764887E+02 2.81612254895413229860E+02 2.81014015902656694834E+02 2.80415776909900159808E+02 2.79817537917143624782E+02 2.79219298924387146599E+02 2.78621059931630611572E+02 2.78022820938874076546E+02 2.77424581946117541520E+02 2.76826342953361006494E+02 2.76228103960604471467E+02 2.75629864967847936441E+02 2.75031625975091401415E+02 2.74433386982334809545E+02 2.73835147989578274519E+02 2.73236908996821739493E+02 2.72638670004065261310E+02 2.72040431011308726283E+02 2.71442192018552191257E+02 2.70843953025795656231E+02 2.70245714033039121205E+02 2.69647475040282586178E+02 2.69049236047526051152E+02 2.68450997054769516126E+02 2.67852758062012981100E+02 2.67254519069256446073E+02 2.66656280076499911047E+02
3.27797364252591364675E+02 3.27081023505851646860E+02 3.26364682759112042731E+02 3.25648342012372381760E+02 3.24932001265632777631E+02 3.24215660518893116659E+02 3.23499319772153512531E+02 3.22782979025413851559E+02 3.22066638278674190587E+02 3.21350297531934586459E+02 3.20633956785194925487E+02 3.19917616038455321359E+02 3.19201275291715660387E+02 3.18484934544976056259E+02 3.17768593798236395287E+02 3.17052253051496734315E+02 3.16335912304757130187E+02 3.15619571558017412372E+02 3.14903230811277808243E+02 3.14186890064538147271E+02 3.13470549317798543143E+02 3.12754208571058882171E+02 3.12037867824319221199E+02 3.11321527077579617071E+02 3.10605186330839956099E+02 3.09888845584100351971E+02 3.09172504837360690999E+02 3.08456164090621086871E+02 3.07739823343881425899E+02 3.07023482597141764927E+02 3.06307141850402160799E+02 3.05590801103662442983E+02 3.04874460356922838855E+02 3.04158119610183177883E+02 3.03441778863443573755E+02 3.02725438116703912783E+02 3.02009097369964251811E+02 3.01292756623224647683E+02 3.00576415876484986711E+02 2.99860075129745382583E+02 2.99143734383005721611E+02 2.98427393636266117483E+02 2.97711052889526456511E+02 2.96994712142786795539E+02 2.96278371396047191411E+02 2.95562030649307530439E+02 2.94845689902567926310E+02 2.94129349155828208495E+02 2.93413008409088604367E+02 2.92696667662348943395E+02 2.91980326915609282423E+02 2.91263986168869678295E+02 2.90547645422130017323E+02 2.89831304675390413195E+02 2.89114963928650752223E+02 2.88398623181911148095E+02
2.96862845493208453718E+02 2.96275328499646320779E+02 2.95687811506084130997E+02 2.95100294512521998058E+02 2.94512777518959808276E+02 2.93925260525397675337E+02 2.93337743531835485555E+02 2.92750226538273352617E+02 2.92162709544711162835E+02 2.91575192551149029896E+02 2.90987675557586840114E+02 2.90400158564024707175E+02 2.89812641570462517393E+02 2.89225124576900384454E+02 2.88637607583338194672E+02 2.88050090589776061734E+02 2.87462573596213815108E+02 2.86875056602651682169E+02 2.86287539609089492387E+02 2.85700022615527359449E+02 2.85112505621965169667E+02 2.84524988628403036728E+02 2.83937471634840846946E+02 2.83349954641278714007E+02 2.82762437647716524225E+02 2.82174920654154391286E+02 2.81587403660592201504E+02 2.80999886667030068566E+02 2.80412369673467878783E+02 2.79824852679905745845E+02 2.79237335686343556063E+02 2.78649818692781423124E+02 2.78062301699219233342E+02 2.77474784705657100403E+02 2.76887267712094910621E+02 2.76299750718532720839E+02 2.75712233724970531057E+02 2.75124716731408398118E+02 2.74537199737846208336E+02 2.73949682744284075397E+02 2.73362165750721885615E+02 2.72774648757159752677E+02 2.72187131763597562895E+02 2.71599614770035429956E+02 2.71012097776473240174E+02 2.70424580782911107235E+02 2.69837063789348917453E+02 2.69249546795786784514E+02 2.68662029802224594732E+02 2.68074512808662461794E+02 2.67486995815100272011E+02 2.66899478821538139073E+02 2.66311961827975949291E+02 2.65724444834413816352E+02 2.65136927840851683413E+02 2.64549410847289436788E+02
3.20048988338572485191E+02 3.19366112638995502948E+02 3.18683236939418577549E+02 3.18000361239841595307E+02 3.17317485540264669908E+02 3.16634609840687687665E+02 3.15951734141110705423E+02 3.15268858441533780024E+02 3.14585982741956797781E+02 3.13903107042379872382E+02 3.13220231342802890140E+02 3.12537355643225964741E+02 3.11854479943648982498E+02 3.11171604244072000256E+02 3.10488728544495074857E+02 3.09805852844918092615E+02 3.09122977145341167216E+02 3.08440101445764184973E+02 3.07757225746187202731E+02 3.07074350046610277332E+02 3.06391474347033295089E+02 3.05708598647456369690E+02 3.05025722947879387448E+02 3.04342847248302405205E+02 3.03659971548725479806E+02 3.02977095849148497564E+02 3.02294220149571629008E+02 3.01611344449994589922E+02 3.00928468750417721367E+02 3.00245593050840739124E+02 2.99562717351263756882E+02 2.98879841651686831483E+02 2.98196965952109849241E+02 2.97514090252532923841E+02 2.96831214552955941599E+02 2.96148338853378959357E+02 2.95465463153802033958E+02 2.94782587454225051715E+02 2.94099711754648126316E+02 2.93416836055071144074E+02 2.92733960355494161831E+02 2.92051084655917236432E+02 2.91368208956340254190E+02 2.90685333256763328791E+02 2.90002457557186346548E+02 2.89319581857609421149E+02 2.88636706158032438907E+02 2.87953830458455456665E+02 2.87270954758878531266E+02 2.86588079059301549023E+02 2.85905203359724623624E+02 2.85222327660147641382E+02 2.84539451960570659139E+02 2.83856576260993733740E+02 2.83173700561416751498E+02 2.82490824861839826099E+02
3.12914520178575344289E+02 3.12261750198984771032E+02 3.11608980219394140931E+02 3.10956210239803567674E+02 3.10303440260212994417E+02 3.09650670280622421160E+02 3.08997900301031847903E+02 3.08345130321441274646E+02 3.07692360341850644545E+02 3.07039590362260071288E+02 3.06386820382669498031E+02 3.05734050403078867930E+02 3.05081280423488294673E+02 3.04428510443897721416E+02 3.03775740464307091315E+02 3.03122970484716518058E+02 3.02470200505125944801E+02 3.01817430525535371544E+02 3.01164660545944798287E+02 3.00511890566354225029E+02 2.99859120586763651772E+02 2.99206350607173021672E+02 2.98553580627582448415E+02 2.97900810647991875157E+02 2.97248040668401245057E+02 2.96595270688810671800E+02 2.95942500709220098543E+02 2.95289730729629468442E+02 2.94636960750038895185E+02 2.93984190770448378771E+02 2.93331420790857748671E+02 2.92678650811267175413E+02 2.92025880831676602156E+02 2.91373110852085972056E+02 2.90720340872495398798E+02 2.90067570892904825541E+02 2.89414800913314195441E+02 2.88762030933723622184E+02 2.88109260954133048926E+02 2.87456490974542418826E+02 2.86803720994951845569E+02 2.86150951015361329155E+02 2.85498181035770699054E+02 2.84845411056180125797E+02 2.84192641076589552540E+02 2.83539871096998922440E+02 2.82887101117408349182E+02 2.82234331137817775925E+02 2.81581561158227145825E+02 2.80928791178636572567E+02 2.80276021199045999310E+02 2.79623251219455369210E+02 2.78970481239864795953E+02 2.78317711260274279539E+02 2.77664941280683649438E+02 2.77012171301093076181E+02
2.62213921650418456011E+02 2.61755547379036499933E+02 2.61297173107654543855E+02 2.60838798836272644621E+02 2.60380424564890631700E+02 2.59922050293508675622E+02 2.59463676022126776388E+02 2.59005301750744820311E+02 2.58546927479362864233E+02 2.58088553207980964999E+02 2.57630178936598952077E+02 2.57171804665217052843E+02 2.56713430393835096766E+02 2.56255056122453140688E+02 2.55796681851071213032E+02 2.55338307579689285376E+02 2.54879933308307300877E+02 2.54421559036925344799E+02 2.53963184765543417143E+02 2.53504810494161489487E+02 2.53046436222779533409E+02 2.52588061951397605753E+02 2.52129687680015621254E+02 2.51671313408633693598E+02 2.51212939137251737520E+02 2.50754564865869809864E+02 2.50296190594487882208E+02 2.49837816323105926131E+02 2.49379442051723941631E+02 2.48921067780342013975E+02 2.48462693508960086319E+02 2.48004319237578130242E+02 2.47545944966196202586E+02 2.47087570694814274930E+02 2.46629196423432290430E+02 2.46170822152050334353E+02 2.45712447880668406697E+02 2.45254073609286479041E+02 2.44795699337904522963E+02 2.44337325066522595307E+02 2.43878950795140610808E+02 2.43420576523758654730E+02 2.42962202252376727074E+02 2.42503827980994799418E+02 2.42045453709612843340E+02 2.41587079438230915684E+02 2.41128705166848931185E+02 2.40670330895467003529E+02 2.40211956624085047451E+02 2.39753582352703119795E+02 2.39295208081321192140E+02 2.38836833809939236062E+02 2.38378459538557308406E+02 2.37920085267175323906E+02 2.37461710995793396251E+02 2.37003336724411440173E+02
3.00464811363436638203E+02 2.99862950677652179365E+02 2.99261089991867720528E+02 2.98659229306083261690E+02 2.98057368620298916539E+02 2.97455507934514457702E+02 2.96853647248729998864E+02 2.96251786562945540027E+02 2.95649925877161138033E+02 2.95048065191376679195E+02 2.94446204505592220357E+02 2.93844343819807761520E+02 2.93242483134023416369E+02 2.92640622448238957531E+02 2.92038761762454498694E+02 2.91436901076670039856E+02 2.90835040390885637862E+02 2.90233179705101179024E+02 2.89631319019316720187E+02 2.89029458333532261349E+02 2.88427597647747916199E+02 2.87825736961963457361E+02 2.87223876276178998523E+02 2.86622015590394539686E+02 2.86020154904610137692E+02 2.85418294218825678854E+02 2.84816433533041220016E+02 2.84214572847256818022E+02 2.83612712161472416028E+02 2.83010851475687957191E+02 2.82408990789903498353E+02 2.81807130104119039515E+02 2.81205269418334637521E+02 2.80603408732550178684E+02 2.80001548046765719846E+02 2.79399687360981261008E+02 2.78797826675196915858E+02 2.78195965989412457020E+02 2.77594105303627998182E+02 2.76992244617843596188E+02 2.76390383932059137351E+02 2.75788523246274678513E+02 2.75186662560490219676E+02 2.74584801874705874525E+02 2.73982941188921415687E+02 2.73381080503136956850E+02 2.72779219817352498012E+02 2.72177359131568096018E+02 2.71575498445783637180E+02 2.70973637759999178343E+02 2.70371777074214719505E+02 2.69769916388430317511E+02 2.69168055702645915517E+02 2.68566195016861456679E+02 2.67964334331076997842E+02 2.67362473645292595847E+02
2.94389327726811416142E+02 2.93811560551615173154E+02 2.93233793376418873322E+02 2.92656026201222516647E+02 2.92078259026026273659E+02 2.91500491850829973828E+02 2.90922724675633673996E+02 2.90344957500437374165E+02 2.89767190325241074333E+02 2.89189423150044831345E+02 2.88611655974848531514E+02 2.88033888799652174839E+02 2.87456121624455931851E+02 2.86878354449259632020E+02 2.86300587274063332188E+02 2.85722820098867032357E+02 2.85145052923670732525E+02 2.84567285748474432694E+02 2.83989518573278189706E+02 2.83411751398081833031E+02 2.82833984222885533200E+02 2.82256217047689290212E+02 2.81678449872492990380E+02 2.81100682697296690549E+02 2.80522915522100390717E+02 2.79945148346904090886E+02 2.79367381171707847898E+02 2.78789613996511491223E+02 2.78211846821315191391E+02 2.77634079646118948403E+02 2.77056312470922648572E+02 2.76478545295726348741E+02 2.75900778120530048909E+02 2.75323010945333749078E+02 2.74745243770137449246E+02 2.74167476594941206258E+02 2.73589709419744849583E+02 2.73011942244548606595E+02 2.72434175069352306764E+02 2.71856407894156006932E+02 2.71278640718959707101E+02 2.70700873543763407270E+02 2.70123106368567107438E+02 2.69545339193370864450E+02 2.68967572018174507775E+02 2.68389804842978207944E+02 2.67812037667781964956E+02 2.67234270492585665124E+02 2.66656503317389308449E+02 2.66078736142193065461E+02 2.65500968966996765630E+02 2.64923201791800465799E+02 2.64345434616604165967E+02 2.63767667441407866136E+02 2.63189900266211623148E+02 2.62612133091015323316E+02
2.99964926693584288842E+02 2.99365066978609036141E+02 2.98765207263633726598E+02 2.98165347548658530741E+02 2.97565487833683278041E+02 2.96965628118708025340E+02 2.96365768403732772640E+02 2.95765908688757519940E+02 2.95166048973782267240E+02 2.94566189258807014539E+02 2.93966329543831761839E+02 2.93366469828856509139E+02 2.92766610113881313282E+02 2.92166750398906003738E+02 2.91566890683930751038E+02 2.90967030968955555181E+02 2.90367171253980245638E+02 2.89767311539004992937E+02 2.89167451824029797081E+02 2.88567592109054544380E+02 2.87967732394079234837E+02 2.87367872679104038980E+02 2.86768012964128786280E+02 2.86168153249153590423E+02 2.85568293534178280879E+02 2.84968433819203028179E+02 2.84368574104227832322E+02 2.83768714389252522778E+02 2.83168854674277270078E+02 2.82568994959302074221E+02 2.81969135244326821521E+02 2.81369275529351511977E+02 2.80769415814376316121E+02 2.80169556099401063420E+02 2.79569696384425753877E+02 2.78969836669450558020E+02 2.78369976954475305320E+02 2.77770117239500052619E+02 2.77170257524524799919E+02 2.76570397809549547219E+02 2.75970538094574294519E+02 2.75370678379599041818E+02 2.74770818664623789118E+02 2.74170958949648536418E+02 2.73571099234673340561E+02 2.72971239519698031017E+02 2.72371379804722778317E+02 2.71771520089747582460E+02 2.71171660374772272917E+02 2.70571800659797020217E+02 2.69971940944821824360E+02 2.69372081229846571659E+02 2.68772221514871318959E+02 2.68172361799896066259E+02 2.67572502084920813559E+02 2.66972642369945560858E+02
2.85142847203900885233E+02 2.84600804248490589998E+02 2.84058761293080237920E+02 2.83516718337669942684E+02 2.82974675382259647449E+02 2.82432632426849295371E+02 2.81890589471439000135E+02 2.81348546516028704900E+02 2.80806503560618352822E+02 2.80264460605208057586E+02 2.79722417649797762351E+02 2.79180374694387410273E+02 2.78638331738977115037E+02 2.78096288783566819802E+02 2.77554245828156467724E+02 2.77012202872746172488E+02 2.76470159917335877253E+02 2.75928116961925582018E+02 2.75386074006515229939E+02 2.74844031051104934704E+02 2.74301988095694639469E+02 2.73759945140284287390E+02 2.73217902184873992155E+02 2.72675859229463696920E+02 2.72133816274053344841E+02 2.71591773318643049606E+02 2.71049730363232754371E+02 2.70507687407822345449E+02 2.69965644452412107057E+02 2.69423601497001754979E+02 2.68881558541591402900E+02 2.68339515586181107665E+02 2.67797472630770812430E+02 2.67255429675360460351E+02 2.66713386719950165116E+02 2.66171343764539869881E+02 2.65629300809129517802E+02 2.65087257853719222567E+02 2.64545214898308927332E+02 2.64003171942898632096E+02 2.63461128987488280018E+02 2.62919086032077984783E+02 2.62377043076667689547E+02 2.61835000121257337469E+02 2.61292957165847042234E+02 2.60750914210436746998E+02 2.60208871255026394920E+02 2.59666828299616099684E+02 2.59124785344205804449E+02 2.58582742388795452371E+02 2.58040699433385157135E+02 2.57498656477974861900E+02 2.56956613522564509822E+02 2.56414570567154214586E+02 2.55872527611743890930E+02 2.55330484656333595694E+02
2.68734978727118061670E+02 2.68253522135174989671E+02 2.67772065543231860829E+02 2.67290608951288731987E+02 2.66809152359345659988E+02 2.66327695767402587990E+02 2.65846239175459459148E+02 2.65364782583516387149E+02 2.64883325991573315150E+02 2.64401869399630186308E+02 2.63920412807687057466E+02 2.63438956215743985467E+02 2.62957499623800913469E+02 2.62476043031857784626E+02 2.61994586439914712628E+02 2.61513129847971583786E+02 2.61031673256028511787E+02 2.60550216664085382945E+02 2.60068760072142310946E+02 2.59587303480199238948E+02 2.59105846888256110105E+02 2.58624390296312981263E+02 2.58142933704369909265E+02 2.57661477112426837266E+02 2.57180020520483708424E+02 2.56698563928540636425E+02 2.56217107336597507583E+02 2.55735650744654464006E+02 2.55254194152711306742E+02 2.54772737560768234744E+02 2.54291280968825162745E+02 2.53809824376882005481E+02 2.53328367784938933482E+02 2.52846911192995861484E+02 2.52365454601052761063E+02 2.51883998009109632221E+02 2.51402541417166560223E+02 2.50921084825223459802E+02 2.50439628233280387803E+02 2.49958171641337258961E+02 2.49476715049394158541E+02 2.48995258457451086542E+02 2.48513801865507957700E+02 2.48032345273564857280E+02 2.47550888681621785281E+02 2.47069432089678684861E+02 2.46587975497735556019E+02 2.46106518905792484020E+02 2.45625062313849383600E+02 2.45143605721906311601E+02 2.44662149129963182759E+02 2.44180692538020082338E+02 2.43699235946077010340E+02 2.43217779354133881498E+02 2.42736322762190781077E+02 2.42254866170247709078E+02
2.96991175367089795145E+02 2.96403150312117020349E+02 2.95815125257144188708E+02 2.95227100202171300225E+02 2.94639075147198468585E+02 2.94051050092225636945E+02 2.93463025037252805305E+02 2.92874999982279973665E+02 2.92286974927307142025E+02 2.91698949872334310385E+02 2.91110924817361478745E+02 2.90522899762388590261E+02 2.89934874707415758621E+02 2.89346849652442926981E+02 2.88758824597470152185E+02 2.88170799542497263701E+02 2.87582774487524432061E+02 2.86994749432551600421E+02 2.86406724377578768781E+02 2.85818699322605880297E+02 2.85230674267633105501E+02 2.84642649212660273861E+02 2.84054624157687442221E+02 2.83466599102714553737E+02 2.82878574047741722097E+02 2.82290548992768890457E+02 2.81702523937796115661E+02 2.81114498882823227177E+02 2.80526473827850395537E+02 2.79938448772877563897E+02 2.79350423717904732257E+02 2.78762398662931843774E+02 2.78174373607959012134E+02 2.77586348552986237337E+02 2.76998323498013405697E+02 2.76410298443040517213E+02 2.75822273388067685573E+02 2.75234248333094853933E+02 2.74646223278122022293E+02 2.74058198223149190653E+02 2.73470173168176359013E+02 2.72882148113203527373E+02 2.72294123058230695733E+02 2.71706098003257807250E+02 2.71118072948284975610E+02 2.70530047893312200813E+02 2.69942022838339369173E+02 2.69353997783366480689E+02 2.68765972728393649049E+02 2.68177947673420817409E+02 2.67589922618447985769E+02 2.67001897563475097286E+02 2.66413872508502322489E+02 2.65825847453529490849E+02 2.65237822398556659209E+02 2.64649797343583827569E+02
