0.00000000000000000000E+00 1.09083214755532026174E+02 2.18166429511064052349E+02 3.27249644266596078523E+02 4.36332859022128104698E+02 5.45416073777660130872E+02 6.54499288533192157047E+02 7.63582503288724183221E+02 8.72665718044256209396E+02 9.81748932799788235570E+02 1.09083214755532026174E+03 1.19991536231085228792E+03 1.30899857706638431409E+03 1.41808179182191634027E+03 1.52716500657744836644E+03 1.63624822133298039262E+03 1.74533143608851241879E+03 1.85441465084404444497E+03 1.96349786559957647114E+03 2.07258108035510849732E+03 2.18166429511064052349E+03 2.29074750986617254966E+03 2.39983072462170457584E+03 2.50891393937723660201E+03 2.61799715413276862819E+03 2.72708036888830065436E+03 2.83616358364383268054E+03 2.94524679839936470671E+03 3.05433001315489673289E+03 3.16341322791042875906E+03 3.27249644266596078523E+03 3.38157965742149281141E+03 3.49066287217702483758E+03 3.59974608693255686376E+03 3.70882930168808888993E+03 3.81791251644362091611E+03 3.92699573119915294228E+03 4.03607894595468496846E+03 4.14516216071021699463E+03 4.25424537546574902080E+03 4.36332859022128104698E+03 4.47241180497681307315E+03 4.58149501973234509933E+03 4.69057823448787712550E+03 4.79966144924340915168E+03 4.90874466399894117785E+03 5.01782787875447320403E+03 5.12691109351000523020E+03 5.23599430826553725637E+03 5.34507752302106928255E+03 5.45416073777660130872E+03 5.56324395253213333490E+03 5.67232716728766536107E+03 5.78141038204319738725E+03 5.89049359679872941342E+03 5.99957681155426143960E+03
0.00000000000000000000E+00 9.40459106920458225432E+01 1.88091821384091645086E+02 2.82137732076137467629E+02 3.76183642768183290173E+02 4.70229553460229112716E+02 5.64275464152274935259E+02 6.58321374844320757802E+02 7.52367285536366580345E+02 8.46413196228412402888E+02 9.40459106920458225432E+02 1.03450501761250393429E+03 1.12855092830454987052E+03 1.22259683899659557937E+03 1.31664274968864151560E+03 1.41068866038068722446E+03 1.50473457107273316069E+03 1.59878048176477886955E+03 1.69282639245682480578E+03 1.78687230314887051463E+03 1.88091821384091645086E+03 1.97496412453296215972E+03 2.06901003522500786858E+03 2.16305594591705403218E+03 2.25710185660909974104E+03 2.35114776730114544989E+03 2.44519367799319115875E+03 2.53923958868523732235E+03 2.63328549937728303121E+03 2.72733141006932874006E+03 2.82137732076137444892E+03 2.91542323145342061252E+03 3.00946914214546632138E+03 3.10351505283751203024E+03 3.19756096352955773909E+03 3.29160687422160390270E+03 3.38565278491364961155E+03 3.47969869560569532041E+03 3.57374460629774102927E+03 3.66779051698978719287E+03 3.76183642768183290173E+03 3.85588233837387861058E+03 3.94992824906592431944E+03 4.04397415975797002829E+03 4.13802007045001573715E+03 4.23206598114206190075E+03 4.32611189183410806436E+03 4.42015780252615331847E+03 4.51420371321819948207E+03 4.60824962391024473618E+03 4.70229553460229089978E+03 4.79634144529433706339E+03 4.89038735598638231750E+03 4.98443326667842848110E+03 5.07847917737047464470E+03 5.17252508806251989881E+03
0.00000000000000000000E+00 9.23905850920472744292E+01 1.84781170184094548858E+02 2.77171755276141823288E+02 3.69562340368189097717E+02 4.61952925460236372146E+02 5.54343510552283646575E+02 6.46734095644330864161E+02 7.39124680736378195434E+02 8.31515265828425413019E+02 9.23905850920472744292E+02 1.01629643601251996188E+03 1.10868702110456729315E+03 1.20107760619661462442E+03 1.29346819128866172832E+03 1.38585877638070905959E+03 1.47824936147275639087E+03 1.57063994656480372214E+03 1.66303053165685082604E+03 1.75542111674889815731E+03 1.84781170184094548858E+03 1.94020228693299281986E+03 2.03259287202503992376E+03 2.12498345711708725503E+03 2.21737404220913458630E+03 2.30976462730118191757E+03 2.40215521239322924885E+03 2.49454579748527658012E+03 2.58693638257732345664E+03 2.67932696766937078792E+03 2.77171755276141811919E+03 2.86410813785346545046E+03 2.95649872294551278173E+03 3.04888930803756011301E+03 3.14127989312960744428E+03 3.23367047822165432081E+03 3.32606106331370165208E+03 3.41845164840574898335E+03 3.51084223349779631462E+03 3.60323281858984364590E+03 3.69562340368189097717E+03 3.78801398877393830844E+03 3.88040457386598563971E+03 3.97279515895803251624E+03 4.06518574405007984751E+03 4.15757632914212717878E+03 4.24996691423417451006E+03 4.34235749932622184133E+03 4.43474808441826917260E+03 4.52713866951031650387E+03 4.61952925460236383515E+03 4.71191983969441116642E+03 4.80431042478645849769E+03 4.89670100987850582896E+03 4.98909159497055316024E+03 5.08148218006259958202E+03
0.00000000000000000000E+00 9.68960820304323959817E+01 1.93792164060864791963E+02 2.90688246091297173734E+02 3.87584328121729583927E+02 4.84480410152161994120E+02 5.81376492182594347469E+02 6.78272574213026814505E+02 7.75168656243459167854E+02 8.72064738273891521203E+02 9.68960820304323988239E+02 1.06585690233475634159E+03 1.16275298436518869494E+03 1.25964906639562104829E+03 1.35654514842605362901E+03 1.45344123045648598236E+03 1.55033731248691833571E+03 1.64723339451735068906E+03 1.74412947654778304241E+03 1.84102555857821562313E+03 1.93792164060864797648E+03 2.03481772263908032983E+03 2.13171380466951268318E+03 2.22860988669994503653E+03 2.32550596873037738987E+03 2.42240205076080974322E+03 2.51929813279124209657E+03 2.61619421482167490467E+03 2.71309029685210725802E+03 2.80998637888253961137E+03 2.90688246091297196472E+03 3.00377854294340431807E+03 3.10067462497383667142E+03 3.19757070700426902476E+03 3.29446678903470137811E+03 3.39136287106513373146E+03 3.48825895309556608481E+03 3.58515503512599843816E+03 3.68205111715643124626E+03 3.77894719918686359961E+03 3.87584328121729595296E+03 3.97273936324772830631E+03 4.06963544527816065965E+03 4.16653152730859255826E+03 4.26342760933902536635E+03 4.36032369136945817445E+03 4.45721977339989007305E+03 4.55411585543032288115E+03 4.65101193746075477975E+03 4.74790801949118758785E+03 4.84480410152161948645E+03 4.94170018355205229454E+03 5.03859626558248419315E+03 5.13549234761291700124E+03 5.23238842964334980934E+03 5.32928451167378170794E+03
0.00000000000000000000E+00 9.23409181398706664368E+01 1.84681836279741332874E+02 2.77022754419611999310E+02 3.69363672559482665747E+02 4.61704590699353332184E+02 5.54045508839223998621E+02 6.46386426979094608214E+02 7.38727345118965331494E+02 8.31068263258835941087E+02 9.23409181398706664368E+02 1.01575009953857727396E+03 1.10809101767844799724E+03 1.20043193581831860683E+03 1.29277285395818921643E+03 1.38511377209806005339E+03 1.47745469023793066299E+03 1.56979560837780127258E+03 1.66213652651767188217E+03 1.75447744465754271914E+03 1.84681836279741332874E+03 1.93915928093728393833E+03 2.03150019907715454792E+03 2.12384111721702538489E+03 2.21618203535689599448E+03 2.30852295349676660408E+03 2.40086387163663721367E+03 2.49320478977650782326E+03 2.58554570791637843286E+03 2.67788662605624949720E+03 2.77022754419612010679E+03 2.86256846233599071638E+03 2.95490938047586132598E+03 3.04725029861573193557E+03 3.13959121675560254516E+03 3.23193213489547315476E+03 3.32427305303534376435E+03 3.41661397117521437394E+03 3.50895488931508543828E+03 3.60129580745495604788E+03 3.69363672559482665747E+03 3.78597764373469726706E+03 3.87831856187456787666E+03 3.97065948001443848625E+03 4.06300039815430909584E+03 4.15534131629417970544E+03 4.24768223443405076978E+03 4.34002315257392092462E+03 4.43236407071379198896E+03 4.52470498885366214381E+03 4.61704590699353320815E+03 4.70938682513340427249E+03 4.80172774327327442734E+03 4.89406866141314549168E+03 4.98640957955301564652E+03 5.07875049769288671087E+03
0.00000000000000000000E+00 9.06103317676381720958E+01 1.81220663535276344192E+02 2.71830995302914516287E+02 3.62441327070552688383E+02 4.53051658838190860479E+02 5.43661990605829032575E+02 6.34272322373467204670E+02 7.24882654141105376766E+02 8.15492985908743548862E+02 9.06103317676381720958E+02 9.96713649444019893053E+02 1.08732398121165806515E+03 1.17793431297929623724E+03 1.26854464474693440934E+03 1.35915497651457258144E+03 1.44976530828221075353E+03 1.54037564004984892563E+03 1.63098597181748709772E+03 1.72159630358512526982E+03 1.81220663535276344192E+03 1.90281696712040161401E+03 1.99342729888803978611E+03 2.08403763065567818558E+03 2.17464796242331613030E+03 2.26525829419095452977E+03 2.35586862595859247449E+03 2.44647895772623087396E+03 2.53708928949386881868E+03 2.62769962126150721815E+03 2.71830995302914516287E+03 2.80892028479678356234E+03 2.89953061656442150706E+03 2.99014094833205990653E+03 3.08075128009969785126E+03 3.17136161186733625073E+03 3.26197194363497419545E+03 3.35258227540261259492E+03 3.44319260717025053964E+03 3.53380293893788893911E+03 3.62441327070552688383E+03 3.71502360247316528330E+03 3.80563393424080322802E+03 3.89624426600844162749E+03 3.98685459777607957221E+03 4.07746492954371797168E+03 4.16807526131135637115E+03 4.25868559307899431587E+03 4.34929592484663226060E+03 4.43990625661427020532E+03 4.53051658838190905954E+03 4.62112692014954700426E+03 4.71173725191718494898E+03 4.80234758368482289370E+03 4.89295791545246174792E+03 4.98356824722009969264E+03
0.00000000000000000000E+00 1.06982834675731936613E+02 2.13965669351463873227E+02 3.20948504027195781418E+02 4.27931338702927746453E+02 5.34914173378659597802E+02 6.41897008054391562837E+02 7.48879842730123527872E+02 8.55862677405855492907E+02 9.62845512081587344255E+02 1.06982834675731919560E+03 1.17681118143305116064E+03 1.28379401610878312567E+03 1.39077685078451509071E+03 1.49775968546024705574E+03 1.60474252013597902078E+03 1.71172535481171098581E+03 1.81870818948744272348E+03 1.92569102416317468851E+03 2.03267385883890665355E+03 2.13965669351463839121E+03 2.24663952819037058362E+03 2.35362236286610232128E+03 2.46060519754183451369E+03 2.56758803221756625135E+03 2.67457086689329844376E+03 2.78155370156903018142E+03 2.88853653624476191908E+03 2.99551937092049411149E+03 3.10250220559622584915E+03 3.20948504027195804156E+03 3.31646787494768977922E+03 3.42345070962342197163E+03 3.53043354429915370929E+03 3.63741637897488544695E+03 3.74439921365061763936E+03 3.85138204832634937702E+03 3.95836488300208156943E+03 4.06534771767781330709E+03 4.17233055235354549950E+03 4.27931338702927678241E+03 4.38629622170500897482E+03 4.49327905638074116723E+03 4.60026189105647335964E+03 4.70724472573220464255E+03 4.81422756040793683496E+03 4.92121039508366902737E+03 5.02819322975940031029E+03 5.13517606443513250269E+03 5.24215889911086469510E+03 5.34914173378659688751E+03 5.45612456846232817043E+03 5.56310740313806036283E+03 5.67009023781379255524E+03 5.77707307248952383816E+03 5.88405590716525603057E+03
0.00000000000000000000E+00 1.11391130986276223780E+02 2.22782261972552447560E+02 3.34173392958828685551E+02 4.45564523945104895120E+02 5.56955654931381104689E+02 6.68346785917657371101E+02 7.79737916903933523827E+02 8.91129047890209790239E+02 1.00252017887648594296E+03 1.11391130986276220938E+03 1.22530244084903847579E+03 1.33669357183531474220E+03 1.44808470282159078124E+03 1.55947583380786704765E+03 1.67086696479414331407E+03 1.78225809578041958048E+03 1.89364922676669584689E+03 2.00504035775297188593E+03 2.11643148873924837972E+03 2.22782261972552441875E+03 2.33921375071180045779E+03 2.45060488169807695158E+03 2.56199601268435299062E+03 2.67338714367062948440E+03 2.78477827465690552344E+03 2.89616940564318156248E+03 3.00756053662945805627E+03 3.11895166761573409531E+03 3.23034279860201058909E+03 3.34173392958828662813E+03 3.45312506057456266717E+03 3.56451619156083916096E+03 3.67590732254711520000E+03 3.78729845353339169378E+03 3.89868958451966773282E+03 4.01008071550594377186E+03 4.12147184649221981090E+03 4.23286297747849675943E+03 4.34425410846477279847E+03 4.45564523945104883751E+03 4.56703637043732487655E+03 4.67842750142360091559E+03 4.78981863240987786412E+03 4.90120976339615390316E+03 5.01260089438242994220E+03 5.12399202536870598124E+03 5.23538315635498202028E+03 5.34677428734125896881E+03 5.45816541832753500785E+03 5.56955654931381104689E+03 5.68094768030008708593E+03 5.79233881128636312496E+03 5.90372994227264007350E+03 6.01512107325891611254E+03 6.12651220424519215157E+03
0.00000000000000000000E+00 1.03633155754437382257E+02 2.07266311508874764513E+02 3.10899467263312146770E+02 4.14532623017749529026E+02 5.18165778772186968126E+02 6.21798934526624293539E+02 7.25432090281061732640E+02 8.29065246035499058053E+02 9.32698401789936497153E+02 1.03633155754437393625E+03 1.13996471329881137535E+03 1.24359786905324858708E+03 1.34723102480768602618E+03 1.45086418056212346528E+03 1.55449733631656090438E+03 1.65813049207099811611E+03 1.76176364782543555521E+03 1.86539680357987299431E+03 1.96902995933431043341E+03 2.07266311508874787251E+03 2.17629627084318508423E+03 2.27992942659762275071E+03 2.38356258235205996243E+03 2.48719573810649717416E+03 2.59082889386093484063E+03 2.69446204961537205236E+03 2.79809520536980971883E+03 2.90172836112424693056E+03 3.00536151687868414228E+03 3.10899467263312180876E+03 3.21262782838755902048E+03 3.31626098414199623221E+03 3.41989413989643389868E+03 3.52352729565087111041E+03 3.62716045140530877688E+03 3.73079360715974598861E+03 3.83442676291418320034E+03 3.93805991866862086681E+03 4.04169307442305807854E+03 4.14532623017749574501E+03 4.24895938593193295674E+03 4.35259254168637016846E+03 4.45622569744080738019E+03 4.55985885319524550141E+03 4.66349200894968271314E+03 4.76712516470411992486E+03 4.87075832045855713659E+03 4.97439147621299434832E+03 5.07802463196743246954E+03 5.18165778772186968126E+03 5.28529094347630689299E+03 5.38892409923074410472E+03 5.49255725498518131644E+03 5.59619041073961943766E+03 5.69982356649405664939E+03
0.00000000000000000000E+00 9.62391499429702292900E+01 1.92478299885940458580E+02 2.88717449828910673659E+02 3.84956599771880917160E+02 4.81195749714851103818E+02 5.77434899657821347319E+02 6.73674049600791590819E+02 7.69913199543761834320E+02 8.66152349486732077821E+02 9.62391499429702207635E+02 1.05863064937267245114E+03 1.15486979931564269464E+03 1.25110894925861293814E+03 1.34734809920158318164E+03 1.44358724914455342514E+03 1.53982639908752366864E+03 1.63606554903049391214E+03 1.73230469897346415564E+03 1.82854384891643439914E+03 1.92478299885940441527E+03 2.02102214880237465877E+03 2.11726129874534490227E+03 2.21350044868831537315E+03 2.30973959863128538927E+03 2.40597874857425586015E+03 2.50221789851722587628E+03 2.59845704846019589240E+03 2.69469619840316636328E+03 2.79093534834613637940E+03 2.88717449828910685028E+03 2.98341364823207686641E+03 3.07965279817504733728E+03 3.17589194811801735341E+03 3.27213109806098782428E+03 3.36837024800395784041E+03 3.46460939794692831128E+03 3.56084854788989832741E+03 3.65708769783286879829E+03 3.75332684777583881441E+03 3.84956599771880883054E+03 3.94580514766177930142E+03 4.04204429760474931754E+03 4.13828344754771933367E+03 4.23452259749068980454E+03 4.33076174743366027542E+03 4.42700089737663074629E+03 4.52324004731960030767E+03 4.61947919726257077855E+03 4.71571834720554124942E+03 4.81195749714851172030E+03 4.90819664709148128168E+03 5.00443579703445175255E+03 5.10067494697742222343E+03 5.19691409692039178481E+03 5.29315324686336225568E+03
0.00000000000000000000E+00 1.17825477963429747774E+02 2.35650955926859495548E+02 3.53476433890289229112E+02 4.71301911853718991097E+02 5.89127389817148696238E+02 7.06952867780578458223E+02 8.24778345744008220208E+02 9.42603823707437982193E+02 1.06042930167086774418E+03 1.17825477963429739248E+03 1.29608025759772726815E+03 1.41390573556115691645E+03 1.53173121352458679212E+03 1.64955669148801644042E+03 1.76738216945144631609E+03 1.88520764741487596439E+03 2.00303312537830561268E+03 2.12085860334173548836E+03 2.23868408130516536403E+03 2.35650955926859478495E+03 2.47433503723202466063E+03 2.59216051519545453630E+03 2.70998599315888441197E+03 2.82781147112231383289E+03 2.94563694908574370857E+03 3.06346242704917358424E+03 3.18128790501260300516E+03 3.29911338297603288083E+03 3.41693886093946275651E+03 3.53476433890289263218E+03 3.65258981686632205310E+03 3.77041529482975192877E+03 3.88824077279318180445E+03 4.00606625075661122537E+03 4.12389172872004110104E+03 4.24171720668347097671E+03 4.35954268464690085239E+03 4.47736816261033072806E+03 4.59519364057376060373E+03 4.71301911853718956991E+03 4.83084459650061944558E+03 4.94867007446404932125E+03 5.06649555242747919692E+03 5.18432103039090907259E+03 5.30214650835433894827E+03 5.41997198631776882394E+03 5.53779746428119779011E+03 5.65562294224462766579E+03 5.77344842020805754146E+03 5.89127389817148741713E+03 6.00909937613491729280E+03 6.12692485409834716847E+03 6.24475033206177704415E+03 6.36257581002520601032E+03 6.48040128798863588599E+03
0.00000000000000000000E+00 1.17395840337218658078E+02 2.34791680674437316156E+02 3.52187521011655974235E+02 4.69583361348874632313E+02 5.86979201686093347234E+02 7.04375042023311948469E+02 8.21770882360530663391E+02 9.39166722697749264626E+02 1.05656256303496797955E+03 1.17395840337218669447E+03 1.29135424370940518202E+03 1.40875008404662389694E+03 1.52614592438384261186E+03 1.64354176472106132678E+03 1.76093760505827981433E+03 1.87833344539549852925E+03 1.99572928573271724417E+03 2.11312512606993595909E+03 2.23052096640715444664E+03 2.34791680674437338894E+03 2.46531264708159187649E+03 2.58270848741881036403E+03 2.70010432775602930633E+03 2.81750016809324779388E+03 2.93489600843046628142E+03 3.05229184876768522372E+03 3.16968768910490371127E+03 3.28708352944212265356E+03 3.40447936977934114111E+03 3.52187521011655962866E+03 3.63927105045377857095E+03 3.75666689079099705850E+03 3.87406273112821600080E+03 3.99145857146543448835E+03 4.10885441180265297589E+03 4.22625025213987191819E+03 4.34364609247709086048E+03 4.46104193281430889328E+03 4.57843777315152783558E+03 4.69583361348874677788E+03 4.81322945382596481068E+03 4.93062529416318375297E+03 5.04802113450040269527E+03 5.16541697483762072807E+03 5.28281281517483967036E+03 5.40020865551205861266E+03 5.51760449584927664546E+03 5.63500033618649558775E+03 5.75239617652371453005E+03 5.86979201686093256285E+03 5.98718785719815150514E+03 6.10458369753537044744E+03 6.22197953787258938974E+03 6.33937537820980742254E+03 6.45677121854702636483E+03
0.00000000000000000000E+00 1.24446329335087540358E+02 2.48892658670175080715E+02 3.73338988005262649494E+02 4.97785317340350161430E+02 6.22231646675437787053E+02 7.46677976010525298989E+02 8.71124305345612810925E+02 9.95570634680700322861E+02 1.12001696401578783480E+03 1.24446329335087557411E+03 1.36890962268596308604E+03 1.49335595202105059798E+03 1.61780228135613810991E+03 1.74224861069122562185E+03 1.86669494002631313379E+03 1.99114126936140064572E+03 2.11558759869648838503E+03 2.24003392803157566959E+03 2.36448025736666340890E+03 2.48892658670175114821E+03 2.61337291603683843277E+03 2.73781924537192617208E+03 2.86226557470701345665E+03 2.98671190404210119596E+03 3.11115823337718848052E+03 3.23560456271227621983E+03 3.36005089204736395914E+03 3.48449722138245124370E+03 3.60894355071753898301E+03 3.73338988005262626757E+03 3.85783620938771400688E+03 3.98228253872280129144E+03 4.10672886805788948550E+03 4.23117519739297677006E+03 4.35562152672806405462E+03 4.48006785606315133919E+03 4.60451418539823953324E+03 4.72896051473332681780E+03 4.85340684406841410237E+03 4.97785317340350229642E+03 5.10229950273858958099E+03 5.22674583207367686555E+03 5.35119216140876415011E+03 5.47563849074385234417E+03 5.60008482007893962873E+03 5.72453114941402691329E+03 5.84897747874911510735E+03 5.97342380808420239191E+03 6.09787013741928967647E+03 6.22231646675437696103E+03 6.34676279608946515509E+03 6.47120912542455243965E+03 6.59565545475963972422E+03 6.72010178409472791827E+03 6.84454811342981520284E+03
0.00000000000000000000E+00 9.13939818088687729869E+01 1.82787963617737545974E+02 2.74181945426606318961E+02 3.65575927235475091948E+02 4.56969909044343864934E+02 5.48363890853212637921E+02 6.39757872662081467752E+02 7.31151854470950183895E+02 8.22545836279819013726E+02 9.13939818088687729869E+02 1.00533379989755655970E+03 1.09672778170642527584E+03 1.18812176351529410567E+03 1.27951574532416293550E+03 1.37090972713303153796E+03 1.46230370894190036779E+03 1.55369769075076919762E+03 1.64509167255963802745E+03 1.73648565436850662991E+03 1.82787963617737545974E+03 1.91927361798624428957E+03 2.01066759979511311940E+03 2.10206158160398172186E+03 2.19345556341285055169E+03 2.28484954522171938152E+03 2.37624352703058821135E+03 2.46763750883945704118E+03 2.55903149064832587101E+03 2.65042547245719424609E+03 2.74181945426606307592E+03 2.83321343607493190575E+03 2.92460741788380073558E+03 3.01600139969266956541E+03 3.10739538150153839524E+03 3.19878936331040722507E+03 3.29018334511927605490E+03 3.38157732692814442998E+03 3.47297130873701325982E+03 3.56436529054588208965E+03 3.65575927235475091948E+03 3.74715325416361974931E+03 3.83854723597248857914E+03 3.92994121778135740897E+03 4.02133519959022623880E+03 4.11272918139909506863E+03 4.20412316320796344371E+03 4.29551714501683272829E+03 4.38691112682570110337E+03 4.47830510863456947845E+03 4.56969909044343876303E+03 4.66109307225230713811E+03 4.75248705406117642269E+03 4.84388103587004479778E+03 4.93527501767891408235E+03 5.02666899948778245744E+03
0.00000000000000000000E+00 9.21680887937879163019E+01 1.84336177587575832604E+02 2.76504266381363777327E+02 3.68672355175151665208E+02 4.60840443968939609931E+02 5.53008532762727554655E+02 6.45176621556515442535E+02 7.37344710350303330415E+02 8.29512799144091218295E+02 9.21680887937879219862E+02 1.01384897673166710774E+03 1.10601706552545510931E+03 1.19818515431924288350E+03 1.29035324311303088507E+03 1.38252133190681865926E+03 1.47468942070060666083E+03 1.56685750949439466240E+03 1.65902559828818243659E+03 1.75119368708197043816E+03 1.84336177587575843972E+03 1.93552986466954621392E+03 2.02769795346333421548E+03 2.11986604225712198968E+03 2.21203413105091021862E+03 2.30420221984469799281E+03 2.39637030863848576701E+03 2.48853839743227354120E+03 2.58070648622606177014E+03 2.67287457501984954433E+03 2.76504266381363731853E+03 2.85721075260742554747E+03 2.94937884140121332166E+03 3.04154693019500109585E+03 3.13371501898878932479E+03 3.22588310778257709899E+03 3.31805119657636487318E+03 3.41021928537015310212E+03 3.50238737416394087631E+03 3.59455546295772865051E+03 3.68672355175151687945E+03 3.77889164054530465364E+03 3.87105972933909242784E+03 3.96322781813288020203E+03 4.05539590692666843097E+03 4.14756399572045665991E+03 4.23973208451424397936E+03 4.33190017330803220830E+03 4.42406826210182043724E+03 4.51623635089560775668E+03 4.60840443968939598562E+03 4.70057252848318330507E+03 4.79274061727697153401E+03 4.88490870607075976295E+03 4.97707679486454708240E+03 5.06924488365833531134E+03
0.00000000000000000000E+00 1.13158278694333930048E+02 2.26316557388667860096E+02 3.39474836083001775933E+02 4.52633114777335720191E+02 5.65791393471669607607E+02 6.78949672166003551865E+02 7.92107950860337496124E+02 9.05266229554671440383E+02 1.01842450824900527095E+03 1.13158278694333921521E+03 1.24474106563767327316E+03 1.35789934433200710373E+03 1.47105762302634093430E+03 1.58421590172067499225E+03 1.69737418041500882282E+03 1.81053245910934288077E+03 1.92369073780367671134E+03 2.03684901649801054191E+03 2.15000729519234437248E+03 2.26316557388667843043E+03 2.37632385258101248837E+03 2.48948213127534654632E+03 2.60264040996968014952E+03 2.71579868866401420746E+03 2.82895696735834826541E+03 2.94211524605268186860E+03 3.05527352474701592655E+03 3.16843180344134998450E+03 3.28159008213568404244E+03 3.39474836083001764564E+03 3.50790663952435170359E+03 3.62106491821868576153E+03 3.73422319691301936473E+03 3.84738147560735342267E+03 3.96053975430168748062E+03 4.07369803299602108382E+03 4.18685631169035514176E+03 4.30001459038468874496E+03 4.41317286907902325765E+03 4.52633114777335686085E+03 4.63948942646769046405E+03 4.75264770516202497674E+03 4.86580598385635857994E+03 4.97896426255069309263E+03 5.09212254124502669583E+03 5.20528081993936029903E+03 5.31843909863369481172E+03 5.43159737732802841492E+03 5.54475565602236201812E+03 5.65791393471669653081E+03 5.77107221341103013401E+03 5.88423049210536373721E+03 5.99738877079969824990E+03 6.11054704949403185310E+03 6.22370532818836545630E+03
0.00000000000000000000E+00 9.57857110267808451454E+01 1.91571422053561690291E+02 2.87357133080342521225E+02 3.83142844107123380581E+02 4.78928555133904183094E+02 5.74714266160685042450E+02 6.70499977187465901807E+02 7.66285688214246761163E+02 8.62071399241027506832E+02 9.57857110267808366189E+02 1.05364282129458933923E+03 1.14942853232137008490E+03 1.24521424334815083057E+03 1.34099995437493180361E+03 1.43678566540171254928E+03 1.53257137642849352233E+03 1.62835708745527426800E+03 1.72414279848205501366E+03 1.81992850950883598671E+03 1.91571422053561673238E+03 2.01149993156239770542E+03 2.10728564258917867846E+03 2.20307135361595919676E+03 2.29885706464274016980E+03 2.39464277566952114285E+03 2.49042848669630166114E+03 2.58621419772308263418E+03 2.68199990874986360723E+03 2.77778561977664458027E+03 2.87357133080342509857E+03 2.96935704183020607161E+03 3.06514275285698704465E+03 3.16092846388376756295E+03 3.25671417491054853599E+03 3.35249988593732950903E+03 3.44828559696411002733E+03 3.54407130799089100037E+03 3.63985701901767197342E+03 3.73564273004445294646E+03 3.83142844107123346475E+03 3.92721415209801443780E+03 4.02299986312479541084E+03 4.11878557415157592914E+03 4.21457128517835735693E+03 4.31035699620513787522E+03 4.40614270723191839352E+03 4.50192841825869982131E+03 4.59771412928548033960E+03 4.69349984031226085790E+03 4.78928555133904228569E+03 4.88507126236582280399E+03 4.98085697339260332228E+03 5.07664268441938475007E+03 5.17242839544616526837E+03 5.26821410647294578666E+03
0.00000000000000000000E+00 1.10718084979394973288E+02 2.21436169958789946577E+02 3.32154254938184919865E+02 4.42872339917579893154E+02 5.53590424896974809599E+02 6.64308509876369839731E+02 7.75026594855764756176E+02 8.85744679835159786307E+02 9.96462764814554702753E+02 1.10718084979394961920E+03 1.21789893477334476302E+03 1.32861701975273967946E+03 1.43933510473213459591E+03 1.55005318971152951235E+03 1.66077127469092465617E+03 1.77148935967031957261E+03 1.88220744464971448906E+03 1.99292552962910940551E+03 2.10364361460850432195E+03 2.21436169958789923840E+03 2.32507978456729460959E+03 2.43579786954668952603E+03 2.54651595452608444248E+03 2.65723403950547935892E+03 2.76795212448487427537E+03 2.87867020946426919181E+03 2.98938829444366410826E+03 3.10010637942305902470E+03 3.21082446440245394115E+03 3.32154254938184931234E+03 3.43226063436124422878E+03 3.54297871934063914523E+03 3.65369680432003406167E+03 3.76441488929942897812E+03 3.87513297427882389456E+03 3.98585105925821881101E+03 4.09656914423761372746E+03 4.20728722921700864390E+03 4.31800531419640356035E+03 4.42872339917579847679E+03 4.53944148415519339324E+03 4.65015956913458921917E+03 4.76087765411398413562E+03 4.87159573909337905206E+03 4.98231382407277396851E+03 5.09303190905216888495E+03 5.20374999403156380140E+03 5.31446807901095871784E+03 5.42518616399035363429E+03 5.53590424896974855073E+03 5.64662233394914346718E+03 5.75734041892853838362E+03 5.86805850390793330007E+03 5.97877658888732821652E+03 6.08949467386672313296E+03
0.00000000000000000000E+00 1.05084633336485083532E+02 2.10169266672970167065E+02 3.15253900009455207964E+02 4.20338533345940334129E+02 5.25423166682425403451E+02 6.30507800018910415929E+02 7.35592433355395542094E+02 8.40677066691880668259E+02 9.45761700028365680737E+02 1.05084633336485080690E+03 1.15593096670133581938E+03 1.26101560003782083186E+03 1.36610023337430607171E+03 1.47118486671079108419E+03 1.57626950004727609667E+03 1.68135413338376133652E+03 1.78643876672024634900E+03 1.89152340005673136147E+03 1.99660803339321637395E+03 2.10169266672970161380E+03 2.20677730006618685366E+03 2.31186193340267163876E+03 2.41694656673915687861E+03 2.52203120007564166372E+03 2.62711583341212690357E+03 2.73220046674861214342E+03 2.83728510008509692852E+03 2.94236973342158216838E+03 3.04745436675806740823E+03 3.15253900009455219333E+03 3.25762363343103743318E+03 3.36270826676752267304E+03 3.46779290010400745814E+03 3.57287753344049269799E+03 3.67796216677697793784E+03 3.78304680011346272295E+03 3.88813143344994796280E+03 3.99321606678643274790E+03 4.09830070012291798776E+03 4.20338533345940322761E+03 4.30846996679588846746E+03 4.41355460013237370731E+03 4.51863923346885803767E+03 4.62372386680534327752E+03 4.72880850014182851737E+03 4.83389313347831375722E+03 4.93897776681479899707E+03 5.04406240015128332743E+03 5.14914703348776856728E+03 5.25423166682425380714E+03 5.35931630016073904699E+03 5.46440093349722428684E+03 5.56948556683370952669E+03 5.67457020017019385705E+03 5.77965483350667909690E+03
0.00000000000000000000E+00 1.02564081470983964550E+02 2.05128162941967929100E+02 3.07692244412951936283E+02 4.10256325883935858201E+02 5.12820407354919893805E+02 6.15384488825903872566E+02 7.17948570296887737641E+02 8.20512651767871716402E+02 9.23076733238855695163E+02 1.02564081470983978761E+03 1.12820489618082365268E+03 1.23076897765180774513E+03 1.33333305912279161021E+03 1.43589714059377547528E+03 1.53846122206475956773E+03 1.64102530353574343280E+03 1.74358938500672752525E+03 1.84615346647771139033E+03 1.94871754794869548277E+03 2.05128162941967957522E+03 2.15384571089066321292E+03 2.25640979236164730537E+03 2.35897387383263139782E+03 2.46153795530361549027E+03 2.56410203677459912797E+03 2.66666611824558322041E+03 2.76923019971656731286E+03 2.87179428118755095056E+03 2.97435836265853504301E+03 3.07692244412951913546E+03 3.17948652560050322791E+03 3.28205060707148686561E+03 3.38461468854247095805E+03 3.48717877001345505050E+03 3.58974285148443914295E+03 3.69230693295542278065E+03 3.79487101442640687310E+03 3.89743509589739096555E+03 3.99999917736837460325E+03 4.10256325883935915044E+03 4.20512734031034233340E+03 4.30769142178132642584E+03 4.41025550325231051829E+03 4.51281958472329461074E+03 4.61538366619427870319E+03 4.71794774766526279564E+03 4.82051182913624688808E+03 4.92307591060723098053E+03 5.02563999207821416348E+03 5.12820407354919825593E+03 5.23076815502018234838E+03 5.33333223649116644083E+03 5.43589631796215053328E+03 5.53846039943313462572E+03 5.64102448090411871817E+03
0.00000000000000000000E+00 1.11334548467874341782E+02 2.22669096935748683563E+02 3.34003645403623011134E+02 4.45338193871497367127E+02 5.56672742339371666276E+02 6.68007290807246022268E+02 7.79341839275120378261E+02 8.90676387742994734253E+02 1.00201093621086909025E+03 1.11334548467874333255E+03 1.22468003314661768854E+03 1.33601458161449204454E+03 1.44734913008236640053E+03 1.55868367855024075652E+03 1.67001822701811511251E+03 1.78135277548598946851E+03 1.89268732395386382450E+03 2.00402187242173818049E+03 2.11535642088961230911E+03 2.22669096935748666510E+03 2.33802551782536102110E+03 2.44936006629323537709E+03 2.56069461476110973308E+03 2.67202916322898408907E+03 2.78336371169685844507E+03 2.89469826016473280106E+03 3.00603280863260715705E+03 3.11736735710048151304E+03 3.22870190556835586904E+03 3.34003645403623022503E+03 3.45137100250410458102E+03 3.56270555097197893701E+03 3.67404009943985329301E+03 3.78537464790772764900E+03 3.89670919637560200499E+03 4.00804374484347636098E+03 4.11937829331135071698E+03 4.23071284177922461822E+03 4.34204739024709942896E+03 4.45338193871497333021E+03 4.56471648718284814095E+03 4.67605103565072204219E+03 4.78738558411859685293E+03 4.89872013258647075418E+03 5.01005468105434556492E+03 5.12138922952221946616E+03 5.23272377799009427690E+03 5.34405832645796817815E+03 5.45539287492584298889E+03 5.56672742339371689013E+03 5.67806197186159170087E+03 5.78939652032946560212E+03 5.90073106879734041286E+03 6.01206561726521431410E+03 6.12340016573308821535E+03
0.00000000000000000000E+00 1.02570089185297803169E+02 2.05140178370595606339E+02 3.07710267555893381086E+02 4.10280356741191212677E+02 5.12850445926488987425E+02 6.15420535111786762172E+02 7.17990624297084536920E+02 8.20560713482382425354E+02 9.23130802667680200102E+02 1.02570089185297797485E+03 1.12827098103827574960E+03 1.23084107022357352434E+03 1.33341115940887129909E+03 1.43598124859416907384E+03 1.53855133777946684859E+03 1.64112142696476485071E+03 1.74369151615006262546E+03 1.84626160533536040020E+03 1.94883169452065817495E+03 2.05140178370595594970E+03 2.15397187289125395182E+03 2.25654196207655149919E+03 2.35911205126184950132E+03 2.46168214044714704869E+03 2.56425222963244505081E+03 2.66682231881774259818E+03 2.76939240800304060031E+03 2.87196249718833814768E+03 2.97453258637363614980E+03 3.07710267555893369718E+03 3.17967276474423169930E+03 3.28224285392952970142E+03 3.38481294311482724879E+03 3.48738303230012525091E+03 3.58995312148542279829E+03 3.69252321067072080041E+03 3.79509329985601834778E+03 3.89766338904131634990E+03 4.00023347822661389728E+03 4.10280356741191189940E+03 4.20537365659720944677E+03 4.30794374578250790364E+03 4.41051383496780545102E+03 4.51308392415310299839E+03 4.61565401333840054576E+03 4.71822410252369900263E+03 4.82079419170899655001E+03 4.92336428089429409738E+03 5.02593437007959164475E+03 5.12850445926489010162E+03 5.23107454845018764900E+03 5.33364463763548519637E+03 5.43621472682078365324E+03 5.53878481600608120061E+03 5.64135490519137874799E+03
0.00000000000000000000E+00 1.15837187913940226736E+02 2.31674375827880453471E+02 3.47511563741820680207E+02 4.63348751655760906942E+02 5.79185939569701076834E+02 6.95023127483641360413E+02 8.10860315397581530306E+02 9.26697503311521813885E+02 1.04253469122546198378E+03 1.15837187913940215367E+03 1.27420906705334232356E+03 1.39004625496728272083E+03 1.50588344288122289072E+03 1.62172063079516306061E+03 1.73755781870910323050E+03 1.85339500662304362777E+03 1.96923219453698379766E+03 2.08506938245092396755E+03 2.20090657036486436482E+03 2.31674375827880430734E+03 2.43258094619274470460E+03 2.54841813410668464712E+03 2.66425532202062504439E+03 2.78009250993456544165E+03 2.89592969784850538417E+03 3.01176688576244578144E+03 3.12760407367638617870E+03 3.24344126159032612122E+03 3.35927844950426651849E+03 3.47511563741820646101E+03 3.59095282533214685827E+03 3.70679001324608725554E+03 3.82262720116002719806E+03 3.93846438907396759532E+03 4.05430157698790753784E+03 4.17013876490184793511E+03 4.28597595281578833237E+03 4.40181314072972872964E+03 4.51765032864366821741E+03 4.63348751655760861468E+03 4.74932470447154901194E+03 4.86516189238548940921E+03 4.98099908029942980647E+03 5.09683626821336929424E+03 5.21267345612730969151E+03 5.32851064404125008878E+03 5.44434783195519048604E+03 5.56018501986913088331E+03 5.67602220778307037108E+03 5.79185939569701076834E+03 5.90769658361095116561E+03 6.02353377152489156288E+03 6.13937095943883196014E+03 6.25520814735277235741E+03 6.37104533526671184518E+03
0.00000000000000000000E+00 9.57227372713107627078E+01 1.91445474542621525416E+02 2.87168211813932316545E+02 3.82890949085243050831E+02 4.78613686356553841961E+02 5.74336423627864633090E+02 6.70059160899175367376E+02 7.65781898170486101662E+02 8.61504635441796835948E+02 9.57227372713107683921E+02 1.05295010998441830452E+03 1.14867284725572926618E+03 1.24439558452704000047E+03 1.34011832179835073475E+03 1.43584105906966146904E+03 1.53156379634097220332E+03 1.62728653361228293761E+03 1.72300927088359367190E+03 1.81873200815490463356E+03 1.91445474542621536784E+03 2.01017748269752610213E+03 2.10590021996883660904E+03 2.20162295724014757070E+03 2.29734569451145853236E+03 2.39306843178276903927E+03 2.48879116905408000093E+03 2.58451390632539050785E+03 2.68023664359670146951E+03 2.77595938086801197642E+03 2.87168211813932293808E+03 2.96740485541063389974E+03 3.06312759268194440665E+03 3.15885032995325536831E+03 3.25457306722456587522E+03 3.35029580449587683688E+03 3.44601854176718734379E+03 3.54174127903849830545E+03 3.63746401630980926711E+03 3.73318675358111977403E+03 3.82890949085243073569E+03 3.92463222812374124260E+03 4.02035496539505220426E+03 4.11607770266636271117E+03 4.21180043993767321808E+03 4.30752317720898463449E+03 4.40324591448029514140E+03 4.49896865175160564831E+03 4.59469138902291706472E+03 4.69041412629422757163E+03 4.78613686356553807855E+03 4.88185960083684858546E+03 4.97758233810816000187E+03 5.07330507537947050878E+03 5.16902781265078101569E+03 5.26475054992209243210E+03
0.00000000000000000000E+00 9.72686964183117623861E+01 1.94537392836623524772E+02 2.91806089254935272947E+02 3.89074785673247049544E+02 4.86343482091558826141E+02 5.83612178509870545895E+02 6.80880874928182379335E+02 7.78149571346494099089E+02 8.75418267764805818842E+02 9.72686964183117652283E+02 1.06995566060142937204E+03 1.16722435701974109179E+03 1.26449305343805281154E+03 1.36176174985636475867E+03 1.45903044627467647842E+03 1.55629914269298819818E+03 1.65356783911129991793E+03 1.75083653552961163768E+03 1.84810523194792358481E+03 1.94537392836623530457E+03 2.04264262478454702432E+03 2.13991132120285874407E+03 2.23718001762117046383E+03 2.33444871403948218358E+03 2.43171741045779390333E+03 2.52898610687610562309E+03 2.62625480329441779759E+03 2.72352349971272951734E+03 2.82079219613104123709E+03 2.91806089254935295685E+03 3.01532958896766467660E+03 3.11259828538597639636E+03 3.20986698180428811611E+03 3.30713567822259983586E+03 3.40440437464091155562E+03 3.50167307105922327537E+03 3.59894176747753499512E+03 3.69621046389584716962E+03 3.79347916031415888938E+03 3.89074785673247060913E+03 3.98801655315078232888E+03 4.08528524956909404864E+03 4.18255394598740531364E+03 4.27982264240571748815E+03 4.37709133882402966265E+03 4.47436003524234092765E+03 4.57162873166065310215E+03 4.66889742807896436716E+03 4.76616612449727654166E+03 4.86343482091558780667E+03 4.96070351733389998117E+03 5.05797221375221124617E+03 5.15524091017052342067E+03 5.25250960658883559518E+03 5.34977830300714686018E+03
0.00000000000000000000E+00 1.02810530246659553200E+02 2.05621060493319106399E+02 3.08431590739978673810E+02 4.11242120986638212798E+02 5.14052651233297751787E+02 6.16863181479957347619E+02 7.19673711726616943452E+02 8.22484241973276425597E+02 9.25294772219936021429E+02 1.02810530246659550357E+03 1.13091583271325521309E+03 1.23372636295991469524E+03 1.33653689320657417738E+03 1.43934742345323388690E+03 1.54215795369989336905E+03 1.64496848394655285119E+03 1.74777901419321256071E+03 1.85058954443987204286E+03 1.95340007468653152500E+03 2.05621060493319100715E+03 2.15902113517985071667E+03 2.26183166542651042619E+03 2.36464219567316968096E+03 2.46745272591982939048E+03 2.57026325616648910000E+03 2.67307378641314835477E+03 2.77588431665980806429E+03 2.87869484690646777381E+03 2.98150537715312702858E+03 3.08431590739978673810E+03 3.18712643764644644762E+03 3.28993696789310570239E+03 3.39274749813976541191E+03 3.49555802838642512143E+03 3.59836855863308437620E+03 3.70117908887974408572E+03 3.80398961912640379524E+03 3.90680014937306305001E+03 4.00961067961972275953E+03 4.11242120986638201430E+03 4.21523174011304217856E+03 4.31804227035970143334E+03 4.42085280060636068811E+03 4.52366333085302085237E+03 4.62647386109968010715E+03 4.72928439134633936192E+03 4.83209492159299952618E+03 4.93490545183965878095E+03 5.03771598208631803573E+03 5.14052651233297819999E+03 5.24333704257963745476E+03 5.34614757282629670954E+03 5.44895810307295687380E+03 5.55176863331961612857E+03 5.65457916356627538335E+03
0.00000000000000000000E+00 9.27525463019212565996E+01 1.85505092603842513199E+02 2.78257638905763769799E+02 3.71010185207685026398E+02 4.63762731509606282998E+02 5.56515277811527539598E+02 6.49267824113448796197E+02 7.42020370415370052797E+02 8.34772916717291309396E+02 9.27525463019212565996E+02 1.02027800932113382260E+03 1.11303055562305507920E+03 1.20578310192497633579E+03 1.29853564822689759239E+03 1.39128819452881884899E+03 1.48404074083074010559E+03 1.57679328713266136219E+03 1.66954583343458261879E+03 1.76229837973650387539E+03 1.85505092603842513199E+03 1.94780347234034638859E+03 2.04055601864226764519E+03 2.13330856494418912916E+03 2.22606111124611015839E+03 2.31881365754803164236E+03 2.41156620384995267159E+03 2.50431875015187415556E+03 2.59707129645379518479E+03 2.68982384275571666876E+03 2.78257638905763769799E+03 2.87532893535955918196E+03 2.96808148166148021119E+03 3.06083402796340169516E+03 3.15358657426532272439E+03 3.24633912056724420836E+03 3.33909166686916523759E+03 3.43184421317108672156E+03 3.52459675947300775078E+03 3.61734930577492923476E+03 3.71010185207685026398E+03 3.80285439837877174796E+03 3.89560694468069277718E+03 3.98835949098261426116E+03 4.08111203728453529038E+03 4.17386458358645631961E+03 4.26661712988837825833E+03 4.35936967619029928755E+03 4.45212222249222031678E+03 4.54487476879414134601E+03 4.63762731509606328473E+03 4.73037986139798431395E+03 4.82313240769990534318E+03 4.91588495400182637241E+03 5.00863750030374831113E+03 5.10139004660566934035E+03
0.00000000000000000000E+00 1.01559517935583471626E+02 2.03119035871166943252E+02 3.04678553806750414878E+02 4.06238071742333886505E+02 5.07797589677917301287E+02 6.09357107613500829757E+02 7.10916625549084301383E+02 8.12476143484667773009E+02 9.14035661420251244635E+02 1.01559517935583460257E+03 1.11715469729141818789E+03 1.21871421522700165951E+03 1.32027373316258513114E+03 1.42183325109816860277E+03 1.52339276903375207439E+03 1.62495228696933554602E+03 1.72651180490491901764E+03 1.82807132284050248927E+03 1.92963084077608573352E+03 2.03119035871166920515E+03 2.13274987664725267678E+03 2.23430939458283637578E+03 2.33586891251841962003E+03 2.43742843045400331903E+03 2.53898794838958656328E+03 2.64054746632517026228E+03 2.74210698426075350653E+03 2.84366650219633720553E+03 2.94522602013192044978E+03 3.04678553806750414878E+03 3.14834505600308739304E+03 3.24990457393867109204E+03 3.35146409187425433629E+03 3.45302360980983803529E+03 3.55458312774542127954E+03 3.65614264568100497854E+03 3.75770216361658822279E+03 3.85926168155217146705E+03 3.96082119948775516605E+03 4.06238071742333841030E+03 4.16394023535892210930E+03 4.26549975329450535355E+03 4.36705927123008859780E+03 4.46861878916567275155E+03 4.57017830710125599580E+03 4.67173782503683924006E+03 4.77329734297242248431E+03 4.87485686090800663806E+03 4.97641637884358988231E+03 5.07797589677917312656E+03 5.17953541471475637081E+03 5.28109493265034052456E+03 5.38265445058592376881E+03 5.48421396852150701307E+03 5.58577348645709025732E+03
0.00000000000000000000E+00 8.26655462797541105147E+01 1.65331092559508221029E+02 2.47996638839262317333E+02 3.30662185119016442059E+02 4.13327731398770538362E+02 4.95993277678524634666E+02 5.78658823958278730970E+02 6.61324370238032884117E+02 7.43989916517787037264E+02 8.26655462797541076725E+02 9.09321009077295229872E+02 9.91986555357049269332E+02 1.07465210163680353617E+03 1.15731764791655746194E+03 1.23998319419631161509E+03 1.32264874047606576823E+03 1.40531428675581992138E+03 1.48797983303557407453E+03 1.57064537931532800030E+03 1.65331092559508215345E+03 1.73597647187483630660E+03 1.81864201815459045974E+03 1.90130756443434461289E+03 1.98397311071409853866E+03 2.06663865699385269181E+03 2.14930420327360707233E+03 2.23196974955336099811E+03 2.31463529583311492388E+03 2.39730084211286930440E+03 2.47996638839262323017E+03 2.56263193467237761070E+03 2.64529748095213153647E+03 2.72796302723188546224E+03 2.81062857351163984276E+03 2.89329411979139376854E+03 2.97595966607114814906E+03 3.05862521235090207483E+03 3.14129075863065600061E+03 3.22395630491041038113E+03 3.30662185119016430690E+03 3.38928739746991868742E+03 3.47195294374967261319E+03 3.55461849002942653897E+03 3.63728403630918091949E+03 3.71994958258893484526E+03 3.80261512886868922578E+03 3.88528067514844315156E+03 3.96794622142819707733E+03 4.05061176770795145785E+03 4.13327731398770538362E+03 4.21594286026745976415E+03 4.29860840654721414467E+03 4.38127395282696761569E+03 4.46393949910672199621E+03 4.54660504538647637673E+03
0.00000000000000000000E+00 9.98001204198461380201E+01 1.99600240839692276040E+02 2.99400361259538442482E+02 3.99200481679384552081E+02 4.99000602099230718522E+02 5.98800722519076884964E+02 6.98600842938922937719E+02 7.98400963358769104161E+02 8.98201083778615270603E+02 9.98001204198461437045E+02 1.09780132461830748980E+03 1.19760144503815376993E+03 1.29740156545799982268E+03 1.39720168587784587544E+03 1.49700180629769215557E+03 1.59680192671753820832E+03 1.69660204713738426108E+03 1.79640216755723054121E+03 1.89620228797707659396E+03 1.99600240839692287409E+03 2.09580252881676869947E+03 2.19560264923661497960E+03 2.29540276965646125973E+03 2.39520289007630753986E+03 2.49500301049615336524E+03 2.59480313091599964537E+03 2.69460325133584592550E+03 2.79440337175569175088E+03 2.89420349217553803101E+03 2.99400361259538431113E+03 3.09380373301523013652E+03 3.19360385343507641664E+03 3.29340397385492269677E+03 3.39320409427476852215E+03 3.49300421469461480228E+03 3.59280433511446108241E+03 3.69260445553430736254E+03 3.79240457595415318792E+03 3.89220469637399946805E+03 3.99200481679384574818E+03 4.09180493721369157356E+03 4.19160505763353739894E+03 4.29140517805338367907E+03 4.39120529847322995920E+03 4.49100541889307623933E+03 4.59080553931292251946E+03 4.69060565973276879959E+03 4.79040578015261507971E+03 4.89020590057246045035E+03 4.99000602099230673048E+03 5.08980614141215301061E+03 5.18960626183199929073E+03 5.28940638225184557086E+03 5.38920650267169185099E+03 5.48900662309153722163E+03
0.00000000000000000000E+00 1.05914989500602047201E+02 2.11829979001204094402E+02 3.17744968501806170025E+02 4.23659958002408188804E+02 5.29574947503010207583E+02 6.35489937003612340050E+02 7.41404926504214358829E+02 8.47319916004816377608E+02 9.53234905505418510074E+02 1.05914989500602041517E+03 1.16506488450662254763E+03 1.27097987400722468010E+03 1.37689486350782658519E+03 1.48280985300842871766E+03 1.58872484250903085012E+03 1.69463983200963275522E+03 1.80055482151023488768E+03 1.90646981101083702015E+03 2.01238480051143892524E+03 2.11829979001204083033E+03 2.22421477951264296280E+03 2.33012976901324509527E+03 2.43604475851384722773E+03 2.54195974801444936020E+03 2.64787473751505149266E+03 2.75378972701565317038E+03 2.85970471651625530285E+03 2.96561970601685743532E+03 3.07153469551745956778E+03 3.17744968501806170025E+03 3.28336467451866383271E+03 3.38927966401926551043E+03 3.49519465351986764290E+03 3.60110964302046977537E+03 3.70702463252107190783E+03 3.81293962202167404030E+03 3.91885461152227571802E+03 4.02476960102287785048E+03 4.13068459052348043770E+03 4.23659958002408166067E+03 4.34251456952468379313E+03 4.44842955902528592560E+03 4.55434454852588805807E+03 4.66025953802649019053E+03 4.76617452752709232300E+03 4.87208951702769445546E+03 4.97800450652829658793E+03 5.08391949602889872040E+03 5.18983448552950085286E+03 5.29574947503010298533E+03 5.40166446453070511780E+03 5.50757945403130634077E+03 5.61349444353190847323E+03 5.71940943303251060570E+03 5.82532442253311273817E+03
0.00000000000000000000E+00 8.76221618536624333728E+01 1.75244323707324866746E+02 2.62866485560987257486E+02 3.50488647414649733491E+02 4.38110809268312152653E+02 5.25732971121974514972E+02 6.13355132975637047821E+02 7.00977294829299466983E+02 7.88599456682961886145E+02 8.76221618536624305307E+02 9.63843780390286724469E+02 1.05146594224394902994E+03 1.13908810409761167648E+03 1.22671026595127409564E+03 1.31433242780493651480E+03 1.40195458965859893397E+03 1.48957675151226135313E+03 1.57719891336592377229E+03 1.66482107521958619145E+03 1.75244323707324861061E+03 1.84006539892691102978E+03 1.92768756078057344894E+03 2.01530972263423586810E+03 2.10293188448789805989E+03 2.19055404634156047905E+03 2.27817620819522335296E+03 2.36579837004888577212E+03 2.45342053190254819128E+03 2.54104269375621061045E+03 2.62866485560987302961E+03 2.71628701746353544877E+03 2.80390917931719786793E+03 2.89153134117086028709E+03 2.97915350302452270626E+03 3.06677566487818512542E+03 3.15439782673184754458E+03 3.24201998858550996374E+03 3.32964215043917238290E+03 3.41726431229283480207E+03 3.50488647414649722123E+03 3.59250863600015964039E+03 3.68013079785382205955E+03 3.76775295970748447871E+03 3.85537512156114689788E+03 3.94299728341480931704E+03 4.03061944526847173620E+03 4.11824160712213415536E+03 4.20586376897579611978E+03 4.29348593082945899368E+03 4.38110809268312095810E+03 4.46873025453678383201E+03 4.55635241639044670592E+03 4.64397457824410867033E+03 4.73159674009777154424E+03 4.81921890195143350866E+03
0.00000000000000000000E+00 1.09863871914544944275E+02 2.19727743829089888550E+02 3.29591615743634804403E+02 4.39455487658179777100E+02 5.49319359572724692953E+02 6.59183231487269608806E+02 7.69047103401814638346E+02 8.78910975316359554199E+02 9.88774847230904470052E+02 1.09863871914544938591E+03 1.20850259105999430176E+03 1.31836646297453921761E+03 1.42823033488908413347E+03 1.53809420680362927669E+03 1.64795807871817419255E+03 1.75782195063271910840E+03 1.86768582254726402425E+03 1.97754969446180894010E+03 2.08741356637635408333E+03 2.19727743829089877181E+03 2.30714131020544391504E+03 2.41700518211998860352E+03 2.52686905403453374674E+03 2.63673292594907843522E+03 2.74659679786362357845E+03 2.85646066977816826693E+03 2.96632454169271341016E+03 3.07618841360725855338E+03 3.18605228552180324186E+03 3.29591615743634838509E+03 3.40578002935089307357E+03 3.51564390126543821680E+03 3.62550777317998290528E+03 3.73537164509452804850E+03 3.84523551700907273698E+03 3.95509938892361788021E+03 4.06496326083816302344E+03 4.17482713275270816666E+03 4.28469100466725285514E+03 4.39455487658179754362E+03 4.50441874849634223210E+03 4.61428262041088783008E+03 4.72414649232543251856E+03 4.83401036423997720703E+03 4.94387423615452280501E+03 5.05373810806906749349E+03 5.16360197998361218197E+03 5.27346585189815687045E+03 5.38332972381270246842E+03 5.49319359572724715690E+03 5.60305746764179184538E+03 5.71292133955633653386E+03 5.82278521147088213183E+03 5.93264908338542682031E+03 6.04251295529997150879E+03
0.00000000000000000000E+00 1.19136425990633341598E+02 2.38272851981266683197E+02 3.57409277971900053217E+02 4.76545703962533366393E+02 5.95682129953166736414E+02 7.14818555943800106434E+02 8.33954981934433362767E+02 9.53091407925066732787E+02 1.07222783391570010281E+03 1.19136425990633347283E+03 1.31050068589696684285E+03 1.42963711188760021287E+03 1.54877353787823335551E+03 1.66790996386886672553E+03 1.78704638985950009555E+03 1.90618281585013346557E+03 2.02531924184076683559E+03 2.14445566783140020561E+03 2.26359209382203334826E+03 2.38272851981266694565E+03 2.50186494580330008830E+03 2.62100137179393368569E+03 2.74013779778456682834E+03 2.85927422377520042573E+03 2.97841064976583356838E+03 3.09754707575646671103E+03 3.21668350174710030842E+03 3.33581992773773345107E+03 3.45495635372836704846E+03 3.57409277971900019111E+03 3.69322920570963378850E+03 3.81236563170026693115E+03 3.93150205769090052854E+03 4.05063848368153367119E+03 4.16977490967216726858E+03 4.28891133566280041123E+03 4.40804776165343355387E+03 4.52718418764406669652E+03 4.64632061363470074866E+03 4.76545703962533389131E+03 4.88459346561596703395E+03 5.00372989160660017660E+03 5.12286631759723331925E+03 5.24200274358786737139E+03 5.36113916957850051404E+03 5.48027559556913365668E+03 5.59941202155976679933E+03 5.71854844755040085147E+03 5.83768487354103399412E+03 5.95682129953166713676E+03 6.07595772552230027941E+03 6.19509415151293342205E+03 6.31423057750356747420E+03 6.43336700349420061684E+03 6.55250342948483375949E+03
0.00000000000000000000E+00 9.93533319945208148738E+01 1.98706663989041629748E+02 2.98059995983562430411E+02 3.97413327978083259495E+02 4.96766659972604031736E+02 5.96119991967124860821E+02 6.95473323961645633062E+02 7.94826655956166518990E+02 8.94179987950687291232E+02 9.93533319945208063473E+02 1.09288665193972883571E+03 1.19223998393424972164E+03 1.29159331592877060757E+03 1.39094664792329126612E+03 1.49029997991781215205E+03 1.58965331191233303798E+03 1.68900664390685369654E+03 1.78835997590137458246E+03 1.88771330789589546839E+03 1.98706663989041612695E+03 2.08641997188493724025E+03 2.18577330387945767143E+03 2.28512663587397855736E+03 2.38447996786849944328E+03 2.48383329986302032921E+03 2.58318663185754121514E+03 2.68253996385206210107E+03 2.78189329584658253225E+03 2.88124662784110341818E+03 2.98059995983562430411E+03 3.07995329183014519003E+03 3.17930662382466607596E+03 3.27865995581918696189E+03 3.37801328781370739307E+03 3.47736661980822827900E+03 3.57671995180274916493E+03 3.67607328379727005085E+03 3.77542661579179093678E+03 3.87477994778631182271E+03 3.97413327978083225389E+03 4.07348661177535313982E+03 4.17283994376987448049E+03 4.27219327576439445693E+03 4.37154660775891534286E+03 4.47089993975343622878E+03 4.57025327174795711471E+03 4.66960660374247800064E+03 4.76895993573699888657E+03 4.86831326773151977250E+03 4.96766659972604065842E+03 5.06701993172056154435E+03 5.16637326371508243028E+03 5.26572659570960331621E+03 5.36507992770412420214E+03 5.46443325969864417857E+03
0.00000000000000000000E+00 1.24642372549971042872E+02 2.49284745099942085744E+02 3.73927117649913100195E+02 4.98569490199884171489E+02 6.23211862749855185939E+02 7.47854235299826200389E+02 8.72496607849797214840E+02 9.97138980399768342977E+02 1.12178135294973935743E+03 1.24642372549971037188E+03 1.37106609804968138633E+03 1.49570847059965240078E+03 1.62035084314962341523E+03 1.74499321569959442968E+03 1.86963558824956544413E+03 1.99427796079953668595E+03 2.11892033334950747303E+03 2.24356270589947871485E+03 2.36820507844944950193E+03 2.49284745099942074376E+03 2.61748982354939198558E+03 2.74213219609936277266E+03 2.86677456864933401448E+03 2.99141694119930480156E+03 3.11605931374927604338E+03 3.24070168629924683046E+03 3.36534405884921807228E+03 3.48998643139918885936E+03 3.61462880394916010118E+03 3.73927117649913088826E+03 3.86391354904910213008E+03 3.98855592159907337191E+03 4.11319829414904415898E+03 4.23784066669901494606E+03 4.36248303924898664263E+03 4.48712541179895742971E+03 4.61176778434892821679E+03 4.73641015689889900386E+03 4.86105252944887070043E+03 4.98569490199884148751E+03 5.11033727454881227459E+03 5.23497964709878397116E+03 5.35962201964875475824E+03 5.48426439219872554531E+03 5.60890676474869633239E+03 5.73354913729866802896E+03 5.85819150984863881604E+03 5.98283388239860960311E+03 6.10747625494858039019E+03 6.23211862749855208676E+03 6.35676100004852287384E+03 6.48140337259849366092E+03 6.60604574514846535749E+03 6.73068811769843614456E+03 6.85533049024840693164E+03
0.00000000000000000000E+00 9.13745693098257305564E+01 1.82749138619651461113E+02 2.74123707929477177458E+02 3.65498277239302922226E+02 4.56872846549128610150E+02 5.48247415858954354917E+02 6.39621985168780042841E+02 7.30996554478605844452E+02 8.22371123788431532375E+02 9.13745693098257220299E+02 1.00512026240808302191E+03 1.09649483171790870983E+03 1.18786940102773451144E+03 1.27924397033756008568E+03 1.37061853964738588729E+03 1.46199310895721168890E+03 1.55336767826703726314E+03 1.64474224757686306475E+03 1.73611681688668886636E+03 1.82749138619651444060E+03 1.91886595550634024221E+03 2.01024052481616604382E+03 2.10161509412599161806E+03 2.19298966343581741967E+03 2.28436423274564322128E+03 2.37573880205546902289E+03 2.46711337136529482450E+03 2.55848794067512017136E+03 2.64986250998494597297E+03 2.74123707929477177458E+03 2.83261164860459757620E+03 2.92398621791442337781E+03 3.01536078722424917942E+03 3.10673535653407452628E+03 3.19810992584390032789E+03 3.28948449515372612950E+03 3.38085906446355193111E+03 3.47223363377337773272E+03 3.56360820308320353433E+03 3.65498277239302888120E+03 3.74635734170285468281E+03 3.83773191101268048442E+03 3.92910648032250628603E+03 4.02048104963233208764E+03 4.11185561894215788925E+03 4.20323018825198323611E+03 4.29460475756180949247E+03 4.38597932687163483934E+03 4.47735389618146018620E+03 4.56872846549128644256E+03 4.66010303480111178942E+03 4.75147760411093804578E+03 4.84285217342076339264E+03 4.93422674273058964900E+03 5.02560131204041499586E+03
0.00000000000000000000E+00 9.35094599955449439221E+01 1.87018919991089887844E+02 2.80528379986634831766E+02 3.74037839982179775689E+02 4.67547299977724719611E+02 5.61056759973269663533E+02 6.54566219968814607455E+02 7.48075679964359551377E+02 8.41585139959904495299E+02 9.35094599955449439221E+02 1.02860405995099426946E+03 1.12211351994653932707E+03 1.21562297994208415730E+03 1.30913243993762921491E+03 1.40264189993317404515E+03 1.49615135992871910275E+03 1.58966081992426393299E+03 1.68317027991980899060E+03 1.77667973991535382083E+03 1.87018919991089887844E+03 1.96369865990644370868E+03 2.05720811990198853891E+03 2.15071757989753359652E+03 2.24422703989307865413E+03 2.33773649988862371174E+03 2.43124595988416831460E+03 2.52475541987971337221E+03 2.61826487987525842982E+03 2.71177433987080348743E+03 2.80528379986634809029E+03 2.89879325986189314790E+03 2.99230271985743820551E+03 3.08581217985298326312E+03 3.17932163984852786598E+03 3.27283109984407292359E+03 3.36634055983961798120E+03 3.45985001983516303881E+03 3.55335947983070764167E+03 3.64686893982625269928E+03 3.74037839982179775689E+03 3.83388785981734281449E+03 3.92739731981288741736E+03 4.02090677980843247497E+03 4.11441623980397707783E+03 4.20792569979952259018E+03 4.30143515979506719304E+03 4.39494461979061179591E+03 4.48845407978615730826E+03 4.58196353978170191112E+03 4.67547299977724742348E+03 4.76898245977279202634E+03 4.86249191976833662920E+03 4.95600137976388214156E+03 5.04951083975942674442E+03 5.14302029975497134728E+03
0.00000000000000000000E+00 1.04250467597780598794E+02 2.08500935195561197588E+02 3.12751402793341810593E+02 4.17001870391122395176E+02 5.21252337988903036603E+02 6.25502805586683621186E+02 7.29753273184464205769E+02 8.34003740782244790353E+02 9.38254208380025488623E+02 1.04250467597780607321E+03 1.14675514357558654410E+03 1.25100561117336724237E+03 1.35525607877114794064E+03 1.45950654636892841154E+03 1.56375701396670910981E+03 1.66800748156448958071E+03 1.77225794916227027898E+03 1.87650841676005097725E+03 1.98075888435783144814E+03 2.08500935195561214641E+03 2.18925981955339284468E+03 2.29351028715117308820E+03 2.39776075474895378647E+03 2.50201122234673448474E+03 2.60626168994451518302E+03 2.71051215754229588129E+03 2.81476262514007612481E+03 2.91901309273785682308E+03 3.02326356033563752135E+03 3.12751402793341821962E+03 3.23176449553119891789E+03 3.33601496312897916141E+03 3.44026543072675985968E+03 3.54451589832454055795E+03 3.64876636592232125622E+03 3.75301683352010195449E+03 3.85726730111788219801E+03 3.96151776871566289628E+03 4.06576823631344359455E+03 4.17001870391122429282E+03 4.27426917150900499109E+03 4.37851963910678568936E+03 4.48277010670456638763E+03 4.58702057430234617641E+03 4.69127104190012687468E+03 4.79552150949790757295E+03 4.89977197709568827122E+03 5.00402244469346896949E+03 5.10827291229124966776E+03 5.21252337988903036603E+03 5.31677384748681106430E+03 5.42102431508459176257E+03 5.52527478268237246084E+03 5.62952525028015224962E+03 5.73377571787793294789E+03
0.00000000000000000000E+00 8.76237407408925150776E+01 1.75247481481785030155E+02 2.62871222222677545233E+02 3.50494962963570060310E+02 4.38118703704462575388E+02 5.25742444445355090465E+02 6.13366185186247662386E+02 7.00989925927140120621E+02 7.88613666668032692542E+02 8.76237407408925150776E+02 9.63861148149817722697E+02 1.05148488889071018093E+03 1.13910862963160275285E+03 1.22673237037249532477E+03 1.31435611111338789669E+03 1.40197985185428024124E+03 1.48960359259517281316E+03 1.57722733333606538508E+03 1.66485107407695795700E+03 1.75247481481785030155E+03 1.84009855555874287347E+03 1.92772229629963544539E+03 2.01534603704052801731E+03 2.10296977778142036186E+03 2.19059351852231293378E+03 2.27821725926320550570E+03 2.36584100000409807762E+03 2.45346474074499064955E+03 2.54108848148588322147E+03 2.62871222222677579339E+03 2.71633596296766791056E+03 2.80395970370856048248E+03 2.89158344444945305440E+03 2.97920718519034562632E+03 3.06683092593123819825E+03 3.15445466667213077017E+03 3.24207840741302334209E+03 3.32970214815391591401E+03 3.41732588889480848593E+03 3.50494962963570060310E+03 3.59257337037659317502E+03 3.68019711111748574695E+03 3.76782085185837831887E+03 3.85544459259927089079E+03 3.94306833334016346271E+03 4.03069207408105603463E+03 4.11831581482194815180E+03 4.20593955556284072372E+03 4.29356329630373329564E+03 4.38118703704462586757E+03 4.46881077778551843949E+03 4.55643451852641101141E+03 4.64405825926730358333E+03 4.73168200000819615525E+03 4.81930574074908872717E+03
0.00000000000000000000E+00 9.76771889671323378934E+01 1.95354377934264675787E+02 2.93031566901397013680E+02 3.90708755868529351574E+02 4.88385944835661746311E+02 5.86063133802794027361E+02 6.83740322769926365254E+02 7.81417511737058703147E+02 8.79094700704191154728E+02 9.76771889671323492621E+02 1.07444907863845583051E+03 1.17212626760558805472E+03 1.26980345657272050630E+03 1.36748064553985273051E+03 1.46515783450698518209E+03 1.56283502347411740629E+03 1.66051221244124985787E+03 1.75818940140838230946E+03 1.85586659037551453366E+03 1.95354377934264698524E+03 2.05122096830977943682E+03 2.14889815727691166103E+03 2.24657534624404388524E+03 2.34425253521117610944E+03 2.44192972417830878840E+03 2.53960691314544101260E+03 2.63728410211257323681E+03 2.73496129107970546102E+03 2.83263848004683813997E+03 2.93031566901397036418E+03 3.02799285798110258838E+03 3.12567004694823481259E+03 3.22334723591536749154E+03 3.32102442488249971575E+03 3.41870161384963193996E+03 3.51637880281676461891E+03 3.61405599178389684312E+03 3.71173318075102906732E+03 3.80941036971816129153E+03 3.90708755868529397048E+03 4.00476474765242619469E+03 4.10244193661955887364E+03 4.20011912558669064310E+03 4.29779631455382332206E+03 4.39547350352095509152E+03 4.49315069248808777047E+03 4.59082788145522044942E+03 4.68850507042235221888E+03 4.78618225938948489784E+03 4.88385944835661757679E+03 4.98153663732374934625E+03 5.07921382629088202521E+03 5.17689101525801470416E+03 5.27456820422514647362E+03 5.37224539319227915257E+03
0.00000000000000000000E+00 1.15490534438053643385E+02 2.30981068876107286769E+02 3.46471603314160915943E+02 4.61962137752214573538E+02 5.77452672190268231134E+02 6.92943206628321831886E+02 8.08433741066375432638E+02 9.23924275504429147077E+02 1.03941480994248263414E+03 1.15490534438053646227E+03 1.27039587881859006302E+03 1.38588641325664366377E+03 1.50137694769469726452E+03 1.61686748213275086528E+03 1.73235801657080446603E+03 1.84784855100885829415E+03 1.96333908544691189491E+03 2.07882961988496526828E+03 2.19432015432301932378E+03 2.30981068876107292454E+03 2.42530122319912652529E+03 2.54079175763718012604E+03 2.65628229207523372679E+03 2.77177282651328732754E+03 2.88726336095134092830E+03 3.00275389538939452905E+03 3.11824442982744812980E+03 3.23373496426550173055E+03 3.34922549870355533130E+03 3.46471603314160893206E+03 3.58020656757966298755E+03 3.69569710201771658831E+03 3.81118763645577018906E+03 3.92667817089382378981E+03 4.04216870533187739056E+03 4.15765923976993053657E+03 4.27314977420798459207E+03 4.38864030864603864757E+03 4.50413084308409179357E+03 4.61962137752214584907E+03 4.73511191196019899508E+03 4.85060244639825305057E+03 4.96609298083630619658E+03 5.08158351527436025208E+03 5.19707404971241339808E+03 5.31256458415046745358E+03 5.42805511858852059959E+03 5.54354565302657465509E+03 5.65903618746462871059E+03 5.77452672190268185659E+03 5.89001725634073591209E+03 6.00550779077878905809E+03 6.12099832521684311359E+03 6.23648885965489625960E+03 6.35197939409295031510E+03
0.00000000000000000000E+00 1.20552954809357018462E+02 2.41105909618714036924E+02 3.61658864428071069597E+02 4.82211819237428073848E+02 6.02764774046785078099E+02 7.23317728856142139193E+02 8.43870683665499086601E+02 9.64423638474856147695E+02 1.08497659328421309510E+03 1.20552954809357015620E+03 1.32608250290292721729E+03 1.44663545771228427839E+03 1.56718841252164111211E+03 1.68774136733099817320E+03 1.80829432214035523430E+03 1.92884727694971229539E+03 2.04940023175906935649E+03 2.16995318656842619021E+03 2.29050614137778347867E+03 2.41105909618714031240E+03 2.53161205099649714612E+03 2.65216500580585443458E+03 2.77271796061521126830E+03 2.89327091542456855677E+03 3.01382387023392539049E+03 3.13437682504328222421E+03 3.25492977985263951268E+03 3.37548273466199634640E+03 3.49603568947135363487E+03 3.61658864428071046859E+03 3.73714159909006730231E+03 3.85769455389942459078E+03 3.97824750870878142450E+03 4.09880046351813871297E+03 4.21935341832749600144E+03 4.33990637313685238041E+03 4.46045932794620966888E+03 4.58101228275556695735E+03 4.70156523756492333632E+03 4.82211819237428062479E+03 4.94267114718363791326E+03 5.06322410199299429223E+03 5.18377705680235158070E+03 5.30433001161170886917E+03 5.42488296642106615764E+03 5.54543592123042253661E+03 5.66598887603977982508E+03 5.78654183084913711355E+03 5.90709478565849349252E+03 6.02764774046785078099E+03 6.14820069527720806946E+03 6.26875365008656444843E+03 6.38930660489592173690E+03 6.50985955970527902537E+03 6.63041251451463631383E+03
0.00000000000000000000E+00 9.22643419198135035231E+01 1.84528683839627007046E+02 2.76793025759440467937E+02 3.69057367679254014092E+02 4.61321709599067503405E+02 5.53586051518880935873E+02 6.45850393438694482029E+02 7.38114735358508028185E+02 8.30379077278321460653E+02 9.22643419198135006809E+02 1.01490776111794843928E+03 1.10717210303776187175E+03 1.19943644495757553159E+03 1.29170078687738896406E+03 1.38396512879720239653E+03 1.47622947071701605637E+03 1.56849381263682948884E+03 1.66075815455664292131E+03 1.75302249647645635378E+03 1.84528683839627001362E+03 1.93755118031608344609E+03 2.02981552223589687856E+03 2.12207986415571031102E+03 2.21434420607552374349E+03 2.30660854799533763071E+03 2.39887288991515106318E+03 2.49113723183496449565E+03 2.58340157375477792812E+03 2.67566591567459136058E+03 2.76793025759440479305E+03 2.86019459951421822552E+03 2.95245894143403211274E+03 3.04472328335384554521E+03 3.13698762527365897768E+03 3.22925196719347241014E+03 3.32151630911328584261E+03 3.41378065103309927508E+03 3.50604499295291270755E+03 3.59830933487272659477E+03 3.69057367679254002724E+03 3.78283801871235345970E+03 3.87510236063216689217E+03 3.96736670255198032464E+03 4.05963104447179375711E+03 4.15189538639160764433E+03 4.24415972831142062205E+03 4.33642407023123450927E+03 4.42868841215104748699E+03 4.52095275407086137420E+03 4.61321709599067526142E+03 4.70548143791048823914E+03 4.79774577983030212636E+03 4.89001012175011510408E+03 4.98227446366992899129E+03 5.07453880558974196902E+03
0.00000000000000000000E+00 9.59086570371915598798E+01 1.91817314074383119760E+02 2.87725971111574665429E+02 3.83634628148766239519E+02 4.79543285185957813610E+02 5.75451942223149330857E+02 6.71360599260340904948E+02 7.67269256297532479039E+02 8.63177913334724053129E+02 9.59086570371915627220E+02 1.05499522740910720131E+03 1.15090388444629866171E+03 1.24681254148349034949E+03 1.34272119852068180990E+03 1.43862985555787327030E+03 1.53453851259506495808E+03 1.63044716963225641848E+03 1.72635582666944810626E+03 1.82226448370663956666E+03 1.91817314074383125444E+03 2.01408179778102271484E+03 2.10999045481821440262E+03 2.20589911185540586303E+03 2.30180776889259732343E+03 2.39771642592978878383E+03 2.49362508296698069898E+03 2.58953374000417215939E+03 2.68544239704136361979E+03 2.78135105407855508020E+03 2.87725971111574654060E+03 2.97316836815293845575E+03 3.06907702519012991615E+03 3.16498568222732137656E+03 3.26089433926451283696E+03 3.35680299630170475211E+03 3.45271165333889621252E+03 3.54862031037608767292E+03 3.64452896741327913332E+03 3.74043762445047059373E+03 3.83634628148766250888E+03 3.93225493852485396928E+03 4.02816359556204542969E+03 4.12407225259923689009E+03 4.21998090963642880524E+03 4.31588956667361981090E+03 4.41179822371081172605E+03 4.50770688074800364120E+03 4.60361553778519464686E+03 4.69952419482238656201E+03 4.79543285185957756767E+03 4.89134150889676948282E+03 4.98725016593396139797E+03 5.08315882297115240362E+03 5.17906748000834431878E+03 5.27497613704553532443E+03
0.00000000000000000000E+00 8.30589596702556320906E+01 1.66117919340511264181E+02 2.49176879010766924694E+02 3.32235838681022528363E+02 4.15294798351278188875E+02 4.98353758021533849387E+02 5.81412717691789453056E+02 6.64471677362045056725E+02 7.47530637032300774081E+02 8.30589596702556377750E+02 9.13648556372811981419E+02 9.96707516043067698774E+02 1.07976647571332341613E+03 1.16282543538357890611E+03 1.24588439505383462347E+03 1.32894335472409011345E+03 1.41200231439434583081E+03 1.49506127406460154816E+03 1.57812023373485703814E+03 1.66117919340511275550E+03 1.74423815307536847286E+03 1.82729711274562396284E+03 1.91035607241587968019E+03 1.99341503208613539755E+03 2.07647399175639111490E+03 2.15953295142664683226E+03 2.24259191109690209487E+03 2.32565087076715781222E+03 2.40870983043741352958E+03 2.49176879010766924694E+03 2.57482774977792496429E+03 2.65788670944818022690E+03 2.74094566911843594426E+03 2.82400462878869166161E+03 2.90706358845894737897E+03 2.99012254812920309632E+03 3.07318150779945881368E+03 3.15624046746971407629E+03 3.23929942713996979364E+03 3.32235838681022551100E+03 3.40541734648048122835E+03 3.48847630615073694571E+03 3.57153526582099266307E+03 3.65459422549124792567E+03 3.73765318516150364303E+03 3.82071214483175936039E+03 3.90377110450201507774E+03 3.98683006417227079510E+03 4.06988902384252651245E+03 4.15294798351278222981E+03 4.23600694318303794716E+03 4.31906590285329366452E+03 4.40212486252354847238E+03 4.48518382219380418974E+03 4.56824278186405990709E+03
0.00000000000000000000E+00 8.64099998020237336505E+01 1.72819999604047467301E+02 2.59229999406071215162E+02 3.45639999208094934602E+02 4.32049999010118710885E+02 5.18459998812142430324E+02 6.04869998614166206607E+02 6.91279998416189869204E+02 7.77689998218213645487E+02 8.64099998020237421770E+02 9.50509997822261198053E+02 1.03691999762428486065E+03 1.12332999742630863693E+03 1.20973999722833241321E+03 1.29614999703035618950E+03 1.38255999683237973841E+03 1.46896999663440351469E+03 1.55537999643642729097E+03 1.64178999623845106726E+03 1.72819999604047484354E+03 1.81460999584249861982E+03 1.90101999564452239611E+03 1.98742999544654594501E+03 2.07383999524856972130E+03 2.16024999505059349758E+03 2.24665999485261727386E+03 2.33306999465464105015E+03 2.41947999445666482643E+03 2.50588999425868860271E+03 2.59229999406071237900E+03 2.67870999386273615528E+03 2.76511999366475947681E+03 2.85152999346678325310E+03 2.93793999326880702938E+03 3.02434999307083080566E+03 3.11075999287285458195E+03 3.19716999267487835823E+03 3.28357999247690213451E+03 3.36998999227892591080E+03 3.45639999208094968708E+03 3.54280999188297346336E+03 3.62921999168499723964E+03 3.71562999148702101593E+03 3.80203999128904479221E+03 3.88844999109106811375E+03 3.97485999089309189003E+03 4.06126999069511566631E+03 4.14767999049713944260E+03 4.23408999029916321888E+03 4.32049999010118699516E+03 4.40690998990321077144E+03 4.49331998970523454773E+03 4.57972998950725832401E+03 4.66613998930928210029E+03 4.75254998911130587658E+03
0.00000000000000000000E+00 1.12010269341006392096E+02 2.24020538682012784193E+02 3.36030808023019176289E+02 4.48041077364025568386E+02 5.60051346705031960482E+02 6.72061616046038352579E+02 7.84071885387044744675E+02 8.96082154728051136772E+02 1.00809242406905752887E+03 1.12010269341006392096E+03 1.23211296275107042675E+03 1.34412323209207670516E+03 1.45613350143308321094E+03 1.56814377077408948935E+03 1.68015404011509599513E+03 1.79216430945610227354E+03 1.90417457879710877933E+03 2.01618484813811505774E+03 2.12819511747912156352E+03 2.24020538682012784193E+03 2.35221565616113412034E+03 2.46422592550214085350E+03 2.57623619484314713191E+03 2.68824646418415341032E+03 2.80025673352515968872E+03 2.91226700286616642188E+03 3.02427727220717270029E+03 3.13628754154817897870E+03 3.24829781088918571186E+03 3.36030808023019199027E+03 3.47231834957119826868E+03 3.58432861891220454709E+03 3.69633888825321128024E+03 3.80834915759421755865E+03 3.92035942693522383706E+03 4.03236969627623011547E+03 4.14437996561723684863E+03 4.25639023495824312704E+03 4.36840050429924940545E+03 4.48041077364025568386E+03 4.59242104298126196227E+03 4.70443131232226824068E+03 4.81644158166327542858E+03 4.92845185100428170699E+03 5.04046212034528798540E+03 5.15247238968629426381E+03 5.26448265902730054222E+03 5.37649292836830682063E+03 5.48850319770931309904E+03 5.60051346705031937745E+03 5.71252373639132656535E+03 5.82453400573233284376E+03 5.93654427507333912217E+03 6.04855454441434540058E+03 6.16056481375535167899E+03
0.00000000000000000000E+00 9.11621622447570985059E+01 1.82324324489514197012E+02 2.73486486734271295518E+02 3.64648648979028394024E+02 4.55810811223785549373E+02 5.46972973468542591036E+02 6.38135135713299746385E+02 7.29297297958056788048E+02 8.20459460202813943397E+02 9.11621622447571098746E+02 1.00278378469232814041E+03 1.09394594693708518207E+03 1.18510810918184233742E+03 1.27627027142659949277E+03 1.36743243367135664812E+03 1.45859459591611357610E+03 1.54975675816087073144E+03 1.64091892040562788679E+03 1.73208108265038504214E+03 1.82324324489514219749E+03 1.91440540713989912547E+03 2.00556756938465628082E+03 2.09672973162941343617E+03 2.18789189387417036414E+03 2.27905405611892774687E+03 2.37021621836368467484E+03 2.46137838060844205756E+03 2.55254054285319898554E+03 2.64370270509795591352E+03 2.73486486734271329624E+03 2.82602702958747022421E+03 2.91718919183222715219E+03 3.00835135407698453491E+03 3.09951351632174146289E+03 3.19067567856649884561E+03 3.28183784081125577359E+03 3.37300000305601270156E+03 3.46416216530077008429E+03 3.55532432754552701226E+03 3.64648648979028439499E+03 3.73764865203504132296E+03 3.82881081427979825094E+03 3.91997297652455563366E+03 4.01113513876931256164E+03 4.10229730101406948961E+03 4.19345946325882687233E+03 4.28462162550358425506E+03 4.37578378774834072829E+03 4.46694594999309811101E+03 4.55810811223785549373E+03 4.64927027448261196696E+03 4.74043243672736934968E+03 4.83159459897212673241E+03 4.92275676121688411513E+03 5.01391892346164058836E+03
0.00000000000000000000E+00 9.94052560144685060095E+01 1.98810512028937012019E+02 2.98215768043405489607E+02 3.97621024057874024038E+02 4.97026280072342501626E+02 5.96431536086810979214E+02 6.95836792101279456801E+02 7.95242048115748048076E+02 8.94647304130216525664E+02 9.94052560144685003252E+02 1.09345781615915348084E+03 1.19286307217362195843E+03 1.29226832818809043602E+03 1.39167358420255891360E+03 1.49107884021702761856E+03 1.59048409623149609615E+03 1.68988935224596457374E+03 1.78929460826043305133E+03 1.88869986427490152892E+03 1.98810512028937000650E+03 2.08751037630383871146E+03 2.18691563231830696168E+03 2.28632088833277566664E+03 2.38572614434724391685E+03 2.48513140036171262182E+03 2.58453665637618087203E+03 2.68394191239064957699E+03 2.78334716840511782721E+03 2.88275242441958653217E+03 2.98215768043405523713E+03 3.08156293644852348734E+03 3.18096819246299219230E+03 3.28037344847746044252E+03 3.37977870449192914748E+03 3.47918396050639739769E+03 3.57858921652086610266E+03 3.67799447253533435287E+03 3.77739972854980305783E+03 3.87680498456427176279E+03 3.97621024057874001301E+03 4.07561549659320871797E+03 4.17502075260767742293E+03 4.27442600862214567314E+03 4.37383126463661392336E+03 4.47323652065108217357E+03 4.57264177666555133328E+03 4.67204703268001958349E+03 4.77145228869448783371E+03 4.87085754470895699342E+03 4.97026280072342524363E+03 5.06966805673789349385E+03 5.16907331275236174406E+03 5.26847856876683090377E+03 5.36788382478129915398E+03 5.46728908079576740420E+03
0.00000000000000000000E+00 1.02935753061391864094E+02 2.05871506122783728188E+02 3.08807259184175620703E+02 4.11743012245567456375E+02 5.14678765306959348891E+02 6.17614518368351241406E+02 7.20550271429743020235E+02 8.23486024491134912751E+02 9.26421777552526805266E+02 1.02935753061391869778E+03 1.13229328367531047661E+03 1.23522903673670248281E+03 1.33816478979809426164E+03 1.44110054285948604047E+03 1.54403629592087804667E+03 1.64697204898226982550E+03 1.74990780204366183170E+03 1.85284355510505361053E+03 1.95577930816644538936E+03 2.05871506122783739556E+03 2.16165081428922940177E+03 2.26458656735062095322E+03 2.36752232041201295942E+03 2.47045807347340496563E+03 2.57339382653479651708E+03 2.67632957959618852328E+03 2.77926533265758052949E+03 2.88220108571897208094E+03 2.98513683878036408714E+03 3.08807259184175609334E+03 3.19100834490314764480E+03 3.29394409796453965100E+03 3.39687985102593165720E+03 3.49981560408732366341E+03 3.60275135714871521486E+03 3.70568711021010722106E+03 3.80862286327149922727E+03 3.91155861633289077872E+03 4.01449436939428278492E+03 4.11743012245567479113E+03 4.22036587551706634258E+03 4.32330162857845880353E+03 4.42623738163985035499E+03 4.52917313470124190644E+03 4.63210888776263436739E+03 4.73504464082402591885E+03 4.83798039388541747030E+03 4.94091614694680993125E+03 5.04385190000820148271E+03 5.14678765306959303416E+03 5.24972340613098549511E+03 5.35265915919237704657E+03 5.45559491225376859802E+03 5.55853066531516105897E+03 5.66146641837655261043E+03
0.00000000000000000000E+00 1.04023454473799503717E+02 2.08046908947599007433E+02 3.12070363421398496939E+02 4.16093817895198014867E+02 5.20117272368997532794E+02 6.24140726842796993878E+02 7.28164181316596568649E+02 8.32187635790396029734E+02 9.36211090264195490818E+02 1.04023454473799506559E+03 1.14425799921179464036E+03 1.24828145368559398776E+03 1.35230490815939356253E+03 1.45632836263319313730E+03 1.56035181710699248470E+03 1.66437527158079205947E+03 1.76839872605459163424E+03 1.87242218052839098164E+03 1.97644563500219055641E+03 2.08046908947599013118E+03 2.18449254394978970595E+03 2.28851599842358928072E+03 2.39253945289738840074E+03 2.49656290737118797551E+03 2.60058636184498755028E+03 2.70460981631878712506E+03 2.80863327079258669983E+03 2.91265672526638627460E+03 3.01668017974018539462E+03 3.12070363421398496939E+03 3.22472708868778454416E+03 3.32875054316158411893E+03 3.43277399763538369371E+03 3.53679745210918326848E+03 3.64082090658298284325E+03 3.74484436105678196327E+03 3.84886781553058153804E+03 3.95289127000438111281E+03 4.05691472447818068758E+03 4.16093817895198026235E+03 4.26496163342577983713E+03 4.36898508789957941190E+03 4.47300854237337898667E+03 4.57703199684717856144E+03 4.68105545132097722671E+03 4.78507890579477680149E+03 4.88910236026857637626E+03 4.99312581474237595103E+03 5.09714926921617552580E+03 5.20117272368997510057E+03 5.30519617816377467534E+03 5.40921963263757425011E+03 5.51324308711137382488E+03 5.61726654158517339965E+03 5.72128999605897297442E+03
0.00000000000000000000E+00 1.08801873910085731723E+02 2.17603747820171463445E+02 3.26405621730257223589E+02 4.35207495640342926890E+02 5.44009369550428687035E+02 6.52811243460514447179E+02 7.61613117370600093636E+02 8.70414991280685853781E+02 9.79216865190771613925E+02 1.08801873910085737407E+03 1.19682061301094313421E+03 1.30562248692102889436E+03 1.41442436083111442713E+03 1.52322623474120018727E+03 1.63202810865128594742E+03 1.74082998256137170756E+03 1.84963185647145746771E+03 1.95843373038154322785E+03 2.06723560429162898799E+03 2.17603747820171474814E+03 2.28483935211180050828E+03 2.39364122602188626843E+03 2.50244309993197202857E+03 2.61124497384205778872E+03 2.72004684775214354886E+03 2.82884872166222885426E+03 2.93765059557231461440E+03 3.04645246948240037455E+03 3.15525434339248613469E+03 3.26405621730257189483E+03 3.37285809121265765498E+03 3.48165996512274341512E+03 3.59046183903282917527E+03 3.69926371294291493541E+03 3.80806558685300069556E+03 3.91686746076308645570E+03 4.02566933467317221584E+03 4.13447120858325797599E+03 4.24327308249334328139E+03 4.35207495640342949628E+03 4.46087683031351480167E+03 4.56967870422360101657E+03 4.67848057813368632196E+03 4.78728245204377253685E+03 4.89608432595385784225E+03 5.00488619986394405714E+03 5.11368807377402936254E+03 5.22248994768411557743E+03 5.33129182159420088283E+03 5.44009369550428709772E+03 5.54889556941437240312E+03 5.65769744332445770851E+03 5.76649931723454392340E+03 5.87530119114462922880E+03 5.98410306505471544369E+03
0.00000000000000000000E+00 9.61381539434919289988E+01 1.92276307886983857998E+02 2.88414461830475772786E+02 3.84552615773967715995E+02 4.80690769717459659205E+02 5.76828923660951545571E+02 6.72967077604443488781E+02 7.69105231547935431990E+02 8.65243385491427375200E+02 9.61381539434919318410E+02 1.05751969337841137531E+03 1.15365784732190309114E+03 1.24979600126539503435E+03 1.34593415520888697756E+03 1.44207230915237892077E+03 1.53821046309587086398E+03 1.63434861703936280719E+03 1.73048677098285475040E+03 1.82662492492634669361E+03 1.92276307886983863682E+03 2.01890123281333058003E+03 2.11503938675682275061E+03 2.21117754070031423907E+03 2.30731569464380618228E+03 2.40345384858729812549E+03 2.49959200253079006870E+03 2.59573015647428201191E+03 2.69186831041777395512E+03 2.78800646436126589833E+03 2.88414461830475784154E+03 2.98028277224824978475E+03 3.07642092619174172796E+03 3.17255908013523367117E+03 3.26869723407872561438E+03 3.36483538802221755759E+03 3.46097354196570950080E+03 3.55711169590920144401E+03 3.65324984985269338722E+03 3.74938800379618533043E+03 3.84552615773967727364E+03 3.94166431168316921685E+03 4.03780246562666116006E+03 4.13394061957015310327E+03 4.23007877351364550123E+03 4.32621692745713698969E+03 4.42235508140062847815E+03 4.51849323534412087611E+03 4.61463138928761236457E+03 4.71076954323110476253E+03 4.80690769717459625099E+03 4.90304585111808864895E+03 4.99918400506158013741E+03 5.09532215900507253536E+03 5.19146031294856402383E+03 5.28759846689205642178E+03
0.00000000000000000000E+00 1.04053704593695385938E+02 2.08107409187390771876E+02 3.12161113781086157815E+02 4.16214818374781543753E+02 5.20268522968476872848E+02 6.24322227562172315629E+02 7.28375932155867644724E+02 8.32429636749563087506E+02 9.36483341343258416600E+02 1.04053704593695374570E+03 1.14459075053064930216E+03 1.24864445512434463126E+03 1.35269815971803996035E+03 1.45675186431173528945E+03 1.56080556890543084592E+03 1.66485927349912617501E+03 1.76891297809282150411E+03 1.87296668268651683320E+03 1.97702038728021238967E+03 2.08107409187390749139E+03 2.18512779646760327523E+03 2.28918150106129860433E+03 2.39323520565499393342E+03 2.49728891024868926252E+03 2.60134261484238459161E+03 2.70539631943607992071E+03 2.80945002402977524980E+03 2.91350372862347057890E+03 3.01755743321716636274E+03 3.12161113781086169183E+03 3.22566484240455702093E+03 3.32971854699825235002E+03 3.43377225159194767912E+03 3.53782595618564300821E+03 3.64187966077933833731E+03 3.74593336537303366640E+03 3.84998706996672899550E+03 3.95404077456042477934E+03 4.05809447915412010843E+03 4.16214818374781498278E+03 4.26620188834151031188E+03 4.37025559293520655046E+03 4.47430929752890187956E+03 4.57836300212259720865E+03 4.68241670671629253775E+03 4.78647041130998786684E+03 4.89052411590368319594E+03 4.99457782049737852503E+03 5.09863152509107385413E+03 5.20268522968476918322E+03 5.30673893427846451232E+03 5.41079263887215984141E+03 5.51484634346585517051E+03 5.61890004805955049960E+03 5.72295375265324582870E+03
0.00000000000000000000E+00 9.65062431658621449060E+01 1.93012486331724289812E+02 2.89518729497586434718E+02 3.86024972663448579624E+02 4.82531215829310667687E+02 5.79037458995172869436E+02 6.75543702161034957498E+02 7.72049945326897159248E+02 8.68556188492759247310E+02 9.65062431658621335373E+02 1.06156867482448342344E+03 1.15807491799034573887E+03 1.25458116115620782693E+03 1.35108740432206991500E+03 1.44759364748793200306E+03 1.54409989065379431850E+03 1.64060613381965640656E+03 1.73711237698551849462E+03 1.83361862015138058268E+03 1.93012486331724267075E+03 2.02663110648310498618E+03 2.12313734964896684687E+03 2.21964359281482938968E+03 2.31614983598069147774E+03 2.41265607914655356581E+03 2.50916232231241565387E+03 2.60566856547827774193E+03 2.70217480864413982999E+03 2.79868105181000191806E+03 2.89518729497586400612E+03 2.99169353814172609418E+03 3.08819978130758863699E+03 3.18470602447345072505E+03 3.28121226763931281312E+03 3.37771851080517490118E+03 3.47422475397103698924E+03 3.57073099713689907730E+03 3.66723724030276116537E+03 3.76374348346862325343E+03 3.86024972663448534149E+03 3.95675596980034742955E+03 4.05326221296620997236E+03 4.14976845613207206043E+03 4.24627469929793369374E+03 4.34278094246379623655E+03 4.43928718562965877936E+03 4.53579342879552041268E+03 4.63229967196138295549E+03 4.72880591512724458880E+03 4.82531215829310713161E+03 4.92181840145896876493E+03 5.01832464462483130774E+03 5.11483088779069294105E+03 5.21133713095655548386E+03 5.30784337412241802667E+03
0.00000000000000000000E+00 8.24845782296255549682E+01 1.64969156459251109936E+02 2.47453734688876693326E+02 3.29938312918502219873E+02 4.12422891148127803262E+02 4.94907469377753386652E+02 5.77392047607378913199E+02 6.59876625837004439745E+02 7.42361204066630079978E+02 8.24845782296255606525E+02 9.07330360525881133071E+02 9.89814938755506773305E+02 1.07229951698513218616E+03 1.15478409521475782640E+03 1.23726867344438346663E+03 1.31975325167400887949E+03 1.40223782990363451972E+03 1.48472240813326015996E+03 1.56720698636288557282E+03 1.64969156459251121305E+03 1.73217614282213685328E+03 1.81466072105176226614E+03 1.89714529928138790638E+03 1.97962987751101354661E+03 2.06211445574063918684E+03 2.14459903397026437233E+03 2.22708361219989001256E+03 2.30956819042951565280E+03 2.39205276865914129303E+03 2.47453734688876693326E+03 2.55702192511839257349E+03 2.63950650334801775898E+03 2.72199108157764339921E+03 2.80447565980726903945E+03 2.88696023803689467968E+03 2.96944481626652031991E+03 3.05192939449614550540E+03 3.13441397272577114563E+03 3.21689855095539678587E+03 3.29938312918502242610E+03 3.38186770741464806633E+03 3.46435228564427370657E+03 3.54683686387389889205E+03 3.62932144210352453229E+03 3.71180602033315017252E+03 3.79429059856277581275E+03 3.87677517679240145299E+03 3.95925975502202709322E+03 4.04174433325165227870E+03 4.12422891148127837369E+03 4.20671348971090355917E+03 4.28919806794052874466E+03 4.37168264617015483964E+03 4.45416722439978002512E+03 4.53665180262940612010E+03
0.00000000000000000000E+00 1.11853429744022321302E+02 2.23706859488044642603E+02 3.35560289232066963905E+02 4.47413718976089285206E+02 5.59267148720111663351E+02 6.71120578464133927810E+02 7.82974008208156305955E+02 8.94827437952178570413E+02 1.00668086769620094856E+03 1.11853429744022332670E+03 1.23038772718424547747E+03 1.34224115692826785562E+03 1.45409458667229023376E+03 1.56594801641631261191E+03 1.67780144616033499005E+03 1.78965487590435714083E+03 1.90150830564837951897E+03 2.01336173539240189712E+03 2.12521516513642427526E+03 2.23706859488044665341E+03 2.34892202462446903155E+03 2.46077545436849095495E+03 2.57262888411251333309E+03 2.68448231385653571124E+03 2.79633574360055808938E+03 2.90818917334458046753E+03 3.02004260308860284567E+03 3.13189603283262522382E+03 3.24374946257664760196E+03 3.35560289232066998011E+03 3.46745632206469190351E+03 3.57930975180871428165E+03 3.69116318155273665980E+03 3.80301661129675903794E+03 3.91487004104078141609E+03 4.02672347078480379423E+03 4.13857690052882571763E+03 4.25043033027284855052E+03 4.36228376001687047392E+03 4.47413718976089330681E+03 4.58599061950491523021E+03 4.69784404924893806310E+03 4.80969747899295998650E+03 4.92155090873698190990E+03 5.03340433848100474279E+03 5.14525776822502666619E+03 5.25711119796904949908E+03 5.36896462771307142248E+03 5.48081805745709425537E+03 5.59267148720111617877E+03 5.70452491694513901166E+03 5.81637834668916093506E+03 5.92823177643318285845E+03 6.04008520617720569135E+03 6.15193863592122761474E+03
0.00000000000000000000E+00 1.21062926909465829794E+02 2.42125853818931659589E+02 3.63188780728397489383E+02 4.84251707637863319178E+02 6.05314634547329092129E+02 7.26377561456794978767E+02 8.47440488366260751718E+02 9.68503415275726638356E+02 1.08956634218519252499E+03 1.21062926909465818426E+03 1.33169219600412407090E+03 1.45275512291358995753E+03 1.57381804982305584417E+03 1.69488097673252150344E+03 1.81594390364198739007E+03 1.93700683055145327671E+03 2.05806975746091893598E+03 2.17913268437038504999E+03 2.30019561127985070925E+03 2.42125853818931636852E+03 2.54232146509878248253E+03 2.66338439200824814179E+03 2.78444731891771425580E+03 2.90551024582717991507E+03 3.02657317273664557433E+03 3.14763609964611168834E+03 3.26869902655557734761E+03 3.38976195346504300687E+03 3.51082488037450912088E+03 3.63188780728397478015E+03 3.75295073419344089416E+03 3.87401366110290655342E+03 3.99507658801237221269E+03 4.11613951492183787195E+03 4.23720244183130398596E+03 4.35826536874077009998E+03 4.47932829565023530449E+03 4.60039122255970141850E+03 4.72145414946916753252E+03 4.84251707637863273703E+03 4.96358000328809885104E+03 5.08464293019756496506E+03 5.20570585710703107907E+03 5.32676878401649628358E+03 5.44783171092596239760E+03 5.56889463783542851161E+03 5.68995756474489371612E+03 5.81102049165435983014E+03 5.93208341856382594415E+03 6.05314634547329114866E+03 6.17420927238275726268E+03 6.29527219929222337669E+03 6.41633512620168858120E+03 6.53739805311115469522E+03 6.65846098002062080923E+03
0.00000000000000000000E+00 1.13949722530951589761E+02 2.27899445061903179521E+02 3.41849167592854769282E+02 4.55798890123806359043E+02 5.69748612654757948803E+02 6.83698335185709538564E+02 7.97648057716661128325E+02 9.11597780247612718085E+02 1.02554750277856442153E+03 1.13949722530951589761E+03 1.25344694784046760105E+03 1.36739667037141907713E+03 1.48134639290237078058E+03 1.59529611543332225665E+03 1.70924583796427396010E+03 1.82319556049522543617E+03 1.93714528302617713962E+03 2.05109500555712884307E+03 2.16504472808808031914E+03 2.27899445061903179521E+03 2.39294417314998327129E+03 2.50689389568093520211E+03 2.62084361821188667818E+03 2.73479334074283815426E+03 2.84874306327378963033E+03 2.96269278580474156115E+03 3.07664250833569303722E+03 3.19059223086664451330E+03 3.30454195339759598937E+03 3.41849167592854792019E+03 3.53244139845949939627E+03 3.64639112099045087234E+03 3.76034084352140234841E+03 3.87429056605235427924E+03 3.98824028858330575531E+03 4.10219001111425768613E+03 4.21613973364520916220E+03 4.33008945617616063828E+03 4.44403917870711211435E+03 4.55798890123806359043E+03 4.67193862376901506650E+03 4.78588834629996654257E+03 4.89983806883091801865E+03 5.01378779136187040422E+03 5.12773751389282188029E+03 5.24168723642377335636E+03 5.35563695895472483244E+03 5.46958668148567630851E+03 5.58353640401662778459E+03 5.69748612654757926066E+03 5.81143584907853073673E+03 5.92538557160948312230E+03 6.03933529414043459838E+03 6.15328501667138607445E+03 6.26723473920233755052E+03
0.00000000000000000000E+00 1.12095909598490251824E+02 2.24191819196980503648E+02 3.36287728795470741261E+02 4.48383638393961007296E+02 5.60479547992451216487E+02 6.72575457590941482522E+02 7.84671367189431748557E+02 8.96767276787922014591E+02 1.00886318638641228063E+03 1.12095909598490243297E+03 1.23305500558339281270E+03 1.34515091518188296504E+03 1.45724682478037334477E+03 1.56934273437886349711E+03 1.68143864397735387683E+03 1.79353455357584402918E+03 1.90563046317433418153E+03 2.01772637277282456125E+03 2.12982228237131494097E+03 2.24191819196980486595E+03 2.35401410156829524567E+03 2.46611001116678562539E+03 2.57820592076527555037E+03 2.69030183036376593009E+03 2.80239773996225630981E+03 2.91449364956074668953E+03 3.02658955915923661451E+03 3.13868546875772699423E+03 3.25078137835621737395E+03 3.36287728795470775367E+03 3.47497319755319767864E+03 3.58706910715168805837E+03 3.69916501675017843809E+03 3.81126092634866836306E+03 3.92335683594715874278E+03 4.03545274554564912250E+03 4.14754865514413904748E+03 4.25964456474262988195E+03 4.37174047434111980692E+03 4.48383638393960973190E+03 4.59593229353810056637E+03 4.70802820313659049134E+03 4.82012411273508041631E+03 4.93222002233357125078E+03 5.04431593193206117576E+03 5.15641184153055110073E+03 5.26850775112904193520E+03 5.38060366072753186018E+03 5.49269957032602269464E+03 5.60479547992451261962E+03 5.71689138952300254459E+03 5.82898729912149337906E+03 5.94108320871998330404E+03 6.05317911831847322901E+03 6.16527502791696406348E+03
0.00000000000000000000E+00 1.13088476473113303200E+02 2.26176952946226606400E+02 3.39265429419339909600E+02 4.52353905892453212800E+02 5.65442382365566572844E+02 6.78530858838679819200E+02 7.91619335311793179244E+02 9.04707811784906425601E+02 1.01779628825801978564E+03 1.13088476473113314569E+03 1.24397324120424650573E+03 1.35706171767735963840E+03 1.47015019415047299844E+03 1.58323867062358635849E+03 1.69632714709669971853E+03 1.80941562356981285120E+03 1.92250410004292621124E+03 2.03559257651603957129E+03 2.14868105298915270396E+03 2.26176952946226629138E+03 2.37485800593537942405E+03 2.48794648240849301146E+03 2.60103495888160614413E+03 2.71412343535471927680E+03 2.82721191182783286422E+03 2.94030038830094599689E+03 3.05338886477405912956E+03 3.16647734124717271698E+03 3.27956581772028584965E+03 3.39265429419339943706E+03 3.50574277066651256973E+03 3.61883124713962570240E+03 3.73191972361273928982E+03 3.84500820008585242249E+03 3.95809667655896600991E+03 4.07118515303207914258E+03 4.18427362950519272999E+03 4.29736210597830540792E+03 4.41045058245141899533E+03 4.52353905892453258275E+03 4.63662753539764526067E+03 4.74971601187075884809E+03 4.86280448834387243551E+03 4.97589296481698602292E+03 5.08898144129009870085E+03 5.20206991776321228826E+03 5.31515839423632587568E+03 5.42824687070943855360E+03 5.54133534718255214102E+03 5.65442382365566572844E+03 5.76751230012877840636E+03 5.88060077660189199378E+03 5.99368925307500558120E+03 6.10677772954811825912E+03 6.21986620602123184653E+03
0.00000000000000000000E+00 1.09421633902412366979E+02 2.18843267804824733958E+02 3.28264901707237129358E+02 4.37686535609649467915E+02 5.47108169512061863315E+02 6.56529803414474258716E+02 7.65951437316886654116E+02 8.75373071219298935830E+02 9.84794705121711331230E+02 1.09421633902412372663E+03 1.20363797292653612203E+03 1.31305960682894851743E+03 1.42248124073136091283E+03 1.53190287463377330823E+03 1.64132450853618570363E+03 1.75074614243859787166E+03 1.86016777634101026706E+03 1.96958941024342266246E+03 2.07901104414583505786E+03 2.18843267804824745326E+03 2.29785431195065984866E+03 2.40727594585307224406E+03 2.51669757975548463946E+03 2.62611921365789703486E+03 2.73554084756030943026E+03 2.84496248146272182566E+03 2.95438411536513422107E+03 3.06380574926754661647E+03 3.17322738316995901187E+03 3.28264901707237140727E+03 3.39207065097478380267E+03 3.50149228487719574332E+03 3.61091391877960813872E+03 3.72033555268202053412E+03 3.82975718658443292952E+03 3.93917882048684532492E+03 4.04860045438925772032E+03 4.15802208829167011572E+03 4.26744372219408251112E+03 4.37686535609649490652E+03 4.48628698999890730192E+03 4.59570862390131969732E+03 4.70513025780373209273E+03 4.81455189170614448813E+03 4.92397352560855688353E+03 5.03339515951096927893E+03 5.14281679341338167433E+03 5.25223842731579406973E+03 5.36166006121820646513E+03 5.47108169512061886053E+03 5.58050332902303125593E+03 5.68992496292544365133E+03 5.79934659682785604673E+03 5.90876823073026844213E+03 6.01818986463268083753E+03
0.00000000000000000000E+00 1.04214661781238390859E+02 2.08429323562476781717E+02 3.12643985343715200997E+02 4.16858647124953563434E+02 5.21073308906191982715E+02 6.25287970687430401995E+02 7.29502632468668707588E+02 8.33717294249907126868E+02 9.37931956031145546149E+02 1.04214661781238396543E+03 1.14636127959362238471E+03 1.25057594137486080399E+03 1.35479060315609922327E+03 1.45900526493733741518E+03 1.56321992671857583446E+03 1.66743458849981425374E+03 1.77164925028105267302E+03 1.87586391206229109230E+03 1.98007857384352951158E+03 2.08429323562476793086E+03 2.18850789740600612276E+03 2.29272255918724476942E+03 2.39693722096848296133E+03 2.50115188274972160798E+03 2.60536654453095979989E+03 2.70958120631219844654E+03 2.81379586809343663845E+03 2.91801052987467483035E+03 3.02222519165591347701E+03 3.12643985343715166891E+03 3.23065451521839031557E+03 3.33486917699962850747E+03 3.43908383878086715413E+03 3.54329850056210534603E+03 3.64751316234334399269E+03 3.75172782412458218460E+03 3.85594248590582037650E+03 3.96015714768705902316E+03 4.06437180946829721506E+03 4.16858647124953586172E+03 4.27280113303077450837E+03 4.37701579481201224553E+03 4.48123045659325089218E+03 4.58544511837448953884E+03 4.68965978015572727600E+03 4.79387444193696592265E+03 4.89808910371820456930E+03 5.00230376549944321596E+03 5.10651842728068095312E+03 5.21073308906191959977E+03 5.31494775084315824643E+03 5.41916241262439689308E+03 5.52337707440563463024E+03 5.62759173618687327689E+03 5.73180639796811192355E+03
0.00000000000000000000E+00 9.92983811692901099377E+01 1.98596762338580219875E+02 2.97895143507870329813E+02 3.97193524677160439751E+02 4.96491905846450549689E+02 5.95790287015740659626E+02 6.95088668185030769564E+02 7.94387049354320879502E+02 8.93685430523610989439E+02 9.92983811692901099377E+02 1.09228219286219109563E+03 1.19158057403148131925E+03 1.29087895520077131550E+03 1.39017733637006153913E+03 1.48947571753935153538E+03 1.58877409870864175900E+03 1.68807247987793175525E+03 1.78737086104722197888E+03 1.88666924221651197513E+03 1.98596762338580219875E+03 2.08526600455509242238E+03 2.18456438572438219126E+03 2.28386276689367241488E+03 2.38316114806296263851E+03 2.48245952923225286213E+03 2.58175791040154263101E+03 2.68105629157083285463E+03 2.78035467274012307826E+03 2.87965305390941330188E+03 2.97895143507870307076E+03 3.07824981624799329438E+03 3.17754819741728351801E+03 3.27684657858657328688E+03 3.37614495975586351051E+03 3.47544334092515373413E+03 3.57474172209444395776E+03 3.67404010326373372664E+03 3.77333848443302395026E+03 3.87263686560231417388E+03 3.97193524677160439751E+03 4.07123362794089416639E+03 4.17053200911018484476E+03 4.26983039027947415889E+03 4.36912877144876438251E+03 4.46842715261805460614E+03 4.56772553378734482976E+03 4.66702391495663505339E+03 4.76632229612592527701E+03 4.86562067729521550064E+03 4.96491905846450572426E+03 5.06421743963379503839E+03 5.16351582080308526201E+03 5.26281420197237548564E+03 5.36211258314166570926E+03 5.46141096431095593289E+03
0.00000000000000000000E+00 1.04390990949386846864E+02 2.08781981898773693729E+02 3.13172972848160497961E+02 4.17563963797547387458E+02 5.21954954746934163268E+02 6.26345945696320995921E+02 7.30736936645707942262E+02 8.35127927595094774915E+02 9.39518918544481607569E+02 1.04390990949386832654E+03 1.14830090044325515919E+03 1.25269189139264199184E+03 1.35708288234202905187E+03 1.46147387329141588452E+03 1.56586486424080271718E+03 1.67025585519018954983E+03 1.77464684613957638248E+03 1.87903783708896321514E+03 1.98342882803835004779E+03 2.08781981898773665307E+03 2.19221080993712348572E+03 2.29660180088651031838E+03 2.40099279183589715103E+03 2.50538378278528398369E+03 2.60977477373467081634E+03 2.71416576468405810374E+03 2.81855675563344493639E+03 2.92294774658283176905E+03 3.02733873753221860170E+03 3.13172972848160543435E+03 3.23612071943099226701E+03 3.34051171038037909966E+03 3.44490270132976593231E+03 3.54929369227915276497E+03 3.65368468322853959762E+03 3.75807567417792643027E+03 3.86246666512731326293E+03 3.96685765607670009558E+03 4.07124864702608692824E+03 4.17563963797547330614E+03 4.28003062892486013880E+03 4.38442161987424697145E+03 4.48881261082363380410E+03 4.59320360177302063676E+03 4.69759459272240746941E+03 4.80198558367179430206E+03 4.90637657462118113472E+03 5.01076756557056796737E+03 5.11515855651995480002E+03 5.21954954746934163268E+03 5.32394053841872846533E+03 5.42833152936811620748E+03 5.53272252031750304013E+03 5.63711351126688987279E+03 5.74150450221627670544E+03
0.00000000000000000000E+00 1.10178049933745867861E+02 2.20356099867491735722E+02 3.30534149801237617794E+02 4.40712199734983471444E+02 5.50890249668729325094E+02 6.61068299602475235588E+02 7.71246349536221032395E+02 8.81424399469966942888E+02 9.91602449403712853382E+02 1.10178049933745865019E+03 1.21195854927120467437E+03 1.32213659920495047118E+03 1.43231464913869626798E+03 1.54249269907244206479E+03 1.65267074900618808897E+03 1.76284879893993388578E+03 1.87302684887367968258E+03 1.98320489880742570676E+03 2.09338294874117173094E+03 2.20356099867491730038E+03 2.31373904860866332456E+03 2.42391709854240934874E+03 2.53409514847615491817E+03 2.64427319840990094235E+03 2.75445124834364696653E+03 2.86462929827739253597E+03 2.97480734821113856015E+03 3.08498539814488412958E+03 3.19516344807863015376E+03 3.30534149801237617794E+03 3.41551954794612174737E+03 3.52569759787986777155E+03 3.63587564781361379573E+03 3.74605369774735936517E+03 3.85623174768110538935E+03 3.96640979761485141353E+03 4.07658784754859698296E+03 4.18676589748234346189E+03 4.29694394741608903132E+03 4.40712199734983460075E+03 4.51730004728358107968E+03 4.62747809721732664912E+03 4.73765614715107221855E+03 4.84783419708481869748E+03 4.95801224701856426691E+03 5.06819029695230983634E+03 5.17836834688605631527E+03 5.28854639681980188470E+03 5.39872444675354745414E+03 5.50890249668729393306E+03 5.61908054662103950250E+03 5.72925859655478507193E+03 5.83943664648853064136E+03 5.94961469642227712029E+03 6.05979274635602268972E+03
0.00000000000000000000E+00 1.06428975337903636955E+02 2.12857950675807273910E+02 3.19286926013710910865E+02 4.25715901351614547821E+02 5.32144876689518127932E+02 6.38573852027421821731E+02 7.45002827365325401843E+02 8.51431802703229095641E+02 9.57860778041132675753E+02 1.06428975337903625586E+03 1.17071872871693994966E+03 1.27714770405484364346E+03 1.38357667939274710989E+03 1.49000565473065080369E+03 1.59643463006855449748E+03 1.70286360540645819128E+03 1.80929258074436165771E+03 1.91572155608226535151E+03 2.02215053142016904530E+03 2.12857950675807251173E+03 2.23500848209597643290E+03 2.34143745743387989933E+03 2.44786643277178336575E+03 2.55429540810968728692E+03 2.66072438344759075335E+03 2.76715335878549421977E+03 2.87358233412339814095E+03 2.98001130946130160737E+03 3.08644028479920507380E+03 3.19286926013710899497E+03 3.29929823547501246139E+03 3.40572721081291638257E+03 3.51215618615081984899E+03 3.61858516148872331541E+03 3.72501413682662723659E+03 3.83144311216453070301E+03 3.93787208750243416944E+03 4.04430106284033809061E+03 4.15073003817824155703E+03 4.25715901351614502346E+03 4.36358798885404848988E+03 4.47001696419195286580E+03 4.57644593952985633223E+03 4.68287491486775979865E+03 4.78930389020566326508E+03 4.89573286554356673150E+03 5.00216184088147019793E+03 5.10859081621937457385E+03 5.21501979155727804027E+03 5.32144876689518150670E+03 5.42787774223308497312E+03 5.53430671757098843955E+03 5.64073569290889281547E+03 5.74716466824679628189E+03 5.85359364358469974832E+03
0.00000000000000000000E+00 1.01115350070676200289E+02 2.02230700141352400578E+02 3.03346050212028615078E+02 4.04461400282704801157E+02 5.05576750353380987235E+02 6.06692100424057230157E+02 7.07807450494733416235E+02 8.08922800565409602314E+02 9.10038150636085788392E+02 1.01115350070676197447E+03 1.11226885077743827424E+03 1.21338420084811446031E+03 1.31449955091879064639E+03 1.41561490098946683247E+03 1.51673025106014301855E+03 1.61784560113081920463E+03 1.71896095120149539071E+03 1.82007630127217157678E+03 1.92119165134284776286E+03 2.02230700141352394894E+03 2.12342235148420013502E+03 2.22453770155487654847E+03 2.32565305162555250718E+03 2.42676840169622892063E+03 2.52788375176690487933E+03 2.62899910183758129278E+03 2.73011445190825725149E+03 2.83122980197893366494E+03 2.93234515204961007839E+03 3.03346050212028603710E+03 3.13457585219096245055E+03 3.23569120226163840925E+03 3.33680655233231482271E+03 3.43792190240299078141E+03 3.53903725247366719486E+03 3.64015260254434315357E+03 3.74126795261501956702E+03 3.84238330268569552572E+03 3.94349865275637193918E+03 4.04461400282704789788E+03 4.14572935289772431133E+03 4.24684470296840027004E+03 4.34796005303907713824E+03 4.44907540310975309694E+03 4.55019075318042905565E+03 4.65130610325110501435E+03 4.75242145332178188255E+03 4.85353680339245784126E+03 4.95465215346313379996E+03 5.05576750353380975866E+03 5.15688285360448662686E+03 5.25799820367516258557E+03 5.35911355374583854427E+03 5.46022890381651450298E+03 5.56134425388719137118E+03
0.00000000000000000000E+00 9.00162290237923627956E+01 1.80032458047584725591E+02 2.70048687071377059965E+02 3.60064916095169451182E+02 4.50081145118961785556E+02 5.40097374142754119930E+02 6.30113603166546567991E+02 7.20129832190338902365E+02 8.10146061214131236738E+02 9.00162290237923571112E+02 9.90178519261715905486E+02 1.08019474828550823986E+03 1.17021097730930068792E+03 1.26022720633309313598E+03 1.35024343535688535667E+03 1.44025966438067780473E+03 1.53027589340447002542E+03 1.62029212242826247348E+03 1.71030835145205492154E+03 1.80032458047584714222E+03 1.89034080949963959029E+03 1.98035703852343181097E+03 2.07037326754722425903E+03 2.16038949657101647972E+03 2.25040572559480915515E+03 2.34042195461860137584E+03 2.43043818364239359653E+03 2.52045441266618627196E+03 2.61047064168997849265E+03 2.70048687071377071334E+03 2.79050309973756338877E+03 2.88051932876135560946E+03 2.97053555778514783015E+03 3.06055178680894005083E+03 3.15056801583273272627E+03 3.24058424485652494695E+03 3.33060047388031716764E+03 3.42061670290410984308E+03 3.51063293192790206376E+03 3.60064916095169428445E+03 3.69066538997548695988E+03 3.78068161899927918057E+03 3.87069784802307140126E+03 3.96071407704686362194E+03 4.05073030607065629738E+03 4.14074653509444851807E+03 4.23076276411824073875E+03 4.32077899314203295944E+03 4.41079522216582608962E+03 4.50081145118961831031E+03 4.59082768021341053100E+03 4.68084390923720275168E+03 4.77086013826099497237E+03 4.86087636728478719306E+03 4.95089259630857941374E+03
0.00000000000000000000E+00 8.37827875620912863042E+01 1.67565575124182572608E+02 2.51348362686273873123E+02 3.35131150248365145217E+02 4.18913937810456445732E+02 5.02696725372547746247E+02 5.86479512934639046762E+02 6.70262300496730290433E+02 7.54045088058821534105E+02 8.37827875620912891463E+02 9.21610663183004135135E+02 1.00539345074509549249E+03 1.08917623830718684985E+03 1.17295902586927809352E+03 1.25674181343136933720E+03 1.34052460099346058087E+03 1.42430738855555182454E+03 1.50809017611764306821E+03 1.59187296367973453926E+03 1.67565575124182578293E+03 1.75943853880391702660E+03 1.84322132636600827027E+03 1.92700411392809951394E+03 2.01078690149019098499E+03 2.09456968905228222866E+03 2.17835247661437369970E+03 2.26213526417646471600E+03 2.34591805173855618705E+03 2.42970083930064720334E+03 2.51348362686273867439E+03 2.59726641442482969069E+03 2.68104920198692116173E+03 2.76483198954901263278E+03 2.84861477711110364908E+03 2.93239756467319512012E+03 3.01618035223528613642E+03 3.09996313979737760747E+03 3.18374592735946907851E+03 3.26752871492156009481E+03 3.35131150248365156585E+03 3.43509429004574258215E+03 3.51887707760783405320E+03 3.60265986516992552424E+03 3.68644265273201654054E+03 3.77022544029410801159E+03 3.85400822785619902788E+03 3.93779101541829049893E+03 4.02157380298038196997E+03 4.10535659054247298627E+03 4.18913937810456445732E+03 4.27292216566665592836E+03 4.35670495322874739941E+03 4.44048774079083796096E+03 4.52427052835292943200E+03 4.60805331591502090305E+03
0.00000000000000000000E+00 1.16429034969218974993E+02 2.32858069938437949986E+02 3.49287104907656896557E+02 4.65716139876875899972E+02 5.82145174846094846544E+02 6.98574209815313793115E+02 8.15003244784532739686E+02 9.31432279753751799944E+02 1.04786131472297074652E+03 1.16429034969218969309E+03 1.28071938466140863966E+03 1.39714841963062758623E+03 1.51357745459984653280E+03 1.63000648956906547937E+03 1.74643552453828465332E+03 1.86286455950750359989E+03 1.97929359447672254646E+03 2.09572262944594149303E+03 2.21215166441516021223E+03 2.32858069938437938617E+03 2.44500973435359856012E+03 2.56143876932281727932E+03 2.67786780429203645326E+03 2.79429683926125517246E+03 2.91072587423047434640E+03 3.02715490919969306560E+03 3.14358394416891223955E+03 3.26001297913813095875E+03 3.37644201410735013269E+03 3.49287104907656930664E+03 3.60930008404578802583E+03 3.72572911901500719978E+03 3.84215815398422591898E+03 3.95858718895344509292E+03 4.07501622392266381212E+03 4.19144525889188298606E+03 4.30787429386110216001E+03 4.42430332883032042446E+03 4.54073236379953959840E+03 4.65716139876875877235E+03 4.77359043373797794629E+03 4.89001946870719712024E+03 5.00644850367641538469E+03 5.12287753864563455863E+03 5.23930657361485373258E+03 5.35573560858407290652E+03 5.47216464355329117097E+03 5.58859367852251034492E+03 5.70502271349172951886E+03 5.82145174846094869281E+03 5.93788078343016786675E+03 6.05430981839938613120E+03 6.17073885336860530515E+03 6.28716788833782447909E+03 6.40359692330704365304E+03
0.00000000000000000000E+00 9.79105816521462912760E+01 1.95821163304292582552E+02 2.93731744956438888039E+02 3.91642326608585165104E+02 4.89552908260731442169E+02 5.87463489912877776078E+02 6.85374071565023996300E+02 7.83284653217170330208E+02 8.81195234869316550430E+02 9.79105816521462884339E+02 1.07701639817360910456E+03 1.17492697982575555216E+03 1.27283756147790177238E+03 1.37074814313004799260E+03 1.46865872478219444019E+03 1.56656930643434066042E+03 1.66447988808648688064E+03 1.76239046973863310086E+03 1.86030105139077954846E+03 1.95821163304292576868E+03 2.05612221469507221627E+03 2.15403279634721820912E+03 2.25194337799936465672E+03 2.34985395965151110431E+03 2.44776454130365709716E+03 2.54567512295580354476E+03 2.64358570460794999235E+03 2.74149628626009598520E+03 2.83940686791224243279E+03 2.93731744956438888039E+03 3.03522803121653487324E+03 3.13313861286868132083E+03 3.23104919452082731368E+03 3.32895977617297376128E+03 3.42687035782512020887E+03 3.52478093947726620172E+03 3.62269152112941264932E+03 3.72060210278155909691E+03 3.81851268443370508976E+03 3.91642326608585153735E+03 4.01433384773799798495E+03 4.11224442939014443255E+03 4.21015501104229042539E+03 4.30806559269443641824E+03 4.40597617434658332058E+03 4.50388675599872931343E+03 4.60179733765087530628E+03 4.69970791930302220862E+03 4.79761850095516820147E+03 4.89552908260731419432E+03 4.99343966425946109666E+03 5.09135024591160708951E+03 5.18926082756375308236E+03 5.28717140921589998470E+03 5.38508199086804597755E+03
0.00000000000000000000E+00 1.01283252383282572850E+02 2.02566504766565145701E+02 3.03849757149847732762E+02 4.05133009533130291402E+02 5.06416261916412850042E+02 6.07699514299695465525E+02 7.08982766682977967321E+02 8.10266019066260582804E+02 9.11549271449543198287E+02 1.01283252383282570008E+03 1.11411577621610831557E+03 1.21539902859939093105E+03 1.31668228098267354653E+03 1.41796553336595593464E+03 1.51924878574923855012E+03 1.62053203813252116561E+03 1.72181529051580378109E+03 1.82309854289908639657E+03 1.92438179528236901206E+03 2.02566504766565140017E+03 2.12694830004893401565E+03 2.22823155243221663113E+03 2.32951480481549924662E+03 2.43079805719878186210E+03 2.53208130958206447758E+03 2.63336456196534709306E+03 2.73464781434862970855E+03 2.83593106673191186928E+03 2.93721431911519448477E+03 3.03849757149847710025E+03 3.13978082388175971573E+03 3.24106407626504233122E+03 3.34234732864832494670E+03 3.44363058103160756218E+03 3.54491383341489017766E+03 3.64619708579817279315E+03 3.74748033818145540863E+03 3.84876359056473802411E+03 3.95004684294802018485E+03 4.05133009533130280033E+03 4.15261334771458587056E+03 4.25389660009786803130E+03 4.35517985248115110153E+03 4.45646310486443326226E+03 4.55774635724771542300E+03 4.65902960963099849323E+03 4.76031286201428065397E+03 4.86159611439756372420E+03 4.96287936678084588493E+03 5.06416261916412895516E+03 5.16544587154741111590E+03 5.26672912393069418613E+03 5.36801237631397634686E+03 5.46929562869725941709E+03 5.57057888108054157783E+03
0.00000000000000000000E+00 9.93930582292880870909E+01 1.98786116458576174182E+02 2.98179174687864247062E+02 3.97572232917152348364E+02 4.96965291146440449666E+02 5.96358349375728494124E+02 6.95751407605016652269E+02 7.95144465834304696727E+02 8.94537524063592854873E+02 9.93930582292880899331E+02 1.09332364052216894379E+03 1.19271669875145698825E+03 1.29210975698074526008E+03 1.39150281521003330454E+03 1.49089587343932134900E+03 1.59028893166860939345E+03 1.68968198989789743791E+03 1.78907504812718570975E+03 1.88846810635647375420E+03 1.98786116458576179866E+03 2.08725422281505007049E+03 2.18664728104433788758E+03 2.28604033927362615941E+03 2.38543339750291397650E+03 2.48482645573220224833E+03 2.58421951396149052016E+03 2.68361257219077833724E+03 2.78300563042006660908E+03 2.88239868864935442616E+03 2.98179174687864269799E+03 3.08118480510793096983E+03 3.18057786333721878691E+03 3.27997092156650705874E+03 3.37936397979579487583E+03 3.47875703802508314766E+03 3.57815009625437141949E+03 3.67754315448365923658E+03 3.77693621271294750841E+03 3.87632927094223532549E+03 3.97572232917152359732E+03 4.07511538740081186916E+03 4.17450844563010014099E+03 4.27390150385938795807E+03 4.37329456208867577516E+03 4.47268762031796359224E+03 4.57208067854725231882E+03 4.67147373677654013591E+03 4.77086679500582795299E+03 4.87025985323511667957E+03 4.96965291146440449666E+03 5.06904596969369231374E+03 5.16843902792298104032E+03 5.26783208615226885740E+03 5.36722514438155667449E+03 5.46661820261084449157E+03
0.00000000000000000000E+00 9.23911539898478935129E+01 1.84782307979695787026E+02 2.77173461969543666328E+02 3.69564615959391574052E+02 4.61955769949239481775E+02 5.54346923939087332656E+02 6.46738077928935240379E+02 7.39129231918783148103E+02 8.31520385908631055827E+02 9.23911539898478963551E+02 1.01630269388832687127E+03 1.10869384787817466531E+03 1.20108500186802257303E+03 1.29347615585787048076E+03 1.38586730984771838848E+03 1.47825846383756629621E+03 1.57064961782741420393E+03 1.66304077181726211165E+03 1.75543192580711001938E+03 1.84782307979695792710E+03 1.94021423378680583482E+03 2.03260538777665374255E+03 2.12499654176650165027E+03 2.21738769575634933062E+03 2.30977884974619746572E+03 2.40217000373604514607E+03 2.49456115772589328117E+03 2.58695231171574096152E+03 2.67934346570558909661E+03 2.77173461969543677696E+03 2.86412577368528491206E+03 2.95651692767513259241E+03 3.04890808166498072751E+03 3.14129923565482840786E+03 3.23369038964467654296E+03 3.32608154363452422331E+03 3.41847269762437235840E+03 3.51086385161422003875E+03 3.60325500560406817385E+03 3.69564615959391585420E+03 3.78803731358376353455E+03 3.88042846757361166965E+03 3.97281962156345935000E+03 4.06521077555330748510E+03 4.15760192954315516545E+03 4.24999308353300330054E+03 4.34238423752285143564E+03 4.43477539151269866124E+03 4.52716654550254679634E+03 4.61955769949239493144E+03 4.71194885348224306654E+03 4.80434000747209029214E+03 4.89673116146193842724E+03 4.98912231545178656233E+03 5.08151346944163469743E+03
0.00000000000000000000E+00 1.04534520375169591944E+02 2.09069040750339183887E+02 3.13603561125508804253E+02 4.18138081500678367775E+02 5.22672601875847931296E+02 6.27207122251017608505E+02 7.31741642626187172027E+02 8.36276163001356735549E+02 9.40810683376526299071E+02 1.04534520375169586259E+03 1.14987972412686553980E+03 1.25441424450203521701E+03 1.35894876487720466685E+03 1.46348328525237434405E+03 1.56801780562754379389E+03 1.67255232600271347110E+03 1.77708684637788314831E+03 1.88162136675305259814E+03 1.98615588712822227535E+03 2.09069040750339172519E+03 2.19522492787856162977E+03 2.29975944825373107960E+03 2.40429396862890052944E+03 2.50882848900407043402E+03 2.61336300937923988386E+03 2.71789752975440933369E+03 2.82243205012957878353E+03 2.92696657050474868811E+03 3.03150109087991813794E+03 3.13603561125508758778E+03 3.24057013163025749236E+03 3.34510465200542694220E+03 3.44963917238059639203E+03 3.55417369275576629661E+03 3.65870821313093574645E+03 3.76324273350610519628E+03 3.86777725388127510087E+03 3.97231177425644455070E+03 4.07684629463161400054E+03 4.18138081500678345037E+03 4.28591533538195290021E+03 4.39044985575712325954E+03 4.49498437613229270937E+03 4.59951889650746215921E+03 4.70405341688263160904E+03 4.80858793725780105888E+03 4.91312245763297050871E+03 5.01765697800814086804E+03 5.12219149838331031788E+03 5.22672601875847976771E+03 5.33126053913364921755E+03 5.43579505950881866738E+03 5.54032957988398811722E+03 5.64486410025915756705E+03 5.74939862063432792638E+03
0.00000000000000000000E+00 8.53010684386178184013E+01 1.70602136877235636803E+02 2.55903205315853455204E+02 3.41204273754471273605E+02 4.26505342193089120428E+02 5.11806410631706910408E+02 5.97107479070324757231E+02 6.82408547508942547211E+02 7.67709615947560450877E+02 8.53010684386178240857E+02 9.38311752824796030836E+02 1.02361282126341382082E+03 1.10891388970203161080E+03 1.19421495814064951446E+03 1.27951602657926741813E+03 1.36481709501788509442E+03 1.45011816345650299809E+03 1.53541923189512090175E+03 1.62072030033373857805E+03 1.70602136877235648171E+03 1.79132243721097415801E+03 1.87662350564959206167E+03 1.96192457408820996534E+03 2.04722564252682764163E+03 2.13252671096544554530E+03 2.21782777940406322159E+03 2.30312884784268135263E+03 2.38842991628129902892E+03 2.47373098471991670522E+03 2.55903205315853483626E+03 2.64433312159715251255E+03 2.72963419003577018884E+03 2.81493525847438831988E+03 2.90023632691300599618E+03 2.98553739535162367247E+03 3.07083846379024180351E+03 3.15613953222885947980E+03 3.24144060066747715609E+03 3.32674166910609483239E+03 3.41204273754471296343E+03 3.49734380598333063972E+03 3.58264487442194831601E+03 3.66794594286056644705E+03 3.75324701129918412335E+03 3.83854807973780179964E+03 3.92384914817641993068E+03 4.00915021661503760697E+03 4.09445128505365528326E+03 4.17975235349227295956E+03 4.26505342193089109060E+03 4.35035449036950922164E+03 4.43565555880812644318E+03 4.52095662724674457422E+03 4.60625769568536270526E+03 4.69155876412397992681E+03
0.00000000000000000000E+00 1.13164643713240351985E+02 2.26329287426480703971E+02 3.39493931139721041745E+02 4.52658574852961407942E+02 5.65823218566201717294E+02 6.78987862279442083491E+02 7.92152505992682449687E+02 9.05317149705922815883E+02 1.01848179341916318208E+03 1.13164643713240343459E+03 1.24481108084564380079E+03 1.35797572455888416698E+03 1.47114036827212453318E+03 1.58430501198536489937E+03 1.69746965569860526557E+03 1.81063429941184563177E+03 1.92379894312508599796E+03 2.03696358683832636416E+03 2.15012823055156650298E+03 2.26329287426480686918E+03 2.37645751797804723537E+03 2.48962216169128760157E+03 2.60278680540452796777E+03 2.71595144911776833396E+03 2.82911609283100870016E+03 2.94228073654424906636E+03 3.05544538025748943255E+03 3.16861002397072979875E+03 3.28177466768397016494E+03 3.39493931139721053114E+03 3.50810395511045089734E+03 3.62126859882369126353E+03 3.73443324253693162973E+03 3.84759788625017199593E+03 3.96076252996341236212E+03 4.07392717367665272832E+03 4.18709181738989263977E+03 4.30025646110313300596E+03 4.41342110481637337216E+03 4.52658574852961373836E+03 4.63975039224285410455E+03 4.75291503595609447075E+03 4.86607967966933483694E+03 4.97924432338257520314E+03 5.09240896709581556934E+03 5.20557361080905593553E+03 5.31873825452229630173E+03 5.43190289823553666793E+03 5.54506754194877703412E+03 5.65823218566201740032E+03 5.77139682937525776651E+03 5.88456147308849813271E+03 5.99772611680173849891E+03 6.11089076051497886510E+03 6.22405540422821923130E+03
0.00000000000000000000E+00 9.24209537650906014505E+01 1.84841907530181202901E+02 2.77262861295271761719E+02 3.69683815060362405802E+02 4.62104768825452993042E+02 5.54525722590543523438E+02 6.46946676355634167521E+02 7.39367630120724811604E+02 8.31788583885815342001E+02 9.24209537650905986084E+02 1.01663049141599651648E+03 1.10905144518108704688E+03 1.20147239894617769096E+03 1.29389335271126833504E+03 1.38631430647635897913E+03 1.47873526024144962321E+03 1.57115621400654003992E+03 1.66357716777163068400E+03 1.75599812153672132808E+03 1.84841907530181197217E+03 1.94084002906690261625E+03 2.03326098283199303296E+03 2.12568193659708367704E+03 2.21810289036217409375E+03 2.31052384412726496521E+03 2.40294479789235538192E+03 2.49536575165744625338E+03 2.58778670542253667008E+03 2.68020765918762708679E+03 2.77262861295271795825E+03 2.86504956671780837496E+03 2.95747052048289924642E+03 3.04989147424798966313E+03 3.14231242801308007984E+03 3.23473338177817095129E+03 3.32715433554326136800E+03 3.41957528930835223946E+03 3.51199624307344265617E+03 3.60441719683853307288E+03 3.69683815060362394433E+03 3.78925910436871436104E+03 3.88168005813380523250E+03 3.97410101189889564921E+03 4.06652196566398606592E+03 4.15894291942907693738E+03 4.25136387319416735409E+03 4.34378482695925777080E+03 4.43620578072434818750E+03 4.52862673448943951371E+03 4.62104768825452993042E+03 4.71346864201962034713E+03 4.80588959578471076384E+03 4.89831054954980118055E+03 4.99073150331489250675E+03 5.08315245707998292346E+03
0.00000000000000000000E+00 9.63066171416046614695E+01 1.92613234283209322939E+02 2.88919851424813998619E+02 3.85226468566418645878E+02 4.81533085708023349980E+02 5.77839702849627997239E+02 6.74146319991232644497E+02 7.70452937132837291756E+02 8.66759554274442052701E+02 9.63066171416046699960E+02 1.05937278855765134722E+03 1.15567940569925599448E+03 1.25198602284086064174E+03 1.34829263998246528899E+03 1.44459925712406993625E+03 1.54090587426567458351E+03 1.63721249140727923077E+03 1.73351910854888410540E+03 1.82982572569048875266E+03 1.92613234283209339992E+03 2.02243895997369804718E+03 2.11874557711530269444E+03 2.21505219425690711432E+03 2.31135881139851198895E+03 2.40766542854011686359E+03 2.50397204568172128347E+03 2.60027866282332615810E+03 2.69658527996493057799E+03 2.79289189710653545262E+03 2.88919851424813987251E+03 2.98550513138974474714E+03 3.08181174853134916702E+03 3.17811836567295404166E+03 3.27442498281455846154E+03 3.37073159995616333617E+03 3.46703821709776821081E+03 3.56334483423937263069E+03 3.65965145138097750532E+03 3.75595806852258192521E+03 3.85226468566418679984E+03 3.94857130280579121973E+03 4.04487791994739609436E+03 4.14118453708900051424E+03 4.23749115423060538888E+03 4.33379777137221026351E+03 4.43010438851381422865E+03 4.52641100565541910328E+03 4.62271762279702397791E+03 4.71902423993862885254E+03 4.81533085708023372717E+03 4.91163747422183769231E+03 5.00794409136344256694E+03 5.10425070850504744158E+03 5.20055732564665231621E+03 5.29686394278825628135E+03
0.00000000000000000000E+00 1.26303725375074876069E+02 2.52607450750149752139E+02 3.78911176125224642419E+02 5.05214901500299504278E+02 6.31518626875374366136E+02 7.57822352250449284838E+02 8.84126077625524203540E+02 1.01042980300059900856E+03 1.13673352837567404094E+03 1.26303725375074873227E+03 1.38934097912582365097E+03 1.51564470450089856968E+03 1.64194842987597348838E+03 1.76825215525104840708E+03 1.89455588062612332578E+03 2.02085960600119801711E+03 2.14716333137627316319E+03 2.27346705675134808189E+03 2.39977078212642254584E+03 2.52607450750149746455E+03 2.65237823287657238325E+03 2.77868195825164730195E+03 2.90498568362672222065E+03 3.03128940900179713935E+03 3.15759313437687205806E+03 3.28389685975194697676E+03 3.41020058512702189546E+03 3.53650431050209681416E+03 3.66280803587717173286E+03 3.78911176125224665157E+03 3.91541548662732157027E+03 4.04171921200239603422E+03 4.16802293737747095292E+03 4.29432666275254632637E+03 4.42063038812762079033E+03 4.54693411350269616378E+03 4.67323783887777062773E+03 4.79954156425284509169E+03 4.92584528962792046514E+03 5.05214901500299492909E+03 5.17845274037807030254E+03 5.30475646575314476650E+03 5.43106019112822013994E+03 5.55736391650329460390E+03 5.68366764187836997735E+03 5.80997136725344444130E+03 5.93627509262851981475E+03 6.06257881800359427871E+03 6.18888254337866965216E+03 6.31518626875374411611E+03 6.44148999412881858007E+03 6.56779371950389395352E+03 6.69409744487896841747E+03 6.82040117025404379092E+03 6.94670489562911825487E+03
0.00000000000000000000E+00 8.92803848502041574875E+01 1.78560769700408314975E+02 2.67841154550612486673E+02 3.57121539400816629950E+02 4.46401924251020773227E+02 5.35682309101224973347E+02 6.24962693951429059780E+02 7.14243078801633259900E+02 8.03523463651837346333E+02 8.92803848502041546453E+02 9.82084233352245632886E+02 1.07136461820244994669E+03 1.16064500305265391944E+03 1.24992538790285811956E+03 1.33920577275306231968E+03 1.42848615760326651980E+03 1.51776654245347049255E+03 1.60704692730367469267E+03 1.69632731215387889279E+03 1.78560769700408309291E+03 1.87488808185428729303E+03 1.96416846670449126577E+03 2.05344885155469546589E+03 2.14272923640489989339E+03 2.23200962125510386613E+03 2.32129000610530783888E+03 2.41057039095551226637E+03 2.49985077580571623912E+03 2.58913116065592021187E+03 2.67841154550612463936E+03 2.76769193035632861211E+03 2.85697231520653303960E+03 2.94625270005673701235E+03 3.03553308490694098509E+03 3.12481346975714541259E+03 3.21409385460734938533E+03 3.30337423945755381283E+03 3.39265462430775778557E+03 3.48193500915796175832E+03 3.57121539400816618581E+03 3.66049577885837015856E+03 3.74977616370857458605E+03 3.83905654855877855880E+03 3.92833693340898253155E+03 4.01761731825918695904E+03 4.10689770310939093179E+03 4.19617808795959535928E+03 4.28545847280979978677E+03 4.37473885766000330477E+03 4.46401924251020773227E+03 4.55329962736041215976E+03 4.64258001221061567776E+03 4.73186039706082010525E+03 4.82114078191102453275E+03 4.91042116676122805075E+03
0.00000000000000000000E+00 1.02212902781766047156E+02 2.04425805563532094311E+02 3.06638708345298141467E+02 4.08851611127064188622E+02 5.11064513908830235778E+02 6.13277416690596282933E+02 7.15490319472362330089E+02 8.17703222254128377244E+02 9.19916125035894424400E+02 1.02212902781766047156E+03 1.12434193059942640502E+03 1.22655483338119256587E+03 1.32876773616295849934E+03 1.43098063894472466018E+03 1.53319354172649059365E+03 1.63540644450825675449E+03 1.73761934729002268796E+03 1.83983225007178884880E+03 1.94204515285355478227E+03 2.04425805563532094311E+03 2.14647095841708687658E+03 2.24868386119885281005E+03 2.35089676398061919826E+03 2.45310966676238513173E+03 2.55532256954415106520E+03 2.65753547232591699867E+03 2.75974837510768338689E+03 2.86196127788944932036E+03 2.96417418067121525382E+03 3.06638708345298118729E+03 3.16859998623474757551E+03 3.27081288901651350898E+03 3.37302579179827944245E+03 3.47523869458004537591E+03 3.57745159736181176413E+03 3.67966450014357769760E+03 3.78187740292534363107E+03 3.88409030570710956454E+03 3.98630320848887595275E+03 4.08851611127064188622E+03 4.19072901405240827444E+03 4.29294191683417375316E+03 4.39515481961594014138E+03 4.49736772239770562010E+03 4.59958062517947200831E+03 4.70179352796123839653E+03 4.80400643074300387525E+03 4.90621933352477026347E+03 5.00843223630653665168E+03 5.11064513908830213040E+03 5.21285804187006851862E+03 5.31507094465183399734E+03 5.41728384743360038556E+03 5.51949675021536677377E+03 5.62170965299713225249E+03
0.00000000000000000000E+00 1.08966825447188256248E+02 2.17933650894376512497E+02 3.26900476341564740324E+02 4.35867301788753024994E+02 5.44834127235941309664E+02 6.53800952683129480647E+02 7.62767778130317765317E+02 8.71734603577506049987E+02 9.80701429024694334657E+02 1.08966825447188261933E+03 1.19863507991907067662E+03 1.30760190536625896129E+03 1.41656873081344724596E+03 1.52553555626063553063E+03 1.63450238170782381530E+03 1.74346920715501209997E+03 1.85243603260220038464E+03 1.96140285804938866931E+03 2.07036968349657672661E+03 2.17933650894376523866E+03 2.28830333439095329595E+03 2.39727015983814135325E+03 2.50623698528532986529E+03 2.61520381073251792259E+03 2.72417063617970643463E+03 2.83313746162689449193E+03 2.94210428707408300397E+03 3.05107111252127106127E+03 3.16003793796845957331E+03 3.26900476341564763061E+03 3.37797158886283568791E+03 3.48693841431002419995E+03 3.59590523975721225725E+03 3.70487206520440076929E+03 3.81383889065158882659E+03 3.92280571609877733863E+03 4.03177254154596539593E+03 4.14073936699315345322E+03 4.24970619244034151052E+03 4.35867301788753047731E+03 4.46763984333471853461E+03 4.57660666878190659190E+03 4.68557349422909464920E+03 4.79454031967628270650E+03 4.90350714512347167329E+03 5.01247397057065973058E+03 5.12144079601784778788E+03 5.23040762146503584518E+03 5.33937444691222481197E+03 5.44834127235941286926E+03 5.55730809780660092656E+03 5.66627492325378898386E+03 5.77524174870097704115E+03 5.88420857414816600794E+03 5.99317539959535406524E+03
0.00000000000000000000E+00 1.26787148440781720637E+02 2.53574296881563441275E+02 3.80361445322345161912E+02 5.07148593763126882550E+02 6.33935742203908603187E+02 7.60722890644690323825E+02 8.87510039085472044462E+02 1.01429718752625376510E+03 1.14108433596703548574E+03 1.26787148440781720637E+03 1.39465863284859892701E+03 1.52144578128938064765E+03 1.64823292973016236829E+03 1.77502007817094408892E+03 1.90180722661172580956E+03 2.02859437505250753020E+03 2.15538152349328902346E+03 2.28216867193407097147E+03 2.40895582037485246474E+03 2.53574296881563441275E+03 2.66253011725641590601E+03 2.78931726569719785402E+03 2.91610441413797934729E+03 3.04289156257876129530E+03 3.16967871101954278856E+03 3.29646585946032473657E+03 3.42325300790110622984E+03 3.55004015634188817785E+03 3.67682730478266967111E+03 3.80361445322345161912E+03 3.93040160166423311239E+03 4.05718875010501506040E+03 4.18397589854579655366E+03 4.31076304698657804693E+03 4.43755019542736044968E+03 4.56433734386814194295E+03 4.69112449230892343621E+03 4.81791164074970492948E+03 4.94469878919048733223E+03 5.07148593763126882550E+03 5.19827308607205031876E+03 5.32506023451283181203E+03 5.45184738295361421478E+03 5.57863453139439570805E+03 5.70542167983517720131E+03 5.83220882827595869458E+03 5.95899597671674109733E+03 6.08578312515752259060E+03 6.21257027359830408386E+03 6.33935742203908557713E+03 6.46614457047986797988E+03 6.59293171892064947315E+03 6.71971886736143096641E+03 6.84650601580221245968E+03 6.97329316424299395294E+03
0.00000000000000000000E+00 1.04711239125179119469E+02 2.09422478250358238938E+02 3.14133717375537344196E+02 4.18844956500716477876E+02 5.23556195625895611556E+02 6.28267434751074688393E+02 7.32978673876253878916E+02 8.37689913001432955753E+02 9.42401152126612146276E+02 1.04711239125179122311E+03 1.15182363037697041364E+03 1.25653486950214937679E+03 1.36124610862732856731E+03 1.46595734775250775783E+03 1.57066858687768694836E+03 1.67537982600286591151E+03 1.78009106512804510203E+03 1.88480230425322429255E+03 1.98951354337840325570E+03 2.09422478250358244622E+03 2.19893602162876140937E+03 2.30364726075394082727E+03 2.40835849987911979042E+03 2.51306973900429875357E+03 2.61778097812947817147E+03 2.72249221725465713462E+03 2.82720345637983609777E+03 2.93191469550501551566E+03 3.03662593463019447881E+03 3.14133717375537389671E+03 3.24604841288055285986E+03 3.35075965200573182301E+03 3.45547089113091124091E+03 3.56018213025609020406E+03 3.66489336938126916721E+03 3.76960460850644858510E+03 3.87431584763162754825E+03 3.97902708675680651140E+03 4.08373832588198592930E+03 4.18844956500716489245E+03 4.29316080413234431035E+03 4.39787204325752281875E+03 4.50258328238270223665E+03 4.60729452150788165454E+03 4.71200576063306016295E+03 4.81671699975823958084E+03 4.92142823888341899874E+03 5.02613947800859750714E+03 5.13085071713377692504E+03 5.23556195625895634294E+03 5.34027319538413485134E+03 5.44498443450931426923E+03 5.54969567363449368713E+03 5.65440691275967219553E+03 5.75911815188485161343E+03
0.00000000000000000000E+00 9.12529915405631157910E+01 1.82505983081126231582E+02 2.73758974621689333162E+02 3.65011966162252463164E+02 4.56264957702815536322E+02 5.47517949243378666324E+02 6.38770940783941796326E+02 7.30023932324504926328E+02 8.21276923865067942643E+02 9.12529915405631072645E+02 1.00378290694619420265E+03 1.09503589848675733265E+03 1.18628889002732034896E+03 1.27754188156788359265E+03 1.36879487310844660897E+03 1.46004786464900985266E+03 1.55130085618957286897E+03 1.64255384773013588529E+03 1.73380683927069912897E+03 1.82505983081126214529E+03 1.91631282235182538898E+03 2.00756581389238840529E+03 2.09881880543295164898E+03 2.19007179697351466530E+03 2.28132478851407768161E+03 2.37257778005464069793E+03 2.46383077159520416899E+03 2.55508376313576718530E+03 2.64633675467633020162E+03 2.73758974621689321793E+03 2.82884273775745623425E+03 2.92009572929801970531E+03 3.01134872083858272163E+03 3.10260171237914573794E+03 3.19385470391970875426E+03 3.28510769546027177057E+03 3.37636068700083524163E+03 3.46761367854139825795E+03 3.55886667008196127426E+03 3.65011966162252429058E+03 3.74137265316308776164E+03 3.83262564470365077796E+03 3.92387863624421379427E+03 4.01513162778477681059E+03 4.10638461932534028165E+03 4.19763761086590329796E+03 4.28889060240646631428E+03 4.38014359394702933059E+03 4.47139658548759234691E+03 4.56264957702815536322E+03 4.65390256856871837954E+03 4.74515556010928139585E+03 4.83640855164984532166E+03 4.92766154319040833798E+03 5.01891453473097135429E+03
0.00000000000000000000E+00 1.09912558091295537110E+02 2.19825116182591074221E+02 3.29737674273886625542E+02 4.39650232365182148442E+02 5.49562790456477728185E+02 6.59475348547773251084E+02 7.69387906639068773984E+02 8.79300464730364296884E+02 9.89213022821659933470E+02 1.09912558091295545637E+03 1.20903813900425097927E+03 1.31895069709554650217E+03 1.42886325518684202507E+03 1.53877581327813754797E+03 1.64868837136943307087E+03 1.75860092946072859377E+03 1.86851348755202411667E+03 1.97842604564331986694E+03 2.08833860373461538984E+03 2.19825116182591091274E+03 2.30816371991720643564E+03 2.41807627800850195854E+03 2.52798883609979748144E+03 2.63790139419109300434E+03 2.74781395228238852724E+03 2.85772651037368405014E+03 2.96763906846497957304E+03 3.07755162655627509594E+03 3.18746418464757061884E+03 3.29737674273886614174E+03 3.40728930083016166463E+03 3.51720185892145718753E+03 3.62711441701275271043E+03 3.73702697510404823333E+03 3.84693953319534421098E+03 3.95685209128663973388E+03 4.06676464937793525678E+03 4.17667720746923077968E+03 4.28658976556052584783E+03 4.39650232365182182548E+03 4.50641488174311689363E+03 4.61632743983441287128E+03 4.72623999792570793943E+03 4.83615255601700391708E+03 4.94606511410829898523E+03 5.05597767219959496288E+03 5.16589023029089094052E+03 5.27580278838218600868E+03 5.38571534647348198632E+03 5.49562790456477705447E+03 5.60554046265607303212E+03 5.71545302074736810027E+03 5.82536557883866407792E+03 5.93527813692995914607E+03 6.04519069502125512372E+03
0.00000000000000000000E+00 9.53588804768301372405E+01 1.90717760953660274481E+02 2.86076641430490440143E+02 3.81435521907320548962E+02 4.76794402384150714624E+02 5.72153282860980880287E+02 6.67512163337810989105E+02 7.62871043814641097924E+02 8.58229924291471320430E+02 9.53588804768301429249E+02 1.04894768524513165175E+03 1.14430656572196176057E+03 1.23966544619879186939E+03 1.33502432667562197821E+03 1.43038320715245208703E+03 1.52574208762928219585E+03 1.62110096810611253204E+03 1.71645984858294264086E+03 1.81181872905977274968E+03 1.90717760953660285850E+03 2.00253649001343296732E+03 2.09789537049026330351E+03 2.19325425096709341233E+03 2.28861313144392352115E+03 2.38397201192075362997E+03 2.47933089239758373878E+03 2.57468977287441384760E+03 2.67004865335124395642E+03 2.76540753382807406524E+03 2.86076641430490417406E+03 2.95612529478173428288E+03 3.05148417525856439170E+03 3.14684305573539495526E+03 3.24220193621222506408E+03 3.33756081668905517290E+03 3.43291969716588528172E+03 3.52827857764271539054E+03 3.62363745811954549936E+03 3.71899633859637560818E+03 3.81435521907320571700E+03 3.90971409955003582581E+03 4.00507298002686593463E+03 4.10043186050369604345E+03 4.19579074098052660702E+03 4.29114962145735626109E+03 4.38650850193418682466E+03 4.48186738241101647873E+03 4.57722626288784704229E+03 4.67258514336467669636E+03 4.76794402384150725993E+03 4.86330290431833691400E+03 4.95866178479516747757E+03 5.05402066527199804113E+03 5.14937954574882769521E+03 5.24473842622565825877E+03
0.00000000000000000000E+00 9.42937725098308590077E+01 1.88587545019661718015E+02 2.82881317529492605445E+02 3.77175090039323436031E+02 4.71468862549154323460E+02 5.65762635058985210890E+02 6.60056407568816098319E+02 7.54350180078646872062E+02 8.48643952588477759491E+02 9.42937725098308646920E+02 1.03723149760813953435E+03 1.13152527011797042178E+03 1.22581904262780130921E+03 1.32011281513763219664E+03 1.41440658764746285669E+03 1.50870036015729374412E+03 1.60299413266712463155E+03 1.69728790517695551898E+03 1.79158167768678640641E+03 1.88587545019661729384E+03 1.98016922270644818127E+03 2.07446299521627906870E+03 2.16875676772610995613E+03 2.26305054023594084356E+03 2.35734431274577173099E+03 2.45163808525560261842E+03 2.54593185776543350585E+03 2.64022563027526439328E+03 2.73451940278509528071E+03 2.82881317529492571339E+03 2.92310694780475660082E+03 3.01740072031458748825E+03 3.11169449282441837568E+03 3.20598826533424926311E+03 3.30028203784408015053E+03 3.39457581035391103796E+03 3.48886958286374192539E+03 3.58316335537357281282E+03 3.67745712788340370025E+03 3.77175090039323458768E+03 3.86604467290306547511E+03 3.96033844541289636254E+03 4.05463221792272724997E+03 4.14892599043255813740E+03 4.24321976294238902483E+03 4.33751353545221991226E+03 4.43180730796205079969E+03 4.52610108047188168712E+03 4.62039485298171257455E+03 4.71468862549154346198E+03 4.80898239800137434941E+03 4.90327617051120523683E+03 4.99756994302103612426E+03 5.09186371553086701169E+03 5.18615748804069789912E+03
0.00000000000000000000E+00 1.09435073497607817217E+02 2.18870146995215634433E+02 3.28305220492823423228E+02 4.37740293990431268867E+02 5.47175367488039114505E+02 6.56610440985646846457E+02 7.66045514483254692095E+02 8.75480587980862537734E+02 9.84915661478470383372E+02 1.09435073497607822901E+03 1.20378580847368607465E+03 1.31322088197129369291E+03 1.42265595546890153855E+03 1.53209102896650938419E+03 1.64152610246411722983E+03 1.75096117596172507547E+03 1.86039624945933292111E+03 1.96983132295694076674E+03 2.07926639645454861238E+03 2.18870146995215645802E+03 2.29813654344976430366E+03 2.40757161694737214930E+03 2.51700669044497954019E+03 2.62644176394258738583E+03 2.73587683744019523147E+03 2.84531191093780307710E+03 2.95474698443541092274E+03 3.06418205793301876838E+03 3.17361713143062661402E+03 3.28305220492823445966E+03 3.39248727842584230530E+03 3.50192235192345015093E+03 3.61135742542105799657E+03 3.72079249891866584221E+03 3.83022757241627368785E+03 3.93966264591388153349E+03 4.04909771941148937913E+03 4.15853279290909722476E+03 4.26796786640670507040E+03 4.37740293990431291604E+03 4.48683801340192076168E+03 4.59627308689952860732E+03 4.70570816039713645296E+03 4.81514323389474429860E+03 4.92457830739235214423E+03 5.03401338088995908038E+03 5.14344845438756692602E+03 5.25288352788517477165E+03 5.36231860138278261729E+03 5.47175367488039046293E+03 5.58118874837799830857E+03 5.69062382187560615421E+03 5.80005889537321399985E+03 5.90949396887082184548E+03 6.01892904236842969112E+03
0.00000000000000000000E+00 9.96578392321065535953E+01 1.99315678464213107191E+02 2.98973517696319618153E+02 3.98631356928426214381E+02 4.98289196160532753765E+02 5.97947035392639236306E+02 6.97604874624745889378E+02 7.97262713856852428762E+02 8.96920553088958968146E+02 9.96578392321065507531E+02 1.09623623155317204692E+03 1.19589407078527847261E+03 1.29555191001738512568E+03 1.39520974924949177876E+03 1.49486758848159820445E+03 1.59452542771370485752E+03 1.69418326694581128322E+03 1.79384110617791793629E+03 1.89349894541002436199E+03 1.99315678464213101506E+03 2.09281462387423744076E+03 2.19247246310634409383E+03 2.29213030233845074690E+03 2.39178814157055694523E+03 2.49144598080266359830E+03 2.59110382003477025137E+03 2.69076165926687690444E+03 2.79041949849898355751E+03 2.89007733773108975583E+03 2.98973517696319640891E+03 3.08939301619530306198E+03 3.18905085542740971505E+03 3.28870869465951591337E+03 3.38836653389162256644E+03 3.48802437312372921951E+03 3.58768221235583587259E+03 3.68734005158794252566E+03 3.78699789082004872398E+03 3.88665573005215537705E+03 3.98631356928426203012E+03 4.08597140851636868319E+03 4.18562924774847488152E+03 4.28528708698058198934E+03 4.38494492621268818766E+03 4.48460276544479438599E+03 4.58426060467690149380E+03 4.68391844390900769213E+03 4.78357628314111389045E+03 4.88323412237322099827E+03 4.98289196160532719659E+03 5.08254980083743430441E+03 5.18220764006954050274E+03 5.28186547930164670106E+03 5.38152331853375380888E+03 5.48118115776586000720E+03
0.00000000000000000000E+00 1.02598893868201088253E+02 2.05197787736402176506E+02 3.07796681604603293181E+02 4.10395575472804353012E+02 5.12994469341005469687E+02 6.15593363209206586362E+02 7.18192257077407589350E+02 8.20791150945608706024E+02 9.23390044813809822699E+02 1.02598893868201093937E+03 1.12858783255021194236E+03 1.23118672641841317272E+03 1.33378562028661417571E+03 1.43638451415481517870E+03 1.53898340802301640906E+03 1.64158230189121741205E+03 1.74418119575941864241E+03 1.84678008962761964540E+03 1.94937898349582064839E+03 2.05197787736402187875E+03 2.15457677123222310911E+03 2.25717566510042388472E+03 2.35977455896862511509E+03 2.46237345283682634545E+03 2.56497234670502712106E+03 2.66757124057322835142E+03 2.77017013444142958178E+03 2.87276902830963035740E+03 2.97536792217783158776E+03 3.07796681604603281812E+03 3.18056570991423359374E+03 3.28316460378243482410E+03 3.38576349765063605446E+03 3.48836239151883728482E+03 3.59096128538703806043E+03 3.69356017925523929080E+03 3.79615907312344052116E+03 3.89875796699164129677E+03 4.00135686085984252713E+03 4.10395575472804375750E+03 4.20655464859624498786E+03 4.30915354246444621822E+03 4.41175243633264653909E+03 4.51435133020084776945E+03 4.61695022406904899981E+03 4.71954911793725023017E+03 4.82214801180545146053E+03 4.92474690567365269089E+03 5.02734579954185301176E+03 5.12994469341005424212E+03 5.23254358727825547248E+03 5.33514248114645670285E+03 5.43774137501465793321E+03 5.54034026888285916357E+03 5.64293916275106039393E+03
0.00000000000000000000E+00 9.50641549587198539939E+01 1.90128309917439707988E+02 2.85192464876159590403E+02 3.80256619834879415976E+02 4.75320774793599298391E+02 5.70384929752319180807E+02 6.65449084711039063222E+02 7.60513239669758831951E+02 8.55577394628478714367E+02 9.50641549587198596782E+02 1.04570570454591847920E+03 1.14076985950463836161E+03 1.23583401446335824403E+03 1.33089816942207812644E+03 1.42596232438079800886E+03 1.52102647933951766390E+03 1.61609063429823754632E+03 1.71115478925695742873E+03 1.80621894421567731115E+03 1.90128309917439719356E+03 1.99634725413311707598E+03 2.09141140909183695840E+03 2.18647556405055684081E+03 2.28153971900927672323E+03 2.37660387396799660564E+03 2.47166802892671648806E+03 2.56673218388543637047E+03 2.66179633884415625289E+03 2.75686049380287613531E+03 2.85192464876159601772E+03 2.94698880372031544539E+03 3.04205295867903532780E+03 3.13711711363775521022E+03 3.23218126859647509264E+03 3.32724542355519497505E+03 3.42230957851391485747E+03 3.51737373347263473988E+03 3.61243788843135462230E+03 3.70750204339007450471E+03 3.80256619834879438713E+03 3.89763035330751426955E+03 3.99269450826623415196E+03 4.08775866322495403438E+03 4.18282281818367391679E+03 4.27788697314239379921E+03 4.37295112810111368162E+03 4.46801528305983356404E+03 4.56307943801855344645E+03 4.65814359297727332887E+03 4.75320774793599321129E+03 4.84827190289471309370E+03 4.94333605785343297612E+03 5.03840021281215285853E+03 5.13346436777087274095E+03 5.22852852272959262336E+03
0.00000000000000000000E+00 9.70437143133493265168E+01 1.94087428626698653034E+02 2.91131142940047993761E+02 3.88174857253397306067E+02 4.85218571566746618373E+02 5.82262285880095987523E+02 6.79306000193445242985E+02 7.76349714506794612134E+02 8.73393428820143981284E+02 9.70437143133493236746E+02 1.06748085744684249221E+03 1.16452457176019197505E+03 1.26156828607354123051E+03 1.35861200038689048597E+03 1.45565571470023996881E+03 1.55269942901358922427E+03 1.64974314332693847973E+03 1.74678685764028796257E+03 1.84383057195363721803E+03 1.94087428626698647349E+03 2.03791800058033595633E+03 2.13496171489368498442E+03 2.23200542920703446725E+03 2.32904914352038395009E+03 2.42609285783373297818E+03 2.52313657214708246102E+03 2.62018028646043194385E+03 2.71722400077378097194E+03 2.81426771508713045478E+03 2.91131142940047993761E+03 3.00835514371382896570E+03 3.10539885802717844854E+03 3.20244257234052793137E+03 3.29948628665387695946E+03 3.39653000096722644230E+03 3.49357371528057592514E+03 3.59061742959392495322E+03 3.68766114390727443606E+03 3.78470485822062391890E+03 3.88174857253397294699E+03 3.97879228684732242982E+03 4.07583600116067191266E+03 4.17287971547402139549E+03 4.26992342978736996884E+03 4.36696714410071945167E+03 4.46401085841406893451E+03 4.56105457272741841734E+03 4.65809828704076790018E+03 4.75514200135411738302E+03 4.85218571566746595636E+03 4.94922942998081543919E+03 5.04627314429416492203E+03 5.14331685860751440487E+03 5.24036057292086388770E+03 5.33740428723421337054E+03
0.00000000000000000000E+00 1.19335752322013917137E+02 2.38671504644027834274E+02 3.58007256966041779833E+02 4.77343009288055668549E+02 5.96678761610069614107E+02 7.16014513932083559666E+02 8.35350266254097505225E+02 9.54686018576111337097E+02 1.07402177089812539634E+03 1.19335752322013922821E+03 1.31269327554215306009E+03 1.43202902786416711933E+03 1.55136478018618095120E+03 1.67070053250819501045E+03 1.79003628483020884232E+03 1.90937203715222267419E+03 2.02870778947423673344E+03 2.14804354179625079269E+03 2.26737929411826462456E+03 2.38671504644027845643E+03 2.50605079876229228830E+03 2.62538655108430612017E+03 2.74472230340632040679E+03 2.86405805572833423867E+03 2.98339380805034807054E+03 3.10272956037236190241E+03 3.22206531269437573428E+03 3.34140106501639002090E+03 3.46073681733840385277E+03 3.58007256966041768464E+03 3.69940832198243151652E+03 3.81874407430444534839E+03 3.93807982662645963501E+03 4.05741557894847346688E+03 4.17675133127048684401E+03 4.29608708359250158537E+03 4.41542283591451541724E+03 4.53475858823652924912E+03 4.65409434055854308099E+03 4.77343009288055691286E+03 4.89276584520257074473E+03 5.01210159752458457660E+03 5.13143734984659840848E+03 5.25077310216861224035E+03 5.37010885449062607222E+03 5.48944460681264081359E+03 5.60878035913465464546E+03 5.72811611145666847733E+03 5.84745186377868230920E+03 5.96678761610069614107E+03 6.08612336842270997295E+03 6.20545912074472380482E+03 6.32479487306673763669E+03 6.44413062538875146856E+03 6.56346637771076530044E+03
0.00000000000000000000E+00 9.32643720752735134738E+01 1.86528744150547026948E+02 2.79793116225820540421E+02 3.73057488301094053895E+02 4.66321860376367567369E+02 5.59586232451641080843E+02 6.52850604526914594317E+02 7.46114976602188107790E+02 8.39379348677461621264E+02 9.32643720752735134738E+02 1.02590809282800864821E+03 1.11917246490328216169E+03 1.21243683697855567516E+03 1.30570120905382918863E+03 1.39896558112910270211E+03 1.49222995320437621558E+03 1.58549432527964972905E+03 1.67875869735492324253E+03 1.77202306943019675600E+03 1.86528744150547026948E+03 1.95855181358074378295E+03 2.05181618565601729642E+03 2.14508055773129080990E+03 2.23834492980656432337E+03 2.33160930188183783685E+03 2.42487367395711135032E+03 2.51813804603238486379E+03 2.61140241810765837727E+03 2.70466679018293189074E+03 2.79793116225820540421E+03 2.89119553433347891769E+03 2.98445990640875243116E+03 3.07772427848402594464E+03 3.17098865055929945811E+03 3.26425302263457297158E+03 3.35751739470984648506E+03 3.45078176678511999853E+03 3.54404613886039351200E+03 3.63731051093566702548E+03 3.73057488301094053895E+03 3.82383925508621405243E+03 3.91710362716148756590E+03 4.01036799923676107937E+03 4.10363237131203459285E+03 4.19689674338730856107E+03 4.29016111546258161979E+03 4.38342548753785558802E+03 4.47668985961312864674E+03 4.56995423168840261496E+03 4.66321860376367567369E+03 4.75648297583894964191E+03 4.84974734791422270064E+03 4.94301171998949666886E+03 5.03627609206476972759E+03 5.12954046414004369581E+03
0.00000000000000000000E+00 1.02212856707582659510E+02 2.04425713415165319020E+02 3.06638570122747978530E+02 4.08851426830330638040E+02 5.11064283537913354394E+02 6.13277140245495957060E+02 7.15489996953078616571E+02 8.17702853660661276081E+02 9.19915710368244049278E+02 1.02212856707582670879E+03 1.12434142378340925461E+03 1.22655428049099191412E+03 1.32876713719857457363E+03 1.43097999390615723314E+03 1.53319285061373989265E+03 1.63540570732132255216E+03 1.73761856402890543905E+03 1.83983142073648809856E+03 1.94204427744407075807E+03 2.04425713415165341758E+03 2.14646999085923607709E+03 2.24868284756681850922E+03 2.35089570427440139611E+03 2.45310856098198382824E+03 2.55532141768956671513E+03 2.65753427439714914726E+03 2.75974713110473203415E+03 2.86195998781231446628E+03 2.96417284451989735317E+03 3.06638570122747978530E+03 3.16859855793506267219E+03 3.27081141464264510432E+03 3.37302427135022799121E+03 3.47523712805781087809E+03 3.57744998476539331023E+03 3.67966284147297619711E+03 3.78187569818055862925E+03 3.88408855488814151613E+03 3.98630141159572394827E+03 4.08851426830330683515E+03 4.19072712501088972203E+03 4.29293998171847215417E+03 4.39515283842605458631E+03 4.49736569513363701844E+03 4.59957855184122036007E+03 4.70179140854880279221E+03 4.80400426525638522435E+03 4.90621712196396765648E+03 5.00842997867155099811E+03 5.11064283537913343025E+03 5.21285569208671586239E+03 5.31506854879429829452E+03 5.41728140550188163616E+03 5.51949426220946406829E+03 5.62170711891704650043E+03
0.00000000000000000000E+00 1.07371395977880439432E+02 2.14742791955760878864E+02 3.22114187933641289874E+02 4.29485583911521757727E+02 5.36856979889402168737E+02 6.44228375867282579748E+02 7.51599771845162990758E+02 8.58971167823043515455E+02 9.66342563800923926465E+02 1.07371395977880433747E+03 1.18108535575668474848E+03 1.28845675173456515950E+03 1.39582814771244557051E+03 1.50319954369032598152E+03 1.61057093966820661990E+03 1.71794233564608703091E+03 1.82531373162396744192E+03 1.93268512760184785293E+03 2.04005652357972826394E+03 2.14742791955760867495E+03 2.25479931553548931333E+03 2.36217071151336949697E+03 2.46954210749125013535E+03 2.57691350346913031899E+03 2.68428489944701095737E+03 2.79165629542489114101E+03 2.89902769140277177939E+03 3.00639908738065196303E+03 3.11377048335853260141E+03 3.22114187933641323980E+03 3.32851327531429342343E+03 3.43588467129217406182E+03 3.54325606727005424545E+03 3.65062746324793488384E+03 3.75799885922581506748E+03 3.86537025520369570586E+03 3.97274165118157588950E+03 4.08011304715945652788E+03 4.18748444313733671152E+03 4.29485583911521734990E+03 4.40222723509309798828E+03 4.50959863107097862667E+03 4.61697002704885835556E+03 4.72434142302673899394E+03 4.83171281900461963232E+03 4.93908421498250027071E+03 5.04645561096037999960E+03 5.15382700693826063798E+03 5.26119840291614127636E+03 5.36856979889402191475E+03 5.47594119487190255313E+03 5.58331259084978228202E+03 5.69068398682766292040E+03 5.79805538280554355879E+03 5.90542677878342419717E+03
0.00000000000000000000E+00 9.56861621475716646046E+01 1.91372324295143329209E+02 2.87058486442714979603E+02 3.82744648590286658418E+02 4.78430810737858337234E+02 5.74116972885429959206E+02 6.69803135033001694865E+02 7.65489297180573316837E+02 8.61175459328144938809E+02 9.56861621475716674468E+02 1.05254778362328829644E+03 1.14823394577085991841E+03 1.24392010791843154038E+03 1.33960627006600338973E+03 1.43529243221357501170E+03 1.53097859436114663367E+03 1.62666475650871825565E+03 1.72235091865628987762E+03 1.81803708080386149959E+03 1.91372324295143334894E+03 2.00940940509900497091E+03 2.10509556724657659288E+03 2.20078172939414844222E+03 2.29646789154171983682E+03 2.39215405368929168617E+03 2.48784021583686308077E+03 2.58352637798443493011E+03 2.67921254013200677946E+03 2.77489870227957817406E+03 2.87058486442715002340E+03 2.96627102657472141800E+03 3.06195718872229326735E+03 3.15764335086986466195E+03 3.25332951301743651129E+03 3.34901567516500836064E+03 3.44470183731257975523E+03 3.54038799946015160458E+03 3.63607416160772299918E+03 3.73176032375529484852E+03 3.82744648590286669787E+03 3.92313264805043809247E+03 4.01881881019800994181E+03 4.11450497234558133641E+03 4.21019113449315318576E+03 4.30587729664072503510E+03 4.40156345878829688445E+03 4.49724962093586782430E+03 4.59293578308343967365E+03 4.68862194523101152299E+03 4.78430810737858337234E+03 4.87999426952615522168E+03 4.97568043167372616153E+03 5.07136659382129801088E+03 5.16705275596886986023E+03 5.26273891811644170957E+03
0.00000000000000000000E+00 1.00358058090173756227E+02 2.00716116180347512454E+02 3.01074174270521268681E+02 4.01432232360695024909E+02 5.01790290450868781136E+02 6.02148348541042537363E+02 7.02506406631216236747E+02 8.02864464721390049817E+02 9.03222522811563749201E+02 1.00358058090173756227E+03 1.10393863899191137534E+03 1.20429669708208507473E+03 1.30465475517225877411E+03 1.40501281326243247349E+03 1.50537087135260617288E+03 1.60572892944278009963E+03 1.70608698753295379902E+03 1.80644504562312749840E+03 1.90680310371330119779E+03 2.00716116180347512454E+03 2.10751921989364882393E+03 2.20787727798382275068E+03 2.30823533607399622269E+03 2.40859339416417014945E+03 2.50895145225434362146E+03 2.60930951034451754822E+03 2.70966756843469147498E+03 2.81002562652486494699E+03 2.91038368461503887374E+03 3.01074174270521234575E+03 3.11109980079538627251E+03 3.21145785888556019927E+03 3.31181591697573367128E+03 3.41217397506590759804E+03 3.51253203315608152479E+03 3.61289009124625499680E+03 3.71324814933642892356E+03 3.81360620742660239557E+03 3.91396426551677632233E+03 4.01432232360695024909E+03 4.11468038169712417584E+03 4.21503843978729764785E+03 4.31539649787747111986E+03 4.41575455596764550137E+03 4.51611261405781897338E+03 4.61647067214799244539E+03 4.71682873023816591740E+03 4.81718678832834029890E+03 4.91754484641851377091E+03 5.01790290450868724292E+03 5.11826096259886162443E+03 5.21861902068903509644E+03 5.31897707877920856845E+03 5.41933513686938294995E+03 5.51969319495955642196E+03
0.00000000000000000000E+00 1.02508351262231684586E+02 2.05016702524463369173E+02 3.07525053786695025337E+02 4.10033405048926738345E+02 5.12541756311158337667E+02 6.15050107573390050675E+02 7.17558458835621763683E+02 8.20066810097853476691E+02 9.22575161360085076012E+02 1.02508351262231667533E+03 1.12759186388454850203E+03 1.23010021514678010135E+03 1.33260856640901192804E+03 1.43511691767124352737E+03 1.53762526893347512669E+03 1.64013362019570695338E+03 1.74264197145793855270E+03 1.84515032272017015202E+03 1.94765867398240197872E+03 2.05016702524463335067E+03 2.15267537650686517736E+03 2.25518372776909700406E+03 2.35769207903132837600E+03 2.46020043029356020270E+03 2.56270878155579202939E+03 2.66521713281802385609E+03 2.76772548408025522804E+03 2.87023383534248705473E+03 2.97274218660471888143E+03 3.07525053786695025337E+03 3.17775888912918208007E+03 3.28026724039141390676E+03 3.38277559165364527871E+03 3.48528394291587710541E+03 3.58779229417810893210E+03 3.69030064544034030405E+03 3.79280899670257213074E+03 3.89531734796480395744E+03 3.99782569922703532939E+03 4.10033405048926670133E+03 4.20284240175149898278E+03 4.30535075301373035472E+03 4.40785910427596172667E+03 4.51036745553819400811E+03 4.61287580680042538006E+03 4.71538415806265675201E+03 4.81789250932488903345E+03 4.92040086058712040540E+03 5.02290921184935268684E+03 5.12541756311158405879E+03 5.22792591437381543074E+03 5.33043426563604771218E+03 5.43294261689827908413E+03 5.53545096816051045607E+03 5.63795931942274273752E+03
0.00000000000000000000E+00 9.38462640803856231742E+01 1.87692528160771246348E+02 2.81538792241156841101E+02 3.75385056321542492697E+02 4.69231320401928087449E+02 5.63077584482313682201E+02 6.56923848562699390641E+02 7.50770112643084985393E+02 8.44616376723470580146E+02 9.38462640803856174898E+02 1.03230890488424188334E+03 1.12615516896462736440E+03 1.22000143304501307284E+03 1.31384769712539878128E+03 1.40769396120578426235E+03 1.50154022528616997079E+03 1.59538648936655567923E+03 1.68923275344694116029E+03 1.78307901752732686873E+03 1.87692528160771234980E+03 1.97077154568809805824E+03 2.06461780976848376667E+03 2.15846407384886924774E+03 2.25231033792925472881E+03 2.34615660200964066462E+03 2.44000286609002614568E+03 2.53384913017041162675E+03 2.62769539425079756256E+03 2.72154165833118304363E+03 2.81538792241156852469E+03 2.90923418649195446051E+03 3.00308045057233994157E+03 3.09692671465272542264E+03 3.19077297873311135845E+03 3.28461924281349683952E+03 3.37846550689388232058E+03 3.47231177097426780165E+03 3.56615803505465373746E+03 3.66000429913503921853E+03 3.75385056321542469959E+03 3.84769682729581063541E+03 3.94154309137619611647E+03 4.03538935545658159754E+03 4.12923561953696753335E+03 4.22308188361735301442E+03 4.31692814769773849548E+03 4.41077441177812397655E+03 4.50462067585850945761E+03 4.59846693993889584817E+03 4.69231320401928132924E+03 4.78615946809966681030E+03 4.88000573218005229137E+03 4.97385199626043777243E+03 5.06769826034082325350E+03 5.16154452442120964406E+03
0.00000000000000000000E+00 1.05623625837132493643E+02 2.11247251674264987287E+02 3.16870877511397509352E+02 4.22494503348529974573E+02 5.28118129185662496639E+02 6.33741755022795018704E+02 7.39365380859927427082E+02 8.44989006697059949147E+02 9.50612632534192471212E+02 1.05623625837132499328E+03 1.16185988420845751534E+03 1.26748351004559003741E+03 1.37310713588272233210E+03 1.47873076171985485416E+03 1.58435438755698737623E+03 1.68997801339411989829E+03 1.79560163923125242036E+03 1.90122526506838494242E+03 2.00684889090551746449E+03 2.11247251674264998655E+03 2.21809614257978228125E+03 2.32371976841691503068E+03 2.42934339425404732538E+03 2.53496702009118007481E+03 2.64059064592831236951E+03 2.74621427176544466420E+03 2.85183789760257741364E+03 2.95746152343970970833E+03 3.06308514927684245777E+03 3.16870877511397475246E+03 3.27433240095110750190E+03 3.37995602678823979659E+03 3.48557965262537254603E+03 3.59120327846250484072E+03 3.69682690429963713541E+03 3.80245053013676988485E+03 3.90807415597390217954E+03 4.01369778181103492898E+03 4.11932140764816722367E+03 4.22494503348529997311E+03 4.33056865932243272255E+03 4.43619228515956456249E+03 4.54181591099669731193E+03 4.64743953683383006137E+03 4.75306316267096190131E+03 4.85868678850809465075E+03 4.96431041434522740019E+03 5.06993404018236014963E+03 5.17555766601949198957E+03 5.28118129185662473901E+03 5.38680491769375748845E+03 5.49242854353088932839E+03 5.59805216936802207783E+03 5.70367579520515482727E+03 5.80929942104228757671E+03
0.00000000000000000000E+00 1.06243548547538551929E+02 2.12487097095077103859E+02 3.18730645642615627366E+02 4.24974194190154207718E+02 5.31217742737692788069E+02 6.37461291285231254733E+02 7.43704839832769835084E+02 8.49948388380308415435E+02 9.56191936927846882099E+02 1.06243548547538557614E+03 1.16867903402292404280E+03 1.27492258257046250947E+03 1.38116613111800120350E+03 1.48740967966553967017E+03 1.59365322821307813683E+03 1.69989677676061683087E+03 1.80614032530815529753E+03 1.91238387385569376420E+03 2.01862742240323245824E+03 2.12487097095077115227E+03 2.23111451949830961894E+03 2.33735806804584808560E+03 2.44360161659338655227E+03 2.54984516514092501893E+03 2.65608871368846348560E+03 2.76233226223600240701E+03 2.86857581078354087367E+03 2.97481935933107934034E+03 3.08106290787861780700E+03 3.18730645642615627366E+03 3.29355000497369474033E+03 3.39979355352123366174E+03 3.50603710206877212840E+03 3.61228065061631059507E+03 3.71852419916384906173E+03 3.82476774771138752840E+03 3.93101129625892644981E+03 4.03725484480646491647E+03 4.14349839335400338314E+03 4.24974194190154230455E+03 4.35598549044908031647E+03 4.46222903899661923788E+03 4.56847258754415724979E+03 4.67471613609169617121E+03 4.78095968463923418312E+03 4.88720323318677310453E+03 4.99344678173431202595E+03 5.09969033028185003786E+03 5.20593387882938895928E+03 5.31217742737692697119E+03 5.41842097592446589260E+03 5.52466452447200481402E+03 5.63090807301954282593E+03 5.73715162156708174734E+03 5.84339517011461975926E+03
0.00000000000000000000E+00 1.12602183391416389213E+02 2.25204366782832778426E+02 3.37806550174249139218E+02 4.50408733565665556853E+02 5.63010916957081917644E+02 6.75613100348498278436E+02 7.88215283739914752914E+02 9.00817467131331113706E+02 1.01341965052274747450E+03 1.12602183391416383529E+03 1.23862401730558030977E+03 1.35122620069699655687E+03 1.46382838408841303135E+03 1.57643056747982950583E+03 1.68903275087124575293E+03 1.80163493426266222741E+03 1.91423711765407870189E+03 2.02683930104549494899E+03 2.13944148443691119610E+03 2.25204366782832767058E+03 2.36464585121974414506E+03 2.47724803461116061953E+03 2.58985021800257709401E+03 2.70245240139399311374E+03 2.81505458478540958822E+03 2.92765676817682606270E+03 3.04025895156824253718E+03 3.15286113495965901166E+03 3.26546331835107548613E+03 3.37806550174249150587E+03 3.49066768513390798034E+03 3.60326986852532445482E+03 3.71587205191674092930E+03 3.82847423530815740378E+03 3.94107641869957342351E+03 4.05367860209098989799E+03 4.16628078548240591772E+03 4.27888296887382239220E+03 4.39148515226523886668E+03 4.50408733565665534115E+03 4.61668951904807181563E+03 4.72929170243948829011E+03 4.84189388583090476459E+03 4.95449606922232123907E+03 5.06709825261373771355E+03 5.17970043600515418802E+03 5.29230261939657066250E+03 5.40490480278798622749E+03 5.51750698617940270196E+03 5.63010916957081917644E+03 5.74271135296223565092E+03 5.85531353635365212540E+03 5.96791571974506859988E+03 6.08051790313648507436E+03 6.19312008652790154883E+03
0.00000000000000000000E+00 1.06582148210218164763E+02 2.13164296420436329527E+02 3.19746444630654480079E+02 4.26328592840872659053E+02 5.32910741051090781184E+02 6.39492889261308960158E+02 7.46075037471527139132E+02 8.52657185681745318107E+02 9.59239333891963497081E+02 1.06582148210218156237E+03 1.17240363031239985503E+03 1.27898577852261792032E+03 1.38556792673283621298E+03 1.49215007494305427826E+03 1.59873222315327257093E+03 1.70531437136349063621E+03 1.81189651957370870150E+03 1.91847866778392699416E+03 2.02506081599414505945E+03 2.13164296420436312474E+03 2.23822511241458141740E+03 2.34480726062479971006E+03 2.45138940883501754797E+03 2.55797155704523584063E+03 2.66455370525545413329E+03 2.77113585346567242595E+03 2.87771800167589026387E+03 2.98430014988610855653E+03 3.09088229809632684919E+03 3.19746444630654514185E+03 3.30404659451676297977E+03 3.41062874272698127243E+03 3.51721089093719956509E+03 3.62379303914741740300E+03 3.73037518735763569566E+03 3.83695733556785398832E+03 3.94353948377807228098E+03 4.05012163198829011890E+03 4.15670378019850795681E+03 4.26328592840872624947E+03 4.36986807661894454213E+03 4.47645022482916283479E+03 4.58303237303938112746E+03 4.68961452124959942012E+03 4.79619666945981771278E+03 4.90277881767003509594E+03 5.00936096588025338860E+03 5.11594311409047168127E+03 5.22252526230068997393E+03 5.32910741051090826659E+03 5.43568955872112655925E+03 5.54227170693134485191E+03 5.64885385514156223508E+03 5.75543600335178052774E+03 5.86201815156199882040E+03
0.00000000000000000000E+00 9.05206646261473792947E+01 1.81041329252294758589E+02 2.71561993878442137884E+02 3.62082658504589517179E+02 4.52603323130736839630E+02 5.43123987756884275768E+02 6.33644652383031598220E+02 7.24165317009179034358E+02 8.14685981635326356809E+02 9.05206646261473679260E+02 9.95727310887621115398E+02 1.08624797551376855154E+03 1.17676864013991576030E+03 1.26728930476606319644E+03 1.35780996939221063258E+03 1.44833063401835806872E+03 1.53885129864450527748E+03 1.62937196327065271362E+03 1.71989262789680014976E+03 1.81041329252294735852E+03 1.90093395714909479466E+03 1.99145462177524223080E+03 2.08197528640138943956E+03 2.17249595102753710307E+03 2.26301661565368431184E+03 2.35353728027983152060E+03 2.44405794490597918411E+03 2.53457860953212639288E+03 2.62509927415827405639E+03 2.71561993878442126515E+03 2.80614060341056847392E+03 2.89666126803671613743E+03 2.98718193266286334620E+03 3.07770259728901055496E+03 3.16822326191515821847E+03 3.25874392654130542724E+03 3.34926459116745263600E+03 3.43978525579360029951E+03 3.53030592041974750828E+03 3.62082658504589471704E+03 3.71134724967204238055E+03 3.80186791429818958932E+03 3.89238857892433725283E+03 3.98290924355048446159E+03 4.07342990817663167036E+03 4.16395057280277887912E+03 4.25447123742892654263E+03 4.34499190205507420615E+03 4.43551256668122096016E+03 4.52603323130736862367E+03 4.61655389593351628719E+03 4.70707456055966304120E+03 4.79759522518581070472E+03 4.88811588981195836823E+03 4.97863655443810512224E+03
0.00000000000000000000E+00 1.18399580181748518726E+02 2.36799160363497037451E+02 3.55198740545245584599E+02 4.73598320726994074903E+02 5.91997900908742622050E+02 7.10397481090491169198E+02 8.28797061272239602658E+02 9.47196641453988149806E+02 1.06559622163573658327E+03 1.18399580181748524410E+03 1.30239538199923367756E+03 1.42079496218098233840E+03 1.53919454236273077186E+03 1.65759412254447920532E+03 1.77599370272622786615E+03 1.89439328290797629961E+03 2.01279286308972496045E+03 2.13119244327147316653E+03 2.24959202345322182737E+03 2.36799160363497048820E+03 2.48639118381671914904E+03 2.60479076399846735512E+03 2.72319034418021601596E+03 2.84158992436196467679E+03 2.95998950454371288288E+03 3.07838908472546154371E+03 3.19678866490721020455E+03 3.31518824508895841063E+03 3.43358782527070707147E+03 3.55198740545245573230E+03 3.67038698563420393839E+03 3.78878656581595259922E+03 3.90718614599770126006E+03 4.02558572617944992089E+03 4.14398530636119812698E+03 4.26238488654294633307E+03 4.38078446672469544865E+03 4.49918404690644365473E+03 4.61758362708819186082E+03 4.73598320726994097640E+03 4.85438278745168918249E+03 4.97278236763343829807E+03 5.09118194781518650416E+03 5.20958152799693471025E+03 5.32798110817868382583E+03 5.44638068836043203191E+03 5.56478026854218023800E+03 5.68317984872392935358E+03 5.80157942890567755967E+03 5.91997900908742576576E+03 6.03837858926917488134E+03 6.15677816945092308742E+03 6.27517774963267129351E+03 6.39357732981442040909E+03 6.51197690999616861518E+03
0.00000000000000000000E+00 1.02385700510870918833E+02 2.04771401021741837667E+02 3.07157101532612784922E+02 4.09542802043483675334E+02 5.11928502554354622589E+02 6.14314203065225569844E+02 7.16699903576096517099E+02 8.19085604086967350668E+02 9.21471304597838297923E+02 1.02385700510870924518E+03 1.12624270561958019243E+03 1.22862840613045113969E+03 1.33101410664132208694E+03 1.43339980715219303420E+03 1.53578550766306398145E+03 1.63817120817393470134E+03 1.74055690868480564859E+03 1.84294260919567659585E+03 1.94532830970654754310E+03 2.04771401021741849036E+03 2.15009971072828921024E+03 2.25248541123916038487E+03 2.35487111175003110475E+03 2.45725681226090227938E+03 2.55964251277177299926E+03 2.66202821328264417389E+03 2.76441391379351489377E+03 2.86679961430438606840E+03 2.96918531481525678828E+03 3.07157101532612796291E+03 3.17395671583699868279E+03 3.27634241634786940267E+03 3.37872811685874057730E+03 3.48111381736961129718E+03 3.58349951788048247181E+03 3.68588521839135319169E+03 3.78827091890222436632E+03 3.89065661941309508620E+03 3.99304231992396626083E+03 4.09542802043483698071E+03 4.19781372094570815534E+03 4.30019942145657842048E+03 4.40258512196744959510E+03 4.50497082247832076973E+03 4.60735652298919194436E+03 4.70974222350006220950E+03 4.81212792401093338412E+03 4.91451362452180455875E+03 5.01689932503267573338E+03 5.11928502554354599852E+03 5.22167072605441717315E+03 5.32405642656528834777E+03 5.42644212707615861291E+03 5.52882782758702978754E+03 5.63121352809790096217E+03
0.00000000000000000000E+00 1.17134256290401438605E+02 2.34268512580802877210E+02 3.51402768871204330026E+02 4.68537025161605754420E+02 5.85671281452007178814E+02 7.02805537742408660051E+02 8.19939794032810027602E+02 9.37074050323211508839E+02 1.05420830661361287639E+03 1.17134256290401435763E+03 1.28847681919441583887E+03 1.40561107548481732010E+03 1.52274533177521880134E+03 1.63987958806562005520E+03 1.75701384435602153644E+03 1.87414810064642301768E+03 1.99128235693682449892E+03 2.10841661322722575278E+03 2.22555086951762723402E+03 2.34268512580802871526E+03 2.45981938209843019649E+03 2.57695363838883167773E+03 2.69408789467923315897E+03 2.81122215096963464021E+03 2.92835640726003612144E+03 3.04549066355043760268E+03 3.16262491984083908392E+03 3.27975917613124011041E+03 3.39689343242164159165E+03 3.51402768871204307288E+03 3.63116194500244455412E+03 3.74829620129284603536E+03 3.86543045758324751660E+03 3.98256471387364899783E+03 4.09969897016405047907E+03 4.21683322645445150556E+03 4.33396748274485344155E+03 4.45110173903525446804E+03 4.56823599532565640402E+03 4.68537025161605743051E+03 4.80250450790645936650E+03 4.91963876419686039299E+03 5.03677302048726232897E+03 5.15390727677766335546E+03 5.27104153306806438195E+03 5.38817578935846631794E+03 5.50531004564886734443E+03 5.62244430193926928041E+03 5.73957855822967030690E+03 5.85671281452007224289E+03 5.97384707081047326938E+03 6.09098132710087520536E+03 6.20811558339127623185E+03 6.32524983968167816784E+03 6.44238409597207919433E+03
0.00000000000000000000E+00 9.97827702626736368074E+01 1.99565540525347273615E+02 2.99348310788020910422E+02 3.99131081050694547230E+02 4.98913851313368184037E+02 5.98696621576041820845E+02 6.98479391838715400809E+02 7.98262162101389094460E+02 8.98044932364062788110E+02 9.97827702626736368074E+02 1.09761047288940994804E+03 1.19739324315208364169E+03 1.29717601341475733534E+03 1.39695878367743080162E+03 1.49674155394010449527E+03 1.59652432420277818892E+03 1.69630709446545188257E+03 1.79608986472812557622E+03 1.89587263499079904250E+03 1.99565540525347273615E+03 2.09543817551614620243E+03 2.19522094577881989608E+03 2.29500371604149358973E+03 2.39478648630416728338E+03 2.49456925656684097703E+03 2.59435202682951467068E+03 2.69413479709218836433E+03 2.79391756735486160323E+03 2.89370033761753529689E+03 2.99348310788020899054E+03 3.09326587814288268419E+03 3.19304864840555637784E+03 3.29283141866823007149E+03 3.39261418893090376514E+03 3.49239695919357745879E+03 3.59217972945625115244E+03 3.69196249971892439135E+03 3.79174526998159808500E+03 3.89152804024427177865E+03 3.99131081050694547230E+03 4.09109358076961916595E+03 4.19087635103229240485E+03 4.29065912129496609850E+03 4.39044189155763979215E+03 4.49022466182031348580E+03 4.59000743208298717946E+03 4.68979020234566087311E+03 4.78957297260833456676E+03 4.88935574287100826041E+03 4.98913851313368195406E+03 5.08892128339635564771E+03 5.18870405365902934136E+03 5.28848682392170303501E+03 5.38826959418437672866E+03 5.48805236444705042231E+03
0.00000000000000000000E+00 9.83511476198948457750E+01 1.96702295239789691550E+02 2.95053442859684537325E+02 3.93404590479579383100E+02 4.91755738099474228875E+02 5.90106885719369074650E+02 6.88458033339263920425E+02 7.86809180959158766200E+02 8.85160328579053611975E+02 9.83511476198948457750E+02 1.08186262381884330352E+03 1.18021377143873814930E+03 1.27856491905863299507E+03 1.37691606667852784085E+03 1.47526721429842268662E+03 1.57361836191831753240E+03 1.67196950953821237817E+03 1.77032065715810722395E+03 1.86867180477800206972E+03 1.96702295239789691550E+03 2.06537410001779153390E+03 2.16372524763768660705E+03 2.26207639525758122545E+03 2.36042754287747629860E+03 2.45877869049737091700E+03 2.55712983811726599015E+03 2.65548098573716060855E+03 2.75383213335705568170E+03 2.85218328097695030010E+03 2.95053442859684537325E+03 3.04888557621673999165E+03 3.14723672383663506480E+03 3.24558787145652968320E+03 3.34393901907642475635E+03 3.44229016669631937475E+03 3.54064131431621444790E+03 3.63899246193610906630E+03 3.73734360955600413945E+03 3.83569475717589875785E+03 3.93404590479579383100E+03 4.03239705241568844940E+03 4.13074820003558306780E+03 4.22909934765547859570E+03 4.32745049527537321410E+03 4.42580164289526783250E+03 4.52415279051516245090E+03 4.62250393813505706930E+03 4.72085508575495259720E+03 4.81920623337484721560E+03 4.91755738099474183400E+03 5.01590852861463645240E+03 5.11425967623453198030E+03 5.21261082385442659870E+03 5.31096197147432121710E+03 5.40931311909421583550E+03
0.00000000000000000000E+00 1.13313517198441317646E+02 2.26627034396882635292E+02 3.39940551595323938727E+02 4.53254068793765270584E+02 5.66567585992206545598E+02 6.79881103190647877454E+02 7.93194620389089209311E+02 9.06508137587530541168E+02 1.01982165478597187303E+03 1.13313517198441309120E+03 1.24644868918285442305E+03 1.35976220638129575491E+03 1.47307572357973708677E+03 1.58638924077817841862E+03 1.69970275797661975048E+03 1.81301627517506108234E+03 1.92632979237350241419E+03 2.03964330957194374605E+03 2.15295682677038485053E+03 2.26627034396882618239E+03 2.37958386116726751425E+03 2.49289737836570884610E+03 2.60621089556415017796E+03 2.71952441276259150982E+03 2.83283792996103284167E+03 2.94615144715947417353E+03 3.05946496435791550539E+03 3.17277848155635683725E+03 3.28609199875479816910E+03 3.39940551595323950096E+03 3.51271903315168083282E+03 3.62603255035012216467E+03 3.73934606754856349653E+03 3.85265958474700482839E+03 3.96597310194544616024E+03 4.07928661914388749210E+03 4.19260013634232836921E+03 4.30591365354076970107E+03 4.41922717073921103292E+03 4.53254068793765236478E+03 4.64585420513609369664E+03 4.75916772233453502849E+03 4.87248123953297636035E+03 4.98579475673141769221E+03 5.09910827392985902407E+03 5.21242179112830035592E+03 5.32573530832674168778E+03 5.43904882552518301964E+03 5.55236234272362435149E+03 5.66567585992206568335E+03 5.77898937712050701521E+03 5.89230289431894834706E+03 6.00561641151738967892E+03 6.11892992871583101078E+03 6.23224344591427234263E+03
0.00000000000000000000E+00 9.97639495926050727803E+01 1.99527899185210145561E+02 2.99291848777815232552E+02 3.99055798370420291121E+02 4.98819747963025349691E+02 5.98583697555630465104E+02 6.98347647148235523673E+02 7.98111596740840582243E+02 8.97875546333445640812E+02 9.97639495926050699381E+02 1.09740344551865587164E+03 1.19716739511126093021E+03 1.29693134470386598878E+03 1.39669529429647104735E+03 1.49645924388907610592E+03 1.59622319348168116449E+03 1.69598714307428622305E+03 1.79575109266689128162E+03 1.89551504225949634019E+03 1.99527899185210139876E+03 2.09504294144470668471E+03 2.19480689103731174328E+03 2.29457084062991680184E+03 2.39433479022252186041E+03 2.49409873981512691898E+03 2.59386268940773197755E+03 2.69362663900033703612E+03 2.79339058859294209469E+03 2.89315453818554715326E+03 2.99291848777815221183E+03 3.09268243737075727040E+03 3.19244638696336232897E+03 3.29221033655596738754E+03 3.39197428614857244611E+03 3.49173823574117750468E+03 3.59150218533378256325E+03 3.69126613492638762182E+03 3.79103008451899268039E+03 3.89079403411159773896E+03 3.99055798370420279753E+03 4.09032193329680785610E+03 4.19008588288941336941E+03 4.28984983248201842798E+03 4.38961378207462348655E+03 4.48937773166722854512E+03 4.58914168125983360369E+03 4.68890563085243866226E+03 4.78866958044504372083E+03 4.88843353003764877940E+03 4.98819747963025383797E+03 5.08796142922285889654E+03 5.18772537881546395511E+03 5.28748932840806901368E+03 5.38725327800067407225E+03 5.48701722759327913082E+03
0.00000000000000000000E+00 9.98531415593697317945E+01 1.99706283118739463589E+02 2.99559424678109166962E+02 3.99412566237478927178E+02 4.99265707796848630551E+02 5.99118849356218333924E+02 6.98971990915588094140E+02 7.98825132474957854356E+02 8.98678274034327614572E+02 9.98531415593697261102E+02 1.09838455715306690763E+03 1.19823769871243666785E+03 1.29809084027180642806E+03 1.39794398183117618828E+03 1.49779712339054594850E+03 1.59765026494991570871E+03 1.69750340650928546893E+03 1.79735654806865522914E+03 1.89720968962802476199E+03 1.99706283118739452220E+03 2.09691597274676450979E+03 2.19676911430613381526E+03 2.29662225586550357548E+03 2.39647539742487333569E+03 2.49632853898424309591E+03 2.59618168054361285613E+03 2.69603482210298261634E+03 2.79588796366235237656E+03 2.89574110522172213678E+03 2.99559424678109189699E+03 3.09544738834046165721E+03 3.19530052989983141742E+03 3.29515367145920117764E+03 3.39500681301857093786E+03 3.49485995457794069807E+03 3.59471309613731045829E+03 3.69456623769667976376E+03 3.79441937925604952397E+03 3.89427252081541928419E+03 3.99412566237478904441E+03 4.09397880393415880462E+03 4.19383194549352901959E+03 4.29368508705289877980E+03 4.39353822861226763052E+03 4.49339137017163739074E+03 4.59324451173100715096E+03 4.69309765329037691117E+03 4.79295079484974667139E+03 4.89280393640911643161E+03 4.99265707796848619182E+03 5.09251021952785595204E+03 5.19236336108722571225E+03 5.29221650264659547247E+03 5.39206964420596523269E+03 5.49192278576533499290E+03
0.00000000000000000000E+00 1.09265788084197112084E+02 2.18531576168394224169E+02 3.27797364252591364675E+02 4.37063152336788448338E+02 5.46328940420985532000E+02 6.55594728505182729350E+02 7.64860516589379813013E+02 8.74126304673576896676E+02 9.83392092757773980338E+02 1.09265788084197106400E+03 1.20192366892616814766E+03 1.31118945701036545870E+03 1.42045524509456254236E+03 1.52972103317875962603E+03 1.63898682126295670969E+03 1.74825260934715379335E+03 1.85751839743135087701E+03 1.96678418551554796068E+03 2.07604997359974504434E+03 2.18531576168394212800E+03 2.29458154976813921166E+03 2.40384733785233629533E+03 2.51311312593653337899E+03 2.62237891402073091740E+03 2.73164470210492800106E+03 2.84091049018912508473E+03 2.95017627827332216839E+03 3.05944206635751925205E+03 3.16870785444171633571E+03 3.27797364252591341938E+03 3.38723943061011050304E+03 3.49650521869430758670E+03 3.60577100677850467036E+03 3.71503679486270175403E+03 3.82430258294689883769E+03 3.93356837103109592135E+03 4.04283415911529300502E+03 4.15209994719949008868E+03 4.26136573528368717234E+03 4.37063152336788425600E+03 4.47989731145208133967E+03 4.58916309953627842333E+03 4.69842888762047550699E+03 4.80769467570467259065E+03 4.91696046378886967432E+03 5.02622625187306675798E+03 5.13549203995726475114E+03 5.24475782804146183480E+03 5.35402361612565891846E+03 5.46328940420985600213E+03 5.57255519229405308579E+03 5.68182098037825016945E+03 5.79108676846244725311E+03 5.90035255654664433678E+03 6.00961834463084142044E+03
0.00000000000000000000E+00 9.89542818310694940465E+01 1.97908563662138988093E+02 2.96862845493208453718E+02 3.95817127324277976186E+02 4.94771409155347441811E+02 5.93725690986416907435E+02 6.92679972817486486747E+02 7.91634254648555952372E+02 8.90588536479625417996E+02 9.89542818310694883621E+02 1.08849710014176434925E+03 1.18745138197283381487E+03 1.28640566380390328050E+03 1.38535994563497297349E+03 1.48431422746604243912E+03 1.58326850929711190474E+03 1.68222279112818137037E+03 1.78117707295925083599E+03 1.88013135479032030162E+03 1.97908563662138976724E+03 2.07803991845245946024E+03 2.17699420028352869849E+03 2.27594848211459839149E+03 2.37490276394566762974E+03 2.47385704577673732274E+03 2.57281132760780656099E+03 2.67176560943887625399E+03 2.77071989126994594699E+03 2.86967417310101518524E+03 2.96862845493208487824E+03 3.06758273676315411649E+03 3.16653701859422380949E+03 3.26549130042529304774E+03 3.36444558225636274074E+03 3.46339986408743197899E+03 3.56235414591850167199E+03 3.66130842774957136498E+03 3.76026270958064060324E+03 3.85921699141171029623E+03 3.95817127324277953448E+03 4.05712555507384922748E+03 4.15607983690491892048E+03 4.25503411873598815873E+03 4.35398840056705739698E+03 4.45294268239812663523E+03 4.55189696422919678298E+03 4.65085124606026602123E+03 4.74980552789133525948E+03 4.84875980972240540723E+03 4.94771409155347464548E+03 5.04666837338454388373E+03 5.14562265521561312198E+03 5.24457693704668326973E+03 5.34353121887775250798E+03 5.44248550070882174623E+03
0.00000000000000000000E+00 1.06682996112857495064E+02 2.13365992225714990127E+02 3.20048988338572485191E+02 4.26731984451429980254E+02 5.33414980564287475318E+02 6.40097976677144970381E+02 7.46780972790002465445E+02 8.53463968902859960508E+02 9.60146965015717455572E+02 1.06682996112857495064E+03 1.17351295724143255939E+03 1.28019595335428994076E+03 1.38687894946714754951E+03 1.49356194558000493089E+03 1.60024494169286253964E+03 1.70692793780571992102E+03 1.81361093391857752977E+03 1.92029393003143491114E+03 2.02697692614429251989E+03 2.13365992225714990127E+03 2.24034291837000728265E+03 2.34702591448286511877E+03 2.45370891059572250015E+03 2.56039190670857988152E+03 2.66707490282143726290E+03 2.77375789893429509902E+03 2.88044089504715248040E+03 2.98712389116000986178E+03 3.09380688727286724315E+03 3.20048988338572507928E+03 3.30717287949858246066E+03 3.41385587561143984203E+03 3.52053887172429722341E+03 3.62722186783715505953E+03 3.73390486395001244091E+03 3.84058786006286982229E+03 3.94727085617572720366E+03 4.05395385228858503979E+03 4.16063684840144196642E+03 4.26731984451429980254E+03 4.37400284062715763866E+03 4.48068583674001456529E+03 4.58736883285287240142E+03 4.69405182896573023754E+03 4.80073482507858716417E+03 4.90741782119144500030E+03 5.01410081730430283642E+03 5.12078381341715976305E+03 5.22746680953001759917E+03 5.33414980564287452580E+03 5.44083280175573236193E+03 5.54751579786859019805E+03 5.65419879398144712468E+03 5.76088179009430496080E+03 5.86756478620716279693E+03
0.00000000000000000000E+00 1.04304840059525119500E+02 2.08609680119050239000E+02 3.12914520178575344289E+02 4.17219360238100478000E+02 5.21524200297625611711E+02 6.25829040357150688578E+02 7.30133880416675765446E+02 8.34438720476200956000E+02 9.38743560535726032867E+02 1.04304840059525122342E+03 1.14735324065477630029E+03 1.25165808071430137716E+03 1.35596292077382645402E+03 1.46026776083335153089E+03 1.56457260089287683513E+03 1.66887744095240191200E+03 1.77318228101192698887E+03 1.87748712107145206573E+03 1.98179196113097714260E+03 2.08609680119050244684E+03 2.19040164125002729634E+03 2.29470648130955260058E+03 2.39901132136907790482E+03 2.50331616142860275431E+03 2.60762100148812805855E+03 2.71192584154765290805E+03 2.81623068160717821229E+03 2.92053552166670306178E+03 3.02484036172622836602E+03 3.12914520178575367026E+03 3.23345004184527851976E+03 3.33775488190480382400E+03 3.44205972196432867349E+03 3.54636456202385397773E+03 3.65066940208337928198E+03 3.75497424214290413147E+03 3.85927908220242943571E+03 3.96358392226195428520E+03 4.06788876232147958945E+03 4.17219360238100489369E+03 4.27649844244053019793E+03 4.38080328250005459267E+03 4.48510812255957989692E+03 4.58941296261910520116E+03 4.69371780267863050540E+03 4.79802264273815580964E+03 4.90232748279768020438E+03 5.00663232285720550863E+03 5.11093716291673081287E+03 5.21524200297625611711E+03 5.31954684303578051185E+03 5.42385168309530581610E+03 5.52815652315483112034E+03 5.63246136321435642458E+03 5.73676620327388172882E+03
0.00000000000000000000E+00 8.74046405501394758630E+01 1.74809281100278951726E+02 2.62213921650418456011E+02 3.49618562200557903452E+02 4.37023202750697407737E+02 5.24427843300836912022E+02 6.11832483850976359463E+02 6.99237124401115806904E+02 7.86641764951255254346E+02 8.74046405501394815474E+02 9.61451046051534262915E+02 1.04885568660167382404E+03 1.13626032715181327148E+03 1.22366496770195271893E+03 1.31106960825209216637E+03 1.39847424880223161381E+03 1.48587888935237106125E+03 1.57328352990251050869E+03 1.66068817045265018351E+03 1.74809281100278963095E+03 1.83549745155292907839E+03 1.92290209210306852583E+03 2.01030673265320797327E+03 2.09771137320334764809E+03 2.18511601375348709553E+03 2.27252065430362654297E+03 2.35992529485376599041E+03 2.44732993540390543785E+03 2.53473457595404488529E+03 2.62213921650418433273E+03 2.70954385705432378018E+03 2.79694849760446322762E+03 2.88435313815460267506E+03 2.97175777870474212250E+03 3.05916241925488156994E+03 3.14656705980502101738E+03 3.23397170035516091957E+03 3.32137634090530036701E+03 3.40878098145543981445E+03 3.49618562200557926190E+03 3.58359026255571870934E+03 3.67099490310585815678E+03 3.75839954365599760422E+03 3.84580418420613705166E+03 3.93320882475627649910E+03 4.02061346530641594654E+03 4.10801810585655584873E+03 4.19542274640669529617E+03 4.28282738695683474361E+03 4.37023202750697419106E+03 4.45763666805711363850E+03 4.54504130860725308594E+03 4.63244594915739253338E+03 4.71985058970753198082E+03 4.80725523025767142826E+03
0.00000000000000000000E+00 1.00154937121145536594E+02 2.00309874242291073188E+02 3.00464811363436638203E+02 4.00619748484582146375E+02 5.00774685605727711391E+02 6.00929622726873276406E+02 7.01084559848018784578E+02 8.01239496969164292750E+02 9.01394434090309800922E+02 1.00154937121145542278E+03 1.10170430833260093095E+03 1.20185924545374655281E+03 1.30201418257489194730E+03 1.40216911969603756916E+03 1.50232405681718296364E+03 1.60247899393832858550E+03 1.70263393105947420736E+03 1.80278886818061960184E+03 1.90294380530176522370E+03 2.00309874242291084556E+03 2.10325367954405646742E+03 2.20340861666520186191E+03 2.30356355378634725639E+03 2.40371849090749310562E+03 2.50387342802863850011E+03 2.60402836514978389459E+03 2.70418330227092928908E+03 2.80433823939207513831E+03 2.90449317651322053280E+03 3.00464811363436592728E+03 3.10480305075551177652E+03 3.20495798787665717100E+03 3.30511292499780256549E+03 3.40526786211894841472E+03 3.50542279924009380920E+03 3.60557773636123920369E+03 3.70573267348238505292E+03 3.80588761060353044741E+03 3.90604254772467584189E+03 4.00619748484582169112E+03 4.10635242196696708561E+03 4.20650735908811293484E+03 4.30666229620925787458E+03 4.40681723333040372381E+03 4.50697217045154957304E+03 4.60712710757269451278E+03 4.70728204469384036202E+03 4.80743698181498621125E+03 4.90759191893613115099E+03 5.00774685605727700022E+03 5.10790179317842284945E+03 5.20805673029956778919E+03 5.30821166742071363842E+03 5.40836660454185857816E+03 5.50852154166300442739E+03
0.00000000000000000000E+00 9.81297759089371481878E+01 1.96259551817874296376E+02 2.94389327726811416142E+02 3.92519103635748592751E+02 4.90648879544685712517E+02 5.88778655453622832283E+02 6.86908431362560008893E+02 7.85038207271497185502E+02 8.83167983180434248425E+02 9.81297759089371425034E+02 1.07942753499830860164E+03 1.17755731090724566457E+03 1.27568708681618295486E+03 1.37381686272512001779E+03 1.47194663863405708071E+03 1.57007641454299437100E+03 1.66820619045193143393E+03 1.76633596636086849685E+03 1.86446574226980578715E+03 1.96259551817874285007E+03 2.06072529408768014036E+03 2.15885506999661720329E+03 2.25698484590555426621E+03 2.35511462181449132913E+03 2.45324439772342839206E+03 2.55137417363236590973E+03 2.64950394954130297265E+03 2.74763372545024003557E+03 2.84576350135917709849E+03 2.94389327726811416142E+03 3.04202305317705167909E+03 3.14015282908598874201E+03 3.23828260499492580493E+03 3.33641238090386286785E+03 3.43454215681279993078E+03 3.53267193272173699370E+03 3.63080170863067451137E+03 3.72893148453961157429E+03 3.82706126044854863721E+03 3.92519103635748570014E+03 4.02332081226642276306E+03 4.12145058817536028073E+03 4.21958036408429688890E+03 4.31771013999323440657E+03 4.41583991590217192424E+03 4.51396969181110853242E+03 4.61209946772004605009E+03 4.71022924362898265827E+03 4.80835901953792017594E+03 4.90648879544685678411E+03 5.00461857135579430178E+03 5.10274834726473181945E+03 5.20087812317366842763E+03 5.29900789908260594530E+03 5.39713767499154255347E+03
0.00000000000000000000E+00 9.99883088978614154030E+01 1.99976617795722830806E+02 2.99964926693584288842E+02 3.99953235591445661612E+02 4.99941544489307091226E+02 5.99929853387168577683E+02 6.99918162285030007297E+02 7.99906471182891323224E+02 8.99894780080752752838E+02 9.99883088978614182452E+02 1.09987139787647561207E+03 1.19985970677433715537E+03 1.29984801567219847129E+03 1.39983632457006001459E+03 1.49982463346792133052E+03 1.59981294236578264645E+03 1.69980125126364418975E+03 1.79978956016150550568E+03 1.89977786905936704898E+03 1.99976617795722836490E+03 2.09975448685508990820E+03 2.19974279575295122413E+03 2.29973110465081254006E+03 2.39971941354867431073E+03 2.49970772244653562666E+03 2.59969603134439694259E+03 2.69968434024225825851E+03 2.79967264914012002919E+03 2.89966095803798134511E+03 2.99964926693584266104E+03 3.09963757583370397697E+03 3.19962588473156529290E+03 3.29961419362942706357E+03 3.39960250252728837950E+03 3.49959081142514969542E+03 3.59957912032301101135E+03 3.69956742922087278203E+03 3.79955573811873409795E+03 3.89954404701659541388E+03 3.99953235591445672981E+03 4.09952066481231850048E+03 4.19950897371017981641E+03 4.29949728260804113233E+03 4.39948559150590244826E+03 4.49947390040376376419E+03 4.59946220930162508012E+03 4.69945051819948639604E+03 4.79943882709734862146E+03 4.89942713599520993739E+03 4.99941544489307125332E+03 5.09940375379093256925E+03 5.19939206268879388517E+03 5.29938037158665520110E+03 5.39936868048451651703E+03 5.49935698938237783295E+03
0.00000000000000000000E+00 9.50476157346336236742E+01 1.90095231469267247348E+02 2.85142847203900885233E+02 3.80190462938534494697E+02 4.75238078673168161004E+02 5.70285694407801770467E+02 6.65333310142435379930E+02 7.60380925877068989394E+02 8.55428541611702598857E+02 9.50476157346336322007E+02 1.04552377308096993147E+03 1.14057138881560354093E+03 1.23561900455023715040E+03 1.33066662028487075986E+03 1.42571423601950436932E+03 1.52076185175413797879E+03 1.61580946748877158825E+03 1.71085708322340519771E+03 1.80590469895803903455E+03 1.90095231469267264401E+03 1.99599993042730625348E+03 2.09104754616193986294E+03 2.18609516189657324503E+03 2.28114277763120708187E+03 2.37619039336584091870E+03 2.47123800910047430079E+03 2.56628562483510813763E+03 2.66133324056974151972E+03 2.75638085630437535656E+03 2.85142847203900873865E+03 2.94647608777364257548E+03 3.04152370350827595757E+03 3.13657131924290979441E+03 3.23161893497754317650E+03 3.32666655071217701334E+03 3.42171416644681039543E+03 3.51676178218144423226E+03 3.61180939791607806910E+03 3.70685701365071145119E+03 3.80190462938534528803E+03 3.89695224511997867012E+03 3.99199986085461250696E+03 4.08704747658924588904E+03 4.18209509232387972588E+03 4.27714270805851356272E+03 4.37219032379314649006E+03 4.46723793952778032690E+03 4.56228555526241416374E+03 4.65733317099704800057E+03 4.75238078673168183741E+03 4.84742840246631476475E+03 4.94247601820094860159E+03 5.03752363393558243843E+03 5.13257124967021627526E+03 5.22761886540484920260E+03
0.00000000000000000000E+00 8.95783262423726824863E+01 1.79156652484745364973E+02 2.68734978727118061670E+02 3.58313304969490729945E+02 4.47891631211863455064E+02 5.37469957454236123340E+02 6.27048283696608791615E+02 7.16626609938981459891E+02 8.06204936181354128166E+02 8.95783262423726910129E+02 9.85361588666099578404E+02 1.07493991490847224668E+03 1.16451824115084491496E+03 1.25409656739321758323E+03 1.34367489363559025151E+03 1.43325321987796291978E+03 1.52283154612033558806E+03 1.61240987236270825633E+03 1.70198819860508092461E+03 1.79156652484745382026E+03 1.88114485108982648853E+03 1.97072317733219915681E+03 2.06030150357457159771E+03 2.14987982981694449336E+03 2.23945815605931693426E+03 2.32903648230168982991E+03 2.41861480854406272556E+03 2.50819313478643516646E+03 2.59777146102880806211E+03 2.68734978727118050301E+03 2.77692811351355339866E+03 2.86650643975592583956E+03 2.95608476599829873521E+03 3.04566309224067117611E+03 3.13524141848304407176E+03 3.22481974472541651267E+03 3.31439807096778940831E+03 3.40397639721016184922E+03 3.49355472345253474487E+03 3.58313304969490764051E+03 3.67271137593728008142E+03 3.76228970217965297707E+03 3.85186802842202541797E+03 3.94144635466439831362E+03 4.03102468090677075452E+03 4.12060300714914319542E+03 4.21018133339151609107E+03 4.29975965963388898672E+03 4.38933798587626188237E+03 4.47891631211863386852E+03 4.56849463836100676417E+03 4.65807296460337965982E+03 4.74765129084575255547E+03 4.83722961708812545112E+03 4.92680794333049743727E+03
0.00000000000000000000E+00 9.89970584556966031187E+01 1.97994116911393206237E+02 2.96991175367089795145E+02 3.95988233822786412475E+02 4.94985292278483029804E+02 5.93982350734179590290E+02 6.92979409189876264463E+02 7.91976467645572824949E+02 8.90973526101269499122E+02 9.89970584556966059608E+02 1.08896764301266262009E+03 1.18796470146835918058E+03 1.28696175992405596844E+03 1.38595881837975252893E+03 1.48495587683544908941E+03 1.58395293529114564990E+03 1.68294999374684221038E+03 1.78194705220253899824E+03 1.88094411065823555873E+03 1.97994116911393211922E+03 2.07893822756962890708E+03 2.17793528602532524019E+03 2.27693234448102202805E+03 2.37592940293671836116E+03 2.47492646139241514902E+03 2.57392351984811193688E+03 2.67292057830380826999E+03 2.77191763675950505785E+03 2.87091469521520139097E+03 2.96991175367089817883E+03 3.06890881212659496668E+03 3.16790587058229129980E+03 3.26690292903798808766E+03 3.36589998749368442077E+03 3.46489704594938120863E+03 3.56389410440507799649E+03 3.66289116286077432960E+03 3.76188822131647111746E+03 3.86088527977216745057E+03 3.95988233822786423843E+03 4.05887939668356102629E+03 4.15787645513925781415E+03 4.25687351359495369252E+03 4.35587057205065048038E+03 4.45486763050634726824E+03 4.55386468896204405610E+03 4.65286174741774084396E+03 4.75185880587343672232E+03 4.85085586432913351018E+03 4.94985292278483029804E+03 5.04884998124052708590E+03 5.14784703969622387376E+03 5.24684409815191975213E+03 5.34584115660761653999E+03 5.44483821506331332785E+03
