2.763768785079097157e+01 2.860353277068561795e+01 2.960270325478168729e+01 3.063606255408018342e+01 3.170446105221695277e+01 3.280878328984671555e+01 3.395103858479466652e+01 3.513517331435657809e+01 3.636566495524007081e+01 3.764572109140662803e+01 3.897706320101379163e+01 4.036060317602948544e+01 4.139849638593784675e+01 4.241959168758666721e+01 4.345457919569032157e+01 4.449997611336455350e+01 4.555358781127787893e+01 4.661446978817674847e+01 4.768218499780906683e+01 4.895076462174854726e+01 5.043626504892964135e+01 5.195601136713412416e+01 5.350968664229731786e+01 5.509686806785658320e+01 5.671702136519552084e+01 5.836949601813593347e+01 6.005353053979683864e+01 6.176825386930787687e+01 6.351265911726006408e+01 6.528558721018652022e+01 6.708573109865771755e+01 6.890975974876725729e+01 7.075514230780558478e+01 7.262272109650437812e+01 7.451064223459434288e+01 7.641691686943889295e+01 7.833942453055240662e+01 8.027591769354309292e+01 8.222402758629019104e+01 8.418127125476490846e+01 8.614507503646049713e+01 8.811332702747472467e+01 9.008796964605807034e+01 9.206194222002470440e+01 9.402815441431758359e+01 9.598266177751622763e+01 9.785620005515036723e+01 9.807823758028044381e+01 9.938872448119670366e+01 9.999999999999988631e+01 1.000000000000000284e+02 1.000000000000003837e+02 9.999999999999997158e+01 9.999999999999995737e+01 1.000000000000000853e+02 1.000000000000000853e+02
1.000000000000000000e+02 1.000000000000000000e+02 1.000000000000000000e+02 1.000000000000000000e+02 1.000000000000000000e+02 1.000000000000000000e+02 1.000000000000000000e+02 1.000000000000000000e+02 9.999999999999997158e+01 1.000000000000000000e+02 1.000000000000000000e+02 1.000000000000000000e+02 1.000000000000000000e+02 1.000000000000000000e+02 1.000000000000000000e+02 1.000000000000000000e+02 9.999999999999997158e+01 1.000000000000000000e+02 1.000000000000000000e+02 1.000000000000000000e+02 1.000000000000000000e+02 1.000000000000000000e+02 1.000000000000000284e+02 1.000000000000000000e+02 1.000000000000000000e+02 1.000000000000000000e+02 1.000000000000000000e+02 1.000000000000000000e+02 1.000000000000000000e+02 1.000000000000000000e+02 1.000000000000000000e+02 1.000000000000000000e+02 1.000000000000000000e+02 1.000000000000000000e+02 1.000000000000000000e+02 1.000000000000000000e+02 1.000000000000000000e+02 1.000000000000000000e+02 1.000000000000000000e+02 1.000000000000000000e+02 1.000000000000000000e+02 1.000000000000000000e+02 1.000000000000000000e+02 1.000000000000000000e+02 1.000000000000000000e+02 1.000000000000000000e+02 1.000000000000000000e+02 1.000000000000000000e+02 1.000000000000000000e+02 1.000000000000000000e+02 1.000000000000000000e+02 1.000000000000000000e+02 1.000000000000000000e+02 1.000000000000000000e+02 1.000000000000000000e+02 1.000000000000000000e+02
1.000000000000000284e+02 1.000000000000000000e+02 1.000000000000000284e+02 1.000000000000000000e+02 1.000000000000000000e+02 9.999999999999998579e+01 9.999999999999998579e+01 1.000000000000000000e+02 1.000000000000000000e+02 1.000000000000000000e+02 1.000000000000000000e+02 1.000000000000000000e+02 1.000000000000000000e+02 1.000000000000000000e+02 1.000000000000000000e+02 1.000000000000000000e+02 1.000000000000000000e+02 1.000000000000000000e+02 1.000000000000000000e+02 1.000000000000000000e+02 1.000000000000000000e+02 1.000000000000000000e+02 1.000000000000000000e+02 1.000000000000000000e+02 1.000000000000000000e+02 1.000000000000000000e+02 1.000000000000000000e+02 1.000000000000000000e+02 1.000000000000000000e+02 1.000000000000000000e+02 1.000000000000000000e+02 1.000000000000000000e+02 1.000000000000000000e+02 1.000000000000000000e+02 1.000000000000000000e+02 1.000000000000000000e+02 1.000000000000000000e+02 1.000000000000000000e+02 1.000000000000000000e+02 1.000000000000000000e+02 1.000000000000000000e+02 1.000000000000000000e+02 1.000000000000000000e+02 1.000000000000000000e+02 1.000000000000000000e+02 1.000000000000000000e+02 1.000000000000000000e+02 1.000000000000000000e+02 1.000000000000000000e+02 1.000000000000000000e+02 1.000000000000000000e+02 1.000000000000000000e+02 1.000000000000000000e+02 1.000000000000000000e+02 1.000000000000000000e+02 1.000000000000000000e+02
1.000000000000000284e+02 9.999999999999997158e+01 1.000000000000000284e+02 9.999999999999997158e+01 1.000000000000000000e+02 9.999999999999997158e+01 9.999999999999997158e+01 9.999999999999997158e+01 9.999999999999997158e+01 1.000000000000000284e+02 1.000000000000000284e+02 1.000000000000000284e+02 1.000000000000000284e+02 9.999999999999998579e+01 9.999999999999997158e+01 9.999999999999998579e+01 9.999999999999997158e+01 9.999999999999998579e+01 1.000000000000000284e+02 1.000000000000000284e+02 9.999999999999998579e+01 1.000000000000000284e+02 9.999999999999998579e+01 9.999999999999997158e+01 9.999999999999997158e+01 1.000000000000000284e+02 1.000000000000000284e+02 1.000000000000000000e+02 9.999999999999998579e+01 1.000000000000000000e+02 1.000000000000000000e+02 1.000000000000000000e+02 1.000000000000000000e+02 9.999999999999997158e+01 1.000000000000000000e+02 1.000000000000000000e+02 1.000000000000000000e+02 1.000000000000000000e+02 1.000000000000000000e+02 1.000000000000000000e+02 1.000000000000000000e+02 1.000000000000000000e+02 9.999999999999997158e+01 1.000000000000000000e+02 1.000000000000000000e+02 1.000000000000000000e+02 1.000000000000000000e+02 1.000000000000000000e+02 1.000000000000000000e+02 1.000000000000000000e+02 1.000000000000000000e+02 1.000000000000000000e+02 1.000000000000000000e+02 1.000000000000000000e+02 1.000000000000000000e+02 1.000000000000000000e+02
1.000000000000000000e+02 9.999999999999998579e+01 1.000000000000000000e+02 9.999999999999998579e+01 1.000000000000000000e+02 1.000000000000000000e+02 1.000000000000000000e+02 1.000000000000000000e+02 1.000000000000000000e+02 1.000000000000000000e+02 1.000000000000000000e+02 1.000000000000000000e+02 1.000000000000000000e+02 1.000000000000000000e+02 1.000000000000000000e+02 1.000000000000000000e+02 1.000000000000000000e+02 1.000000000000000000e+02 1.000000000000000000e+02 1.000000000000000000e+02 1.000000000000000000e+02 1.000000000000000000e+02 1.000000000000000000e+02 1.000000000000000000e+02 1.000000000000000000e+02 1.000000000000000000e+02 1.000000000000000000e+02 1.000000000000000000e+02 1.000000000000000000e+02 1.000000000000000000e+02 1.000000000000000000e+02 1.000000000000000000e+02 1.000000000000000000e+02 1.000000000000000000e+02 1.000000000000000000e+02 1.000000000000000000e+02 1.000000000000000000e+02 1.000000000000000000e+02 1.000000000000000000e+02 1.000000000000000000e+02 1.000000000000000000e+02 1.000000000000000000e+02 1.000000000000000000e+02 1.000000000000000000e+02 1.000000000000000000e+02 1.000000000000000000e+02 1.000000000000000000e+02 1.000000000000000000e+02 1.000000000000000000e+02 1.000000000000000000e+02 1.000000000000000000e+02 1.000000000000000000e+02 1.000000000000000000e+02 1.000000000000000000e+02 1.000000000000000000e+02 1.000000000000000000e+02
1.000000000000000000e+02 1.000000000000000000e+02 1.000000000000000000e+02 1.000000000000000000e+02 1.000000000000000000e+02 1.000000000000000000e+02 1.000000000000000000e+02 1.000000000000000000e+02 1.000000000000000000e+02 1.000000000000000000e+02 1.000000000000000000e+02 1.000000000000000000e+02 1.000000000000000000e+02 1.000000000000000000e+02 1.000000000000000000e+02 1.000000000000000000e+02 1.000000000000000000e+02 1.000000000000000000e+02 1.000000000000000000e+02 1.000000000000000000e+02 1.000000000000000000e+02 1.000000000000000000e+02 1.000000000000000000e+02 1.000000000000000000e+02 1.000000000000000000e+02 1.000000000000000000e+02 1.000000000000000000e+02 1.000000000000000000e+02 1.000000000000000000e+02 1.000000000000000000e+02 1.000000000000000000e+02 1.000000000000000000e+02 1.000000000000000000e+02 1.000000000000000000e+02 1.000000000000000000e+02 1.000000000000000000e+02 1.000000000000000000e+02 1.000000000000000000e+02 1.000000000000000000e+02 1.000000000000000000e+02 1.000000000000000000e+02 1.000000000000000000e+02 1.000000000000000000e+02 1.000000000000000000e+02 1.000000000000000000e+02 1.000000000000000000e+02 1.000000000000000000e+02 1.000000000000000000e+02 1.000000000000000000e+02 1.000000000000000000e+02 1.000000000000000000e+02 1.000000000000000000e+02 1.000000000000000000e+02 1.000000000000000000e+02 1.000000000000000000e+02 1.000000000000000000e+02
4.361256888391289266e+01 4.460805536677575844e+01 4.561028969246270748e+01 4.661865974224282638e+01 4.774264759420058368e+01 4.914325197634180853e+01 5.057628063796938278e+01 5.204161351508452071e+01 5.353905129769883331e+01 5.506831088644214844e+01 5.662902098281924168e+01 5.822071859723278209e+01 5.984285230513789600e+01 6.149478396222609433e+01 6.317577228668239542e+01 6.488495556024170696e+01 6.662135032946714830e+01 6.838183697627916047e+01 7.016467536784699632e+01 7.197083406965931829e+01 7.379888355565815061e+01 7.564728293054155017e+01 7.751438153084467331e+01 7.939842136134842576e+01 8.129754039785154873e+01 8.320977677859735877e+01 8.513307389684730708e+01 8.706551482850211698e+01 8.900671321090813137e+01 9.095537922411701004e+01 9.290599848156107043e+01 9.485333318826751281e+01 9.679368237797942243e+01 9.787367471548029130e+01 9.849413207659121383e+01 9.998607181811270550e+01 9.999999999999987210e+01 1.000000000000000853e+02 1.000000000000000711e+02 1.000000000000000711e+02 1.000000000000000711e+02 1.000000000000000853e+02 9.999999999999992895e+01 1.000000000000000284e+02 9.999999999999995737e+01 9.999999999999997158e+01 1.000000000000000426e+02 9.999999999999995737e+01 9.999999999999992895e+01 9.999999999999992895e+01 9.999999999999998579e+01 9.999999999999991473e+01 9.999999999999997158e+01 1.000000000000003979e+02 1.000000000000000284e+02 1.000000000000000426e+02
1.623155891625420821e+01 1.681566259254455176e+01 1.742227887368560246e+01 1.805224205827074968e+01 1.870640801403767739e+01 1.938565347822969898e+01 2.009087516546996355e+01 2.082298866199955967e+01 2.158292708372733060e+01 2.237163947416466669e+01 2.319008891699057173e+01 2.403925033675630729e+01 2.492010796012278107e+01 2.583365240908251437e+01 2.678087739688858449e+01 2.776277599698222076e+01 2.878033645511142069e+01 2.983453751517435393e+01 3.092634323016204689e+01 3.205670650904463059e+01 3.322716726226681061e+01 3.444132738019259676e+01 3.570411152763816176e+01 3.701945673422296323e+01 3.838956838281874440e+01 3.981557132316902425e+01 4.116323467523264412e+01 4.223478365309066618e+01 4.332357891711023257e+01 4.442527842861676390e+01 4.553686924459775298e+01 4.665704759012792380e+01 4.778524220865477190e+01 4.892104178568158090e+01 5.036622904172114090e+01 5.194928909752316315e+01 5.356837730663879427e+01 5.522288372596057116e+01 5.691205578591304004e+01 5.863499185439694372e+01 6.039065121590805063e+01 6.217785158285341396e+01 6.399522708759718626e+01 6.584122152954830653e+01 6.771409845548362227e+01 6.961000057532623941e+01 7.152586089333050268e+01 7.346209545764089910e+01 7.540404111860880221e+01 7.667798544066273791e+01 7.739740076012337511e+01 7.772629544054869655e+01 7.780436743385213560e+01 7.775313818293237489e+01 7.651846026915566767e+01 8.699875830469733273e+01
8.214441126473637667e+01 8.399868019160801680e+01 8.586773624238207958e+01 8.775040014022768275e+01 8.964637873146658364e+01 9.155441156861864727e+01 9.347099431156735250e+01 9.539216483641736488e+01 9.731469996825262569e+01 9.780676842215851252e+01 9.898225526034180177e+01 9.999999999999997158e+01 1.000000000000000284e+02 9.999999999999992895e+01 1.000000000000000711e+02 1.000000000000000711e+02 9.999999999999992895e+01 1.000000000000000284e+02 1.000000000000000853e+02 9.999999999999991473e+01 1.000000000000000711e+02 1.000000000000000711e+02 1.000000000000000711e+02 1.000000000000000284e+02 1.000000000000000711e+02 9.999999999999997158e+01 9.999999999999994316e+01 9.999999999999998579e+01 9.999999999999997158e+01 1.000000000000000711e+02 1.000000000000000426e+02 9.999999999999994316e+01 9.999999999999995737e+01 1.000000000000000426e+02 1.000000000000000284e+02 1.000000000000000426e+02 9.999999999999994316e+01 9.999999999999994316e+01 9.999999999999998579e+01 9.999999999999998579e+01 9.999999999999998579e+01 9.999999999999995737e+01 9.999999999999995737e+01 9.999999999999997158e+01 1.000000000000000426e+02 9.999999999999998579e+01 1.000000000000000284e+02 1.000000000000000284e+02 1.000000000000004263e+02 9.999999999999997158e+01 9.999999999999997158e+01 9.999999999999997158e+01 1.000000000000000284e+02 1.000000000000000000e+02 9.999999999999997158e+01 1.000000000000000284e+02
9.999999999999997158e+01 9.999999999999997158e+01 9.999999999999997158e+01 9.999999999999998579e+01 1.000000000000000284e+02 1.000000000000000284e+02 1.000000000000000284e+02 1.000000000000000426e+02 1.000000000000000284e+02 1.000000000000000284e+02 1.000000000000000284e+02 1.000000000000000284e+02 1.000000000000000284e+02 9.999999999999998579e+01 9.999999999999998579e+01 1.000000000000000284e+02 9.999999999999998579e+01 9.999999999999997158e+01 9.999999999999998579e+01 9.999999999999998579e+01 1.000000000000000284e+02 1.000000000000000000e+02 9.999999999999998579e+01 1.000000000000000000e+02 1.000000000000000284e+02 9.999999999999997158e+01 9.999999999999997158e+01 1.000000000000000000e+02 1.000000000000000000e+02 1.000000000000000000e+02 1.000000000000000000e+02 1.000000000000000000e+02 1.000000000000000000e+02 1.000000000000000000e+02 1.000000000000000000e+02 1.000000000000000000e+02 1.000000000000000000e+02 1.000000000000000000e+02 1.000000000000000000e+02 1.000000000000000000e+02 1.000000000000000000e+02 1.000000000000000000e+02 1.000000000000000000e+02 1.000000000000000000e+02 1.000000000000000000e+02 1.000000000000000000e+02 1.000000000000000000e+02 1.000000000000000000e+02 1.000000000000000000e+02 1.000000000000000000e+02 1.000000000000000000e+02 1.000000000000000000e+02 1.000000000000000000e+02 1.000000000000000000e+02 1.000000000000000000e+02 1.000000000000000000e+02
4.201026640061908957e+00 4.347017896756081967e+00 4.498886535188447944e+00 4.656895324009589388e+00 4.821319562204934073e+00 4.992447681745252552e+00 5.170581876150015077e+00 5.356038755510191152e+00 5.549150028433729176e+00 5.750263211274603492e+00 5.959742364881599919e+00 6.177968858954890230e+00 6.405342163921668330e+00 6.642280670032954859e+00 6.889222533139966131e+00 7.146626546323174622e+00 7.414973036216020219e+00 7.694764782483093590e+00 7.986527958472369626e+00 8.290813090556618192e+00 8.608196033101558342e+00 8.939278955342084387e+00 9.284691335701291237e+00 9.645090958241558710e+00 1.002116490498427481e+01 1.041363053676107953e+01 1.082323645405406154e+01 1.125076342793717110e+01 1.169702528972498889e+01 1.216286976626766503e+01 1.264917924597564181e+01 1.315687145861688734e+01 1.368690004967726104e+01 1.424025502761199213e+01 1.481796305962863336e+01 1.542108758872072016e+01 1.605072874152088502e+01 1.670802299315766604e+01 1.739414255168739132e+01 1.811029442085196095e+01 1.885771909590092577e+01 1.963768884304867512e+01 2.045150550885833240e+01 2.130049780152059213e+01 2.218601798170001871e+01 2.310943789646181656e+01 2.407214428589106703e+01 2.507553328852807795e+01 2.612100406885773296e+01 2.678441086393759107e+01 2.676439164225447698e+01 2.620475953068875441e+01 2.521470448750571691e+01 2.388184101257007441e+01 2.225645544132673237e+01 1.950627040364929599e+01
4.563191251432621165e+00 4.722477884374415069e+00 4.888188228124878520e+00 5.060608934982534279e+00 5.240040217386157551e+00 5.426796486448629331e+00 5.621207016273971568e+00 5.823616634358745436e+00 6.034386438257502761e+00 6.253894538542244419e+00 6.482536827912895205e+00 6.720727776109218787e+00 6.968901250034393868e+00 7.227511358222556304e+00 7.497033318457477336e+00 7.777964346978821553e+00 8.070824567283127138e+00 8.376157936037625262e+00 8.694533183066806004e+00 9.026544761736605693e+00 9.372813805340699744e+00 9.733989084281983395e+00 1.011074795792456804e+01 1.050379731396231087e+01 1.091387448699857110e+01 1.134174814674040732e+01 1.178821914478127830e+01 1.225412130734924609e+01 1.274032215964115444e+01 1.324772356541999940e+01 1.377726226341957272e+01 1.432991027977167420e+01 1.490667519312595957e+01 1.550860022638396174e+01 1.613676413599444004e+01 1.679228086657847996e+01 1.747629893525948930e+01 1.819000050649022882e+01 1.893460011441910495e+01 1.971134298593482370e+01 2.052150291355167155e+01 2.136637962325572815e+01 2.224729557845776284e+01 2.316559215732608834e+01 2.412262513717607249e+01 2.511975941636442755e+01 2.615836290148939725e+01 2.723979948580307919e+01 2.836542104385136298e+01 2.907066256862501064e+01 2.905974212557453384e+01 2.847968953311590923e+01 2.744378330092506602e+01 2.604248169922702516e+01 2.432640723837747743e+01 2.134223156724040393e+01
1.342559544897064416e+00 1.385753747606711439e+00 1.430606928395471433e+00 1.477192132763016419e+00 1.525585993381683991e+00 1.575868922118481619e+00 1.628125313002189545e+00 1.682443756780039434e+00 1.738917267745929918e+00 1.797643523561219814e+00 1.858725118830183876e+00 1.922269833235232595e+00 1.988390915081857058e+00 2.057207381150341075e+00 2.128844333799761124e+00 2.203433296320835399e+00 2.281112567586376372e+00 2.362027597102506871e+00 2.446331381619406997e+00 2.534184884517556302e+00 2.625757479243556070e+00 2.721227418128616460e+00 2.820782327982279902e+00 2.924619733913071951e+00 3.032947612886435884e+00 3.145984978587267555e+00 3.263962499209829726e+00 3.387123149848322967e+00 3.515722901209530349e+00 3.650031446408939839e+00 3.790332967645906326e+00 3.936926944576285337e+00 4.090129006212809060e+00 4.250271828180043343e+00 4.417706077129731845e+00 4.592801404078883820e+00 4.775947488364494120e+00 4.967555133808671641e+00 5.168057418551781801e+00 5.377910899831457314e+00 5.597596874755870644e+00 5.827622697829512255e+00 6.068523155632822963e+00 6.320861898618409747e+00 6.585232929455599127e+00 6.862262146719007028e+00 7.152608941954895272e+00 7.456967847259118543e+00 7.776070229437093140e+00 8.021284377975195667e+00 8.013840807454119641e+00 7.816297099347317534e+00 7.470962081533158106e+00 7.012361668357386613e+00 6.462683872786247008e+00 5.666033604284385738e+00
1.000000000000000000e+02 1.000000000000000000e+02 1.000000000000000000e+02 1.000000000000000000e+02 1.000000000000000000e+02 1.000000000000000000e+02 1.000000000000000000e+02 1.000000000000000000e+02 1.000000000000000000e+02 1.000000000000000000e+02 1.000000000000000000e+02 1.000000000000000000e+02 1.000000000000000000e+02 1.000000000000000000e+02 1.000000000000000000e+02 1.000000000000000000e+02 1.000000000000000000e+02 1.000000000000000000e+02 1.000000000000000000e+02 1.000000000000000000e+02 1.000000000000000000e+02 1.000000000000000000e+02 1.000000000000000000e+02 1.000000000000000000e+02 1.000000000000000000e+02 1.000000000000000000e+02 1.000000000000000000e+02 1.000000000000000000e+02 1.000000000000000000e+02 1.000000000000000000e+02 1.000000000000000000e+02 1.000000000000000000e+02 1.000000000000000000e+02 1.000000000000000000e+02 1.000000000000000000e+02 1.000000000000000000e+02 1.000000000000000000e+02 1.000000000000000000e+02 1.000000000000000000e+02 1.000000000000000000e+02 1.000000000000000000e+02 1.000000000000000000e+02 1.000000000000000000e+02 1.000000000000000000e+02 1.000000000000000000e+02 1.000000000000000000e+02 1.000000000000000000e+02 1.000000000000000000e+02 1.000000000000000000e+02 1.000000000000000000e+02 1.000000000000000000e+02 1.000000000000000000e+02 1.000000000000000000e+02 1.000000000000000000e+02 1.000000000000000000e+02 1.000000000000000000e+02
1.000000000000000000e+02 1.000000000000000284e+02 1.000000000000000000e+02 1.000000000000000000e+02 1.000000000000000000e+02 1.000000000000000000e+02 1.000000000000000000e+02 1.000000000000000000e+02 1.000000000000000000e+02 1.000000000000000000e+02 1.000000000000000000e+02 1.000000000000000000e+02 1.000000000000000000e+02 1.000000000000000000e+02 1.000000000000000000e+02 1.000000000000000000e+02 1.000000000000000000e+02 1.000000000000000000e+02 1.000000000000000000e+02 1.000000000000000000e+02 1.000000000000000000e+02 1.000000000000000000e+02 1.000000000000000000e+02 1.000000000000000000e+02 1.000000000000000000e+02 1.000000000000000000e+02 1.000000000000000000e+02 1.000000000000000000e+02 1.000000000000000000e+02 1.000000000000000000e+02 1.000000000000000000e+02 1.000000000000000000e+02 1.000000000000000000e+02 1.000000000000000000e+02 1.000000000000000000e+02 1.000000000000000000e+02 1.000000000000000000e+02 1.000000000000000000e+02 1.000000000000000000e+02 1.000000000000000000e+02 1.000000000000000000e+02 1.000000000000000000e+02 1.000000000000000000e+02 1.000000000000000000e+02 1.000000000000000000e+02 1.000000000000000000e+02 1.000000000000000000e+02 1.000000000000000000e+02 1.000000000000000000e+02 1.000000000000000000e+02 1.000000000000000000e+02 1.000000000000000000e+02 1.000000000000000000e+02 1.000000000000000000e+02 1.000000000000000000e+02 1.000000000000000000e+02
1.094343635122327996e+01 1.133758310280411763e+01 1.174745719379469477e+01 1.217370701941250033e+01 1.261700528177054892e+01 1.307804945885899883e+01 1.355756221874014855e+01 1.405629176838232652e+01 1.457501212536157453e+01 1.511452329937208816e+01 1.567565136910368828e+01 1.625924843856770607e+01 1.686619245538226863e+01 1.749738687186731312e+01 1.815376012806089889e+01 1.883626493395084012e+01 1.954587732634298902e+01 2.028359547386832062e+01 2.105043820169937874e+01 2.184744320561595288e+01 2.267566492318137605e+01 2.353617202799791741e+01 2.443004451135767496e+01 2.535837031415609744e+01 2.632224147075958953e+01 2.732274972570755622e+01 2.836098158375782674e+01 2.943801275399773942e+01 3.055490194961920736e+01 3.171268462767035601e+01 3.291253150686224416e+01 3.415844835513003375e+01 3.545606971736140878e+01 3.680952011289018344e+01 3.822095195255851507e+01 3.969148028706882059e+01 4.119569190272052595e+01 4.230997497152984721e+01 4.344365619001359136e+01 4.459167763110801275e+01 4.575052887946288394e+01 4.691886743754839983e+01 4.809608503331014617e+01 4.928169782766904916e+01 5.064141355561917379e+01 5.228186195280917303e+01 5.395988622848491900e+01 5.567467724507569926e+01 5.742172633463240317e+01 5.834898066665004279e+01 5.846459318330541066e+01 5.790100539034165195e+01 5.677700353724899429e+01 5.517941669367694146e+01 5.286225144199806181e+01 5.582694485551535024e+01
1.000000000000000284e+02 1.000000000000000284e+02 9.999999999999997158e+01 9.999999999999998579e+01 9.999999999999998579e+01 1.000000000000000284e+02 9.999999999999997158e+01 1.000000000000000284e+02 9.999999999999997158e+01 9.999999999999997158e+01 1.000000000000000284e+02 9.999999999999998579e+01 1.000000000000000284e+02 1.000000000000000284e+02 9.999999999999998579e+01 9.999999999999998579e+01 1.000000000000000284e+02 1.000000000000000000e+02 1.000000000000000000e+02 1.000000000000000000e+02 1.000000000000000000e+02 9.999999999999997158e+01 1.000000000000000000e+02 1.000000000000000000e+02 1.000000000000000000e+02 1.000000000000000000e+02 1.000000000000000000e+02 9.999999999999997158e+01 1.000000000000000000e+02 1.000000000000000284e+02 1.000000000000000000e+02 1.000000000000000000e+02 1.000000000000000000e+02 1.000000000000000000e+02 1.000000000000000000e+02 1.000000000000000000e+02 1.000000000000000000e+02 1.000000000000000284e+02 1.000000000000000000e+02 1.000000000000000284e+02 1.000000000000000000e+02 9.999999999999998579e+01 1.000000000000000000e+02 1.000000000000000000e+02 1.000000000000000000e+02 1.000000000000000000e+02 1.000000000000000000e+02 1.000000000000000000e+02 1.000000000000000000e+02 1.000000000000000000e+02 1.000000000000000000e+02 1.000000000000000000e+02 1.000000000000000000e+02 1.000000000000000000e+02 1.000000000000000000e+02 1.000000000000000000e+02
1.892877799846570142e+01 1.960694747667568905e+01 2.031067634468820415e+01 2.104085042485650447e+01 2.179837199165669404e+01 2.258415823681377432e+01 2.339913946869845773e+01 2.424425702196901611e+01 2.512046085248221416e+01 2.602870679169530987e+01 2.696995343420784863e+01 2.794515863174654768e+01 2.895527556689000903e+01 3.000124838019296192e+01 3.108400732518960652e+01 3.220447913436758824e+01 3.336429908590580595e+01 3.456702081577795838e+01 3.581736248020080637e+01 3.711913762538513595e+01 3.847452466212353528e+01 3.988464040788021236e+01 4.116697532868248999e+01 4.222279721845806932e+01 4.329516155067593530e+01 4.437978269832213130e+01 4.547381191143932710e+01 4.657605075165013631e+01 4.768597787555626866e+01 4.880320914867333926e+01 5.028829863069203299e+01 5.185044830636580571e+01 5.344803220885066963e+01 5.508050638331938131e+01 5.674719435880505358e+01 5.844728113679630610e+01 6.017981951979115252e+01 6.194373365264326026e+01 6.373778076244030899e+01 6.556053847712284721e+01 6.741041361228768380e+01 6.928401704939302874e+01 7.117788121324674933e+01 7.309284437057063144e+01 7.502667749003873610e+01 7.697699667091536924e+01 7.894126845563438621e+01 8.091681673091800064e+01 8.288681526424575452e+01 8.434478460082543450e+01 8.544915367063570955e+01 8.638904885918060472e+01 8.734289918768901373e+01 8.850098922866490625e+01 8.825173924810719939e+01 1.000000000000000853e+02
6.262023844201122103e+01 6.426853029014503704e+01 6.594399156858156630e+01 6.764438949890333674e+01 6.936725021185300477e+01 7.111430342048653586e+01 7.288446241891546151e+01 7.467654840465942812e+01 7.648929098740832444e+01 7.832132927968238789e+01 8.017121359656792379e+01 8.203740778675626188e+01 8.391829221142675976e+01 8.581216738120483001e+01 8.771761360735651181e+01 8.963448558155900514e+01 9.156100421895472152e+01 9.349273303321514561e+01 9.542533014448464712e+01 9.735539721638902222e+01 9.786586684806982817e+01 9.899024765299357398e+01 9.999999999999992895e+01 1.000000000000000711e+02 1.000000000000000426e+02 1.000000000000000284e+02 9.999999999999992895e+01 9.999999999999995737e+01 9.999999999999997158e+01 9.999999999999997158e+01 9.999999999999997158e+01 9.999999999999992895e+01 1.000000000000000711e+02 1.000000000000000853e+02 9.999999999999998579e+01 1.000000000000000711e+02 1.000000000000000426e+02 9.999999999999998579e+01 1.000000000000000711e+02 9.999999999999960210e+01 9.999999999999998579e+01 1.000000000000000711e+02 9.999999999999997158e+01 9.999999999999997158e+01 9.999999999999992895e+01 1.000000000000000284e+02 1.000000000000000284e+02 1.000000000000000284e+02 9.999999999999998579e+01 9.999999999999998579e+01 1.000000000000000284e+02 1.000000000000000284e+02 9.999999999999998579e+01 9.999999999999997158e+01 1.000000000000000284e+02 1.000000000000000284e+02
9.767623227835795774e+01 9.832376531481598647e+01 9.991123786087992187e+01 1.000000000000000711e+02 9.999999999999995737e+01 9.999999999999997158e+01 1.000000000000000284e+02 1.000000000000000284e+02 9.999999999999991473e+01 1.000000000000000426e+02 1.000000000000000000e+02 9.999999999999992895e+01 1.000000000000000711e+02 9.999999999999995737e+01 1.000000000000000284e+02 9.999999999999998579e+01 9.999999999999992895e+01 9.999999999999998579e+01 1.000000000000000284e+02 1.000000000000000284e+02 1.000000000000000284e+02 1.000000000000000284e+02 9.999999999999997158e+01 9.999999999999995737e+01 9.999999999999998579e+01 1.000000000000000284e+02 9.999999999999998579e+01 9.999999999999998579e+01 1.000000000000000284e+02 1.000000000000000426e+02 9.999999999999995737e+01 1.000000000000000284e+02 9.999999999999995737e+01 9.999999999999998579e+01 9.999999999999995737e+01 9.999999999999997158e+01 9.999999999999997158e+01 1.000000000000000284e+02 1.000000000000000284e+02 9.999999999999998579e+01 9.999999999999998579e+01 9.999999999999997158e+01 1.000000000000000284e+02 9.999999999999997158e+01 9.999999999999997158e+01 9.999999999999997158e+01 1.000000000000000284e+02 9.999999999999997158e+01 9.999999999999997158e+01 9.999999999999997158e+01 1.000000000000000284e+02 1.000000000000000284e+02 1.000000000000000284e+02 1.000000000000000284e+02 1.000000000000000284e+02 1.000000000000000284e+02
1.644160918232044466e+01 1.703311364352369139e+01 1.764737847249879366e+01 1.828524302759438314e+01 1.894756792165786408e+01 1.963523426181166087e+01 2.034914269091156314e+01 2.109021220923179385e+01 2.185937875353821980e+01 2.265759350936384564e+01 2.348582093101713753e+01 2.434503644266292355e+01 2.523622379277375316e+01 2.616037203337794281e+01 2.711847209490791855e+01 2.811151292713797645e+01 2.914047717673153670e+01 3.020633637243266278e+01 3.131004558995184084e+01 3.245255821450925993e+01 3.363608210346807681e+01 3.486491128093003056e+01 3.614377003485527240e+01 3.747596008583797556e+01 3.886325232309762612e+01 4.030658125506283795e+01 4.151643014930269970e+01 4.259293727858316458e+01 4.368531525146262595e+01 4.478919555243902551e+01 4.590224866580626895e+01 4.702359931286234485e+01 4.815279389205630878e+01 4.932324356361797868e+01 5.088022627378818896e+01 5.247351535201987360e+01 5.410259732269370403e+01 5.576682168280092355e+01 5.746539390002468650e+01 5.919736943262664397e+01 6.096167603558399151e+01 6.275708298502221538e+01 6.458217058852440573e+01 6.643533372253345703e+01 6.831479003895694291e+01 7.021508020304841580e+01 7.213612969596755420e+01 7.407684078051921972e+01 7.602227648001812099e+01 7.731041084603025126e+01 7.805840983933835275e+01 7.843195842077960833e+01 7.857299181811070810e+01 7.860693968525366415e+01 7.743940352937383409e+01 8.828241645917650260e+01
9.766589340782336137e+01 9.824525120476587858e+01 9.983278481118522052e+01 1.000000000000000000e+02 1.000000000000000426e+02 9.999999999999997158e+01 9.999999999999997158e+01 1.000000000000000284e+02 9.999999999999995737e+01 9.999999999999992895e+01 1.000000000000004263e+02 1.000000000000000284e+02 9.999999999999997158e+01 9.999999999999992895e+01 1.000000000000000426e+02 9.999999999999995737e+01 9.999999999999998579e+01 1.000000000000000284e+02 9.999999999999992895e+01 9.999999999999997158e+01 9.999999999999991473e+01 9.999999999999998579e+01 9.999999999999997158e+01 9.999999999999994316e+01 9.999999999999992895e+01 1.000000000000000284e+02 1.000000000000000284e+02 1.000000000000000426e+02 9.999999999999994316e+01 9.999999999999995737e+01 1.000000000000000426e+02 9.999999999999995737e+01 1.000000000000000284e+02 9.999999999999998579e+01 9.999999999999998579e+01 1.000000000000000284e+02 1.000000000000000284e+02 1.000000000000000284e+02 9.999999999999997158e+01 1.000000000000000284e+02 9.999999999999998579e+01 9.999999999999997158e+01 9.999999999999997158e+01 1.000000000000000284e+02 9.999999999999997158e+01 9.999999999999997158e+01 9.999999999999997158e+01 9.999999999999997158e+01 9.999999999999954525e+01 1.000000000000000284e+02 1.000000000000000284e+02 1.000000000000000284e+02 9.999999999999995737e+01 1.000000000000000284e+02 1.000000000000000284e+02 9.999999999999995737e+01
6.217509375482534573e+00 6.437778772298432095e+00 6.666959439365442996e+00 6.905443728893340349e+00 7.153641754260584129e+00 7.411982132278377655e+00 7.680912744118570501e+00 7.960901513443211286e+00 8.252437199910250598e+00 8.556030205818574430e+00 8.872213393187671215e+00 9.201542908039348490e+00 9.544599008053609168e+00 9.901986889101218381e+00 1.027433750540679291e+01 1.066230837725398217e+01 1.106658437921585403e+01 1.148787850084788431e+01 1.192693257063336176e+01 1.238451793269826773e+01 1.286143606440964504e+01 1.335851912143463593e+01 1.387663039515305918e+01 1.441666466548456249e+01 1.497954843020024818e+01 1.556623998964143674e+01 1.617772936345780010e+01 1.681503801350891081e+01 1.747921834445513056e+01 1.817135295079643953e+01 1.889255357623260778e+01 1.964395974821908197e+01 2.042673704753659436e+01 2.124207496958718266e+01 2.209118433106576518e+01 2.297529417266359886e+01 2.389564810565410724e+01 2.485350004765734866e+01 2.585010929073142805e+01 2.688673484329926566e+01 2.796462898648324114e+01 2.908502998535267281e+01 3.024915389661170195e+01 3.145818541660811007e+01 3.271326771747756368e+01 3.401972703276459953e+01 3.538407128780326616e+01 3.681007857039884357e+01 3.829953132373010760e+01 3.918505751513107782e+01 3.926898366104255444e+01 3.823528140242672890e+01 3.660818964916103369e+01 3.452177708568137859e+01 3.203392492839736860e+01 2.991082546573032985e+01
1.000000000000000000e+02 1.000000000000000284e+02 1.000000000000000284e+02 1.000000000000000284e+02 1.000000000000000284e+02 1.000000000000000284e+02 9.999999999999998579e+01 9.999999999999998579e+01 9.999999999999998579e+01 1.000000000000000284e+02 1.000000000000000284e+02 9.999999999999997158e+01 9.999999999999998579e+01 1.000000000000000284e+02 1.000000000000000284e+02 1.000000000000000284e+02 1.000000000000000000e+02 1.000000000000000000e+02 9.999999999999998579e+01 1.000000000000000000e+02 1.000000000000000000e+02 1.000000000000000284e+02 1.000000000000000000e+02 1.000000000000000000e+02 9.999999999999997158e+01 1.000000000000000000e+02 1.000000000000000284e+02 1.000000000000000000e+02 1.000000000000000000e+02 1.000000000000000000e+02 1.000000000000000000e+02 1.000000000000000000e+02 1.000000000000000000e+02 1.000000000000000000e+02 1.000000000000000000e+02 1.000000000000000284e+02 9.999999999999998579e+01 1.000000000000000000e+02 1.000000000000000000e+02 1.000000000000000000e+02 1.000000000000000000e+02 1.000000000000000000e+02 1.000000000000000000e+02 1.000000000000000000e+02 1.000000000000000000e+02 1.000000000000000000e+02 1.000000000000000000e+02 1.000000000000000000e+02 1.000000000000000000e+02 1.000000000000000000e+02 1.000000000000000000e+02 1.000000000000000000e+02 1.000000000000000000e+02 1.000000000000000000e+02 1.000000000000000000e+02 1.000000000000000000e+02
9.999999999999997158e+01 1.000000000000000284e+02 9.999999999999997158e+01 9.999999999999997158e+01 9.999999999999997158e+01 1.000000000000000284e+02 9.999999999999997158e+01 9.999999999999997158e+01 1.000000000000000284e+02 1.000000000000000284e+02 9.999999999999997158e+01 9.999999999999997158e+01 1.000000000000000284e+02 1.000000000000000284e+02 1.000000000000000284e+02 1.000000000000000284e+02 1.000000000000000284e+02 9.999999999999998579e+01 1.000000000000000284e+02 1.000000000000000284e+02 9.999999999999997158e+01 9.999999999999997158e+01 1.000000000000000284e+02 1.000000000000000284e+02 1.000000000000000284e+02 1.000000000000000284e+02 1.000000000000000284e+02 9.999999999999998579e+01 9.999999999999998579e+01 9.999999999999998579e+01 9.999999999999998579e+01 1.000000000000000000e+02 9.999999999999998579e+01 1.000000000000000000e+02 1.000000000000000000e+02 1.000000000000000000e+02 1.000000000000000000e+02 1.000000000000000000e+02 1.000000000000000284e+02 1.000000000000000000e+02 1.000000000000000000e+02 1.000000000000000000e+02 1.000000000000000000e+02 1.000000000000000284e+02 1.000000000000000000e+02 1.000000000000000000e+02 1.000000000000000000e+02 1.000000000000000000e+02 1.000000000000000000e+02 9.999999999999998579e+01 1.000000000000000000e+02 1.000000000000000000e+02 1.000000000000000000e+02 1.000000000000000000e+02 1.000000000000000000e+02 1.000000000000000284e+02
9.455211869426219096e+01 9.646842569264406109e+01 9.768225281974839902e+01 9.829613218584817957e+01 9.988428974838096508e+01 9.999999999999995737e+01 1.000000000000000426e+02 9.999999999999991473e+01 1.000000000000000284e+02 1.000000000000000853e+02 9.999999999999997158e+01 9.999999999999997158e+01 1.000000000000000426e+02 9.999999999999998579e+01 1.000000000000000284e+02 1.000000000000000853e+02 1.000000000000000284e+02 9.999999999999997158e+01 1.000000000000000284e+02 1.000000000000000426e+02 9.999999999999991473e+01 9.999999999999997158e+01 9.999999999999997158e+01 1.000000000000000711e+02 1.000000000000000284e+02 9.999999999999995737e+01 1.000000000000000284e+02 9.999999999999994316e+01 1.000000000000000711e+02 9.999999999999994316e+01 1.000000000000000426e+02 9.999999999999995737e+01 9.999999999999998579e+01 9.999999999999997158e+01 9.999999999999995737e+01 9.999999999999998579e+01 9.999999999999995737e+01 1.000000000000000426e+02 9.999999999999998579e+01 9.999999999999998579e+01 1.000000000000000284e+02 9.999999999999997158e+01 1.000000000000000284e+02 1.000000000000000000e+02 9.999999999999997158e+01 1.000000000000000284e+02 1.000000000000000284e+02 9.999999999999997158e+01 9.999999999999997158e+01 1.000000000000000284e+02 9.999999999999997158e+01 9.999999999999997158e+01 9.999999999999997158e+01 1.000000000000000284e+02 9.999999999999995737e+01 9.999999999999997158e+01
1.000000000000000000e+02 1.000000000000000000e+02 1.000000000000000000e+02 1.000000000000000000e+02 1.000000000000000000e+02 1.000000000000000000e+02 1.000000000000000000e+02 1.000000000000000000e+02 1.000000000000000000e+02 1.000000000000000000e+02 1.000000000000000000e+02 1.000000000000000000e+02 1.000000000000000000e+02 1.000000000000000000e+02 1.000000000000000000e+02 1.000000000000000000e+02 1.000000000000000000e+02 1.000000000000000000e+02 1.000000000000000000e+02 1.000000000000000000e+02 1.000000000000000000e+02 1.000000000000000000e+02 1.000000000000000000e+02 1.000000000000000000e+02 1.000000000000000000e+02 1.000000000000000000e+02 1.000000000000000000e+02 1.000000000000000000e+02 1.000000000000000000e+02 1.000000000000000000e+02 1.000000000000000000e+02 1.000000000000000000e+02 1.000000000000000000e+02 1.000000000000000000e+02 1.000000000000000000e+02 1.000000000000000000e+02 1.000000000000000000e+02 1.000000000000000000e+02 1.000000000000000000e+02 1.000000000000000000e+02 1.000000000000000000e+02 1.000000000000000000e+02 1.000000000000000000e+02 1.000000000000000000e+02 1.000000000000000000e+02 1.000000000000000000e+02 1.000000000000000000e+02 1.000000000000000000e+02 1.000000000000000000e+02 1.000000000000000000e+02 1.000000000000000000e+02 1.000000000000000000e+02 1.000000000000000000e+02 1.000000000000000000e+02 1.000000000000000000e+02 1.000000000000000000e+02
1.000000000000000711e+02 9.999999999999992895e+01 9.999999999999998579e+01 1.000000000000000284e+02 1.000000000000000284e+02 1.000000000000000711e+02 1.000000000000000284e+02 1.000000000000000426e+02 9.999999999999998579e+01 1.000000000000000284e+02 1.000000000000000000e+02 9.999999999999997158e+01 9.999999999999994316e+01 1.000000000000000284e+02 1.000000000000000284e+02 9.999999999999998579e+01 1.000000000000000426e+02 1.000000000000000284e+02 1.000000000000000000e+02 9.999999999999992895e+01 1.000000000000000711e+02 9.999999999999994316e+01 1.000000000000000284e+02 1.000000000000000284e+02 9.999999999999998579e+01 9.999999999999998579e+01 9.999999999999997158e+01 1.000000000000000426e+02 1.000000000000000284e+02 1.000000000000000426e+02 9.999999999999995737e+01 1.000000000000000000e+02 1.000000000000000426e+02 9.999999999999997158e+01 9.999999999999997158e+01 9.999999999999997158e+01 1.000000000000000284e+02 1.000000000000000284e+02 9.999999999999997158e+01 1.000000000000000284e+02 1.000000000000000284e+02 9.999999999999997158e+01 9.999999999999995737e+01 9.999999999999997158e+01 9.999999999999995737e+01 1.000000000000000426e+02 1.000000000000000284e+02 9.999999999999997158e+01 1.000000000000000284e+02 9.999999999999995737e+01 9.999999999999997158e+01 1.000000000000000284e+02 1.000000000000000426e+02 9.999999999999995737e+01 1.000000000000000284e+02 1.000000000000000284e+02
1.000000000000000000e+02 1.000000000000000000e+02 1.000000000000000000e+02 1.000000000000000000e+02 1.000000000000000000e+02 1.000000000000000000e+02 1.000000000000000000e+02 1.000000000000000000e+02 1.000000000000000000e+02 1.000000000000000000e+02 1.000000000000000000e+02 1.000000000000000000e+02 1.000000000000000000e+02 1.000000000000000000e+02 1.000000000000000000e+02 1.000000000000000000e+02 1.000000000000000000e+02 1.000000000000000000e+02 1.000000000000000000e+02 1.000000000000000000e+02 1.000000000000000000e+02 1.000000000000000000e+02 1.000000000000000000e+02 1.000000000000000000e+02 1.000000000000000000e+02 1.000000000000000000e+02 1.000000000000000000e+02 1.000000000000000000e+02 1.000000000000000000e+02 1.000000000000000000e+02 1.000000000000000000e+02 1.000000000000000000e+02 1.000000000000000000e+02 1.000000000000000000e+02 1.000000000000000000e+02 1.000000000000000000e+02 1.000000000000000000e+02 1.000000000000000000e+02 1.000000000000000000e+02 1.000000000000000000e+02 1.000000000000000000e+02 1.000000000000000000e+02 1.000000000000000000e+02 1.000000000000000000e+02 1.000000000000000000e+02 1.000000000000000000e+02 1.000000000000000000e+02 1.000000000000000000e+02 1.000000000000000000e+02 1.000000000000000000e+02 1.000000000000000000e+02 1.000000000000000000e+02 1.000000000000000000e+02 1.000000000000000000e+02 1.000000000000000000e+02 1.000000000000000000e+02
9.999999999999997158e+01 1.000000000000000284e+02 9.999999999999998579e+01 1.000000000000000284e+02 9.999999999999995737e+01 1.000000000000000426e+02 1.000000000000000711e+02 9.999999999999998579e+01 9.999999999999998579e+01 9.999999999999998579e+01 9.999999999999995737e+01 9.999999999999995737e+01 9.999999999999998579e+01 9.999999999999995737e+01 9.999999999999997158e+01 1.000000000000000000e+02 9.999999999999997158e+01 1.000000000000000426e+02 9.999999999999997158e+01 1.000000000000000284e+02 1.000000000000000000e+02 9.999999999999997158e+01 9.999999999999997158e+01 1.000000000000000426e+02 9.999999999999997158e+01 1.000000000000000284e+02 9.999999999999997158e+01 9.999999999999997158e+01 1.000000000000000284e+02 9.999999999999995737e+01 1.000000000000000426e+02 1.000000000000000426e+02 1.000000000000000284e+02 9.999999999999997158e+01 9.999999999999995737e+01 9.999999999999995737e+01 1.000000000000000284e+02 1.000000000000000426e+02 1.000000000000000284e+02 9.999999999999998579e+01 9.999999999999998579e+01 1.000000000000000284e+02 9.999999999999997158e+01 1.000000000000000426e+02 1.000000000000000284e+02 1.000000000000000284e+02 9.999999999999995737e+01 9.999999999999997158e+01 9.999999999999995737e+01 9.999999999999997158e+01 9.999999999999995737e+01 9.999999999999998579e+01 1.000000000000000000e+02 1.000000000000000000e+02 9.999999999999998579e+01 1.000000000000000000e+02
5.302233392799669076e+01 5.451159423934549864e+01 5.603166777502509888e+01 5.758220481072650898e+01 5.916277458612429996e+01 6.077287145072693164e+01 6.241190822116160319e+01 6.407919574613629266e+01 6.577393397267138653e+01 6.749470408097995744e+01 6.923711863802139987e+01 7.100370560037144685e+01 7.279326234405631624e+01 7.460448579526079982e+01 7.643597317233053445e+01 7.828622340229118493e+01 8.015363924263367323e+01 8.203653013297727625e+01 8.393311579418555368e+01 8.584153058471888187e+01 8.776020674127532573e+01 8.968920305289570649e+01 9.162624159277521585e+01 9.356623071729794106e+01 9.550470427302352050e+01 9.743820003847704925e+01 9.790618159348065319e+01 9.904426796205956407e+01 1.000000000000000284e+02 1.000000000000000284e+02 1.000000000000000000e+02 9.999999999999995737e+01 1.000000000000000284e+02 9.999999999999992895e+01 1.000000000000000284e+02 1.000000000000000284e+02 1.000000000000000853e+02 1.000000000000000711e+02 1.000000000000000711e+02 9.999999999999995737e+01 9.999999999999992895e+01 1.000000000000000711e+02 1.000000000000000711e+02 1.000000000000000284e+02 9.999999999999997158e+01 1.000000000000000284e+02 1.000000000000000426e+02 9.999999999999998579e+01 9.999999999999998579e+01 1.000000000000000426e+02 1.000000000000000426e+02 1.000000000000000284e+02 1.000000000000000284e+02 1.000000000000000853e+02 9.999999999999957367e+01 1.000000000000000284e+02
1.000000000000000000e+02 1.000000000000000000e+02 1.000000000000000000e+02 1.000000000000000000e+02 1.000000000000000000e+02 1.000000000000000000e+02 1.000000000000000000e+02 1.000000000000000000e+02 1.000000000000000000e+02 1.000000000000000000e+02 1.000000000000000000e+02 1.000000000000000000e+02 1.000000000000000000e+02 1.000000000000000000e+02 1.000000000000000000e+02 1.000000000000000000e+02 1.000000000000000000e+02 1.000000000000000000e+02 1.000000000000000000e+02 1.000000000000000000e+02 1.000000000000000000e+02 1.000000000000000000e+02 1.000000000000000000e+02 1.000000000000000000e+02 1.000000000000000000e+02 1.000000000000000000e+02 1.000000000000000000e+02 1.000000000000000000e+02 1.000000000000000000e+02 1.000000000000000000e+02 1.000000000000000000e+02 1.000000000000000000e+02 1.000000000000000000e+02 1.000000000000000000e+02 1.000000000000000000e+02 1.000000000000000000e+02 1.000000000000000000e+02 1.000000000000000000e+02 1.000000000000000000e+02 1.000000000000000000e+02 1.000000000000000000e+02 1.000000000000000000e+02 1.000000000000000000e+02 1.000000000000000000e+02 1.000000000000000000e+02 1.000000000000000000e+02 1.000000000000000000e+02 1.000000000000000000e+02 1.000000000000000000e+02 1.000000000000000000e+02 1.000000000000000000e+02 1.000000000000000000e+02 1.000000000000000000e+02 1.000000000000000000e+02 1.000000000000000000e+02 1.000000000000000000e+02
2.305341612001075546e+01 2.387105677914985691e+01 2.471833469736881383e+01 2.559615947430801697e+01 2.650544533022691951e+01 2.744710814191606474e+01 2.842206211874140465e+01 2.943121609571367969e+01 3.047546942094779254e+01 3.155570741577059124e+01 3.267283645132010150e+01 3.382893065808843147e+01 3.502802765935184937e+01 3.627466378237910050e+01 3.757208872837157543e+01 3.892206150953764876e+01 4.032552192945519920e+01 4.142723985014888655e+01 4.246707970537658383e+01 4.352154731036165458e+01 4.458689506333098507e+01 4.566082150659065775e+01 4.674237745950202338e+01 4.783111881396877862e+01 4.906060138526066794e+01 5.057020331062753371e+01 5.211476549092473931e+01 5.369390895654206020e+01 5.530713884959062909e+01 5.695383835622767066e+01 5.863326357900776742e+01 6.034455294660823199e+01 6.208672199464950836e+01 6.385863271874153924e+01 6.565898277667544392e+01 6.748631223115123134e+01 6.933662096435136846e+01 7.120813274120905589e+01 7.310108391584553544e+01 7.501342751427256417e+01 7.694297273650671798e+01 7.888738935136611019e+01 8.084421347614909337e+01 8.281085477073622769e+01 8.478460505658287616e+01 8.676276610701080472e+01 8.874495951989092646e+01 9.073089391700260364e+01 9.269905877347908074e+01 9.444582620757678626e+01 9.619123531432565244e+01 9.742052302115938289e+01 9.755253506384072182e+01 9.967077025824089276e+01 9.999999999999992895e+01 1.000000000000000284e+02
3.286457337495955144e+00 3.399041734218648081e+00 3.516127605417274093e+00 3.637916683574508703e+00 3.764620487151278727e+00 3.896460813551414049e+00 4.033670256104777252e+00 4.176492745993469313e+00 4.325184120038942481e+00 4.480012715253713473e+00 4.641259991036913668e+00 4.809221179857849471e+00 4.984205967222498757e+00 5.166539201654316571e+00 5.356561635337643956e+00 5.554630695970579346e+00 5.761121290246647320e+00 5.976426639230999704e+00 6.200959145712828580e+00 6.435151293393789551e+00 6.679456577511722060e+00 6.934350466191512297e+00 7.200331391455596197e+00 7.477921768407810532e+00 7.767669040619662013e+00 8.070146749186575263e+00 8.385955622280864219e+00 8.715724681286850739e+00 9.060112358763355189e+00 9.419807622518385770e+00 9.795531098992961816e+00 1.018803618791913834e+01 1.059811015882867302e+01 1.102657521842868604e+01 1.147428953610805991e+01 1.194214821288777095e+01 1.243108417694912582e+01 1.294206898646167225e+01 1.347611351776707167e+01 1.403426851403504827e+01 1.461762496629761543e+01 1.522731429525509839e+01 1.586450829844586430e+01 1.653041882326832024e+01 1.722629712194961726e+01 1.795343283988594862e+01 1.871315258385410374e+01 1.950681801146274807e+01 2.033582337792247330e+01 2.088377877931499427e+01 2.085296328710428426e+01 2.037274346716366580e+01 1.953784262587156562e+01 1.842499016885541963e+01 1.708056386605089827e+01 1.494144043549963996e+01
1.000000000000000711e+02 1.000000000000000284e+02 1.000000000000000426e+02 9.999999999999995737e+01 1.000000000000000000e+02 9.999999999999997158e+01 1.000000000000000000e+02 1.000000000000000284e+02 1.000000000000000284e+02 1.000000000000000000e+02 1.000000000000000284e+02 1.000000000000000284e+02 9.999999999999995737e+01 1.000000000000000284e+02 1.000000000000000426e+02 9.999999999999997158e+01 9.999999999999997158e+01 9.999999999999997158e+01 1.000000000000000284e+02 9.999999999999997158e+01 1.000000000000000284e+02 9.999999999999997158e+01 1.000000000000000284e+02 1.000000000000000284e+02 9.999999999999997158e+01 9.999999999999995737e+01 1.000000000000000284e+02 9.999999999999997158e+01 1.000000000000000000e+02 1.000000000000000284e+02 9.999999999999997158e+01 1.000000000000000000e+02 9.999999999999998579e+01 1.000000000000000284e+02 1.000000000000000284e+02 1.000000000000000284e+02 1.000000000000000000e+02 1.000000000000000284e+02 9.999999999999997158e+01 9.999999999999997158e+01 9.999999999999994316e+01 9.999999999999997158e+01 9.999999999999998579e+01 9.999999999999995737e+01 9.999999999999998579e+01 9.999999999999994316e+01 1.000000000000000284e+02 9.999999999999998579e+01 1.000000000000000284e+02 1.000000000000000000e+02 9.999999999999998579e+01 1.000000000000000000e+02 1.000000000000000284e+02 1.000000000000000000e+02 1.000000000000000000e+02 1.000000000000000000e+02
1.302615251787560657e+00 1.344425724728819382e+00 1.387839383674206672e+00 1.432926742780925800e+00 1.479761777661281696e+00 1.528422110763317798e+00 1.578989207337622824e+00 1.631548582616517251e+00 1.686190020868327810e+00 1.743007807028088774e+00 1.802100971646172001e+00 1.863573549939080642e+00 1.927534855770441924e+00 1.994099771437263691e+00 2.063389054184299187e+00 2.135529660420193210e+00 2.210655088660937739e+00 2.288905742280868516e+00 2.370429313206733557e+00 2.455381187748381322e+00 2.543924875818003972e+00 2.636232464850330359e+00 2.732485099796536865e+00 2.832873490625803292e+00 2.937598448829629838e+00 3.046871454483822905e+00 3.160915255481767439e+00 3.279964500608736788e+00 3.404266408179539738e+00 3.534081472009126923e+00 3.669684206527381587e+00 3.811363932882167127e+00 3.959425607897302246e+00 4.114190697761921811e+00 4.275998098321838192e+00 4.445205103818820724e+00 4.622188425874500517e+00 4.807345264441719834e+00 5.001094432336055107e+00 5.203877534814351336e+00 5.416160205473167011e+00 5.638433399494227949e+00 5.871214744954135867e+00 6.115049952533273547e+00 6.370514283492040519e+00 6.638214075216150256e+00 6.918788322954966041e+00 7.212910315566597674e+00 7.521289322125538135e+00 7.759374479309300021e+00 7.752747899483532379e+00 7.562065864495144396e+00 7.228287518466704142e+00 6.784838218964278411e+00 6.253211365752021855e+00 5.483659781404201183e+00
1.000000000000000000e+02 1.000000000000000000e+02 1.000000000000000000e+02 1.000000000000000000e+02 1.000000000000000000e+02 1.000000000000000000e+02 1.000000000000000000e+02 1.000000000000000000e+02 1.000000000000000000e+02 1.000000000000000000e+02 1.000000000000000000e+02 1.000000000000000000e+02 1.000000000000000000e+02 1.000000000000000000e+02 1.000000000000000000e+02 1.000000000000000000e+02 1.000000000000000000e+02 1.000000000000000000e+02 1.000000000000000000e+02 1.000000000000000000e+02 1.000000000000000000e+02 1.000000000000000000e+02 1.000000000000000000e+02 1.000000000000000000e+02 1.000000000000000000e+02 1.000000000000000000e+02 1.000000000000000000e+02 1.000000000000000000e+02 1.000000000000000000e+02 1.000000000000000000e+02 1.000000000000000000e+02 1.000000000000000000e+02 1.000000000000000000e+02 1.000000000000000000e+02 1.000000000000000000e+02 1.000000000000000000e+02 1.000000000000000000e+02 1.000000000000000000e+02 1.000000000000000000e+02 1.000000000000000000e+02 1.000000000000000000e+02 1.000000000000000000e+02 1.000000000000000000e+02 1.000000000000000000e+02 1.000000000000000000e+02 1.000000000000000000e+02 1.000000000000000000e+02 1.000000000000000000e+02 1.000000000000000000e+02 1.000000000000000000e+02 1.000000000000000000e+02 1.000000000000000000e+02 1.000000000000000000e+02 1.000000000000000000e+02 1.000000000000000000e+02 1.000000000000000000e+02
1.000000000000000000e+02 1.000000000000000000e+02 9.999999999999997158e+01 1.000000000000000000e+02 1.000000000000000000e+02 1.000000000000000000e+02 1.000000000000000000e+02 1.000000000000000000e+02 1.000000000000000000e+02 1.000000000000000000e+02 1.000000000000000000e+02 1.000000000000000000e+02 9.999999999999998579e+01 9.999999999999998579e+01 1.000000000000000000e+02 1.000000000000000000e+02 1.000000000000000000e+02 1.000000000000000000e+02 1.000000000000000000e+02 1.000000000000000000e+02 1.000000000000000000e+02 1.000000000000000000e+02 1.000000000000000000e+02 1.000000000000000000e+02 1.000000000000000000e+02 1.000000000000000000e+02 1.000000000000000000e+02 1.000000000000000000e+02 1.000000000000000000e+02 1.000000000000000000e+02 1.000000000000000000e+02 1.000000000000000000e+02 1.000000000000000000e+02 1.000000000000000000e+02 1.000000000000000000e+02 1.000000000000000000e+02 1.000000000000000000e+02 1.000000000000000000e+02 1.000000000000000000e+02 1.000000000000000000e+02 1.000000000000000000e+02 1.000000000000000000e+02 1.000000000000000000e+02 1.000000000000000000e+02 1.000000000000000000e+02 1.000000000000000000e+02 1.000000000000000000e+02 1.000000000000000000e+02 1.000000000000000000e+02 1.000000000000000000e+02 1.000000000000000000e+02 1.000000000000000000e+02 1.000000000000000000e+02 1.000000000000000000e+02 1.000000000000000000e+02 1.000000000000000000e+02
7.344080182307097004e+01 7.521949429167449352e+01 7.701889835389503958e+01 7.883776490506035373e+01 8.067476355240698638e+01 8.252848464396431893e+01 8.439744186013837179e+01 8.628010368024150978e+01 8.817535302531960895e+01 9.008304764214749127e+01 9.200113690509986952e+01 9.392532003297307597e+01 9.585165973423428909e+01 9.766535192229937934e+01 9.788038439662309997e+01 9.935358857759800344e+01 9.999999999999992895e+01 9.999999999999992895e+01 1.000000000000000284e+02 1.000000000000000853e+02 9.999999999999997158e+01 9.999999999999997158e+01 9.999999999999991473e+01 9.999999999999991473e+01 1.000000000000000284e+02 1.000000000000000000e+02 1.000000000000000426e+02 1.000000000000000426e+02 9.999999999999998579e+01 1.000000000000000284e+02 1.000000000000000284e+02 9.999999999999998579e+01 1.000000000000000426e+02 9.999999999999997158e+01 9.999999999999998579e+01 9.999999999999992895e+01 9.999999999999992895e+01 9.999999999999997158e+01 9.999999999999994316e+01 1.000000000000000284e+02 9.999999999999997158e+01 9.999999999999992895e+01 1.000000000000000284e+02 1.000000000000000284e+02 9.999999999999994316e+01 9.999999999999998579e+01 1.000000000000000284e+02 9.999999999999997158e+01 1.000000000000000000e+02 9.999999999999997158e+01 9.999999999999997158e+01 1.000000000000000426e+02 9.999999999999995737e+01 1.000000000000000284e+02 9.999999999999997158e+01 1.000000000000000284e+02
1.000000000000000000e+02 1.000000000000000000e+02 1.000000000000000000e+02 1.000000000000000000e+02 1.000000000000000000e+02 1.000000000000000000e+02 1.000000000000000000e+02 1.000000000000000000e+02 1.000000000000000000e+02 1.000000000000000000e+02 1.000000000000000000e+02 1.000000000000000000e+02 1.000000000000000000e+02 1.000000000000000000e+02 1.000000000000000000e+02 1.000000000000000000e+02 1.000000000000000000e+02 1.000000000000000000e+02 1.000000000000000000e+02 1.000000000000000000e+02 1.000000000000000000e+02 1.000000000000000000e+02 1.000000000000000000e+02 1.000000000000000000e+02 1.000000000000000000e+02 1.000000000000000000e+02 1.000000000000000000e+02 1.000000000000000000e+02 1.000000000000000000e+02 1.000000000000000000e+02 1.000000000000000000e+02 1.000000000000000000e+02 1.000000000000000000e+02 1.000000000000000000e+02 1.000000000000000000e+02 1.000000000000000000e+02 1.000000000000000000e+02 1.000000000000000000e+02 1.000000000000000000e+02 1.000000000000000000e+02 1.000000000000000000e+02 1.000000000000000000e+02 1.000000000000000000e+02 1.000000000000000000e+02 1.000000000000000000e+02 1.000000000000000000e+02 1.000000000000000000e+02 1.000000000000000000e+02 1.000000000000000000e+02 1.000000000000000000e+02 1.000000000000000000e+02 1.000000000000000000e+02 1.000000000000000000e+02 1.000000000000000000e+02 1.000000000000000000e+02 1.000000000000000000e+02
9.999999999999997158e+01 9.999999999999997158e+01 9.999999999999997158e+01 1.000000000000000284e+02 1.000000000000000284e+02 1.000000000000000284e+02 9.999999999999997158e+01 1.000000000000000284e+02 1.000000000000000284e+02 1.000000000000000284e+02 1.000000000000000284e+02 9.999999999999997158e+01 1.000000000000000284e+02 9.999999999999997158e+01 1.000000000000000284e+02 1.000000000000000284e+02 9.999999999999997158e+01 1.000000000000000284e+02 9.999999999999998579e+01 1.000000000000000284e+02 9.999999999999998579e+01 1.000000000000000284e+02 1.000000000000000284e+02 9.999999999999998579e+01 9.999999999999998579e+01 1.000000000000000284e+02 1.000000000000000284e+02 9.999999999999997158e+01 1.000000000000000284e+02 1.000000000000000284e+02 1.000000000000000284e+02 1.000000000000000284e+02 1.000000000000000284e+02 1.000000000000000284e+02 1.000000000000000000e+02 1.000000000000000284e+02 1.000000000000000284e+02 1.000000000000000000e+02 9.999999999999998579e+01 1.000000000000000000e+02 1.000000000000000000e+02 1.000000000000000000e+02 1.000000000000000000e+02 1.000000000000000000e+02 1.000000000000000000e+02 1.000000000000000000e+02 1.000000000000000000e+02 1.000000000000000000e+02 1.000000000000000000e+02 1.000000000000000000e+02 1.000000000000000000e+02 1.000000000000000000e+02 1.000000000000000000e+02 1.000000000000000284e+02 1.000000000000000000e+02 1.000000000000000000e+02
6.673642475263504181e+00 6.910759011728777601e+00 7.157467088562760260e+00 7.414186986906173615e+00 7.681357746852953916e+00 7.959437920195107097e+00 8.248906338007374828e+00 8.550262890952554429e+00 8.864029319746572710e+00 9.190750012725191098e+00 9.530992806894209579e+00 9.885349788215881617e+00 1.025443808617829333e+01 1.063890065690861420e+01 1.103940704821248708e+01 1.145665413894730378e+01 1.189136684405969824e+01 1.234429877542254239e+01 1.281623284729634094e+01 1.330798181379958756e+01 1.382038872419680864e+01 1.435432728010021286e+01 1.491070207681774384e+01 1.549044870907115623e+01 1.609453371915102338e+01 1.672395436326223717e+01 1.737973816936482052e+01 1.806294225722691493e+01 1.877465238869745079e+01 1.951598171339857757e+01 2.028806917215845118e+01 2.109207751758653870e+01 2.192919090829093420e+01 2.280061203040555995e+01 2.370755869740096600e+01 2.465125987670013430e+01 2.563295108950389789e+01 2.665386912856840951e+01 2.771524603764370909e+01 2.881830229600866389e+01 2.996423915224046297e+01 3.115423005325575545e+01 3.238941111795748640e+01 3.367375024517045290e+01 3.501336093973083763e+01 3.641284684691004259e+01 3.787458658273216372e+01 3.939982420490535731e+01 4.098927033909125583e+01 4.159023063157054168e+01 4.119780907209269571e+01 4.009742815501893887e+01 3.841665211298595040e+01 3.625952502296317448e+01 3.368240037543006338e+01 3.232233126529847311e+01
2.549257116231124165e+00 2.635176394769976671e+00 2.724499002424376481e+00 2.817377216219242086e+00 2.913970772483889693e+00 3.014447254002921461e+00 3.118982497490039307e+00 3.227761022365248422e+00 3.340976481844313284e+00 3.458832137377915839e+00 3.581541357501155431e+00 3.709328142175832177e+00 3.842427673723495918e+00 3.981086895458195940e+00 4.125565119131186620e+00 4.276134662295822508e+00 4.433081516685842161e+00 4.596706048675034850e+00 4.767323732844838347e+00 4.945265919632327645e+00 5.130880637953946000e+00 5.324533433604071497e+00 5.526608244104589396e+00 5.737508310528904865e+00 5.957657126636584088e+00 6.187499425429725086e+00 6.427502202969844980e+00 6.678155778972576506e+00 6.939974893314823312e+00 7.213499837141691629e+00 7.499297616736331662e+00 7.797963147705229581e+00 8.110120476326757810e+00 8.436424024093362561e+00 8.777559850541280184e+00 9.134246928387785402e+00 9.507238423767217839e+00 9.897322972963287668e+00 1.030532594544772529e+01 1.073211068124654410e+01 1.117857968863336993e+01 1.164567578588244601e+01 1.213438316827252450e+01 1.264572837870251121e+01 1.318078115712768650e+01 1.374065514054818848e+01 1.432650838143908700e+01 1.493954364830407044e+01 1.558100846745060863e+01 1.602411191056549100e+01 1.599623829040417533e+01 1.560752394889828842e+01 1.493626347957641798e+01 1.404617791859653586e+01 1.297697526779251476e+01 1.134553958636544735e+01
1.000000000000000000e+02 1.000000000000000000e+02 1.000000000000000000e+02 1.000000000000000000e+02 1.000000000000000000e+02 1.000000000000000000e+02 1.000000000000000000e+02 1.000000000000000284e+02 1.000000000000000000e+02 1.000000000000000000e+02 1.000000000000000000e+02 1.000000000000000000e+02 1.000000000000000000e+02 1.000000000000000000e+02 1.000000000000000000e+02 1.000000000000000000e+02 1.000000000000000000e+02 1.000000000000000000e+02 1.000000000000000000e+02 1.000000000000000000e+02 1.000000000000000000e+02 1.000000000000000000e+02 1.000000000000000000e+02 1.000000000000000000e+02 1.000000000000000000e+02 1.000000000000000000e+02 1.000000000000000000e+02 1.000000000000000000e+02 1.000000000000000000e+02 1.000000000000000000e+02 1.000000000000000000e+02 1.000000000000000000e+02 1.000000000000000000e+02 1.000000000000000000e+02 1.000000000000000000e+02 1.000000000000000000e+02 1.000000000000000000e+02 1.000000000000000000e+02 1.000000000000000000e+02 1.000000000000000000e+02 1.000000000000000000e+02 1.000000000000000000e+02 1.000000000000000000e+02 1.000000000000000000e+02 1.000000000000000000e+02 1.000000000000000000e+02 1.000000000000000000e+02 1.000000000000000000e+02 1.000000000000000000e+02 1.000000000000000000e+02 1.000000000000000000e+02 1.000000000000000000e+02 1.000000000000000000e+02 1.000000000000000000e+02 1.000000000000000000e+02 1.000000000000000000e+02
1.000000000000000284e+02 9.999999999999998579e+01 9.999999999999998579e+01 1.000000000000000284e+02 9.999999999999998579e+01 1.000000000000000284e+02 9.999999999999998579e+01 1.000000000000000284e+02 1.000000000000000284e+02 9.999999999999998579e+01 1.000000000000000284e+02 1.000000000000000284e+02 9.999999999999997158e+01 1.000000000000000284e+02 9.999999999999998579e+01 1.000000000000000284e+02 9.999999999999998579e+01 9.999999999999997158e+01 1.000000000000000000e+02 1.000000000000000000e+02 1.000000000000000000e+02 1.000000000000000000e+02 9.999999999999997158e+01 1.000000000000000000e+02 1.000000000000000000e+02 1.000000000000000000e+02 1.000000000000000000e+02 1.000000000000000000e+02 1.000000000000000000e+02 1.000000000000000000e+02 9.999999999999997158e+01 1.000000000000000000e+02 1.000000000000000000e+02 1.000000000000000000e+02 1.000000000000000000e+02 1.000000000000000000e+02 1.000000000000000000e+02 9.999999999999998579e+01 9.999999999999998579e+01 1.000000000000000000e+02 1.000000000000000000e+02 1.000000000000000000e+02 1.000000000000000000e+02 1.000000000000000000e+02 1.000000000000000000e+02 1.000000000000000000e+02 1.000000000000000000e+02 1.000000000000000000e+02 1.000000000000000000e+02 1.000000000000000000e+02 1.000000000000000000e+02 1.000000000000000000e+02 1.000000000000000000e+02 1.000000000000000000e+02 1.000000000000000000e+02 1.000000000000000000e+02
1.000000000000000000e+02 1.000000000000000000e+02 1.000000000000000000e+02 1.000000000000000000e+02 1.000000000000000000e+02 1.000000000000000000e+02 1.000000000000000000e+02 1.000000000000000000e+02 1.000000000000000000e+02 1.000000000000000000e+02 1.000000000000000000e+02 1.000000000000000000e+02 1.000000000000000000e+02 1.000000000000000000e+02 1.000000000000000000e+02 1.000000000000000000e+02 1.000000000000000000e+02 1.000000000000000000e+02 1.000000000000000000e+02 1.000000000000000000e+02 1.000000000000000000e+02 1.000000000000000000e+02 1.000000000000000000e+02 1.000000000000000000e+02 1.000000000000000000e+02 1.000000000000000000e+02 1.000000000000000000e+02 1.000000000000000000e+02 1.000000000000000000e+02 1.000000000000000000e+02 1.000000000000000000e+02 1.000000000000000000e+02 1.000000000000000000e+02 1.000000000000000000e+02 1.000000000000000000e+02 1.000000000000000000e+02 1.000000000000000000e+02 1.000000000000000000e+02 1.000000000000000000e+02 1.000000000000000000e+02 1.000000000000000000e+02 1.000000000000000000e+02 1.000000000000000000e+02 1.000000000000000000e+02 1.000000000000000000e+02 1.000000000000000000e+02 1.000000000000000000e+02 1.000000000000000000e+02 1.000000000000000000e+02 1.000000000000000000e+02 1.000000000000000000e+02 1.000000000000000000e+02 1.000000000000000000e+02 1.000000000000000000e+02 1.000000000000000000e+02 1.000000000000000000e+02
1.000000000000000000e+02 1.000000000000000000e+02 1.000000000000000000e+02 1.000000000000000000e+02 1.000000000000000000e+02 1.000000000000000000e+02 1.000000000000000000e+02 1.000000000000000000e+02 1.000000000000000000e+02 1.000000000000000000e+02 1.000000000000000000e+02 1.000000000000000000e+02 1.000000000000000000e+02 1.000000000000000000e+02 1.000000000000000000e+02 1.000000000000000000e+02 1.000000000000000000e+02 1.000000000000000000e+02 1.000000000000000000e+02 1.000000000000000000e+02 1.000000000000000000e+02 1.000000000000000000e+02 1.000000000000000000e+02 1.000000000000000000e+02 1.000000000000000000e+02 1.000000000000000000e+02 1.000000000000000000e+02 1.000000000000000000e+02 1.000000000000000000e+02 1.000000000000000000e+02 1.000000000000000000e+02 1.000000000000000000e+02 1.000000000000000000e+02 1.000000000000000000e+02 1.000000000000000000e+02 1.000000000000000000e+02 1.000000000000000000e+02 1.000000000000000000e+02 1.000000000000000000e+02 1.000000000000000000e+02 1.000000000000000000e+02 1.000000000000000000e+02 1.000000000000000000e+02 1.000000000000000000e+02 1.000000000000000000e+02 1.000000000000000000e+02 1.000000000000000000e+02 1.000000000000000000e+02 1.000000000000000000e+02 1.000000000000000000e+02 1.000000000000000000e+02 1.000000000000000000e+02 1.000000000000000000e+02 1.000000000000000000e+02 1.000000000000000000e+02 1.000000000000000000e+02
1.411376344292640894e+01 1.462259057497803916e+01 1.515133643063796320e+01 1.570077433528331845e+01 1.627170150722401587e+01 1.686493891553349300e+01 1.748133100376846372e+01 1.812174526214502279e+01 1.878707162926069785e+01 1.947822170293567368e+01 2.019612773818031570e+01 2.094174140873256817e+01 2.171603230703082943e+01 2.251998615596282960e+01 2.335460270425258500e+01 2.422089327598797226e+01 2.511987794357249371e+01 2.605258229237484358e+01 2.702003374460793594e+01 2.802325740955728506e+01 2.906327142729645630e+01 3.014108177354248852e+01 3.125767649443770324e+01 3.241403455552379853e+01 3.361252702858547536e+01 3.485769422444438703e+01 3.615433066656478900e+01 3.750565507889155725e+01 3.891336558933186751e+01 4.037836567406512245e+01 4.161621084233893697e+01 4.271083846697855790e+01 4.382161666651452947e+01 4.494398295038489977e+01 4.607574560167956434e+01 4.721610074139590552e+01 4.836458363282932282e+01 4.953093629918154051e+01 5.111204922567894471e+01 5.273006259523952366e+01 5.438438683236006455e+01 5.607428425360640034e+01 5.779886164027709583e+01 5.955706386831711541e+01 6.134770672151298498e+01 6.316942197745517262e+01 6.502063631858210613e+01 6.689958269812045444e+01 6.879512147392176757e+01 6.992787683051024317e+01 7.037553986191180400e+01 7.028794333848317422e+01 6.978894882441633740e+01 6.897283181157824572e+01 6.715841142995252255e+01 7.425084669428149198e+01
1.000000000000000000e+02 1.000000000000000000e+02 1.000000000000000000e+02 1.000000000000000000e+02 1.000000000000000000e+02 1.000000000000000000e+02 1.000000000000000000e+02 1.000000000000000000e+02 1.000000000000000000e+02 1.000000000000000000e+02 1.000000000000000000e+02 1.000000000000000000e+02 1.000000000000000000e+02 1.000000000000000000e+02 1.000000000000000000e+02 1.000000000000000000e+02 1.000000000000000000e+02 1.000000000000000000e+02 1.000000000000000000e+02 1.000000000000000000e+02 1.000000000000000000e+02 1.000000000000000000e+02 1.000000000000000000e+02 1.000000000000000000e+02 1.000000000000000000e+02 1.000000000000000000e+02 1.000000000000000000e+02 1.000000000000000000e+02 1.000000000000000000e+02 1.000000000000000000e+02 1.000000000000000000e+02 1.000000000000000000e+02 1.000000000000000000e+02 1.000000000000000000e+02 1.000000000000000000e+02 1.000000000000000000e+02 1.000000000000000000e+02 1.000000000000000000e+02 1.000000000000000000e+02 1.000000000000000000e+02 1.000000000000000000e+02 1.000000000000000000e+02 1.000000000000000000e+02 1.000000000000000000e+02 1.000000000000000000e+02 1.000000000000000000e+02 1.000000000000000000e+02 1.000000000000000000e+02 1.000000000000000000e+02 1.000000000000000000e+02 1.000000000000000000e+02 1.000000000000000000e+02 1.000000000000000000e+02 1.000000000000000000e+02 1.000000000000000000e+02 1.000000000000000000e+02
1.000000000000000711e+02 9.999999999999998579e+01 1.000000000000000000e+02 9.999999999999997158e+01 9.999999999999998579e+01 9.999999999999997158e+01 1.000000000000000426e+02 1.000000000000000284e+02 9.999999999999997158e+01 1.000000000000000426e+02 9.999999999999998579e+01 1.000000000000000284e+02 9.999999999999995737e+01 9.999999999999998579e+01 9.999999999999997158e+01 9.999999999999997158e+01 1.000000000000000284e+02 9.999999999999997158e+01 9.999999999999997158e+01 1.000000000000000284e+02 1.000000000000000284e+02 9.999999999999997158e+01 9.999999999999997158e+01 1.000000000000000284e+02 9.999999999999997158e+01 9.999999999999997158e+01 1.000000000000000284e+02 1.000000000000000284e+02 1.000000000000000284e+02 1.000000000000000426e+02 9.999999999999997158e+01 1.000000000000000284e+02 1.000000000000000284e+02 9.999999999999998579e+01 1.000000000000000284e+02 1.000000000000000284e+02 1.000000000000000284e+02 1.000000000000000284e+02 1.000000000000000284e+02 1.000000000000000284e+02 9.999999999999997158e+01 1.000000000000000284e+02 1.000000000000000284e+02 1.000000000000000284e+02 1.000000000000000284e+02 9.999999999999994316e+01 1.000000000000000284e+02 9.999999999999997158e+01 1.000000000000000284e+02 1.000000000000000000e+02 1.000000000000000000e+02 9.999999999999998579e+01 1.000000000000000000e+02 1.000000000000000284e+02 1.000000000000000284e+02 9.999999999999997158e+01
9.261001719892149708e+01 9.452277524340384218e+01 9.643995380399471173e+01 9.768372046195996461e+01 9.827036202563800771e+01 9.985887011087527299e+01 9.999999999999992895e+01 9.999999999999997158e+01 1.000000000000001137e+02 1.000000000000000284e+02 9.999999999999991473e+01 1.000000000000000711e+02 1.000000000000000426e+02 1.000000000000000284e+02 9.999999999999992895e+01 1.000000000000000284e+02 9.999999999999992895e+01 1.000000000000000426e+02 1.000000000000000426e+02 9.999999999999998579e+01 1.000000000000000284e+02 9.999999999999998579e+01 9.999999999999992895e+01 1.000000000000000426e+02 1.000000000000004405e+02 9.999999999999992895e+01 1.000000000000000426e+02 9.999999999999997158e+01 1.000000000000000426e+02 9.999999999999997158e+01 1.000000000000000711e+02 9.999999999999995737e+01 9.999999999999998579e+01 9.999999999999998579e+01 9.999999999999997158e+01 9.999999999999995737e+01 9.999999999999995737e+01 9.999999999999998579e+01 9.999999999999998579e+01 9.999999999999998579e+01 9.999999999999997158e+01 9.999999999999997158e+01 1.000000000000000284e+02 1.000000000000004405e+02 9.999999999999997158e+01 9.999999999999997158e+01 1.000000000000000426e+02 9.999999999999997158e+01 1.000000000000000284e+02 9.999999999999997158e+01 1.000000000000000284e+02 1.000000000000000284e+02 1.000000000000000284e+02 1.000000000000000426e+02 1.000000000000000284e+02 9.999999999999997158e+01
7.657594680583025593e+01 7.838508352301741411e+01 8.021286574149490889e+01 8.205794237057874341e+01 8.391888656349898667e+01 8.579419858058822967e+01 8.768262924651823198e+01 8.958388509781225650e+01 9.149663720493099106e+01 9.341720708860286493e+01 9.534151034409755709e+01 9.726624497575691919e+01 9.781615601988956143e+01 9.893521036615109665e+01 1.000000000000000284e+02 1.000000000000000284e+02 1.000000000000000284e+02 1.000000000000000426e+02 9.999999999999995737e+01 9.999999999999995737e+01 1.000000000000000426e+02 1.000000000000000000e+02 1.000000000000003837e+02 1.000000000000000711e+02 9.999999999999995737e+01 1.000000000000000426e+02 1.000000000000000426e+02 1.000000000000000711e+02 1.000000000000000853e+02 9.999999999999994316e+01 9.999999999999995737e+01 9.999999999999997158e+01 9.999999999999991473e+01 9.999999999999997158e+01 9.999999999999992895e+01 1.000000000000000284e+02 1.000000000000000426e+02 9.999999999999992895e+01 1.000000000000000284e+02 9.999999999999992895e+01 9.999999999999998579e+01 9.999999999999995737e+01 1.000000000000000284e+02 9.999999999999998579e+01 9.999999999999997158e+01 9.999999999999957367e+01 9.999999999999997158e+01 1.000000000000000284e+02 1.000000000000000284e+02 9.999999999999998579e+01 1.000000000000000000e+02 1.000000000000000284e+02 9.999999999999997158e+01 1.000000000000000284e+02 9.999999999999997158e+01 1.000000000000000284e+02
2.950721035271027759e+01 3.053130640973367349e+01 3.158997621817087165e+01 3.268409036058326933e+01 3.381544407607449187e+01 3.498763849825311212e+01 3.620507048726575050e+01 3.747115913118383901e+01 3.878784757206899769e+01 4.015615524187925445e+01 4.123170928301979643e+01 4.224366291439202570e+01 4.326984204396688938e+01 4.430672397556179476e+01 4.535190388346108392e+01 4.640430959560416824e+01 4.746347668373895345e+01 4.868490011894440528e+01 5.015647360193542426e+01 5.166207412444585856e+01 5.320142143310573601e+01 5.477413370677963655e+01 5.637972208532582385e+01 5.801758575608283763e+01 5.968701284795897521e+01 6.138718930363394577e+01 6.311717583197948755e+01 6.487588558613994394e+01 6.666208590244656307e+01 6.847341069946925529e+01 7.030570562107408250e+01 7.216071267743816975e+01 7.403666544010690131e+01 7.593166531745654879e+01 7.784368440101874853e+01 7.977056945600145355e+01 8.171004709157404022e+01 8.365973013251435475e+01 8.561712519827483447e+01 8.757993899106992330e+01 8.954924888892712431e+01 9.152087470397216862e+01 9.348728297085808947e+01 9.544389913744313958e+01 9.738679950359133386e+01 9.800807965934413346e+01 9.895381665788541170e+01 9.999999999999990052e+01 9.999999999999992895e+01 1.000000000000003553e+02 1.000000000000000284e+02 9.999999999999992895e+01 9.999999999999997158e+01 9.999999999999995737e+01 1.000000000000000284e+02 1.000000000000000284e+02
9.999999999999997158e+01 1.000000000000000284e+02 9.999999999999997158e+01 9.999999999999998579e+01 9.999999999999998579e+01 1.000000000000000284e+02 9.999999999999998579e+01 9.999999999999998579e+01 1.000000000000000284e+02 9.999999999999998579e+01 9.999999999999998579e+01 9.999999999999997158e+01 1.000000000000000284e+02 1.000000000000000284e+02 9.999999999999998579e+01 9.999999999999998579e+01 1.000000000000000284e+02 1.000000000000000284e+02 9.999999999999997158e+01 9.999999999999998579e+01 1.000000000000000000e+02 9.999999999999998579e+01 9.999999999999998579e+01 1.000000000000000000e+02 1.000000000000000000e+02 1.000000000000000000e+02 1.000000000000000000e+02 9.999999999999997158e+01 1.000000000000000000e+02 1.000000000000000000e+02 1.000000000000000000e+02 1.000000000000000000e+02 1.000000000000000000e+02 1.000000000000000000e+02 1.000000000000000000e+02 1.000000000000000000e+02 1.000000000000000000e+02 1.000000000000000000e+02 1.000000000000000000e+02 1.000000000000000000e+02 1.000000000000000000e+02 9.999999999999998579e+01 1.000000000000000000e+02 1.000000000000000000e+02 1.000000000000000000e+02 1.000000000000000000e+02 1.000000000000000000e+02 1.000000000000000000e+02 1.000000000000000000e+02 1.000000000000000000e+02 1.000000000000000000e+02 1.000000000000000000e+02 1.000000000000000000e+02 1.000000000000000000e+02 1.000000000000000000e+02 1.000000000000000000e+02
7.615365379834267401e+01 7.795890438449248450e+01 7.978308402440012514e+01 8.162485462216127985e+01 8.348280151600803833e+01 8.535543623237043676e+01 8.724143262686399680e+01 8.914028202400105272e+01 9.105104958297661710e+01 9.297051629636750647e+01 9.489450816915255871e+01 9.681950670184426144e+01 9.776784221239816475e+01 9.856506345363598598e+01 9.998533193703957522e+01 9.999999999999992895e+01 1.000000000000000711e+02 1.000000000000003553e+02 9.999999999999997158e+01 1.000000000000000853e+02 1.000000000000000853e+02 9.999999999999997158e+01 1.000000000000000853e+02 1.000000000000000426e+02 1.000000000000000426e+02 9.999999999999998579e+01 9.999999999999992895e+01 1.000000000000000284e+02 9.999999999999995737e+01 1.000000000000000711e+02 9.999999999999957367e+01 1.000000000000000284e+02 9.999999999999998579e+01 1.000000000000000284e+02 9.999999999999998579e+01 1.000000000000000000e+02 9.999999999999997158e+01 1.000000000000000000e+02 1.000000000000000000e+02 9.999999999999995737e+01 9.999999999999997158e+01 1.000000000000000284e+02 9.999999999999997158e+01 9.999999999999998579e+01 9.999999999999998579e+01 9.999999999999997158e+01 1.000000000000000284e+02 9.999999999999995737e+01 1.000000000000000426e+02 1.000000000000004405e+02 1.000000000000000000e+02 1.000000000000000284e+02 9.999999999999997158e+01 1.000000000000000284e+02 9.999999999999997158e+01 1.000000000000000284e+02
9.999999999999997158e+01 9.999999999999997158e+01 1.000000000000000284e+02 9.999999999999997158e+01 9.999999999999997158e+01 9.999999999999998579e+01 1.000000000000000284e+02 1.000000000000000284e+02 1.000000000000000284e+02 9.999999999999998579e+01 1.000000000000000284e+02 9.999999999999998579e+01 1.000000000000000000e+02 9.999999999999998579e+01 9.999999999999998579e+01 1.000000000000000284e+02 1.000000000000000284e+02 9.999999999999998579e+01 1.000000000000000284e+02 1.000000000000000284e+02 9.999999999999998579e+01 9.999999999999997158e+01 1.000000000000000284e+02 1.000000000000000284e+02 9.999999999999998579e+01 1.000000000000000000e+02 1.000000000000000000e+02 1.000000000000000000e+02 1.000000000000000000e+02 1.000000000000000000e+02 1.000000000000000000e+02 1.000000000000000000e+02 1.000000000000000000e+02 1.000000000000000000e+02 1.000000000000000000e+02 1.000000000000000000e+02 1.000000000000000000e+02 1.000000000000000000e+02 1.000000000000000000e+02 9.999999999999997158e+01 1.000000000000000000e+02 1.000000000000000000e+02 1.000000000000000000e+02 1.000000000000000000e+02 9.999999999999998579e+01 1.000000000000000000e+02 1.000000000000000000e+02 1.000000000000000000e+02 1.000000000000000000e+02 1.000000000000000000e+02 1.000000000000000000e+02 1.000000000000000000e+02 1.000000000000000000e+02 1.000000000000000000e+02 1.000000000000000000e+02 1.000000000000000000e+02
1.000000000000000000e+02 1.000000000000000000e+02 1.000000000000000000e+02 1.000000000000000000e+02 1.000000000000000000e+02 1.000000000000000000e+02 1.000000000000000000e+02 1.000000000000000000e+02 1.000000000000000000e+02 1.000000000000000000e+02 1.000000000000000000e+02 1.000000000000000000e+02 1.000000000000000000e+02 1.000000000000000000e+02 1.000000000000000000e+02 1.000000000000000000e+02 1.000000000000000000e+02 1.000000000000000000e+02 1.000000000000000000e+02 1.000000000000000000e+02 1.000000000000000000e+02 1.000000000000000000e+02 1.000000000000000000e+02 1.000000000000000000e+02 1.000000000000000000e+02 1.000000000000000000e+02 1.000000000000000000e+02 1.000000000000000000e+02 1.000000000000000000e+02 1.000000000000000000e+02 1.000000000000000000e+02 1.000000000000000000e+02 1.000000000000000000e+02 1.000000000000000000e+02 1.000000000000000000e+02 1.000000000000000000e+02 1.000000000000000000e+02 1.000000000000000000e+02 1.000000000000000000e+02 1.000000000000000000e+02 1.000000000000000000e+02 1.000000000000000000e+02 1.000000000000000000e+02 1.000000000000000000e+02 1.000000000000000000e+02 1.000000000000000000e+02 1.000000000000000000e+02 1.000000000000000000e+02 1.000000000000000000e+02 1.000000000000000000e+02 1.000000000000000000e+02 1.000000000000000000e+02 1.000000000000000000e+02 1.000000000000000000e+02 1.000000000000000000e+02 1.000000000000000000e+02
1.462023591714365978e+01 1.514717107317635403e+01 1.569466091154628984e+01 1.626349498891072898e+01 1.685448634286118619e+01 1.746847122596652468e+01 1.810630869191754044e+01 1.876888001535879269e+01 1.945708792551771182e+01 2.017185563222749423e+01 2.091412562140981990e+01 2.168485819555989025e+01 2.248502973328669796e+01 2.331563064052252088e+01 2.417766296468944631e+01 2.507213764192027128e+01 2.600007134643626117e+01 2.696248291044733847e+01 2.796038928252406208e+01 2.899480099237572972e+01 3.006671709043853369e+01 3.117711953173144579e+01 3.232698121014470161e+01 3.351845070858706066e+01 3.475584138607273132e+01 3.604400075061503372e+01 3.738632871457555495e+01 3.878464210896031972e+01 4.023989589350352247e+01 4.150448023446427470e+01 4.259336435828904399e+01 4.369869874354160544e+01 4.481589601808751411e+01 4.594256661316833146e+01 4.707781341666426300e+01 4.822115767968285382e+01 4.937218570363558001e+01 5.092746894306696959e+01 5.253672747757860151e+01 5.418222979986725107e+01 5.586327120763159115e+01 5.757899477709916880e+01 5.932838498888553858e+01 6.111029436701223005e+01 6.292340321823476046e+01 6.476619151782146844e+01 6.663694619622619086e+01 6.853376903234715201e+01 7.044085847810080736e+01 7.160677497874274877e+01 7.211647551924312438e+01 7.212247050592446840e+01 7.175135035647504367e+01 7.110200632717376834e+01 6.940969162855435570e+01 7.726740303511758157e+01
2.332989907526446416e+00 2.411150291906376975e+00 2.492395201927751991e+00 2.576862467694752468e+00 2.664696684144812977e+00 2.756049564759022186e+00 2.851080314182402375e+00 2.949956020710494897e+00 3.052852069633417376e+00 3.159952578463651296e+00 3.271450855106537770e+00 3.387549880063482455e+00 3.508462813786402013e+00 3.634413530326642050e+00 3.765637178442215127e+00 3.902380771342205179e+00 4.044903806255586431e+00 4.193478915011885633e+00 4.348392546811589376e+00 4.509945684343565908e+00 4.678454594370739628e+00 4.854251613855423919e+00 5.037685972624237785e+00 5.229124653480590190e+00 5.428953290553657496e+00 5.637577106524392256e+00 5.855421889184900586e+00 6.082935007563773588e+00 6.320586467580382894e+00 6.568870006867226330e+00 6.828304228016336630e+00 7.099433769053205445e+00 7.382830509409854969e+00 7.679094809049654913e+00 7.988856777674471665e+00 8.312777570110990055e+00 8.651550703011237076e+00 9.005903386894836160e+00 9.376597866298201467e+00 9.764432759347803525e+00 1.017024438643398732e+01 1.059490807580000649e+01 1.103933943175522714e+01 1.150449554885454972e+01 1.199137615272644908e+01 1.250102464526097457e+01 1.303452902855985940e+01 1.359302267837881040e+01 1.417768493373918659e+01 1.458780148300385093e+01 1.456246756291131561e+01 1.420477209546726094e+01 1.358735343531804673e+01 1.276938226995764580e+01 1.178799903938579874e+01 1.030684612559925561e+01
9.220365981710308745e+00 9.551389083259612889e+00 9.895722218424413796e+00 1.025392950722604546e+01 1.062659798263642585e+01 1.101433825510153675e+01 1.141778515699022556e+01 1.183759836015792821e+01 1.227446295890493744e+01 1.272909000961252879e+01 1.320221701724612373e+01 1.369460835772425611e+01 1.420705562386061160e+01 1.474037788117785652e+01 1.529542181839009274e+01 1.587306177571801413e+01 1.647419963247866548e+01 1.709976453354272508e+01 1.775071243231445450e+01 1.842802542585225822e+01 1.913271085563018659e+01 1.986580014526176541e+01 2.062834734428867378e+01 2.142142734490681377e+01 2.224613373630236879e+01 2.310357625914237190e+01 2.399487782077448372e+01 2.492117102988357402e+01 2.588359420784734866e+01 2.688328683287494769e+01 2.792138437235658444e+01 2.899901245877956057e+01 3.011728036525529362e+01 3.127727373826758495e+01 3.248004953700761632e+01 3.372901440246019433e+01 3.502968790672048272e+01 3.638670364029198367e+01 3.780269786569953538e+01 3.927903677088994527e+01 4.081647977601473798e+01 4.207397389147982381e+01 4.322445765678709506e+01 4.439084625000729289e+01 4.556874806994278515e+01 4.675669766715850528e+01 4.795405655759893193e+01 4.916028921721530054e+01 5.037921549060774140e+01 5.119356768953488768e+01 5.117418945691365195e+01 5.044418645197399087e+01 4.912445808630842237e+01 4.730749167788507492e+01 4.491533691083180457e+01 4.614672247210974376e+01
1.384531882047979323e+01 1.434452257128439534e+01 1.486330407480646087e+01 1.540242763356526012e+01 1.596268162373233679e+01 1.654487841591608088e+01 1.714985416906183957e+01 1.777846848057356155e+01 1.843160387429582769e+01 1.911016510646757283e+01 1.981507826820131157e+01 2.054728966144105229e+01 2.130776442376080126e+01 2.209748487578217535e+01 2.291744856345632542e+01 2.376866596601120563e+01 2.465215783904159252e+01 2.556895216107902158e+01 2.652008065107648349e+01 2.750657482363926221e+01 2.852946154862399197e+01 2.958975808197469348e+01 3.068846653548891723e+01 3.182657050898743378e+01 3.300531921586577511e+01 3.422827093593653558e+01 3.550067055947693717e+01 3.682669965046320470e+01 3.820865094268402373e+01 3.964768767361659485e+01 4.108952036587351131e+01 4.217634992711953856e+01 4.328154295629027359e+01 4.440061274829329108e+01 4.553016412730747930e+01 4.666873089927133123e+01 4.781569074777325312e+01 4.897060183540769174e+01 5.034700189253327096e+01 5.194979453441441564e+01 5.358928013919186384e+01 5.526478508541300272e+01 5.697548237573767693e+01 5.872038464201856556e+01 6.049835598979720430e+01 6.230810747850911469e+01 6.414814967165268911e+01 6.601679087731235995e+01 6.790342141613437832e+01 6.902058910075037090e+01 6.943620570133573722e+01 6.930068956523497548e+01 6.873670417597662663e+01 6.783652114633117947e+01 6.596175370792329318e+01 7.266010387312653052e+01
1.111188190995417102e+01 1.151217353549225741e+01 1.192842386910374586e+01 1.236128894046706073e+01 1.281144916052023852e+01 1.327960976581259978e+01 1.376650120428960022e+01 1.427287945155899251e+01 1.479952624546515061e+01 1.534724922548763359e+01 1.591688196207582706e+01 1.650928385953043787e+01 1.712533991445756243e+01 1.776596031014634391e+01 1.843207982546775625e+01 1.912465703507647419e+01 1.984467327582550311e+01 2.059313135239755610e+01 2.137105395325008672e+01 2.217948174607723288e+01 2.301947112016848607e+01 2.389209154131980384e+01 2.479842248339799937e+01 2.573954989932515858e+01 2.671656219322543890e+01 2.773054565483064593e+01 2.878257931710245643e+01 2.987372919847097563e+01 3.100504189227126872e+01 3.217754283449737329e+01 3.339347335494896640e+01 3.465751971359981098e+01 3.597477044715029137e+01 3.734858803127298188e+01 3.878071777597823200e+01 4.027209023346763672e+01 4.161537265664706098e+01 4.273605934674745299e+01 4.387405231192440169e+01 4.502457955131848877e+01 4.618521960649163560e+01 4.735505011462029756e+01 4.853353633079543528e+01 4.972021210783670142e+01 5.124938770651200315e+01 5.290190347317174258e+01 5.459164871314797551e+01 5.631775856859307083e+01 5.807538055800100096e+01 5.901367730950072144e+01 5.914452502215523566e+01 5.860122705375643193e+01 5.750246409504013911e+01 5.593475466981967514e+01 5.363294037730440778e+01 5.678615744147088407e+01
2.554593054176599765e+01 2.644507894946960391e+01 2.737598080132550038e+01 2.833952952010556459e+01 2.933661410206547870e+01 3.036811526952866558e+01 3.143490122463119718e+01 3.253785886517596992e+01 3.367877085616291311e+01 3.486123567914770405e+01 3.608971089789946518e+01 3.736771291404710382e+01 3.869726059831313592e+01 4.007941432752247835e+01 4.121878400424117217e+01 4.224495303674959956e+01 4.328608189611739476e+01 4.433838909114582094e+01 4.539931928141452744e+01 4.646777466835105486e+01 4.754328298511993012e+01 4.871998985522620274e+01 5.020935952701914573e+01 5.173333692689746499e+01 5.329159887987544408e+01 5.488371320281198962e+01 5.650913285592518065e+01 5.816719072352457687e+01 5.985710202345460829e+01 6.157797201020335365e+01 6.332876791725243493e+01 6.510829898736083976e+01 6.691522091283711404e+01 6.874680774933301564e+01 7.059920003805892463e+01 7.247382116965714260e+01 7.436876145251194714e+01 7.628197181216114586e+01 7.821126733796282338e+01 8.015433210533383601e+01 8.210872530821148985e+01 8.407188871979970202e+01 8.604115548136248037e+01 8.801409729140375759e+01 8.999315814913005340e+01 9.197108120825048161e+01 9.394039496845068982e+01 9.589711178622812326e+01 9.783300837488356194e+01 9.799229001703733388e+01 9.922132091455362968e+01 1.000000000000000711e+02 9.999999999999987210e+01 9.999999999999994316e+01 9.999999999999994316e+01 9.999999999999997158e+01
7.393003828631414365e+01 7.571372530054284766e+01 7.751780777410681367e+01 7.934101986366729875e+01 8.118201522579212792e+01 8.303936917940430362e+01 8.491158143034493833e+01 8.679722189186207970e+01 8.869553510467694935e+01 9.060598101500032442e+01 9.252572477577554366e+01 9.445040379333174485e+01 9.637643045524839636e+01 9.772398233866429962e+01 9.819573610513342032e+01 9.978724067476095172e+01 9.999999999999990052e+01 9.999999999999992895e+01 9.999999999999992895e+01 1.000000000000003553e+02 1.000000000000000284e+02 1.000000000000000853e+02 1.000000000000000711e+02 1.000000000000000284e+02 9.999999999999995737e+01 1.000000000000000426e+02 9.999999999999995737e+01 9.999999999999998579e+01 9.999999999999997158e+01 1.000000000000000426e+02 9.999999999999992895e+01 1.000000000000000284e+02 9.999999999999992895e+01 9.999999999999997158e+01 9.999999999999997158e+01 9.999999999999994316e+01 1.000000000000000853e+02 1.000000000000000284e+02 9.999999999999998579e+01 9.999999999999998579e+01 9.999999999999992895e+01 9.999999999999991473e+01 9.999999999999994316e+01 1.000000000000000284e+02 9.999999999999998579e+01 1.000000000000000426e+02 9.999999999999998579e+01 1.000000000000000284e+02 1.000000000000000284e+02 1.000000000000000284e+02 9.999999999999998579e+01 9.999999999999998579e+01 1.000000000000000284e+02 9.999999999999997158e+01 9.999999999999997158e+01 9.999999999999997158e+01
1.000000000000000426e+02 1.000000000000000284e+02 9.999999999999995737e+01 9.999999999999995737e+01 1.000000000000000284e+02 9.999999999999997158e+01 9.999999999999997158e+01 1.000000000000000284e+02 9.999999999999998579e+01 9.999999999999998579e+01 1.000000000000000284e+02 9.999999999999998579e+01 9.999999999999997158e+01 1.000000000000000284e+02 9.999999999999997158e+01 1.000000000000000284e+02 1.000000000000000284e+02 9.999999999999997158e+01 1.000000000000000426e+02 1.000000000000000284e+02 1.000000000000000284e+02 1.000000000000000284e+02 1.000000000000000284e+02 9.999999999999997158e+01 1.000000000000000284e+02 9.999999999999997158e+01 9.999999999999997158e+01 9.999999999999995737e+01 9.999999999999997158e+01 9.999999999999997158e+01 9.999999999999997158e+01 1.000000000000000284e+02 9.999999999999998579e+01 1.000000000000000284e+02 1.000000000000000284e+02 9.999999999999998579e+01 1.000000000000000284e+02 9.999999999999995737e+01 9.999999999999997158e+01 9.999999999999998579e+01 9.999999999999997158e+01 1.000000000000000284e+02 1.000000000000000284e+02 9.999999999999998579e+01 1.000000000000000284e+02 9.999999999999997158e+01 1.000000000000000284e+02 1.000000000000000426e+02 1.000000000000000000e+02 9.999999999999997158e+01 1.000000000000000000e+02 1.000000000000000000e+02 1.000000000000000426e+02 1.000000000000000000e+02 1.000000000000000284e+02 1.000000000000000000e+02
7.154016855721386037e+01 7.329859284488064475e+01 7.507893215541459142e+01 7.688000517329724914e+01 7.870054651471998852e+01 8.053920822829108772e+01 8.239456185712906233e+01 8.426510107694457474e+01 8.614924491934135631e+01 8.804574346221160397e+01 8.995451488830995856e+01 9.187372810108894328e+01 9.379909556750993715e+01 9.572653060187400342e+01 9.765287142184996583e+01 9.787225734335595462e+01 9.924842223270296415e+01 1.000000000000000284e+02 9.999999999999994316e+01 1.000000000000000000e+02 9.999999999999992895e+01 1.000000000000000711e+02 1.000000000000000853e+02 1.000000000000000284e+02 1.000000000000000711e+02 1.000000000000000000e+02 9.999999999999992895e+01 1.000000000000000711e+02 9.999999999999998579e+01 1.000000000000000711e+02 9.999999999999997158e+01 1.000000000000000426e+02 1.000000000000000284e+02 1.000000000000000853e+02 1.000000000000000853e+02 1.000000000000000284e+02 1.000000000000000711e+02 1.000000000000000426e+02 1.000000000000000284e+02 9.999999999999992895e+01 1.000000000000000284e+02 1.000000000000000284e+02 1.000000000000000853e+02 1.000000000000000284e+02 9.999999999999992895e+01 1.000000000000000284e+02 1.000000000000000426e+02 1.000000000000000284e+02 1.000000000000000284e+02 1.000000000000000284e+02 9.999999999999997158e+01 9.999999999999995737e+01 9.999999999999998579e+01 9.999999999999997158e+01 1.000000000000000284e+02 1.000000000000000284e+02
2.143655747731007111e+01 2.220018844055610074e+01 2.299194330351584981e+01 2.381273007120442742e+01 2.466346652382246063e+01 2.554507782495535295e+01 2.645849380309240928e+01 2.740464588216370956e+01 2.838446363661252292e+01 2.939887094665235168e+01 3.044878172985490750e+01 3.153509522614901783e+01 3.265872701797718491e+01 3.382183076856921389e+01 3.502855894733490771e+01 3.628347783286526607e+01 3.758979571327969182e+01 3.894923533181062680e+01 4.036271444152927756e+01 4.147609586360128020e+01 4.252415165293960797e+01 4.358698282725450213e+01 4.466076332585974740e+01 4.574321947524552456e+01 4.683343136531830453e+01 4.793095907639479947e+01 4.915918192516339502e+01 5.067983694659831428e+01 5.223572874824543533e+01 5.382644778550618980e+01 5.545146414669861201e+01 5.711012130032171541e+01 5.880163083579430605e+01 6.052508500322656460e+01 6.227944567574624557e+01 6.406351280922247327e+01 6.587591750263847246e+01 6.771512951667706659e+01 6.957670308346639843e+01 7.145948243446748904e+01 7.336329311412900722e+01 7.528600137486819222e+01 7.722532619813050303e+01 7.917884421150492358e+01 8.114399606824412103e+01 8.311809431613032473e+01 8.509833276174882144e+01 8.708194994928869903e+01 8.905619887366933085e+01 9.069154856491292094e+01 9.218292518183439199e+01 9.375040380829096875e+01 9.562864567930114390e+01 9.664679859684345331e+01 9.745276015700173389e+01 9.999999999999990052e+01
4.769221275403939586e+01 4.907704142995228125e+01 5.049378332352279131e+01 5.194234757476523612e+01 5.342256932883595510e+01 5.493420547699265910e+01 5.647693051213992277e+01 5.805033316248650976e+01 5.965391833026224333e+01 6.128711015816071495e+01 6.294923897348989783e+01 6.463952311690813701e+01 6.635706521697839833e+01 6.809917471986011606e+01 6.986359323135509669e+01 7.165167250320646986e+01 7.346209274333581618e+01 7.529342855902329745e+01 7.714415015543639242e+01 7.901262528626334358e+01 8.089712198691600520e+01 8.279581211332926216e+01 8.470677570106911958e+01 8.662813235472239626e+01 8.855894671463066459e+01 9.049897557401837389e+01 9.244368875891969140e+01 9.438758504219387646e+01 9.632695809627128369e+01 9.779995285756703538e+01 9.811788800478987582e+01 9.971263671916599947e+01 9.999999999999994316e+01 9.999999999999994316e+01 1.000000000000000284e+02 1.000000000000000284e+02 9.999999999999995737e+01 9.999999999999995737e+01 1.000000000000000284e+02 1.000000000000000000e+02 9.999999999999992895e+01 9.999999999999997158e+01 1.000000000000000711e+02 9.999999999999997158e+01 1.000000000000000426e+02 1.000000000000000711e+02 1.000000000000000284e+02 9.999999999999997158e+01 1.000000000000000284e+02 1.000000000000000426e+02 9.999999999999997158e+01 1.000000000000000711e+02 9.999999999999998579e+01 9.999999999999992895e+01 1.000000000000000426e+02 9.999999999999997158e+01
1.000000000000000426e+02 9.999999999999997158e+01 9.999999999999998579e+01 1.000000000000000711e+02 1.000000000000000284e+02 1.000000000000000711e+02 1.000000000000000284e+02 1.000000000000000284e+02 1.000000000000000000e+02 9.999999999999997158e+01 9.999999999999998579e+01 1.000000000000000711e+02 1.000000000000000853e+02 1.000000000000000284e+02 1.000000000000000426e+02 9.999999999999995737e+01 9.999999999999997158e+01 9.999999999999992895e+01 1.000000000000000284e+02 1.000000000000000426e+02 1.000000000000000284e+02 9.999999999999995737e+01 1.000000000000000284e+02 1.000000000000000284e+02 9.999999999999995737e+01 1.000000000000000284e+02 9.999999999999998579e+01 1.000000000000000284e+02 9.999999999999998579e+01 1.000000000000000284e+02 9.999999999999997158e+01 1.000000000000000284e+02 9.999999999999997158e+01 1.000000000000000284e+02 1.000000000000000284e+02 9.999999999999997158e+01 1.000000000000000284e+02 1.000000000000000284e+02 9.999999999999997158e+01 1.000000000000000284e+02 9.999999999999997158e+01 9.999999999999997158e+01 1.000000000000000284e+02 1.000000000000000284e+02 9.999999999999997158e+01 9.999999999999997158e+01 9.999999999999997158e+01 1.000000000000000284e+02 1.000000000000000284e+02 9.999999999999998579e+01 1.000000000000000426e+02 1.000000000000000284e+02 1.000000000000000284e+02 9.999999999999997158e+01 1.000000000000000426e+02 1.000000000000000284e+02
1.000000000000000000e+02 1.000000000000000000e+02 1.000000000000000000e+02 1.000000000000000000e+02 1.000000000000000000e+02 1.000000000000000000e+02 1.000000000000000000e+02 1.000000000000000000e+02 1.000000000000000000e+02 1.000000000000000000e+02 1.000000000000000000e+02 1.000000000000000000e+02 1.000000000000000000e+02 1.000000000000000000e+02 1.000000000000000000e+02 1.000000000000000000e+02 1.000000000000000000e+02 1.000000000000000000e+02 1.000000000000000000e+02 1.000000000000000000e+02 1.000000000000000000e+02 1.000000000000000000e+02 1.000000000000000000e+02 1.000000000000000000e+02 1.000000000000000000e+02 1.000000000000000000e+02 1.000000000000000000e+02 1.000000000000000000e+02 1.000000000000000000e+02 1.000000000000000000e+02 1.000000000000000000e+02 1.000000000000000000e+02 1.000000000000000000e+02 1.000000000000000000e+02 1.000000000000000000e+02 1.000000000000000000e+02 1.000000000000000000e+02 1.000000000000000000e+02 1.000000000000000000e+02 1.000000000000000000e+02 1.000000000000000000e+02 1.000000000000000000e+02 1.000000000000000000e+02 1.000000000000000000e+02 1.000000000000000000e+02 1.000000000000000000e+02 1.000000000000000000e+02 1.000000000000000000e+02 1.000000000000000000e+02 1.000000000000000000e+02 1.000000000000000000e+02 1.000000000000000000e+02 1.000000000000000000e+02 1.000000000000000000e+02 1.000000000000000000e+02 1.000000000000000000e+02
1.000000000000000000e+02 1.000000000000000000e+02 1.000000000000000000e+02 1.000000000000000000e+02 1.000000000000000000e+02 1.000000000000000000e+02 1.000000000000000000e+02 1.000000000000000000e+02 1.000000000000000000e+02 1.000000000000000000e+02 1.000000000000000000e+02 1.000000000000000000e+02 1.000000000000000000e+02 1.000000000000000000e+02 1.000000000000000000e+02 1.000000000000000000e+02 1.000000000000000000e+02 1.000000000000000000e+02 1.000000000000000000e+02 1.000000000000000000e+02 1.000000000000000000e+02 1.000000000000000000e+02 1.000000000000000000e+02 1.000000000000000000e+02 1.000000000000000000e+02 1.000000000000000000e+02 1.000000000000000000e+02 1.000000000000000000e+02 1.000000000000000000e+02 1.000000000000000000e+02 1.000000000000000000e+02 1.000000000000000000e+02 1.000000000000000000e+02 1.000000000000000000e+02 1.000000000000000000e+02 1.000000000000000000e+02 1.000000000000000000e+02 1.000000000000000000e+02 1.000000000000000000e+02 1.000000000000000000e+02 1.000000000000000000e+02 1.000000000000000000e+02 1.000000000000000000e+02 1.000000000000000000e+02 1.000000000000000000e+02 1.000000000000000000e+02 1.000000000000000000e+02 1.000000000000000000e+02 1.000000000000000000e+02 1.000000000000000000e+02 1.000000000000000000e+02 1.000000000000000000e+02 1.000000000000000000e+02 1.000000000000000000e+02 1.000000000000000000e+02 1.000000000000000000e+02
5.518879716600528340e+00 5.713361555361472277e+00 5.915707090401238766e+00 6.126264811576607627e+00 6.345399302854060508e+00 6.573491953156300305e+00 6.810941690183683228e+00 7.058165736616841990e+00 7.315600387857309705e+00 7.583701810169428015e+00 7.862946857756266894e+00 8.153833906919329522e+00 8.456883705017839148e+00 8.772640231447953241e+00 9.101671567304157051e+00 9.444570769750663786e+00 9.801956746418067468e+00 1.017447512434068813e+01 1.056279910705136871e+01 1.096763031244996967e+01 1.138969958294289953e+01 1.182976775811454040e+01 1.228862639881519847e+01 1.276709845003838950e+01 1.326603882829114411e+01 1.378633491733764238e+01 1.432890695420111449e+01 1.489470828514254030e+01 1.548472546899018454e+01 1.609997820266980639e+01 1.674151904108152422e+01 1.741043288059482563e+01 1.810783617239877685e+01 1.883487582875978106e+01 1.959272778194364406e+01 2.038259515217353623e+01 2.120570597757519238e+01 2.206331045565463000e+01 2.295667764255739129e+01 2.388709155322750632e+01 2.485584660277327984e+01 2.586424232695133796e+01 2.691357731788652075e+01 2.800514231012021327e+01 2.914021235204536353e+01 3.032003799898505392e+01 3.154583546686964723e+01 3.281890617561114709e+01 3.414524240217223650e+01 3.495420988973053511e+01 3.498474138536546718e+01 3.438411755594025010e+01 3.327245183391152494e+01 3.173176095905511573e+01 2.940105572408993595e+01 2.625728896767667919e+01
1.000000000000000284e+02 1.000000000000000000e+02 9.999999999999997158e+01 9.999999999999997158e+01 9.999999999999997158e+01 9.999999999999997158e+01 1.000000000000000284e+02 1.000000000000000000e+02 1.000000000000000284e+02 9.999999999999997158e+01 1.000000000000000284e+02 1.000000000000000284e+02 9.999999999999997158e+01 1.000000000000000284e+02 9.999999999999997158e+01 9.999999999999997158e+01 9.999999999999997158e+01 9.999999999999997158e+01 1.000000000000000284e+02 1.000000000000000284e+02 1.000000000000000284e+02 1.000000000000000284e+02 1.000000000000000284e+02 9.999999999999998579e+01 9.999999999999998579e+01 1.000000000000000284e+02 9.999999999999998579e+01 9.999999999999998579e+01 1.000000000000000000e+02 9.999999999999997158e+01 9.999999999999998579e+01 9.999999999999998579e+01 1.000000000000000000e+02 1.000000000000000284e+02 1.000000000000000284e+02 1.000000000000000284e+02 1.000000000000000000e+02 1.000000000000000000e+02 1.000000000000000284e+02 1.000000000000000000e+02 1.000000000000000000e+02 1.000000000000000000e+02 1.000000000000000000e+02 1.000000000000000284e+02 1.000000000000000000e+02 9.999999999999997158e+01 1.000000000000000000e+02 1.000000000000000000e+02 1.000000000000000000e+02 1.000000000000000000e+02 1.000000000000000000e+02 1.000000000000000000e+02 1.000000000000000000e+02 9.999999999999997158e+01 1.000000000000000284e+02 1.000000000000000284e+02
9.999999999999998579e+01 1.000000000000000853e+02 1.000000000000000853e+02 9.999999999999998579e+01 9.999999999999998579e+01 1.000000000000000284e+02 1.000000000000000426e+02 1.000000000000000284e+02 1.000000000000000284e+02 1.000000000000000000e+02 9.999999999999992895e+01 1.000000000000000284e+02 9.999999999999992895e+01 1.000000000000000426e+02 9.999999999999997158e+01 1.000000000000000426e+02 1.000000000000000284e+02 9.999999999999998579e+01 1.000000000000000284e+02 9.999999999999997158e+01 1.000000000000000000e+02 1.000000000000000426e+02 1.000000000000000284e+02 9.999999999999998579e+01 9.999999999999997158e+01 9.999999999999997158e+01 1.000000000000000284e+02 1.000000000000000426e+02 1.000000000000000284e+02 1.000000000000000284e+02 9.999999999999997158e+01 1.000000000000000284e+02 1.000000000000000284e+02 9.999999999999997158e+01 9.999999999999997158e+01 1.000000000000000284e+02 1.000000000000000284e+02 9.999999999999997158e+01 9.999999999999997158e+01 9.999999999999997158e+01 1.000000000000000284e+02 9.999999999999997158e+01 1.000000000000000284e+02 9.999999999999997158e+01 1.000000000000000284e+02 1.000000000000000284e+02 1.000000000000000284e+02 9.999999999999995737e+01 9.999999999999998579e+01 9.999999999999997158e+01 1.000000000000000426e+02 9.999999999999998579e+01 9.999999999999998579e+01 1.000000000000000426e+02 9.999999999999997158e+01 9.999999999999994316e+01
1.000000000000000426e+02 9.999999999999997158e+01 9.999999999999998579e+01 9.999999999999998579e+01 1.000000000000000426e+02 1.000000000000000284e+02 1.000000000000000000e+02 9.999999999999998579e+01 1.000000000000000284e+02 9.999999999999995737e+01 1.000000000000000284e+02 1.000000000000000426e+02 1.000000000000000284e+02 1.000000000000000284e+02 9.999999999999997158e+01 9.999999999999997158e+01 1.000000000000000284e+02 9.999999999999997158e+01 1.000000000000000284e+02 9.999999999999997158e+01 9.999999999999997158e+01 9.999999999999997158e+01 9.999999999999997158e+01 9.999999999999997158e+01 9.999999999999997158e+01 1.000000000000000426e+02 9.999999999999997158e+01 1.000000000000000426e+02 1.000000000000000284e+02 9.999999999999997158e+01 9.999999999999997158e+01 9.999999999999995737e+01 1.000000000000000426e+02 1.000000000000000284e+02 9.999999999999998579e+01 9.999999999999998579e+01 1.000000000000000284e+02 1.000000000000000284e+02 9.999999999999997158e+01 1.000000000000000284e+02 9.999999999999997158e+01 9.999999999999998579e+01 9.999999999999998579e+01 9.999999999999997158e+01 9.999999999999995737e+01 9.999999999999998579e+01 9.999999999999998579e+01 1.000000000000000284e+02 1.000000000000000284e+02 9.999999999999998579e+01 1.000000000000000000e+02 1.000000000000000284e+02 9.999999999999998579e+01 1.000000000000000000e+02 1.000000000000000426e+02 9.999999999999997158e+01
1.000000000000000000e+02 1.000000000000000000e+02 1.000000000000000000e+02 1.000000000000000000e+02 1.000000000000000000e+02 1.000000000000000000e+02 1.000000000000000000e+02 1.000000000000000000e+02 1.000000000000000000e+02 1.000000000000000000e+02 1.000000000000000000e+02 1.000000000000000000e+02 1.000000000000000000e+02 1.000000000000000000e+02 1.000000000000000000e+02 1.000000000000000000e+02 1.000000000000000000e+02 1.000000000000000000e+02 1.000000000000000000e+02 1.000000000000000000e+02 1.000000000000000000e+02 1.000000000000000000e+02 1.000000000000000000e+02 1.000000000000000000e+02 1.000000000000000000e+02 1.000000000000000000e+02 1.000000000000000000e+02 1.000000000000000000e+02 1.000000000000000000e+02 1.000000000000000000e+02 1.000000000000000000e+02 1.000000000000000000e+02 1.000000000000000000e+02 1.000000000000000000e+02 1.000000000000000000e+02 1.000000000000000000e+02 1.000000000000000000e+02 1.000000000000000000e+02 1.000000000000000000e+02 1.000000000000000000e+02 1.000000000000000000e+02 1.000000000000000000e+02 1.000000000000000000e+02 1.000000000000000000e+02 1.000000000000000000e+02 1.000000000000000000e+02 1.000000000000000000e+02 1.000000000000000000e+02 1.000000000000000000e+02 1.000000000000000000e+02 1.000000000000000000e+02 1.000000000000000000e+02 1.000000000000000000e+02 1.000000000000000000e+02 1.000000000000000000e+02 1.000000000000000000e+02
6.963136102046354381e+01 7.136803323341437988e+01 7.312778580187132604e+01 7.490950971216379628e+01 7.671200956170778795e+01 7.853400451812262872e+01 8.037412983254958476e+01 8.223093892739093747e+01 8.410290607369941540e+01 8.598842966793726816e+01 8.788621148529948357e+01 8.979611414488442733e+01 9.171640780536939985e+01 9.364286753843852296e+01 9.557133055197908789e+01 9.749854233939949211e+01 9.786086395145936478e+01 9.911826358770346701e+01 9.999999999999997158e+01 9.999999999999994316e+01 1.000000000000000853e+02 1.000000000000000000e+02 9.999999999999992895e+01 9.999999999999992895e+01 1.000000000000000426e+02 1.000000000000000711e+02 1.000000000000000711e+02 9.999999999999994316e+01 1.000000000000000284e+02 1.000000000000000000e+02 9.999999999999997158e+01 1.000000000000000426e+02 1.000000000000000711e+02 9.999999999999998579e+01 9.999999999999997158e+01 1.000000000000000711e+02 9.999999999999998579e+01 9.999999999999997158e+01 1.000000000000000284e+02 9.999999999999997158e+01 9.999999999999992895e+01 9.999999999999992895e+01 1.000000000000000426e+02 1.000000000000000284e+02 9.999999999999994316e+01 9.999999999999997158e+01 1.000000000000000426e+02 1.000000000000000284e+02 1.000000000000000284e+02 1.000000000000000284e+02 1.000000000000000426e+02 9.999999999999997158e+01 1.000000000000000284e+02 9.999999999999998579e+01 9.999999999999997158e+01 9.999999999999998579e+01
1.000000000000000000e+02 1.000000000000000000e+02 1.000000000000000000e+02 1.000000000000000000e+02 1.000000000000000000e+02 1.000000000000000000e+02 1.000000000000000000e+02 1.000000000000000000e+02 1.000000000000000000e+02 1.000000000000000000e+02 1.000000000000000000e+02 1.000000000000000000e+02 1.000000000000000000e+02 1.000000000000000000e+02 1.000000000000000000e+02 1.000000000000000000e+02 1.000000000000000000e+02 1.000000000000000000e+02 1.000000000000000000e+02 1.000000000000000000e+02 1.000000000000000000e+02 1.000000000000000000e+02 1.000000000000000000e+02 1.000000000000000000e+02 1.000000000000000000e+02 1.000000000000000000e+02 1.000000000000000000e+02 1.000000000000000000e+02 1.000000000000000000e+02 1.000000000000000000e+02 1.000000000000000000e+02 1.000000000000000000e+02 1.000000000000000000e+02 1.000000000000000000e+02 1.000000000000000000e+02 1.000000000000000000e+02 1.000000000000000000e+02 1.000000000000000000e+02 1.000000000000000000e+02 1.000000000000000000e+02 1.000000000000000000e+02 1.000000000000000000e+02 1.000000000000000000e+02 1.000000000000000000e+02 1.000000000000000000e+02 1.000000000000000000e+02 1.000000000000000000e+02 1.000000000000000000e+02 1.000000000000000000e+02 1.000000000000000000e+02 1.000000000000000000e+02 1.000000000000000000e+02 1.000000000000000000e+02 1.000000000000000000e+02 1.000000000000000000e+02 1.000000000000000000e+02
1.092821824160068189e+01 1.132180958739162691e+01 1.173110732452271598e+01 1.215675915308593602e+01 1.259943707280924130e+01 1.305983785421611110e+01 1.353868345533786588e+01 1.403672137343659188e+01 1.455472492000511942e+01 1.509349340602318712e+01 1.565385222306787938e+01 1.623665280440414449e+01 1.684277244860746237e+01 1.747311398661822324e+01 1.812860527138372646e+01 1.881019846742874080e+01 1.951886911582482753e+01 2.025561494810522944e+01 2.102145442074003157e+01 2.181742493985202103e+01 2.264458074397231613e+01 2.350399041083347740e+01 2.439673395253655386e+01 2.532389946197561770e+01 2.628657927220561419e+01 2.728586558961787389e+01 2.832284556140081122e+01 2.939859573794244696e+01 3.051417589169808053e+01 3.167062238488168191e+01 3.286900965159545507e+01 3.411328161172365725e+01 3.540912121745252250e+01 3.676072139270050343e+01 3.817027121363397413e+01 3.963890231745988046e+01 4.115757778723958893e+01 4.227127280057570147e+01 4.340455469531303123e+01 4.455234059075296216e+01 4.571102170246354035e+01 4.687921739957242551e+01 4.805631272331709880e+01 4.924182218649882259e+01 5.058625705556160312e+01 5.222560016428548835e+01 5.390254981452533656e+01 5.561630192392872374e+01 5.736237864688307297e+01 5.828863562459212488e+01 5.840288850677231380e+01 5.783750079607465722e+01 5.671126968944799529e+01 5.511105516878460264e+01 5.279257171535194004e+01 5.574038706027709367e+01
1.000000000000000000e+02 1.000000000000000000e+02 1.000000000000000000e+02 9.999999999999998579e+01 1.000000000000000000e+02 1.000000000000000000e+02 1.000000000000000000e+02 1.000000000000000284e+02 1.000000000000000000e+02 1.000000000000000000e+02 1.000000000000000000e+02 1.000000000000000000e+02 1.000000000000000000e+02 1.000000000000000000e+02 1.000000000000000000e+02 1.000000000000000000e+02 1.000000000000000000e+02 1.000000000000000000e+02 1.000000000000000000e+02 1.000000000000000000e+02 1.000000000000000000e+02 1.000000000000000000e+02 1.000000000000000000e+02 1.000000000000000000e+02 1.000000000000000000e+02 1.000000000000000000e+02 1.000000000000000000e+02 1.000000000000000000e+02 1.000000000000000000e+02 1.000000000000000000e+02 1.000000000000000000e+02 1.000000000000000000e+02 1.000000000000000000e+02 1.000000000000000000e+02 1.000000000000000000e+02 1.000000000000000000e+02 1.000000000000000000e+02 1.000000000000000000e+02 1.000000000000000000e+02 1.000000000000000000e+02 1.000000000000000000e+02 1.000000000000000000e+02 1.000000000000000000e+02 1.000000000000000000e+02 1.000000000000000000e+02 1.000000000000000000e+02 1.000000000000000000e+02 1.000000000000000000e+02 1.000000000000000000e+02 1.000000000000000000e+02 1.000000000000000000e+02 1.000000000000000000e+02 1.000000000000000000e+02 1.000000000000000000e+02 1.000000000000000000e+02 1.000000000000000000e+02
1.000000000000000284e+02 1.000000000000000284e+02 9.999999999999997158e+01 1.000000000000000284e+02 9.999999999999998579e+01 1.000000000000000284e+02 1.000000000000000284e+02 1.000000000000000284e+02 1.000000000000000284e+02 9.999999999999998579e+01 1.000000000000000284e+02 9.999999999999997158e+01 1.000000000000000284e+02 9.999999999999998579e+01 9.999999999999998579e+01 1.000000000000000284e+02 9.999999999999997158e+01 9.999999999999998579e+01 9.999999999999998579e+01 9.999999999999997158e+01 1.000000000000000284e+02 1.000000000000000284e+02 9.999999999999998579e+01 1.000000000000000000e+02 1.000000000000000000e+02 1.000000000000000000e+02 1.000000000000000284e+02 1.000000000000000284e+02 9.999999999999997158e+01 1.000000000000000000e+02 1.000000000000000000e+02 1.000000000000000000e+02 1.000000000000000000e+02 1.000000000000000000e+02 1.000000000000000000e+02 1.000000000000000000e+02 1.000000000000000000e+02 1.000000000000000000e+02 1.000000000000000000e+02 1.000000000000000000e+02 1.000000000000000284e+02 1.000000000000000000e+02 1.000000000000000000e+02 1.000000000000000284e+02 1.000000000000000000e+02 1.000000000000000000e+02 1.000000000000000000e+02 1.000000000000000000e+02 1.000000000000000000e+02 1.000000000000000000e+02 1.000000000000000000e+02 1.000000000000000000e+02 1.000000000000000000e+02 1.000000000000000000e+02 1.000000000000000000e+02 1.000000000000000000e+02
1.016050367504056640e+00 1.048020347071884961e+00 1.081199023543936377e+00 1.115639058852070375e+00 1.151395688265834494e+00 1.188526858454493240e+00 1.227093373522579745e+00 1.267159049504017476e+00 1.308790877829629995e+00 1.352059198315139765e+00 1.397037882250290464e+00 1.443804526205576755e+00 1.492440657211079547e+00 1.543031950001674257e+00 1.595668457065401835e+00 1.650444852276288898e+00 1.707460688939890670e+00 1.766820673129408714e+00 1.828634953242288752e+00 1.893019426761760160e+00 1.960096065265131138e+00 2.029993258780515397e+00 2.102846180656128272e+00 2.178797174171539286e+00 2.257996162187591249e+00 2.340601081201979294e+00 2.426778341249156146e+00 2.516703313157949484e+00 2.610560844755041021e+00 2.708545807680169837e+00 2.810863676555927615e+00 2.917731142332502525e+00 3.029376761704737575e+00 3.146041644573345675e+00 3.267980181594539513e+00 3.395460813929206623e+00 3.528766847364836590e+00 3.668197313036086094e+00 3.814067877012857544e+00 3.966711801053859787e+00 4.126480956836357628e+00 4.293746895964225097e+00 4.468901978023759547e+00 4.652360558891841968e+00 4.844560241400905021e+00 5.045963190320549963e+00 5.257057513417317196e+00 5.478358710096950190e+00 5.710411188800063265e+00 5.896337060579917910e+00 5.895362275508159833e+00 5.754013221267915590e+00 5.503395068243079002e+00 5.168899656543891830e+00 4.766906078755962284e+00 4.189257496370644596e+00
1.000000000000000000e+02 1.000000000000000000e+02 1.000000000000000000e+02 1.000000000000000000e+02 1.000000000000000000e+02 1.000000000000000000e+02 1.000000000000000000e+02 1.000000000000000000e+02 1.000000000000000000e+02 1.000000000000000000e+02 1.000000000000000000e+02 1.000000000000000000e+02 1.000000000000000000e+02 1.000000000000000000e+02 1.000000000000000000e+02 1.000000000000000000e+02 1.000000000000000000e+02 1.000000000000000000e+02 1.000000000000000000e+02 1.000000000000000000e+02 1.000000000000000000e+02 1.000000000000000000e+02 1.000000000000000000e+02 1.000000000000000000e+02 1.000000000000000000e+02 1.000000000000000000e+02 1.000000000000000000e+02 1.000000000000000000e+02 1.000000000000000000e+02 1.000000000000000000e+02 1.000000000000000000e+02 1.000000000000000000e+02 1.000000000000000000e+02 1.000000000000000000e+02 1.000000000000000000e+02 1.000000000000000000e+02 1.000000000000000000e+02 1.000000000000000000e+02 1.000000000000000000e+02 1.000000000000000000e+02 1.000000000000000000e+02 1.000000000000000000e+02 1.000000000000000000e+02 1.000000000000000000e+02 1.000000000000000000e+02 1.000000000000000000e+02 1.000000000000000000e+02 1.000000000000000000e+02 1.000000000000000000e+02 1.000000000000000000e+02 1.000000000000000000e+02 1.000000000000000000e+02 1.000000000000000000e+02 1.000000000000000000e+02 1.000000000000000000e+02 1.000000000000000000e+02
1.000000000000000711e+02 9.999999999999997158e+01 9.999999999999995737e+01 1.000000000000000000e+02 1.000000000000000426e+02 1.000000000000000711e+02 9.999999999999995737e+01 9.999999999999995737e+01 9.999999999999995737e+01 1.000000000000000853e+02 1.000000000000000711e+02 9.999999999999997158e+01 9.999999999999995737e+01 9.999999999999997158e+01 1.000000000000000711e+02 1.000000000000000426e+02 9.999999999999998579e+01 1.000000000000000426e+02 9.999999999999992895e+01 1.000000000000000284e+02 1.000000000000000711e+02 9.999999999999994316e+01 1.000000000000000000e+02 1.000000000000000284e+02 9.999999999999994316e+01 9.999999999999998579e+01 9.999999999999994316e+01 9.999999999999992895e+01 9.999999999999998579e+01 9.999999999999995737e+01 9.999999999999998579e+01 9.999999999999998579e+01 1.000000000000000426e+02 1.000000000000000284e+02 9.999999999999998579e+01 1.000000000000000284e+02 1.000000000000000284e+02 1.000000000000000284e+02 9.999999999999997158e+01 9.999999999999997158e+01 1.000000000000000284e+02 1.000000000000000284e+02 1.000000000000000284e+02 1.000000000000000426e+02 1.000000000000000284e+02 1.000000000000000284e+02 1.000000000000000000e+02 9.999999999999997158e+01 9.999999999999997158e+01 1.000000000000000284e+02 1.000000000000000284e+02 9.999999999999997158e+01 9.999999999999997158e+01 1.000000000000000000e+02 1.000000000000000426e+02 9.999999999999997158e+01
2.839630210091045726e+01 2.938594073782521221e+01 3.040942923402880638e+01 3.146761634067026847e+01 3.256137379368905016e+01 3.369240301270005489e+01 3.486415366400708393e+01 3.608100554107890190e+01 3.734650950122260582e+01 3.866274321454351792e+01 4.003079552833945343e+01 4.115246695210542782e+01 4.216699091322520587e+01 4.319622129002461008e+01 4.423651412938453831e+01 4.528530075347214279e+01 4.634143463813121144e+01 4.740443299859203563e+01 4.858434873751112804e+01 5.005805970995486121e+01 5.156596954249540232e+01 5.310779435464530707e+01 5.468314718624560555e+01 5.629153241081564829e+01 5.793234061974887794e+01 5.960484829219019076e+01 6.130822937544645157e+01 6.304153144294500777e+01 6.480365174861971411e+01 6.659333912187894100e+01 6.840848357477133845e+01 7.024435815213719536e+01 7.210295147974893837e+01 7.398246987019795995e+01 7.588098538096778611e+01 7.779643875098626893e+01 7.972664351201163413e+01 8.166929131129001007e+01 8.362195846743992433e+01 8.558211376537295223e+01 8.754741173707790836e+01 8.951897097785037261e+01 9.149257732761965656e+01 9.346050466808102897e+01 9.541818498509796598e+01 9.736165162971484222e+01 9.801134964513130399e+01 9.893044332805995111e+01 1.000000000000001137e+02 9.999999999999990052e+01 9.999999999999992895e+01 1.000000000000000284e+02 1.000000000000000000e+02 1.000000000000000284e+02 1.000000000000000853e+02 9.999999999999997158e+01
9.475105332459541341e-01 9.771527198078505672e-01 1.007910985067298926e+00 1.039833815916756610e+00 1.072972064720890684e+00 1.107379076214772828e+00 1.143110821746232686e+00 1.180226041311632779e+00 1.218786393862348882e+00 1.258856616389360861e+00 1.300504692325129330e+00 1.343802029835589495e+00 1.388823650610890414e+00 1.435648389801529978e+00 1.484359107786356935e+00 1.535042914501548728e+00 1.587791407104411245e+00 1.642700921793246227e+00 1.699872800654383953e+00 1.759413674460117871e+00 1.821435762396661051e+00 1.886057189759287489e+00 1.953402324712858018e+00 2.023602135279741088e+00 2.096794567783744068e+00 2.173124948048085425e+00 2.252746406717783589e+00 2.335820330151130886e+00 2.422516838402564154e+00 2.513015291897859882e+00 2.607504828484083159e+00 2.706184932618540540e+00 2.809266038544262933e+00 2.916970169382469447e+00 3.029531614154700403e+00 3.147197644827766538e+00 3.270229275551161052e+00 3.398902066329888338e+00 3.533506973440454058e+00 3.674351248954951021e+00 3.821759391784050663e+00 3.976074152679597518e+00 4.137657595650960474e+00 4.306892218238457914e+00 4.484182133050484964e+00 4.669954312898791038e+00 4.864659901756255067e+00 5.068775593600297391e+00 5.282805080989491309e+00 5.456007886370946025e+00 5.456281615233932847e+00 5.326664140675518411e+00 5.095874552242487532e+00 4.787360641964193420e+00 4.416253856627617935e+00 3.883691537753597434e+00
6.732722918221490715e+01 6.903575830666119373e+01 7.076870964776267670e+01 7.252506668525735734e+01 7.430372437563411836e+01 7.610348945011440946e+01 7.792308125027874155e+01 7.976113312794971932e+01 8.161619443159415255e+01 8.348673309649295504e+01 8.537113885032782434e+01 8.726797988080335244e+01 8.917679274817974999e+01 9.109647623896329094e+01 9.302334212124716828e+01 9.495298822666784133e+01 9.688180746595048731e+01 9.779933627716968658e+01 9.860518088305616402e+01 9.999836762730924988e+01 1.000000000000000711e+02 9.999999999999992895e+01 1.000000000000000284e+02 9.999999999999997158e+01 1.000000000000000284e+02 1.000000000000000284e+02 1.000000000000000426e+02 9.999999999999991473e+01 9.999999999999997158e+01 9.999999999999998579e+01 1.000000000000000711e+02 1.000000000000000426e+02 9.999999999999995737e+01 9.999999999999992895e+01 1.000000000000000426e+02 1.000000000000000711e+02 1.000000000000000426e+02 1.000000000000000284e+02 9.999999999999992895e+01 1.000000000000000000e+02 1.000000000000000711e+02 9.999999999999994316e+01 9.999999999999995737e+01 1.000000000000000284e+02 1.000000000000000000e+02 1.000000000000000284e+02 9.999999999999992895e+01 9.999999999999995737e+01 1.000000000000000000e+02 9.999999999999998579e+01 9.999999999999998579e+01 1.000000000000000426e+02 9.999999999999997158e+01 9.999999999999998579e+01 9.999999999999995737e+01 9.999999999999997158e+01
1.000000000000000000e+02 1.000000000000000000e+02 1.000000000000000000e+02 1.000000000000000000e+02 1.000000000000000000e+02 1.000000000000000000e+02 1.000000000000000000e+02 1.000000000000000000e+02 1.000000000000000000e+02 1.000000000000000000e+02 1.000000000000000000e+02 1.000000000000000000e+02 1.000000000000000000e+02 1.000000000000000000e+02 1.000000000000000000e+02 1.000000000000000000e+02 1.000000000000000000e+02 1.000000000000000000e+02 1.000000000000000000e+02 1.000000000000000000e+02 1.000000000000000000e+02 1.000000000000000000e+02 1.000000000000000000e+02 1.000000000000000000e+02 1.000000000000000000e+02 1.000000000000000000e+02 1.000000000000000000e+02 1.000000000000000000e+02 1.000000000000000000e+02 1.000000000000000000e+02 1.000000000000000000e+02 1.000000000000000000e+02 1.000000000000000000e+02 1.000000000000000000e+02 1.000000000000000000e+02 1.000000000000000000e+02 1.000000000000000000e+02 1.000000000000000000e+02 1.000000000000000000e+02 1.000000000000000000e+02 1.000000000000000000e+02 1.000000000000000000e+02 1.000000000000000000e+02 1.000000000000000000e+02 1.000000000000000000e+02 1.000000000000000000e+02 1.000000000000000000e+02 1.000000000000000000e+02 1.000000000000000000e+02 1.000000000000000000e+02 1.000000000000000000e+02 1.000000000000000000e+02 1.000000000000000000e+02 1.000000000000000000e+02 1.000000000000000000e+02 1.000000000000000000e+02
2.279476199873823461e+01 2.360382123144050226e+01 2.444228301128655545e+01 2.531105733336116970e+01 2.621105967866269637e+01 2.714320814203403032e+01 2.810842020515754314e+01 2.910760913124195781e+01 3.014167995838906222e+01 3.121152506939855442e+01 3.231804319977894124e+01 3.346285506883209848e+01 3.464936362467443587e+01 3.588209395066051144e+01 3.716480516200056172e+01 3.849970342238547261e+01 3.988793279045791706e+01 4.111374940738349437e+01 4.214979691583728538e+01 4.320177930263334076e+01 4.426554878787582226e+01 4.533829059562658159e+01 4.641883637308232124e+01 4.750670567388061727e+01 4.861184634280405703e+01 5.011218218931144719e+01 5.164761797413779476e+01 5.321780513116399902e+01 5.482228048083952388e+01 5.646046004490293058e+01 5.813163342624030605e+01 5.983496524797369176e+01 6.156950623560651792e+01 6.333416097309301307e+01 6.512766748401737971e+01 6.694860322838681554e+01 6.879439008775599973e+01 7.066058903441447114e+01 7.254877831543264222e+01 7.445694343368045054e+01 7.638292441987046288e+01 7.832441987921090742e+01 8.027899242196542673e+01 8.224407551268458860e+01 8.421698175418201515e+01 8.619493554867638352e+01 8.817580155169105183e+01 9.016205607886298878e+01 9.213286778486906314e+01 9.386243041539734122e+01 9.556728861411821185e+01 9.734191767583536148e+01 9.727502464485252176e+01 9.894054739538027832e+01 9.999999999999992895e+01 1.000000000000003979e+02
1.000000000000000284e+02 1.000000000000000426e+02 1.000000000000000284e+02 9.999999999999998579e+01 1.000000000000000284e+02 9.999999999999998579e+01 1.000000000000000284e+02 1.000000000000000000e+02 1.000000000000000284e+02 9.999999999999998579e+01 1.000000000000000284e+02 1.000000000000000284e+02 1.000000000000000284e+02 1.000000000000000000e+02 1.000000000000000000e+02 1.000000000000000000e+02 9.999999999999998579e+01 1.000000000000000000e+02 1.000000000000000000e+02 1.000000000000000000e+02 9.999999999999997158e+01 1.000000000000000000e+02 1.000000000000000000e+02 1.000000000000000000e+02 1.000000000000000000e+02 1.000000000000000284e+02 1.000000000000000000e+02 1.000000000000000284e+02 1.000000000000000000e+02 1.000000000000000000e+02 1.000000000000000000e+02 1.000000000000000000e+02 1.000000000000000284e+02 1.000000000000000000e+02 9.999999999999998579e+01 1.000000000000000000e+02 1.000000000000000284e+02 1.000000000000000000e+02 1.000000000000000000e+02 1.000000000000000000e+02 1.000000000000000000e+02 1.000000000000000000e+02 1.000000000000000000e+02 1.000000000000000000e+02 1.000000000000000000e+02 1.000000000000000000e+02 1.000000000000000000e+02 1.000000000000000000e+02 1.000000000000000000e+02 1.000000000000000000e+02 1.000000000000000000e+02 1.000000000000000000e+02 1.000000000000000000e+02 1.000000000000000000e+02 1.000000000000000000e+02 1.000000000000000000e+02
9.999999999999998579e+01 9.999999999999998579e+01 1.000000000000000000e+02 1.000000000000000000e+02 1.000000000000000000e+02 1.000000000000000000e+02 1.000000000000000284e+02 1.000000000000000000e+02 1.000000000000000284e+02 1.000000000000000000e+02 1.000000000000000000e+02 9.999999999999997158e+01 9.999999999999997158e+01 1.000000000000000000e+02 1.000000000000000000e+02 1.000000000000000000e+02 1.000000000000000000e+02 1.000000000000000000e+02 1.000000000000000000e+02 1.000000000000000000e+02 1.000000000000000000e+02 1.000000000000000284e+02 1.000000000000000000e+02 1.000000000000000000e+02 1.000000000000000284e+02 9.999999999999998579e+01 1.000000000000000000e+02 1.000000000000000000e+02 1.000000000000000000e+02 1.000000000000000000e+02 1.000000000000000000e+02 1.000000000000000000e+02 1.000000000000000000e+02 1.000000000000000000e+02 1.000000000000000000e+02 1.000000000000000000e+02 1.000000000000000000e+02 1.000000000000000000e+02 1.000000000000000000e+02 1.000000000000000000e+02 1.000000000000000000e+02 1.000000000000000000e+02 1.000000000000000000e+02 1.000000000000000000e+02 1.000000000000000000e+02 1.000000000000000000e+02 1.000000000000000000e+02 1.000000000000000000e+02 1.000000000000000000e+02 1.000000000000000000e+02 1.000000000000000000e+02 1.000000000000000000e+02 1.000000000000000000e+02 1.000000000000000000e+02 1.000000000000000000e+02 1.000000000000000000e+02
2.546625732366153017e+01 2.636283414271239423e+01 2.729110084871238584e+01 2.825195172070104732e+01 2.924627691868294477e+01 3.027495866414309944e+01 3.133886702271170677e+01 3.243888626605104974e+01 3.357668350610044428e+01 3.475568179143394332e+01 3.598031987485298089e+01 3.725424805837504749e+01 3.857961318217007829e+01 3.995753711836228916e+01 4.113150334431532684e+01 4.215660592419791186e+01 4.319702372405728141e+01 4.424888306417067696e+01 4.530948439333909761e+01 4.637766227316818402e+01 4.745293062901975389e+01 4.859494630891683187e+01 5.008173062885571625e+01 5.160315819500287660e+01 5.315891393456486469e+01 5.474857411266963680e+01 5.637160045424018051e+01 5.802733478264349287e+01 5.971499942643458070e+01 6.143370883938946747e+01 6.318244162920395723e+01 6.496001800751504618e+01 6.676510380480439721e+01 6.859536814403726623e+01 7.044621141982372592e+01 7.231942957145733430e+01 7.421312178567528406e+01 7.612524746188752545e+01 7.805362966783978607e+01 7.999595987015261755e+01 8.194980397568797059e+01 8.391260970321810930e+01 8.588171528662300602e+01 8.785467062109066205e+01 8.983359328738748673e+01 9.181204744164368492e+01 9.378230187842299870e+01 9.574022588674736767e+01 9.767727807716923394e+01 9.797475829684948678e+01 9.907561024476508749e+01 9.999999999999997158e+01 9.999999999999992895e+01 9.999999999999994316e+01 9.999999999999995737e+01 1.000000000000003553e+02
9.999999999999998579e+01 1.000000000000000426e+02 1.000000000000000284e+02 1.000000000000000426e+02 1.000000000000000711e+02 9.999999999999995737e+01 1.000000000000000426e+02 1.000000000000000284e+02 9.999999999999998579e+01 9.999999999999995737e+01 9.999999999999997158e+01 9.999999999999997158e+01 1.000000000000000284e+02 1.000000000000000284e+02 9.999999999999998579e+01 9.999999999999998579e+01 1.000000000000000284e+02 1.000000000000000284e+02 9.999999999999997158e+01 1.000000000000000284e+02 1.000000000000000284e+02 1.000000000000000284e+02 1.000000000000000284e+02 1.000000000000000000e+02 1.000000000000000426e+02 1.000000000000000426e+02 1.000000000000000284e+02 9.999999999999997158e+01 9.999999999999997158e+01 9.999999999999997158e+01 1.000000000000000284e+02 9.999999999999997158e+01 1.000000000000000426e+02 1.000000000000000284e+02 1.000000000000000284e+02 1.000000000000000000e+02 1.000000000000000426e+02 9.999999999999998579e+01 1.000000000000000426e+02 1.000000000000000426e+02 1.000000000000000284e+02 1.000000000000000284e+02 1.000000000000000284e+02 1.000000000000000284e+02 1.000000000000000284e+02 9.999999999999998579e+01 9.999999999999997158e+01 1.000000000000000284e+02 1.000000000000000284e+02 9.999999999999994316e+01 9.999999999999995737e+01 1.000000000000000000e+02 1.000000000000000000e+02 1.000000000000000000e+02 9.999999999999997158e+01 1.000000000000000000e+02
9.761589517813634131e+01 9.786908597159761314e+01 9.945685831587138637e+01 1.000000000000000284e+02 1.000000000000000284e+02 9.999999999999995737e+01 9.999999999999995737e+01 9.999999999999992895e+01 9.999999999999992895e+01 1.000000000000000853e+02 9.999999999999997158e+01 9.999999999999997158e+01 9.999999999999998579e+01 1.000000000000000284e+02 1.000000000000000853e+02 9.999999999999995737e+01 9.999999999999998579e+01 9.999999999999998579e+01 1.000000000000000284e+02 1.000000000000000426e+02 1.000000000000000284e+02 1.000000000000000711e+02 9.999999999999997158e+01 9.999999999999997158e+01 1.000000000000000426e+02 9.999999999999992895e+01 9.999999999999998579e+01 1.000000000000000426e+02 9.999999999999992895e+01 9.999999999999992895e+01 9.999999999999997158e+01 1.000000000000000284e+02 1.000000000000000284e+02 9.999999999999997158e+01 1.000000000000000426e+02 9.999999999999998579e+01 9.999999999999998579e+01 1.000000000000000284e+02 9.999999999999997158e+01 9.999999999999998579e+01 1.000000000000000426e+02 1.000000000000000284e+02 9.999999999999997158e+01 1.000000000000000284e+02 9.999999999999997158e+01 9.999999999999997158e+01 9.999999999999997158e+01 9.999999999999997158e+01 9.999999999999997158e+01 9.999999999999997158e+01 9.999999999999997158e+01 9.999999999999997158e+01 1.000000000000000000e+02 1.000000000000000284e+02 1.000000000000000284e+02 9.999999999999997158e+01
1.000000000000000284e+02 1.000000000000000284e+02 9.999999999999998579e+01 9.999999999999998579e+01 9.999999999999998579e+01 1.000000000000000000e+02 1.000000000000000284e+02 9.999999999999998579e+01 1.000000000000000284e+02 9.999999999999997158e+01 1.000000000000000284e+02 1.000000000000000000e+02 1.000000000000000000e+02 1.000000000000000000e+02 1.000000000000000000e+02 1.000000000000000000e+02 1.000000000000000000e+02 1.000000000000000000e+02 1.000000000000000000e+02 1.000000000000000000e+02 1.000000000000000000e+02 1.000000000000000000e+02 1.000000000000000284e+02 1.000000000000000000e+02 1.000000000000000000e+02 1.000000000000000000e+02 1.000000000000000000e+02 1.000000000000000000e+02 1.000000000000000284e+02 1.000000000000000000e+02 1.000000000000000000e+02 1.000000000000000000e+02 1.000000000000000000e+02 1.000000000000000000e+02 1.000000000000000000e+02 1.000000000000000000e+02 1.000000000000000000e+02 1.000000000000000000e+02 1.000000000000000000e+02 1.000000000000000000e+02 1.000000000000000000e+02 1.000000000000000000e+02 1.000000000000000000e+02 1.000000000000000000e+02 1.000000000000000000e+02 1.000000000000000000e+02 1.000000000000000000e+02 1.000000000000000000e+02 1.000000000000000000e+02 1.000000000000000000e+02 1.000000000000000000e+02 1.000000000000000000e+02 1.000000000000000000e+02 1.000000000000000000e+02 1.000000000000000000e+02 1.000000000000000000e+02
1.000000000000000284e+02 9.999999999999997158e+01 1.000000000000000284e+02 1.000000000000000284e+02 1.000000000000000284e+02 9.999999999999997158e+01 9.999999999999997158e+01 1.000000000000000284e+02 1.000000000000000284e+02 1.000000000000000284e+02 1.000000000000000284e+02 1.000000000000000284e+02 9.999999999999997158e+01 1.000000000000000284e+02 9.999999999999997158e+01 9.999999999999997158e+01 1.000000000000000284e+02 9.999999999999998579e+01 9.999999999999997158e+01 9.999999999999997158e+01 1.000000000000000284e+02 9.999999999999998579e+01 9.999999999999998579e+01 9.999999999999997158e+01 1.000000000000000284e+02 9.999999999999998579e+01 9.999999999999997158e+01 1.000000000000000284e+02 1.000000000000000000e+02 1.000000000000000000e+02 1.000000000000000000e+02 1.000000000000000000e+02 1.000000000000000000e+02 1.000000000000000000e+02 1.000000000000000000e+02 1.000000000000000000e+02 9.999999999999997158e+01 1.000000000000000000e+02 9.999999999999997158e+01 1.000000000000000000e+02 1.000000000000000000e+02 1.000000000000000000e+02 1.000000000000000000e+02 1.000000000000000000e+02 1.000000000000000000e+02 1.000000000000000000e+02 1.000000000000000000e+02 1.000000000000000000e+02 1.000000000000000000e+02 1.000000000000000000e+02 1.000000000000000000e+02 1.000000000000000000e+02 1.000000000000000000e+02 1.000000000000000000e+02 1.000000000000000000e+02 1.000000000000000000e+02
3.168843939713759994e+00 3.277155186517585861e+00 3.389791798390768385e+00 3.506947614942816482e+00 3.628825896127289674e+00 3.755639799272741719e+00 3.887612879666317411e+00 4.024979615638050845e+00 4.167985959094428594e+00 4.316889912443955701e+00 4.471962132843868787e+00 4.633486564671342123e+00 4.801761101087880235e+00 4.977098275515158932e+00 5.159825983775347069e+00 5.350288237565099081e+00 5.548845949826893609e+00 5.755877752452135176e+00 5.971780846592559477e+00 6.196971885665965019e+00 6.431887890916443418e+00 6.676987199119357896e+00 6.932750441705969990e+00 7.199681554211406542e+00 7.478308814518869418e+00 7.769185907871692720e+00 8.072893016047681058e+00 8.390037927425032294e+00 8.721257163905985266e+00 9.067217119794751312e+00 9.428615206732461118e+00 9.806180997667022226e+00 1.020067736156029881e+01 1.061290157909652443e+01 1.104368642803988187e+01 1.149390122507411682e+01 1.196445280893151164e+01 1.245628644736219748e+01 1.297038664799084451e+01 1.350777785034038558e+01 1.406952497325700335e+01 1.465673378862956078e+01 1.527055108865952349e+01 1.591216460998684568e+01 1.658280267371806005e+01 1.728373349584369834e+01 1.801626411768829783e+01 1.878173890092936915e+01 1.958153752640347989e+01 2.011351736620319031e+01 2.008252065457941526e+01 1.961532707296701616e+01 1.880433373387529272e+01 1.772445511899227455e+01 1.642122154528193789e+01 1.436240063362460084e+01
1.000000000000000000e+02 1.000000000000000000e+02 1.000000000000000284e+02 1.000000000000000000e+02 1.000000000000000000e+02 1.000000000000000000e+02 1.000000000000000000e+02 1.000000000000000000e+02 1.000000000000000000e+02 1.000000000000000000e+02 1.000000000000000000e+02 1.000000000000000000e+02 1.000000000000000000e+02 1.000000000000000000e+02 1.000000000000000000e+02 1.000000000000000000e+02 1.000000000000000000e+02 1.000000000000000000e+02 1.000000000000000000e+02 1.000000000000000000e+02 1.000000000000000000e+02 1.000000000000000000e+02 1.000000000000000000e+02 1.000000000000000000e+02 1.000000000000000000e+02 1.000000000000000000e+02 1.000000000000000000e+02 1.000000000000000000e+02 1.000000000000000000e+02 1.000000000000000000e+02 1.000000000000000000e+02 1.000000000000000000e+02 1.000000000000000000e+02 1.000000000000000000e+02 1.000000000000000000e+02 1.000000000000000000e+02 1.000000000000000000e+02 1.000000000000000000e+02 1.000000000000000000e+02 1.000000000000000000e+02 1.000000000000000000e+02 1.000000000000000000e+02 1.000000000000000000e+02 1.000000000000000000e+02 1.000000000000000000e+02 1.000000000000000000e+02 1.000000000000000000e+02 1.000000000000000000e+02 1.000000000000000000e+02 1.000000000000000000e+02 1.000000000000000000e+02 1.000000000000000000e+02 1.000000000000000000e+02 1.000000000000000000e+02 1.000000000000000000e+02 1.000000000000000000e+02
9.999999999999997158e+01 1.000000000000000284e+02 9.999999999999991473e+01 1.000000000000000000e+02 9.999999999999992895e+01 1.000000000000000711e+02 9.999999999999997158e+01 1.000000000000000426e+02 1.000000000000000426e+02 9.999999999999992895e+01 9.999999999999994316e+01 9.999999999999998579e+01 1.000000000000000711e+02 9.999999999999994316e+01 9.999999999999992895e+01 9.999999999999995737e+01 1.000000000000000711e+02 1.000000000000000284e+02 9.999999999999992895e+01 9.999999999999998579e+01 1.000000000000000853e+02 1.000000000000000284e+02 1.000000000000000426e+02 9.999999999999997158e+01 1.000000000000000426e+02 9.999999999999995737e+01 9.999999999999994316e+01 9.999999999999998579e+01 1.000000000000000426e+02 9.999999999999960210e+01 9.999999999999997158e+01 9.999999999999998579e+01 9.999999999999998579e+01 1.000000000000000284e+02 9.999999999999998579e+01 9.999999999999997158e+01 1.000000000000000284e+02 9.999999999999997158e+01 9.999999999999997158e+01 1.000000000000000284e+02 9.999999999999997158e+01 1.000000000000000426e+02 9.999999999999997158e+01 9.999999999999997158e+01 1.000000000000000426e+02 1.000000000000000284e+02 9.999999999999997158e+01 1.000000000000000284e+02 1.000000000000000284e+02 9.999999999999997158e+01 9.999999999999997158e+01 9.999999999999995737e+01 9.999999999999997158e+01 1.000000000000000284e+02 1.000000000000000426e+02 9.999999999999994316e+01
4.093280445699866021e+01 4.190742624080222356e+01 4.289581961685165368e+01 4.389474920864804375e+01 4.490168647550431302e+01 4.591536566469709157e+01 4.693526570889051186e+01 4.813117574682001276e+01 4.955119640257609603e+01 5.100397466180308470e+01 5.248934846876069571e+01 5.400707145972408796e+01 5.555680824440047161e+01 5.713812984900129521e+01 5.875051059063714831e+01 6.039333600068427188e+01 6.206589752765619039e+01 6.376736995701241284e+01 6.549680019492792837e+01 6.725311083845801363e+01 6.903171374095725810e+01 7.083340520008056274e+01 7.265778429482618606e+01 7.450331209942478949e+01 7.636833460841715748e+01 7.825108487818867786e+01 8.014968607527083577e+01 8.206215546025160279e+01 8.398640932603743181e+01 8.592026889797385536e+01 8.786186385067806270e+01 8.981188855500013801e+01 9.176669209433984520e+01 9.371999878929261740e+01 9.566734604399366049e+01 9.760514717625341063e+01 9.797922110346330271e+01 9.915736401103677622e+01 9.999999999999994316e+01 1.000000000000000284e+02 1.000000000000000284e+02 1.000000000000000284e+02 1.000000000000000711e+02 9.999999999999992895e+01 1.000000000000000711e+02 1.000000000000000000e+02 1.000000000000000284e+02 9.999999999999991473e+01 9.999999999999997158e+01 9.999999999999995737e+01 9.999999999999992895e+01 1.000000000000000000e+02 1.000000000000003979e+02 1.000000000000000284e+02 9.999999999999998579e+01 1.000000000000000284e+02
1.000000000000000284e+02 1.000000000000000284e+02 9.999999999999997158e+01 9.999999999999998579e+01 9.999999999999998579e+01 1.000000000000000284e+02 1.000000000000000284e+02 9.999999999999997158e+01 9.999999999999997158e+01 9.999999999999998579e+01 1.000000000000000284e+02 1.000000000000000284e+02 1.000000000000000284e+02 1.000000000000000284e+02 1.000000000000000284e+02 1.000000000000000284e+02 1.000000000000000000e+02 1.000000000000000000e+02 1.000000000000000000e+02 1.000000000000000000e+02 1.000000000000000000e+02 9.999999999999997158e+01 1.000000000000000000e+02 1.000000000000000000e+02 1.000000000000000000e+02 1.000000000000000000e+02 1.000000000000000000e+02 1.000000000000000000e+02 1.000000000000000000e+02 1.000000000000000000e+02 1.000000000000000000e+02 1.000000000000000000e+02 1.000000000000000000e+02 1.000000000000000000e+02 1.000000000000000000e+02 1.000000000000000000e+02 1.000000000000000000e+02 1.000000000000000000e+02 1.000000000000000000e+02 1.000000000000000000e+02 1.000000000000000000e+02 1.000000000000000000e+02 1.000000000000000000e+02 1.000000000000000000e+02 1.000000000000000000e+02 1.000000000000000000e+02 1.000000000000000000e+02 1.000000000000000000e+02 1.000000000000000000e+02 1.000000000000000000e+02 1.000000000000000000e+02 1.000000000000000000e+02 1.000000000000000000e+02 1.000000000000000000e+02 1.000000000000000000e+02 1.000000000000000000e+02
9.999999999999997158e+01 1.000000000000000284e+02 1.000000000000000711e+02 1.000000000000000711e+02 9.999999999999998579e+01 9.999999999999995737e+01 9.999999999999998579e+01 9.999999999999992895e+01 1.000000000000000284e+02 1.000000000000000284e+02 9.999999999999997158e+01 9.999999999999995737e+01 9.999999999999998579e+01 9.999999999999998579e+01 1.000000000000000426e+02 9.999999999999997158e+01 9.999999999999998579e+01 9.999999999999995737e+01 1.000000000000000284e+02 9.999999999999995737e+01 9.999999999999998579e+01 1.000000000000000284e+02 9.999999999999994316e+01 1.000000000000000284e+02 9.999999999999997158e+01 1.000000000000000000e+02 9.999999999999997158e+01 9.999999999999997158e+01 9.999999999999997158e+01 1.000000000000000284e+02 9.999999999999997158e+01 1.000000000000000000e+02 1.000000000000000284e+02 1.000000000000000284e+02 9.999999999999997158e+01 1.000000000000000284e+02 1.000000000000000000e+02 1.000000000000000284e+02 9.999999999999997158e+01 1.000000000000000284e+02 9.999999999999998579e+01 9.999999999999997158e+01 1.000000000000000284e+02 9.999999999999998579e+01 9.999999999999997158e+01 9.999999999999998579e+01 9.999999999999997158e+01 1.000000000000000426e+02 1.000000000000000426e+02 1.000000000000000426e+02 9.999999999999997158e+01 1.000000000000000284e+02 9.999999999999997158e+01 1.000000000000000284e+02 1.000000000000000284e+02 1.000000000000000284e+02
9.777096784428638898e+01 9.905319610299645205e+01 9.999999999999992895e+01 9.999999999999992895e+01 1.000000000000000284e+02 9.999999999999991473e+01 9.999999999999991473e+01 1.000000000000000426e+02 9.999999999999991473e+01 9.999999999999991473e+01 9.999999999999998579e+01 1.000000000000000711e+02 9.999999999999992895e+01 1.000000000000000284e+02 9.999999999999998579e+01 9.999999999999995737e+01 1.000000000000000711e+02 9.999999999999998579e+01 9.999999999999998579e+01 1.000000000000000711e+02 1.000000000000000426e+02 1.000000000000000284e+02 1.000000000000000284e+02 9.999999999999995737e+01 9.999999999999995737e+01 1.000000000000000000e+02 1.000000000000000426e+02 1.000000000000000711e+02 9.999999999999997158e+01 9.999999999999998579e+01 1.000000000000000284e+02 1.000000000000000284e+02 1.000000000000000284e+02 1.000000000000000426e+02 9.999999999999997158e+01 1.000000000000000284e+02 1.000000000000000284e+02 1.000000000000000284e+02 1.000000000000000284e+02 1.000000000000000284e+02 1.000000000000000000e+02 9.999999999999997158e+01 9.999999999999997158e+01 9.999999999999997158e+01 9.999999999999997158e+01 1.000000000000000426e+02 9.999999999999997158e+01 1.000000000000000000e+02 9.999999999999997158e+01 9.999999999999997158e+01 9.999999999999997158e+01 9.999999999999997158e+01 9.999999999999997158e+01 9.999999999999997158e+01 1.000000000000000711e+02 1.000000000000000426e+02
1.000000000000000000e+02 9.999999999999997158e+01 1.000000000000000000e+02 1.000000000000000000e+02 1.000000000000000000e+02 1.000000000000000000e+02 1.000000000000000000e+02 1.000000000000000000e+02 1.000000000000000000e+02 1.000000000000000000e+02 1.000000000000000000e+02 1.000000000000000000e+02 1.000000000000000000e+02 1.000000000000000000e+02 1.000000000000000000e+02 1.000000000000000000e+02 1.000000000000000000e+02 1.000000000000000000e+02 1.000000000000000000e+02 9.999999999999998579e+01 1.000000000000000000e+02 9.999999999999998579e+01 1.000000000000000000e+02 1.000000000000000000e+02 1.000000000000000000e+02 1.000000000000000000e+02 1.000000000000000000e+02 1.000000000000000000e+02 1.000000000000000000e+02 1.000000000000000000e+02 1.000000000000000000e+02 1.000000000000000000e+02 1.000000000000000000e+02 1.000000000000000000e+02 1.000000000000000000e+02 1.000000000000000000e+02 1.000000000000000000e+02 1.000000000000000000e+02 1.000000000000000000e+02 1.000000000000000000e+02 1.000000000000000000e+02 1.000000000000000000e+02 1.000000000000000000e+02 1.000000000000000000e+02 1.000000000000000000e+02 1.000000000000000000e+02 1.000000000000000000e+02 1.000000000000000000e+02 1.000000000000000000e+02 1.000000000000000000e+02 1.000000000000000000e+02 1.000000000000000000e+02 1.000000000000000000e+02 1.000000000000000000e+02 1.000000000000000000e+02 1.000000000000000000e+02
5.625148254178170504e+01 5.779837069410367434e+01 5.937505868316569035e+01 6.098105552292236808e+01 6.261578877609106542e+01 6.427858624173190094e+01 6.596866871235933161e+01 6.768398284502859497e+01 6.942146845994791704e+01 7.118304551354063392e+01 7.296754501429735740e+01 7.477370053863229771e+01 7.660014893583988282e+01 7.844543167622437352e+01 8.030799687143833410e+01 8.218620199030311824e+01 8.407831728679452965e+01 8.598252994958245665e+01 8.789735189360690981e+01 8.982286698593281926e+01 9.175675124899335344e+01 9.369400763521232989e+01 9.563028941469283950e+01 9.756223412667776529e+01 9.790889000135274500e+01 9.915176974256560527e+01 9.999999999999994316e+01 1.000000000000000426e+02 9.999999999999997158e+01 1.000000000000000000e+02 1.000000000000000711e+02 1.000000000000000426e+02 1.000000000000000284e+02 1.000000000000000284e+02 9.999999999999997158e+01 9.999999999999995737e+01 1.000000000000000853e+02 9.999999999999997158e+01 1.000000000000000284e+02 1.000000000000000853e+02 1.000000000000000853e+02 1.000000000000000284e+02 1.000000000000000284e+02 9.999999999999997158e+01 1.000000000000000426e+02 1.000000000000000284e+02 9.999999999999997158e+01 9.999999999999998579e+01 1.000000000000000284e+02 9.999999999999995737e+01 9.999999999999992895e+01 9.999999999999992895e+01 1.000000000000000284e+02 9.999999999999995737e+01 1.000000000000000000e+02 1.000000000000000284e+02
4.956141150373335336e+01 5.098418501193084751e+01 5.243857327207342678e+01 5.392439537731692667e+01 5.544139247436955742e+01 5.698922375495239123e+01 5.856746378355208549e+01 6.017560781633661549e+01 6.181307014207572337e+01 6.347916598073772576e+01 6.517309782533735074e+01 6.689395620294477851e+01 6.863756343870446130e+01 7.040453991801734901e+01 7.219483022506054226e+01 7.400711258753564437e+01 7.583996184482610659e+01 7.769185078244774445e+01 7.956115220397033738e+01 8.144614176815417750e+01 8.334500161173022548e+01 8.525582477000537551e+01 8.717687326086560518e+01 8.910776815268147288e+01 9.104715895297607631e+01 9.299020192478720048e+01 9.493196859027777634e+01 9.686869518269718071e+01 9.785484749416703210e+01 9.856828862633594213e+01 9.998599216821733648e+01 1.000000000000000853e+02 1.000000000000000284e+02 1.000000000000000000e+02 1.000000000000000284e+02 9.999999999999992895e+01 1.000000000000000426e+02 9.999999999999991473e+01 9.999999999999995737e+01 1.000000000000004405e+02 9.999999999999992895e+01 9.999999999999992895e+01 9.999999999999998579e+01 1.000000000000000284e+02 9.999999999999998579e+01 1.000000000000000284e+02 9.999999999999997158e+01 1.000000000000000284e+02 9.999999999999997158e+01 9.999999999999997158e+01 1.000000000000000284e+02 1.000000000000000284e+02 1.000000000000000711e+02 1.000000000000000284e+02 1.000000000000000426e+02 9.999999999999998579e+01
1.236840281044720591e+01 1.281436067882418506e+01 1.327797333659655976e+01 1.375995026807794197e+01 1.426102554874960049e+01 1.478195807686916652e+01 1.532353171654162161e+01 1.588655533850078250e+01 1.647186274347309620e+01 1.708031245154624145e+01 1.771278733943620054e+01 1.837019410593803315e+01 1.905346254419439234e+01 1.976354459769266114e+01 2.050141317516760253e+01 2.126806069783086883e+01 2.206449735061401540e+01 2.289174900743019947e+01 2.375085479886512019e+01 2.464286428925725758e+01 2.556883422886978963e+01 2.652982484586285494e+01 2.752689564211975792e+01 2.856110065674844378e+01 2.963348316137678395e+01 3.074506975228031891e+01 3.189686716070987416e+01 3.309035594298956084e+01 3.432950169864000145e+01 3.561962104839675192e+01 3.696466814632987052e+01 3.836674820751814252e+01 3.982694653245694383e+01 4.125592149928451136e+01 4.235800466388815977e+01 4.347842516368514509e+01 4.461246338358913732e+01 4.575694236561719208e+01 4.691058081397982704e+01 4.807279119946200296e+01 4.924311745544525820e+01 5.065714976579069884e+01 5.228178880175116916e+01 5.394347247266676249e+01 5.564144743766888723e+01 5.737479729099672454e+01 5.914243536182749494e+01 6.094312801963079806e+01 6.276939785599338961e+01 6.379045002644264883e+01 6.404523308964570560e+01 6.367351314384062988e+01 6.279099426848075183e+01 6.148456430699097552e+01 5.933390328506034450e+01 6.401010085889242873e+01
4.644174831514268931e+01 4.754687003708796311e+01 4.893232387464196620e+01 5.034983856403231073e+01 5.179932380753340482e+01 5.328061439739803973e+01 5.479346586847024980e+01 5.633755026531876808e+01 5.791245253383012681e+01 5.951767148433412302e+01 6.115262436946330382e+01 6.281663487976059201e+01 6.450891346137427718e+01 6.622855258705547499e+01 6.797326568615395104e+01 6.973996144742878300e+01 7.153037753245467911e+01 7.334317682235399616e+01 7.517691491083652977e+01 7.703004132082320154e+01 7.890090149147400211e+01 8.078773956710060133e+01 8.268870201181189827e+01 8.460184206511225113e+01 8.652522718160494719e+01 8.845779966013753892e+01 9.039956700313963722e+01 9.234592596140061005e+01 9.429123170278079158e+01 9.623173907728718746e+01 9.779461288824023768e+01 9.803676021208544000e+01 9.963204714235043014e+01 1.000000000000000284e+02 1.000000000000000284e+02 1.000000000000000000e+02 1.000000000000003553e+02 9.999999999999997158e+01 1.000000000000000284e+02 9.999999999999995737e+01 9.999999999999995737e+01 9.999999999999997158e+01 1.000000000000000426e+02 1.000000000000000711e+02 1.000000000000000284e+02 9.999999999999994316e+01 9.999999999999998579e+01 9.999999999999994316e+01 9.999999999999954525e+01 9.999999999999997158e+01 1.000000000000000711e+02 9.999999999999992895e+01 9.999999999999998579e+01 1.000000000000000284e+02 1.000000000000000711e+02 1.000000000000000853e+02
1.000000000000000000e+02 1.000000000000000000e+02 1.000000000000000000e+02 1.000000000000000000e+02 1.000000000000000000e+02 1.000000000000000000e+02 1.000000000000000000e+02 1.000000000000000000e+02 1.000000000000000000e+02 1.000000000000000000e+02 1.000000000000000000e+02 1.000000000000000000e+02 1.000000000000000000e+02 1.000000000000000000e+02 1.000000000000000000e+02 1.000000000000000000e+02 1.000000000000000000e+02 1.000000000000000000e+02 1.000000000000000000e+02 1.000000000000000000e+02 1.000000000000000000e+02 1.000000000000000000e+02 1.000000000000000000e+02 1.000000000000000000e+02 1.000000000000000000e+02 1.000000000000000000e+02 1.000000000000000000e+02 1.000000000000000000e+02 1.000000000000000000e+02 1.000000000000000000e+02 1.000000000000000000e+02 1.000000000000000000e+02 1.000000000000000000e+02 1.000000000000000000e+02 1.000000000000000000e+02 1.000000000000000000e+02 1.000000000000000000e+02 1.000000000000000000e+02 1.000000000000000000e+02 1.000000000000000000e+02 1.000000000000000000e+02 1.000000000000000000e+02 1.000000000000000000e+02 1.000000000000000000e+02 1.000000000000000000e+02 1.000000000000000000e+02 1.000000000000000000e+02 1.000000000000000000e+02 1.000000000000000000e+02 1.000000000000000000e+02 1.000000000000000000e+02 1.000000000000000000e+02 1.000000000000000000e+02 1.000000000000000000e+02 1.000000000000000000e+02 1.000000000000000000e+02
3.768039851822065245e+00 3.898180264723950295e+00 4.033545590716603790e+00 4.174369802361367121e+00 4.320898126934380912e+00 4.473387600415687615e+00 4.632107646884501939e+00 4.797340684088278628e+00 4.969382755912770122e+00 5.148544192421752541e+00 5.335150298066190899e+00 5.529542068570743929e+00 5.732076936896813635e+00 5.943129548548061969e+00 6.163092566322394106e+00 6.392377504424265666e+00 6.631415591625255956e+00 6.880658662894184374e+00 7.140580078608726566e+00 7.411675670098352597e+00 7.694464709852042894e+00 7.989490904241285385e+00 8.297323406055353345e+00 8.618557843514357941e+00 8.953817361700039612e+00 9.303753671525454294e+00 9.669048100431753667e+00 1.005041263794627326e+01 1.044859096805257082e+01 1.086435947898739585e+01 1.129852823958821872e+01 1.175194192964712592e+01 1.222548070987378921e+01 1.272006101501074937e+01 1.323663625137207411e+01 1.377619737757624563e+01 1.433977334449574315e+01 1.492843136745771382e+01 1.554327700047532801e+01 1.618545397877848657e+01 1.685614379214573333e+01 1.755656494751778496e+01 1.828797187512492428e+01 1.905165342790662208e+01 1.984893091938292997e+01 2.068115564041398358e+01 2.154970579052531932e+01 2.245598275477787809e+01 2.340140665265818498e+01 2.401201311726687493e+01 2.398475440012794380e+01 2.345780559722642877e+01 2.253428488969936438e+01 2.129734763417385324e+01 1.979600560473769022e+01 1.733186065705704237e+01
9.907730974212979902e+01 9.999999999999995737e+01 1.000000000000000711e+02 9.999999999999990052e+01 9.999999999999995737e+01 1.000000000000000853e+02 9.999999999999991473e+01 1.000000000000000711e+02 1.000000000000000284e+02 1.000000000000000426e+02 1.000000000000000426e+02 1.000000000000000426e+02 1.000000000000000426e+02 9.999999999999994316e+01 9.999999999999998579e+01 1.000000000000000426e+02 1.000000000000000284e+02 1.000000000000000426e+02 9.999999999999998579e+01 1.000000000000000853e+02 1.000000000000000426e+02 1.000000000000000284e+02 9.999999999999998579e+01 9.999999999999997158e+01 1.000000000000000284e+02 9.999999999999997158e+01 1.000000000000000284e+02 9.999999999999992895e+01 1.000000000000000284e+02 1.000000000000000284e+02 9.999999999999998579e+01 9.999999999999995737e+01 1.000000000000000284e+02 1.000000000000000284e+02 1.000000000000000284e+02 9.999999999999997158e+01 1.000000000000000284e+02 9.999999999999998579e+01 9.999999999999995737e+01 9.999999999999997158e+01 1.000000000000000284e+02 9.999999999999997158e+01 9.999999999999997158e+01 1.000000000000000284e+02 9.999999999999997158e+01 9.999999999999997158e+01 1.000000000000000284e+02 9.999999999999997158e+01 9.999999999999997158e+01 9.999999999999997158e+01 9.999999999999995737e+01 1.000000000000000426e+02 1.000000000000000284e+02 9.999999999999997158e+01 9.999999999999997158e+01 1.000000000000000284e+02
4.801430446923659723e+00 4.969477808049772349e+00 5.144308252311624585e+00 5.326224020968288286e+00 5.515541572870104048e+00 5.712592244107312034e+00 5.917722933076509761e+00 6.131296811077525888e+00 6.353694058401591960e+00 6.585312625688653831e+00 6.826569020124005682e+00 7.077899115795761809e+00 7.339758987250847078e+00 7.612625764957743790e+00 7.896998511004428956e+00 8.193399112928089423e+00 8.502373193074905799e+00 8.824491030326768737e+00 9.160348490390004983e+00 9.510567960118127218e+00 9.875799280522857160e+00 1.025672067221002770e+01 1.065403964594589858e+01 1.106849388990790217e+01 1.150085212388726319e+01 1.195191490928666411e+01 1.242251540216937933e+01 1.291352003487311251e+01 1.342582910977636601e+01 1.396037728669989342e+01 1.451813394312137007e+01 1.510010338388509332e+01 1.570732487437781977e+01 1.634087246823587591e+01 1.700185459753201300e+01 1.769141339008967151e+01 1.841072367508147423e+01 1.916099163443676900e+01 1.994345305381974143e+01 2.075937112310247912e+01 2.161003373240949088e+01 2.249675020601387843e+01 2.342084741272794801e+01 2.438366518806810745e+01 2.538655100051900249e+01 2.643085379185468753e+01 2.751791691989635069e+01 2.864907013150606474e+01 2.982562049434594442e+01 3.055731868371612947e+01 3.055391715909801675e+01 2.996388398588528545e+01 2.890273394617188174e+01 2.746239108508963866e+01 2.569336919134437380e+01 2.255814890547244289e+01
1.000000000000000426e+02 9.999999999999992895e+01 1.000000000000000426e+02 9.999999999999998579e+01 1.000000000000000284e+02 1.000000000000000284e+02 1.000000000000000426e+02 9.999999999999995737e+01 9.999999999999995737e+01 9.999999999999998579e+01 1.000000000000000284e+02 9.999999999999995737e+01 1.000000000000000284e+02 9.999999999999997158e+01 1.000000000000000284e+02 9.999999999999995737e+01 9.999999999999997158e+01 9.999999999999997158e+01 1.000000000000000284e+02 9.999999999999997158e+01 9.999999999999997158e+01 1.000000000000000284e+02 1.000000000000000426e+02 9.999999999999997158e+01 9.999999999999997158e+01 9.999999999999997158e+01 9.999999999999997158e+01 9.999999999999995737e+01 9.999999999999997158e+01 9.999999999999997158e+01 1.000000000000000284e+02 9.999999999999997158e+01 1.000000000000000284e+02 1.000000000000000000e+02 9.999999999999997158e+01 1.000000000000000426e+02 1.000000000000000284e+02 9.999999999999998579e+01 9.999999999999997158e+01 9.999999999999998579e+01 1.000000000000000284e+02 1.000000000000000426e+02 9.999999999999997158e+01 1.000000000000000284e+02 9.999999999999998579e+01 1.000000000000000426e+02 1.000000000000000284e+02 1.000000000000000426e+02 9.999999999999995737e+01 1.000000000000000284e+02 9.999999999999998579e+01 1.000000000000000000e+02 1.000000000000000000e+02 9.999999999999997158e+01 1.000000000000000000e+02 1.000000000000000284e+02
1.000000000000000284e+02 9.999999999999998579e+01 9.999999999999998579e+01 9.999999999999997158e+01 1.000000000000000284e+02 9.999999999999997158e+01 9.999999999999997158e+01 9.999999999999997158e+01 1.000000000000000284e+02 1.000000000000000284e+02 1.000000000000000426e+02 1.000000000000000284e+02 1.000000000000000284e+02 1.000000000000000284e+02 1.000000000000000426e+02 9.999999999999995737e+01 9.999999999999997158e+01 1.000000000000000284e+02 9.999999999999997158e+01 1.000000000000000000e+02 9.999999999999997158e+01 1.000000000000000000e+02 1.000000000000000284e+02 1.000000000000000284e+02 1.000000000000000426e+02 1.000000000000000284e+02 9.999999999999997158e+01 9.999999999999997158e+01 9.999999999999997158e+01 9.999999999999998579e+01 1.000000000000000284e+02 1.000000000000000284e+02 9.999999999999997158e+01 1.000000000000000000e+02 1.000000000000000426e+02 1.000000000000000284e+02 1.000000000000000000e+02 9.999999999999998579e+01 1.000000000000000284e+02 9.999999999999997158e+01 1.000000000000000000e+02 1.000000000000000000e+02 9.999999999999998579e+01 1.000000000000000000e+02 1.000000000000000284e+02 1.000000000000000000e+02 9.999999999999997158e+01 1.000000000000000284e+02 9.999999999999997158e+01 9.999999999999997158e+01 9.999999999999997158e+01 1.000000000000000000e+02 1.000000000000000000e+02 1.000000000000000284e+02 1.000000000000000000e+02 9.999999999999997158e+01
1.057891164542158791e+01 1.095974343782019211e+01 1.135579875788545579e+01 1.176770910568332518e+01 1.219613008957718137e+01 1.264174194523254258e+01 1.310525000780068083e+01 1.358738512751737559e+01 1.408890401781658852e+01 1.461058952382291132e+01 1.515325079775822736e+01 1.571772336636765566e+01 1.630486907394873697e+01 1.691557588294466541e+01 1.755075751234839032e+01 1.821135289237424004e+01 1.889832541197361948e+01 1.961266193384731338e+01 2.035537154962858253e+01 2.112748404592550600e+01 2.193004804992513712e+01 2.276412882134594184e+01 2.363080565568138525e+01 2.453116886200841407e+01 2.546631627716309865e+01 2.643734927691810555e+01 2.744536824400474018e+01 2.849146745251183788e+01 2.957672932847992087e+01 3.070221804751948014e+01 3.186897427531950555e+01 3.307856671771528312e+01 3.433533999220982480e+01 3.564477881064393472e+01 3.701070554895484577e+01 3.843509850051706422e+01 3.991899724283528172e+01 4.137330302105662838e+01 4.249478374722190210e+01 4.363504098408800047e+01 4.478902740783775727e+01 4.595363683215811790e+01 4.712770522040310084e+01 4.831065078569656634e+01 4.950198812178756924e+01 5.092294857582451328e+01 5.257450245068601191e+01 5.426364933766111420e+01 5.598660621940143756e+01 5.688998000897650087e+01 5.697380593106863245e+01 5.636864591622789078e+01 5.519360502562660287e+01 5.353637266673077022e+01 5.119078581561436181e+01 5.375806438292334377e+01
1.000000000000000711e+02 1.000000000000000711e+02 1.000000000000000284e+02 1.000000000000000284e+02 1.000000000000000000e+02 1.000000000000000284e+02 1.000000000000000711e+02 9.999999999999998579e+01 9.999999999999997158e+01 9.999999999999995737e+01 1.000000000000000426e+02 1.000000000000000284e+02 9.999999999999998579e+01 9.999999999999998579e+01 9.999999999999998579e+01 1.000000000000000284e+02 9.999999999999998579e+01 1.000000000000000284e+02 1.000000000000000284e+02 1.000000000000000284e+02 9.999999999999997158e+01 9.999999999999997158e+01 1.000000000000000284e+02 1.000000000000000284e+02 9.999999999999997158e+01 9.999999999999997158e+01 9.999999999999997158e+01 1.000000000000000284e+02 1.000000000000000426e+02 1.000000000000000284e+02 9.999999999999997158e+01 1.000000000000000284e+02 9.999999999999995737e+01 9.999999999999997158e+01 9.999999999999997158e+01 9.999999999999998579e+01 1.000000000000000284e+02 1.000000000000000426e+02 9.999999999999997158e+01 1.000000000000000284e+02 9.999999999999997158e+01 9.999999999999998579e+01 9.999999999999997158e+01 9.999999999999997158e+01 9.999999999999998579e+01 1.000000000000000284e+02 1.000000000000000426e+02 1.000000000000000711e+02 1.000000000000000284e+02 1.000000000000000284e+02 1.000000000000000284e+02 1.000000000000000284e+02 9.999999999999998579e+01 1.000000000000000000e+02 1.000000000000000000e+02 9.999999999999995737e+01
9.999999999999992895e+01 9.999999999999998579e+01 1.000000000000000711e+02 1.000000000000000426e+02 1.000000000000000284e+02 9.999999999999995737e+01 1.000000000000000711e+02 1.000000000000000426e+02 9.999999999999995737e+01 1.000000000000000000e+02 9.999999999999998579e+01 1.000000000000000426e+02 9.999999999999997158e+01 1.000000000000000284e+02 1.000000000000000426e+02 1.000000000000000284e+02 1.000000000000000284e+02 9.999999999999998579e+01 9.999999999999997158e+01 1.000000000000000284e+02 9.999999999999997158e+01 1.000000000000000284e+02 1.000000000000000284e+02 9.999999999999997158e+01 9.999999999999997158e+01 9.999999999999997158e+01 1.000000000000000284e+02 1.000000000000000284e+02 1.000000000000000426e+02 9.999999999999997158e+01 1.000000000000000284e+02 1.000000000000000426e+02 9.999999999999997158e+01 1.000000000000000284e+02 9.999999999999997158e+01 9.999999999999997158e+01 1.000000000000000284e+02 1.000000000000000426e+02 1.000000000000000000e+02 9.999999999999998579e+01 9.999999999999998579e+01 1.000000000000000284e+02 1.000000000000000284e+02 1.000000000000000284e+02 1.000000000000000426e+02 1.000000000000000426e+02 9.999999999999997158e+01 1.000000000000000426e+02 1.000000000000000711e+02 1.000000000000000426e+02 9.999999999999997158e+01 1.000000000000000426e+02 1.000000000000000000e+02 1.000000000000000000e+02 1.000000000000000000e+02 1.000000000000000000e+02
2.648854084557141064e+01 2.741794093013572109e+01 2.837982591289358680e+01 2.937507743662062154e+01 3.040456899827657722e+01 3.146916177396542125e+01 3.256973822312311029e+01 3.370808042747918876e+01 3.488777886000119821e+01 3.611327105347806565e+01 3.738805356410034619e+01 3.871413371258348235e+01 4.009256604278837699e+01 4.121759088942903304e+01 4.224009904796978532e+01 4.327739712084402157e+01 4.432577144017684390e+01 4.538269603295978527e+01 4.644707324047868724e+01 4.751843094896901221e+01 4.870460858995235043e+01 5.018933580632736380e+01 5.170852524749259516e+01 5.326186521339646163e+01 5.484893693138346293e+01 5.646920880320198677e+01 5.812203125857436703e+01 5.980663864437711652e+01 6.152215749657396060e+01 6.326757975459685923e+01 6.504174197606839414e+01 6.684332910354393675e+01 6.866972702422631869e+01 7.051696422622889315e+01 7.238656441263677266e+01 7.427665518045010629e+01 7.618522655651173636e+01 7.811013435362829682e+01 8.004910476796567309e+01 8.199974025275076883e+01 8.395952668743554170e+01 8.592584184390599944e+01 8.789629310853919719e+01 8.987293469169401305e+01 9.184940974920149870e+01 9.381814908625453597e+01 9.577501484367485318e+01 9.771608478607815584e+01 9.805804968149472245e+01 9.918068674282955044e+01 9.999999999999992895e+01 1.000000000000000711e+02 1.000000000000000426e+02 9.999999999999995737e+01 1.000000000000003268e+02 1.000000000000000000e+02
9.999999999999998579e+01 1.000000000000000284e+02 9.999999999999998579e+01 9.999999999999998579e+01 9.999999999999997158e+01 9.999999999999997158e+01 1.000000000000000284e+02 9.999999999999998579e+01 9.999999999999998579e+01 9.999999999999998579e+01 1.000000000000000284e+02 9.999999999999997158e+01 1.000000000000000284e+02 9.999999999999997158e+01 1.000000000000000284e+02 9.999999999999997158e+01 1.000000000000000284e+02 1.000000000000000284e+02 9.999999999999997158e+01 1.000000000000000284e+02 9.999999999999997158e+01 9.999999999999997158e+01 1.000000000000000426e+02 1.000000000000000284e+02 1.000000000000000284e+02 1.000000000000000284e+02 1.000000000000000284e+02 1.000000000000000426e+02 9.999999999999998579e+01 1.000000000000000426e+02 9.999999999999998579e+01 9.999999999999997158e+01 1.000000000000000284e+02 9.999999999999997158e+01 9.999999999999997158e+01 9.999999999999994316e+01 1.000000000000000284e+02 1.000000000000000284e+02 1.000000000000000426e+02 9.999999999999997158e+01 1.000000000000000426e+02 1.000000000000000426e+02 1.000000000000000426e+02 1.000000000000000284e+02 9.999999999999998579e+01 1.000000000000000000e+02 9.999999999999998579e+01 1.000000000000000284e+02 1.000000000000000000e+02 1.000000000000000000e+02 1.000000000000000000e+02 1.000000000000000000e+02 1.000000000000000000e+02 1.000000000000000000e+02 1.000000000000000000e+02 1.000000000000000000e+02
4.572524324283944708e+01 4.672683536050256947e+01 4.792642712410828665e+01 4.932340395508087738e+01 5.075251662964507204e+01 5.221364968989984590e+01 5.370661063090551579e+01 5.523112552887641158e+01 5.678683479935394729e+01 5.837329005634727963e+01 5.998995840012426584e+01 6.163622237865929776e+01 6.331136284652505708e+01 6.501454346820987951e+01 6.674481028193636689e+01 6.849858140874061974e+01 7.027513717088568512e+01 7.207499976909414841e+01 7.389678309622009067e+01 7.573899297396143027e+01 7.760002864765098707e+01 7.947818507563087564e+01 8.137165604282286324e+01 8.327853811994513933e+01 8.519683548070422319e+01 8.712470785308084942e+01 8.906178892155213589e+01 9.100672050898774046e+01 9.295426948522921862e+01 9.489934268300565634e+01 9.683818721828464504e+01 9.786766130094521543e+01 9.853579523143262975e+01 9.998606175296571053e+01 1.000000000000001137e+02 1.000000000000000000e+02 1.000000000000000000e+02 1.000000000000000284e+02 1.000000000000000284e+02 9.999999999999992895e+01 9.999999999999992895e+01 1.000000000000000426e+02 1.000000000000000284e+02 1.000000000000000284e+02 9.999999999999997158e+01 1.000000000000000853e+02 1.000000000000000284e+02 1.000000000000003979e+02 9.999999999999998579e+01 9.999999999999994316e+01 9.999999999999997158e+01 9.999999999999998579e+01 1.000000000000000284e+02 1.000000000000000426e+02 1.000000000000004405e+02 9.999999999999992895e+01
7.270170368200489008e+01 7.447267836267636198e+01 7.626483741038231301e+01 7.807695756610712579e+01 7.990773314773224456e+01 8.175577787515797468e+01 8.361962725830493071e+01 8.549774155909790352e+01 8.738877840657512763e+01 8.929231810639383582e+01 9.120722919364155246e+01 9.312996748491610788e+01 9.505630212751712804e+01 9.698274215484012473e+01 9.779540164060475149e+01 9.869572590567400994e+01 9.999999999999990052e+01 1.000000000000000284e+02 9.999999999999997158e+01 9.999999999999997158e+01 9.999999999999991473e+01 9.999999999999992895e+01 9.999999999999992895e+01 9.999999999999991473e+01 1.000000000000000284e+02 1.000000000000000853e+02 1.000000000000000426e+02 1.000000000000000284e+02 9.999999999999998579e+01 1.000000000000000853e+02 9.999999999999992895e+01 9.999999999999997158e+01 9.999999999999991473e+01 1.000000000000000711e+02 1.000000000000000284e+02 1.000000000000000711e+02 9.999999999999998579e+01 1.000000000000000711e+02 9.999999999999995737e+01 1.000000000000000853e+02 1.000000000000000426e+02 1.000000000000000426e+02 9.999999999999995737e+01 9.999999999999995737e+01 9.999999999999995737e+01 9.999999999999995737e+01 1.000000000000000284e+02 9.999999999999998579e+01 9.999999999999998579e+01 1.000000000000000000e+02 9.999999999999997158e+01 9.999999999999998579e+01 1.000000000000000284e+02 1.000000000000000000e+02 9.999999999999997158e+01 1.000000000000000284e+02
1.000000000000000000e+02 1.000000000000000000e+02 1.000000000000000000e+02 1.000000000000000000e+02 1.000000000000000000e+02 1.000000000000000000e+02 1.000000000000000000e+02 1.000000000000000000e+02 1.000000000000000000e+02 1.000000000000000000e+02 1.000000000000000000e+02 1.000000000000000000e+02 1.000000000000000000e+02 1.000000000000000000e+02 1.000000000000000000e+02 1.000000000000000000e+02 1.000000000000000000e+02 1.000000000000000000e+02 1.000000000000000000e+02 1.000000000000000000e+02 1.000000000000000000e+02 1.000000000000000000e+02 1.000000000000000000e+02 1.000000000000000000e+02 1.000000000000000000e+02 1.000000000000000000e+02 1.000000000000000000e+02 1.000000000000000000e+02 1.000000000000000000e+02 1.000000000000000000e+02 1.000000000000000000e+02 1.000000000000000000e+02 1.000000000000000000e+02 1.000000000000000000e+02 1.000000000000000000e+02 1.000000000000000000e+02 1.000000000000000000e+02 1.000000000000000000e+02 1.000000000000000000e+02 1.000000000000000000e+02 1.000000000000000000e+02 1.000000000000000000e+02 1.000000000000000000e+02 1.000000000000000000e+02 1.000000000000000000e+02 1.000000000000000000e+02 1.000000000000000000e+02 1.000000000000000000e+02 1.000000000000000000e+02 1.000000000000000000e+02 1.000000000000000000e+02 1.000000000000000000e+02 1.000000000000000000e+02 1.000000000000000000e+02 1.000000000000000000e+02 1.000000000000000000e+02
9.999999999999992895e+01 9.999999999999997158e+01 9.999999999999992895e+01 9.999999999999992895e+01 9.999999999999995737e+01 1.000000000000000284e+02 1.000000000000000284e+02 9.999999999999998579e+01 9.999999999999998579e+01 9.999999999999997158e+01 1.000000000000000284e+02 1.000000000000000426e+02 1.000000000000000000e+02 1.000000000000000284e+02 1.000000000000000426e+02 1.000000000000000284e+02 9.999999999999998579e+01 9.999999999999998579e+01 9.999999999999998579e+01 1.000000000000000426e+02 9.999999999999998579e+01 1.000000000000000284e+02 9.999999999999997158e+01 1.000000000000000284e+02 9.999999999999997158e+01 1.000000000000000284e+02 1.000000000000000426e+02 9.999999999999997158e+01 1.000000000000000000e+02 9.999999999999997158e+01 1.000000000000000284e+02 9.999999999999997158e+01 9.999999999999997158e+01 1.000000000000000284e+02 1.000000000000000284e+02 9.999999999999997158e+01 1.000000000000000284e+02 1.000000000000000284e+02 9.999999999999997158e+01 1.000000000000000284e+02 1.000000000000000284e+02 9.999999999999997158e+01 1.000000000000000284e+02 1.000000000000000284e+02 1.000000000000000284e+02 9.999999999999998579e+01 1.000000000000000284e+02 1.000000000000000426e+02 9.999999999999995737e+01 1.000000000000000284e+02 9.999999999999994316e+01 9.999999999999995737e+01 9.999999999999995737e+01 1.000000000000000284e+02 1.000000000000000000e+02 1.000000000000000000e+02
9.999999999999998579e+01 9.999999999999998579e+01 9.999999999999997158e+01 1.000000000000000284e+02 1.000000000000000284e+02 9.999999999999997158e+01 9.999999999999997158e+01 9.999999999999997158e+01 9.999999999999997158e+01 9.999999999999997158e+01 1.000000000000000284e+02 1.000000000000000000e+02 9.999999999999997158e+01 1.000000000000000284e+02 1.000000000000000284e+02 1.000000000000000000e+02 1.000000000000000284e+02 1.000000000000000284e+02 9.999999999999997158e+01 1.000000000000000284e+02 1.000000000000000284e+02 1.000000000000000284e+02 1.000000000000000284e+02 1.000000000000000284e+02 9.999999999999997158e+01 9.999999999999998579e+01 9.999999999999998579e+01 1.000000000000000284e+02 1.000000000000000000e+02 1.000000000000000284e+02 1.000000000000000284e+02 9.999999999999998579e+01 9.999999999999998579e+01 1.000000000000000284e+02 1.000000000000000284e+02 1.000000000000000000e+02 9.999999999999997158e+01 1.000000000000000284e+02 1.000000000000000000e+02 1.000000000000000000e+02 9.999999999999998579e+01 9.999999999999998579e+01 1.000000000000000000e+02 1.000000000000000000e+02 1.000000000000000000e+02 1.000000000000000000e+02 1.000000000000000000e+02 9.999999999999997158e+01 1.000000000000000000e+02 1.000000000000000000e+02 1.000000000000000000e+02 1.000000000000000000e+02 1.000000000000000000e+02 1.000000000000000000e+02 1.000000000000000000e+02 1.000000000000000284e+02
1.000000000000000284e+02 9.999999999999998579e+01 1.000000000000000711e+02 1.000000000000000426e+02 1.000000000000000426e+02 9.999999999999997158e+01 1.000000000000000711e+02 1.000000000000000284e+02 1.000000000000000426e+02 1.000000000000000284e+02 1.000000000000000284e+02 9.999999999999998579e+01 9.999999999999997158e+01 9.999999999999998579e+01 9.999999999999998579e+01 9.999999999999998579e+01 9.999999999999998579e+01 1.000000000000000284e+02 9.999999999999998579e+01 1.000000000000000000e+02 1.000000000000000284e+02 9.999999999999997158e+01 9.999999999999997158e+01 9.999999999999997158e+01 9.999999999999997158e+01 1.000000000000000284e+02 9.999999999999997158e+01 9.999999999999997158e+01 9.999999999999997158e+01 9.999999999999997158e+01 9.999999999999997158e+01 9.999999999999997158e+01 1.000000000000000284e+02 1.000000000000000000e+02 1.000000000000000284e+02 1.000000000000000000e+02 1.000000000000000284e+02 9.999999999999997158e+01 1.000000000000000284e+02 9.999999999999998579e+01 1.000000000000000284e+02 1.000000000000000284e+02 9.999999999999998579e+01 1.000000000000000284e+02 1.000000000000000284e+02 1.000000000000000426e+02 9.999999999999997158e+01 1.000000000000000284e+02 1.000000000000000284e+02 9.999999999999998579e+01 1.000000000000000284e+02 1.000000000000000284e+02 9.999999999999998579e+01 1.000000000000000284e+02 1.000000000000000284e+02 1.000000000000000284e+02
9.999999999999998579e+01 1.000000000000000284e+02 9.999999999999997158e+01 9.999999999999997158e+01 1.000000000000000284e+02 1.000000000000000284e+02 9.999999999999998579e+01 1.000000000000000284e+02 9.999999999999997158e+01 1.000000000000000000e+02 1.000000000000000000e+02 1.000000000000000000e+02 1.000000000000000284e+02 1.000000000000000000e+02 1.000000000000000284e+02 1.000000000000000000e+02 1.000000000000000000e+02 1.000000000000000284e+02 1.000000000000000000e+02 1.000000000000000000e+02 1.000000000000000000e+02 1.000000000000000000e+02 1.000000000000000000e+02 1.000000000000000000e+02 1.000000000000000000e+02 1.000000000000000000e+02 1.000000000000000000e+02 1.000000000000000000e+02 1.000000000000000000e+02 1.000000000000000000e+02 1.000000000000000000e+02 1.000000000000000000e+02 1.000000000000000000e+02 1.000000000000000000e+02 1.000000000000000000e+02 1.000000000000000000e+02 9.999999999999998579e+01 1.000000000000000000e+02 1.000000000000000000e+02 1.000000000000000000e+02 1.000000000000000000e+02 1.000000000000000000e+02 1.000000000000000000e+02 1.000000000000000000e+02 1.000000000000000000e+02 1.000000000000000000e+02 1.000000000000000000e+02 1.000000000000000000e+02 1.000000000000000000e+02 1.000000000000000000e+02 1.000000000000000000e+02 1.000000000000000000e+02 1.000000000000000000e+02 1.000000000000000000e+02 1.000000000000000000e+02 1.000000000000000000e+02
1.000000000000000000e+02 1.000000000000000000e+02 1.000000000000000000e+02 1.000000000000000000e+02 1.000000000000000000e+02 1.000000000000000000e+02 1.000000000000000000e+02 1.000000000000000000e+02 1.000000000000000000e+02 1.000000000000000000e+02 1.000000000000000000e+02 1.000000000000000000e+02 1.000000000000000000e+02 1.000000000000000000e+02 1.000000000000000000e+02 1.000000000000000000e+02 1.000000000000000000e+02 1.000000000000000000e+02 1.000000000000000000e+02 1.000000000000000000e+02 1.000000000000000000e+02 1.000000000000000000e+02 1.000000000000000000e+02 1.000000000000000000e+02 1.000000000000000000e+02 1.000000000000000000e+02 1.000000000000000000e+02 1.000000000000000000e+02 1.000000000000000000e+02 1.000000000000000000e+02 1.000000000000000000e+02 1.000000000000000000e+02 1.000000000000000000e+02 1.000000000000000000e+02 1.000000000000000000e+02 1.000000000000000000e+02 1.000000000000000000e+02 1.000000000000000000e+02 1.000000000000000000e+02 1.000000000000000000e+02 1.000000000000000000e+02 1.000000000000000000e+02 1.000000000000000000e+02 1.000000000000000000e+02 1.000000000000000000e+02 1.000000000000000000e+02 1.000000000000000000e+02 1.000000000000000000e+02 1.000000000000000000e+02 1.000000000000000000e+02 1.000000000000000000e+02 1.000000000000000000e+02 1.000000000000000000e+02 1.000000000000000000e+02 1.000000000000000000e+02 1.000000000000000000e+02
1.000000000000000000e+02 1.000000000000000284e+02 1.000000000000000284e+02 9.999999999999997158e+01 1.000000000000000284e+02 9.999999999999997158e+01 1.000000000000000284e+02 9.999999999999998579e+01 9.999999999999998579e+01 9.999999999999995737e+01 9.999999999999997158e+01 1.000000000000000284e+02 9.999999999999997158e+01 9.999999999999997158e+01 1.000000000000000284e+02 9.999999999999997158e+01 9.999999999999997158e+01 9.999999999999997158e+01 1.000000000000000426e+02 9.999999999999997158e+01 9.999999999999997158e+01 9.999999999999997158e+01 1.000000000000000426e+02 9.999999999999997158e+01 9.999999999999995737e+01 1.000000000000000284e+02 1.000000000000000284e+02 1.000000000000000284e+02 9.999999999999997158e+01 9.999999999999998579e+01 1.000000000000000284e+02 1.000000000000000000e+02 1.000000000000000284e+02 9.999999999999998579e+01 1.000000000000000426e+02 1.000000000000000284e+02 1.000000000000000284e+02 9.999999999999997158e+01 1.000000000000000284e+02 1.000000000000000426e+02 9.999999999999997158e+01 1.000000000000000711e+02 1.000000000000000284e+02 9.999999999999995737e+01 9.999999999999995737e+01 1.000000000000000000e+02 1.000000000000000000e+02 1.000000000000000000e+02 9.999999999999997158e+01 9.999999999999997158e+01 1.000000000000000000e+02 1.000000000000000426e+02 1.000000000000000000e+02 1.000000000000000000e+02 1.000000000000000284e+02 1.000000000000000000e+02
