3.023274207481640019e+02 3.016506512065515153e+02 3.009765236514232356e+02 3.003051480698764522e+02 2.996366381527179783e+02 2.989710898433821740e+02 2.983081462306397498e+02 2.976467677484358774e+02 2.969858875710526718e+02 2.963250762386740575e+02 2.956645128022905169e+02 2.950046537067245254e+02 2.944733178897238304e+02 2.939569313842425231e+02 2.934452404413348177e+02 2.929391630871386383e+02 2.924391381704759283e+02 2.919451960914128676e+02 2.914572129358482471e+02 2.909236254808546391e+02 2.903446303715328440e+02 2.897700967303765083e+02 2.892001507801618345e+02 2.886349188053205808e+02 2.880745268248182924e+02 2.875191001230625147e+02 2.869687607587074467e+02 2.864236263301231133e+02 2.858838144291918297e+02 2.853494444321066226e+02 2.848206351842279105e+02 2.842978387618696274e+02 2.837813001094764900e+02 2.832706528357642242e+02 2.827659970914153860e+02 2.822674278519222639e+02 2.817750344015038308e+02 2.812888998169755155e+02 2.808091004552750292e+02 2.803357054485500726e+02 2.798687741284706476e+02 2.794082831698397058e+02 2.789536690216901320e+02 2.785055554976582357e+02 2.780644945284545315e+02 2.776305908135893219e+02 2.772116253684459934e+02 2.769891494278446089e+02 2.766395269543644417e+02 2.763710223642034975e+02 2.761710497714353778e+02 2.759694769426247944e+02 2.757662802945869203e+02 2.755614357884108472e+02 2.753549189199795251e+02 2.751467047103484447e+02
2.925204428047717897e+02 2.922510196032444014e+02 2.919794584959735744e+02 2.917057384030674143e+02 2.914298382593457859e+02 2.911517370293427689e+02 2.908714137230384722e+02 2.905888474123331662e+02 2.903040172482774324e+02 2.900169024790663457e+02 2.897274824688101944e+02 2.894357367170854332e+02 2.891416448792728602e+02 2.888451867876867709e+02 2.885463424734931550e+02 2.882450921894172780e+02 2.879414164332342239e+02 2.876352959720348963e+02 2.873267118672564493e+02 2.870156455004614031e+02 2.867020785998477663e+02 2.863859932674672564e+02 2.860673720071243338e+02 2.857461977529261503e+02 2.854224538984458945e+02 2.850961243264608242e+02 2.847671934392175785e+02 2.844356461891758272e+02 2.841014681101728456e+02 2.837646453489487044e+02 2.834251646969649983e+02 2.830830136224442413e+02 2.827381803025539284e+02 2.823906536556492028e+02 2.820404233734880677e+02 2.816874799533240434e+02 2.813318147297765108e+02 2.809734199063759092e+02 2.806122885866740830e+02 2.802484148048074530e+02 2.798817935553952907e+02 2.795124208226530982e+02 2.791402936085968918e+02 2.787654099602138444e+02 2.783877689954700827e+02 2.780073709280270577e+02 2.776242170905381954e+02 2.772383099563950282e+02 2.768496531597982084e+02 2.764582515140238002e+02 2.760641110277665007e+02 2.756672389194382617e+02 2.752676436293094753e+02 2.748653348293860859e+02 2.744603234309199138e+02 2.740526215894602160e+02
2.916663353230831603e+02 2.913677523888020460e+02 2.910668735741296587e+02 2.907636828714763055e+02 2.904581645954473856e+02 2.901503034054625232e+02 2.898400843288661122e+02 2.895274927845055117e+02 2.892125146067430137e+02 2.888951360698696362e+02 2.885753439128819196e+02 2.882531253645810807e+02 2.879284681689488252e+02 2.876013606107507030e+02 2.872717915413141441e+02 2.869397504044252400e+02 2.866052272622824262e+02 2.862682128214427166e+02 2.859286984586939866e+02 2.855866762467787225e+02 2.852421389798964242e+02 2.848950801989042247e+02 2.845454942161347844e+02 2.841933761397465332e+02 2.838387218975187238e+02 2.834815282600018236e+02 2.831217928629313292e+02 2.827595142288131456e+02 2.823946917875841223e+02 2.820273258962546947e+02 2.816574178574382472e+02 2.812849699366720415e+02 2.809099853784364882e+02 2.805324684207807309e+02 2.801524243084643331e+02 2.797698593045286088e+02 2.793847807002130139e+02 2.789971968231379265e+02 2.786071170436787270e+02 2.782145517794606917e+02 2.778195124979133084e+02 2.774220117168257502e+02 2.770220630028538267e+02 2.766196809679372564e+02 2.762148812635935542e+02 2.758076805730630667e+02 2.753980966012902627e+02 2.749861480627340029e+02 2.745718546670114506e+02 2.741552371023877299e+02 2.737363170171364573e+02 2.733151169988028641e+02 2.728916605514149865e+02 2.724659720706960684e+02 2.720380768173413344e+02 2.716080008884335939e+02
2.927107972091754391e+02 2.924827406350319734e+02 2.922529118647786390e+02 2.920212893357133339e+02 2.917878512419503636e+02 2.915525755361883853e+02 2.913154399318316337e+02 2.910764219054877344e+02 2.908354986998605796e+02 2.905926473270644124e+02 2.903478445723808932e+02 2.901010669984836454e+02 2.898522909501563163e+02 2.896014925595297314e+02 2.893486477518648030e+02 2.890937322519089889e+02 2.888367215908552339e+02 2.885775911139306800e+02 2.883163159886468065e+02 2.880528712137398770e+02 2.877872316288328420e+02 2.875193719248495654e+02 2.872492666552138871e+02 2.869768902478637074e+02 2.867022170181133447e+02 2.864252211823954326e+02 2.861458768729144140e+02 2.858641581532427836e+02 2.855800390348919109e+02 2.852934934948869454e+02 2.850044954943761581e+02 2.847130189983029140e+02 2.844190379961676172e+02 2.841225265239051510e+02 2.838234586869020291e+02 2.835218086841749141e+02 2.832175508337289784e+02 2.829106595991138420e+02 2.826011096171899908e+02 2.822888757271146574e+02 2.819739330005542683e+02 2.816562567731251079e+02 2.813358226770579336e+02 2.810126066750793257e+02 2.806865850954967527e+02 2.803577346684650706e+02 2.800260325634112633e+02 2.796914564275822954e+02 2.793539844256760603e+02 2.790135952805076727e+02 2.786702683146545496e+02 2.783239834930150209e+02 2.779747214662074271e+02 2.776224636147263141e+02 2.772671920937631285e+02 2.769088898785893775e+02
2.916306121590946532e+02 2.913311077123580617e+02 2.910293042677827202e+02 2.907251860501037868e+02 2.904187376167236039e+02 2.901099438804509987e+02 2.897987901327152258e+02 2.894852620672257899e+02 2.891693458040464293e+02 2.888510279140475063e+02 2.885302954436974119e+02 2.882071359401498967e+02 2.878815374765797515e+02 2.875534886777182919e+02 2.872229787455321457e+02 2.868899974849877594e+02 2.865545353298397231e+02 2.862165833683773712e+02 2.858761333690591186e+02 2.855331778059627368e+02 2.851877098839742644e+02 2.848397235636362552e+02 2.844892135855733386e+02 2.841361754944082918e+02 2.837806056620821096e+02 2.834225013104886557e+02 2.830618605333304458e+02 2.826986823171044989e+02 2.823329665611231576e+02 2.819647140964776213e+02 2.815939267038480125e+02 2.812206071300675490e+02 2.808447591033502135e+02 2.804663873470881867e+02 2.800854975921365622e+02 2.797020965874943954e+02 2.793161921093068827e+02 2.789277929681081787e+02 2.785369090142357322e+02 2.781435511413482686e+02 2.777477312879897795e+02 2.773494624371444957e+02 2.769487586137396420e+02 2.765456348800566957e+02 2.761401073290231807e+02 2.757321930753631705e+02 2.753219102445985413e+02 2.749092779598954053e+02 2.744943163267670911e+02 2.740770464156499884e+02 2.736574902423817548e+02 2.732356707466184957e+02 2.728116117682406525e+02 2.723853380218044435e+02 2.719568750691067294e+02 2.715262492899403242e+02
2.899774493288216490e+02 2.896450538614843140e+02 2.893103477732007036e+02 2.889733263932918135e+02 2.886339857184101447e+02 2.882923224311138028e+02 2.879483339179333257e+02 2.876020182868645634e+02 2.872533743842204217e+02 2.869024018107759275e+02 2.865491009371370978e+02 2.861934729182665933e+02 2.858355197070991380e+02 2.854752440671783233e+02 2.851126495842518693e+02 2.847477406767577577e+02 2.843805226051420050e+02 2.840110014799457190e+02 2.836391842686051064e+02 2.832650788009103735e+02 2.828886937730718500e+02 2.825100387503477464e+02 2.821291241681901738e+02 2.817459613318718539e+02 2.813605624145614570e+02 2.809729404538205699e+02 2.805831093464988157e+02 2.801910838420152459e+02 2.797968795340132147e+02 2.794005128503890774e+02 2.790020010416964737e+02 2.786013621679395555e+02 2.781986150837690275e+02 2.777937794221101058e+02 2.773868755762505884e+02 2.769779246804276340e+02 2.765669485889600310e+02 2.761539698539747292e+02 2.757390117017877742e+02 2.753220980080005234e+02 2.749032532713833916e+02 2.744825025866193755e+02 2.740598716159876176e+02 2.736353865600713675e+02 2.732090741275769119e+02 2.727809615043572080e+02 2.723510763217310000e+02 2.719194466241975192e+02 2.714861008366426631e+02 2.710510677311376071e+02 2.706143763934300068e+02 2.701760561892278929e+02 2.697361367303764723e+02 2.692946478410266877e+02 2.688516195238927367e+02 2.684070819266945023e+02
2.974293554898460457e+02 2.969440011465453608e+02 2.964643081559970597e+02 2.959902318853899033e+02 2.954916628360461459e+02 2.949282452264317271e+02 2.943687132185903579e+02 2.938131731991315405e+02 2.932617317758906097e+02 2.927144955427430659e+02 2.921715708281801085e+02 2.916330632679201358e+02 2.910990760177722905e+02 2.905697086042537194e+02 2.900450595968216021e+02 2.895252289984738354e+02 2.890103172338720015e+02 2.885007886573922065e+02 2.879967996243552761e+02 2.874980134895130277e+02 2.870045163665243422e+02 2.865163904110364115e+02 2.860337134346005428e+02 2.855565585177736807e+02 2.850849936248153540e+02 2.846190812225219702e+02 2.841588779058490104e+02 2.837044028436696408e+02 2.832554573610196371e+02 2.828119680713092521e+02 2.823743914013105041e+02 2.819430936261138072e+02 2.815182094199532230e+02 2.812000737232654615e+02 2.809367800866444327e+02 2.805725299772273047e+02 2.803788086419742172e+02 2.801852242486559703e+02 2.799901551429379651e+02 2.797935804104197359e+02 2.795954787515507860e+02 2.793958284740426166e+02 2.791946074851769026e+02 2.789917932840140224e+02 2.787873629535056352e+02 2.785812931525158547e+02 2.783735601077572142e+02 2.781641396056470512e+02 2.779530069840912461e+02 2.777401371242031018e+02 2.775255044419664614e+02 2.773090828798520420e+02 2.770908458983977880e+02 2.768707664677654066e+02 2.766488170592856477e+02 2.764249696370063134e+02
3.087062649459639943e+02 3.079698993446896793e+02 3.072350599858776263e+02 3.065018189821500414e+02 3.057702516141810065e+02 3.050404364472012162e+02 3.043124554485858084e+02 3.035863941060692923e+02 3.028623415460652950e+02 3.021403906514895539e+02 3.014206381784051700e+02 3.007031848707190420e+02 2.999881355720603437e+02 2.992755993338692520e+02 2.985656895186164661e+02 2.978585238969504871e+02 2.971542247374523527e+02 2.964529188875418413e+02 2.957547378439475665e+02 2.950598138614174104e+02 2.943680335454652663e+02 2.936785046361642344e+02 2.929899899211378624e+02 2.923018277463162917e+02 2.916140987384244454e+02 2.909272733820766348e+02 2.902853010034888257e+02 2.897457660634730132e+02 2.892108817159519276e+02 2.886818485063344042e+02 2.881593391397796609e+02 2.876434611922918521e+02 2.871340966858555817e+02 2.866310829994558844e+02 2.860571391093162674e+02 2.854615224626417671e+02 2.848710792283980595e+02 2.842859604023213365e+02 2.837063166955770157e+02 2.831322980038293053e+02 2.825640495789982083e+02 2.820017114597352474e+02 2.814454257208868739e+02 2.808953357955910519e+02 2.803515828876783758e+02 2.798146454952973272e+02 2.792847905320288078e+02 2.787616588089442757e+02 2.782473260061651104e+02 2.778463455254653240e+02 2.775342370205165707e+02 2.772822283141661046e+02 2.770674294849632133e+02 2.768707370892176982e+02 2.768524017889774882e+02 2.751444252894582974e+02
2.916556861394691396e+02 2.912085530153518107e+02 2.907660963622631698e+02 2.903283102687101405e+02 2.898950621894949791e+02 2.894663492288217981e+02 2.890424445638528823e+02 2.886236433087785258e+02 2.882101146349184546e+02 2.879718510868181056e+02 2.876522956176054322e+02 2.873525663768639902e+02 2.871709058900082709e+02 2.869879571038839572e+02 2.868037032642594681e+02 2.866181273323070968e+02 2.864312119794346359e+02 2.862429395820522586e+02 2.860532922162773275e+02 2.858622516525773563e+02 2.856697993503557882e+02 2.854759164524836592e+02 2.852805837797786808e+02 2.850837818254379386e+02 2.848854907494267650e+02 2.846856903728295265e+02 2.844843601721668165e+02 2.842814792736852496e+02 2.840770264476263378e+02 2.838709801024802459e+02 2.836633182792339767e+02 2.834540186456197262e+02 2.832430584903747786e+02 2.830304147175212961e+02 2.828160638406768044e+02 2.825999819774071966e+02 2.823821448436348192e+02 2.821625277481142007e+02 2.819411055869912275e+02 2.817178528384607716e+02 2.814927435575393133e+02 2.812657513709714863e+02 2.810368494722894752e+02 2.808060106170467520e+02 2.805732071182479785e+02 2.803384108419997460e+02 2.801015932034073330e+02 2.798627251627456758e+02 2.796217772219332005e+02 2.793787194213405201e+02 2.791335213369665667e+02 2.788861520780189380e+02 2.786365802849345528e+02 2.783847741278826220e+02 2.781307013057903532e+02 2.778743290459386230e+02
2.927874676105695357e+02 2.925509073171329533e+02 2.923124901784956933e+02 2.920721941941989144e+02 2.918299971529003187e+02 2.915858766364461303e+02 2.913398100243988438e+02 2.910917744990433107e+02 2.908417470508966858e+02 2.905897044847453117e+02 2.903356234262356566e+02 2.900794803290436334e+02 2.898212514826499842e+02 2.895609130207485009e+02 2.892984409303136886e+02 2.890338110613571985e+02 2.887669991373994094e+02 2.884979807666857141e+02 2.882267314541754786e+02 2.879532266143317543e+02 2.876774415847402224e+02 2.873993516405857918e+02 2.871189320100134523e+02 2.868361578904011822e+02 2.865510044655708839e+02 2.862634469239625901e+02 2.859734604777958111e+02 2.856810203832416164e+02 2.853861019616260251e+02 2.850886806216827267e+02 2.847887318828760499e+02 2.844862313998036711e+02 2.841811549876956633e+02 2.838734786490161923e+02 2.835631786011738313e+02 2.832502313053431635e+02 2.829346134963940926e+02 2.826163022139238592e+02 2.822952748343782901e+02 2.819715091042467634e+02 2.816449831743086065e+02 2.813156756349022771e+02 2.809835655521825970e+02 2.806486325053250539e+02 2.803108566246294231e+02 2.799702186304656948e+02 2.796266998729996658e+02 2.792802823726275392e+02 2.789309488610386438e+02 2.785786828228190188e+02 2.782234685374994001e+02 2.778652911219418797e+02 2.775041365729524614e+02 2.771399918099945694e+02 2.767728447178748183e+02 2.764026841892606399e+02
3.278070621644775997e+02 3.269518070736411346e+02 3.260968248827850289e+02 3.252421330921672507e+02 3.243877501008430499e+02 3.235336952550003957e+02 3.226799888989757505e+02 3.218266524290982602e+02 3.209737083505139026e+02 3.201211803371477913e+02 3.192690932949731177e+02 3.184174734287578303e+02 3.175663483124693585e+02 3.167157469635255325e+02 3.158656999210851950e+02 3.150162393285773419e+02 3.141673990206766121e+02 3.133192146149366408e+02 3.124717236082984186e+02 3.116249654786943779e+02 3.107789817919742745e+02 3.099338163143785323e+02 3.090895151307861966e+02 3.082461267689659508e+02 3.074037023300518285e+02 3.065622956254621272e+02 3.057219633204726961e+02 3.048827650846400843e+02 3.040447637492613353e+02 3.032080254720287371e+02 3.023726199090227738e+02 3.015386203941457666e+02 3.007061041260701586e+02 2.998751523627248616e+02 2.990458506232898230e+02 2.982182888976096820e+02 2.973925618628587699e+02 2.965687691072046732e+02 2.957470153601197467e+02 2.949274107288717914e+02 2.941100709405956763e+02 2.932951175891951152e+02 2.924826783861572039e+02 2.916728874141662118e+02 2.908658853821899015e+02 2.900618198804702956e+02 2.892608456335814822e+02 2.884631247494223771e+02 2.876688269616829530e+02 2.870952488511790079e+02 2.868772937475683875e+02 2.869357180879092084e+02 2.872257369387316430e+02 2.877221622274626611e+02 2.884262055387602004e+02 2.899357833331926031e+02
3.265042999984952985e+02 3.256560270543222941e+02 3.248080641417660104e+02 3.239604304787562796e+02 3.231131462674599106e+02 3.222662327469357706e+02 3.214197122486727380e+02 3.205736082551664481e+02 3.197279454616897283e+02 3.188827498414252659e+02 3.180380487141293315e+02 3.171938708185037967e+02 3.163502463884645977e+02 3.155072072334901918e+02 3.146647868232505516e+02 3.138230203767134867e+02 3.129819449559350346e+02 3.121415995647410568e+02 3.113020252525120100e+02 3.104632652232816099e+02 3.096253649503647694e+02 3.087883722967231392e+02 3.079523376412769267e+02 3.071173140113654085e+02 3.062833572215466802e+02 3.054505260189214937e+02 3.046188822351419390e+02 3.037884909452567967e+02 3.029594206335097510e+02 3.021317433661842529e+02 3.013055349715509124e+02 3.004808752269247520e+02 2.996578480527962256e+02 2.988365417139303304e+02 2.980170490272641359e+02 2.971994675763450573e+02 2.963838999319597178e+02 2.955704538784942770e+02 2.947592426454372116e+02 2.939503851433020145e+02 2.931440062030742979e+02 2.923402368181209567e+02 2.915392143872812198e+02 2.907410829576461424e+02 2.899459934652711013e+02 2.891541039717964736e+02 2.883655798946414848e+02 2.875805942281052694e+02 2.867993277523512461e+02 2.862390281068206832e+02 2.860189886253186842e+02 2.860648850475055269e+02 2.863338762254094831e+02 2.868019301497608922e+02 2.874706520263750917e+02 2.889560987744254135e+02
3.480340440863271851e+02 3.470749468238392410e+02 3.461158361980581049e+02 3.451567167091777151e+02 3.441975930980191265e+02 3.432384703591469588e+02 3.422793537547576648e+02 3.413202488293893566e+02 3.403611614255051450e+02 3.394020977000040489e+02 3.384430641417197876e+02 3.374840675899685607e+02 3.365251152542148247e+02 3.355662147349240740e+02 3.346073740456810697e+02 3.336486016366524154e+02 3.326899064194823268e+02 3.317312977937120309e+02 3.307727856748223303e+02 3.298143805240039228e+02 3.288560933797672874e+02 3.278979358915124749e+02 3.269399203551849382e+02 3.259820597511534856e+02 3.250243677844549666e+02 3.240668589275616114e+02 3.231095484658307555e+02 3.221524525458174821e+02 3.211955882266317985e+02 3.202389735345427084e+02 3.192826275210362610e+02 3.183265703245547797e+02 3.173708232361553314e+02 3.164154087693407860e+02 3.154603507343322235e+02 3.145056743170695199e+02 3.135514061632422909e+02 3.125975744676727572e+02 3.116442090693892624e+02 3.106913415527512825e+02 3.097390053550023481e+02 3.087872358806545208e+02 3.078360706231216568e+02 3.068855492940458021e+02 3.059357139607810154e+02 3.049866091925183582e+02 3.040382822155613098e+02 3.030907830782766723e+02 3.021441648262705826e+02 3.013722527785618581e+02 3.011019352758872287e+02 3.012019754339408451e+02 3.016070421928147880e+02 3.022789373785068960e+02 3.032122372526539493e+02 3.048715802631439828e+02
2.908269101588764443e+02 2.905095107975163273e+02 2.901897800158919836e+02 2.898677074253664046e+02 2.895432831677955505e+02 2.892164979382567367e+02 2.888873430077813396e+02 2.885558102460321948e+02 2.882218921438705479e+02 2.878855818357469047e+02 2.875468731218551284e+02 2.872057604899792409e+02 2.868622391369657976e+02 2.865163049897483347e+02 2.861679547258526668e+02 2.858171857933047022e+02 2.854639964298663131e+02 2.851083856815214972e+02 2.847503534201326829e+02 2.843899003601905520e+02 2.840270280745770606e+02 2.836617390092654318e+02 2.832940364968778226e+02 2.829239247690269394e+02 2.825514089673670242e+02 2.821764951532830423e+02 2.817991903161496339e+02 2.814195023800959916e+02 2.810374402092141963e+02 2.806530136111557567e+02 2.802662333390647973e+02 2.798771110918011686e+02 2.794856595124140881e+02 2.790918921848324317e+02 2.786958236287430850e+02 2.782974692926405282e+02 2.778968455450306578e+02 2.774939696637875386e+02 2.770888598236634834e+02 2.766815350819642845e+02 2.762720153624084105e+02 2.758603214371972285e+02 2.754464749073311509e+02 2.750304981812153642e+02 2.746124144516069805e+02 2.741922476709609668e+02 2.737700225252432915e+02 2.733457644062831946e+02 2.729194993827463236e+02 2.724912541698133737e+02 2.720610560976596162e+02 2.716289330788297320e+02 2.711949135746123147e+02 2.707590265605199420e+02 2.703213014909848653e+02 2.698817682633818436e+02
2.915014196817556353e+02 2.911986924047443495e+02 2.908936562711371607e+02 2.905862963533127186e+02 2.902765980929356715e+02 2.899645473240333331e+02 2.896501302964799720e+02 2.893333336998524032e+02 2.890141446876208420e+02 2.886925509016329556e+02 2.883685404968470607e+02 2.880421021662642715e+02 2.877132251660102042e+02 2.873818993405071751e+02 2.870481151476798800e+02 2.867118636841307193e+02 2.863731367102161585e+02 2.860319266749579583e+02 2.856882267407112295e+02 2.853420308075167782e+02 2.849933335370557188e+02 2.846421303761244985e+02 2.842884175795481383e+02 2.839321922324410821e+02 2.835734522717315826e+02 2.832121965068557756e+02 2.828484246395350397e+02 2.824821372825420553e+02 2.821133359773660914e+02 2.817420232106877052e+02 2.813682024295717383e+02 2.809918780552915223e+02 2.806130554956997116e+02 2.802317411560615028e+02 2.798479424482716809e+02 2.794616677983802902e+02 2.790729266523567844e+02 2.786817294800258651e+02 2.782880877771174255e+02 2.778920140653761450e+02 2.774935218906866226e+02 2.770926258191719285e+02 2.766893414312405639e+02 2.762836853135540309e+02 2.758756750489049523e+02 2.754653292040016481e+02 2.750526673151617842e+02 2.746377098719316905e+02 2.742204782986561327e+02 2.738009949340289495e+02 2.733792830086731556e+02 2.729553666207983156e+02 2.725292707100019243e+02 2.721010210292829470e+02 2.716706441153493188e+02 2.712381672573079072e+02
3.138260296485439653e+02 3.130524563973779095e+02 3.122798597845784343e+02 3.115082891278038915e+02 3.107377961014685752e+02 3.099684348447780735e+02 3.092002620736897143e+02 3.084333371967852599e+02 3.076677224350184474e+02 3.069034829452705821e+02 3.061406869476117549e+02 3.053794058561263682e+02 3.046197144131169239e+02 3.038616908264516496e+02 3.031054169097602085e+02 3.023509782251233560e+02 3.015984642278269234e+02 3.008479684126755274e+02 3.000995884612692635e+02 2.993534263895539880e+02 2.986095886948473890e+02 2.978681865014272034e+02 2.971293357036415728e+02 2.963931571053643665e+02 2.956597765544706249e+02 2.949293250708449818e+02 2.942019389662743833e+02 2.934777599543859878e+02 2.927569352486128196e+02 2.920396173791469323e+02 2.913258958390588873e+02 2.906147400240281513e+02 2.899046832248958481e+02 2.891950717573510587e+02 2.884860867017416695e+02 2.877782731233135678e+02 2.870806402190144695e+02 2.865240520367102590e+02 2.859722399291781585e+02 2.854266167217774068e+02 2.848879773469722068e+02 2.843564105833661984e+02 2.838317806467284186e+02 2.833139170853505107e+02 2.827606984555092140e+02 2.821497555529032297e+02 2.815444998832579131e+02 2.809451036776564479e+02 2.803525087750020930e+02 2.799474944848770974e+02 2.797171431675457143e+02 2.796297310408646126e+02 2.796617104116977544e+02 2.797992917469515533e+02 2.801068067110722382e+02 2.792250481713973613e+02
2.928017137594123369e+02 2.925589303254794231e+02 2.923142306822543333e+02 2.920675926670623994e+02 2.918189939367947545e+02 2.915684119738643858e+02 2.913158240926889562e+02 2.910612074467268826e+02 2.908045390360895794e+02 2.905457957157550481e+02 2.902849542044095301e+02 2.900219910939412102e+02 2.897568828596135404e+02 2.894896058709426825e+02 2.892201364033073787e+02 2.889484506503146122e+02 2.886745247369499339e+02 2.883983347335356484e+02 2.881198566705235748e+02 2.878390665541465978e+02 2.875559403829528264e+02 2.872704541652452122e+02 2.869825839374494763e+02 2.866923057834288784e+02 2.863995958547676537e+02 2.861044303920373864e+02 2.858067857470644526e+02 2.855066384062082534e+02 2.852039650146646181e+02 2.848987424017977332e+02 2.845909476075084399e+02 2.842805579096373663e+02 2.839675508524018710e+02 2.836519042758591809e+02 2.833335963463831035e+02 2.830126055881409002e+02 2.826889109155461597e+02 2.823624916666628906e+02 2.820333276375274068e+02 2.817013991173488989e+02 2.813666869245453768e+02 2.810291724435602987e+02 2.806888376624037278e+02 2.803456652108503135e+02 2.799996383992205438e+02 2.796507412576646061e+02 2.792989585758588760e+02 2.789442759430193064e+02 2.785866797881245702e+02 2.782261574202387351e+02 2.778626970688105189e+02 2.774962879238219671e+02 2.771269201756505254e+02 2.767545850545011490e+02 2.763792748692596319e+02 2.760009830456101554e+02
3.068017763659523212e+02 3.060812399429895549e+02 3.053625038781708554e+02 3.046456507393697848e+02 3.039307665391692126e+02 3.032179408425977272e+02 3.025072668734998160e+02 3.017988416188164820e+02 3.010927659299660490e+02 3.003891446204292492e+02 2.996880865585331435e+02 2.989897047543341841e+02 2.982941164393848226e+02 2.976014431380551173e+02 2.969118107289637578e+02 2.962253428354981111e+02 2.955418695351465885e+02 2.948605085282470668e+02 2.941800897944793860e+02 2.934999746940068235e+02 2.928202261804127033e+02 2.921412916645225550e+02 2.915226381901190393e+02 2.909895865917916922e+02 2.904611146868443825e+02 2.899384072422589043e+02 2.894220933456304010e+02 2.889122583912468372e+02 2.884087798864094339e+02 2.879114976065241081e+02 2.873278051933174311e+02 2.867380713594094459e+02 2.861533264712232381e+02 2.855737139849862842e+02 2.849993771059315577e+02 2.844304582932244330e+02 2.838670962853148581e+02 2.833094242719225804e+02 2.827575766028390944e+02 2.822116894640873284e+02 2.816718975216802505e+02 2.811386200084918983e+02 2.806122213392894764e+02 2.800922885536164131e+02 2.795789336626965564e+02 2.790722623302434613e+02 2.785723732288475958e+02 2.780793573974468131e+02 2.775953058587638225e+02 2.771905109590096572e+02 2.768381505283368256e+02 2.765098636257175144e+02 2.761806889232751132e+02 2.758256578258312288e+02 2.756552793828085441e+02 2.740123014973127624e+02
2.940165680820088596e+02 2.935091242204266564e+02 2.930060507423349918e+02 2.925076934322523812e+02 2.920143927330210545e+02 2.915257099137094201e+02 2.910417198905866485e+02 2.905624945265886936e+02 2.900881023365285500e+02 2.896186081910261123e+02 2.891540730207694878e+02 2.886945535228055064e+02 2.882401018706366926e+02 2.877907654299606293e+02 2.873465381273263688e+02 2.869072350108343130e+02 2.864728905937855075e+02 2.860438615060962775e+02 2.856204485879650861e+02 2.852028007523281303e+02 2.849581824522469446e+02 2.846408763185198154e+02 2.843380827716671320e+02 2.841517291857697387e+02 2.839640105559101357e+02 2.837749085221815335e+02 2.835844044017218266e+02 2.833924791826260048e+02 2.831991135177782439e+02 2.830042877186052124e+02 2.828079817487554237e+02 2.826101752177061144e+02 2.824108473743025343e+02 2.822099771002339139e+02 2.820075429034499166e+02 2.818035229115241691e+02 2.815978948649703852e+02 2.813906361105169367e+02 2.811817235943483411e+02 2.809711338553211135e+02 2.807588430181622812e+02 2.805448267866617584e+02 2.803290604368675645e+02 2.801115188102958768e+02 2.798921763071699615e+02 2.796710068796991777e+02 2.794479840254159058e+02 2.792230807805833592e+02 2.789962697136954262e+02 2.787675229190843993e+02 2.785368120106591618e+02 2.783041081157953158e+02 2.780693818694007859e+02 2.778326034081836724e+02 2.775937423651488984e+02 2.773527678643545187e+02
2.903249299462427189e+02 2.900709953877261000e+02 2.897065475165966291e+02 2.895184317654784536e+02 2.893394642357926045e+02 2.891592535923025480e+02 2.889777840335949008e+02 2.887950394965761802e+02 2.886110036518662127e+02 2.884256598991370879e+02 2.882389913624004976e+02 2.880509808852438596e+02 2.878616110260192045e+02 2.876708640529876675e+02 2.874787219394208932e+02 2.872851663586657196e+02 2.870901786791728796e+02 2.868937399594964859e+02 2.866958309432671399e+02 2.864964320541448615e+02 2.862955233907566139e+02 2.860930847216253028e+02 2.858890954800958752e+02 2.856835347592668199e+02 2.854763813069337743e+02 2.852676135205549031e+02 2.850572094422457781e+02 2.848451467538152428e+02 2.846314027718516400e+02 2.844159544428720778e+02 2.841987783385459920e+02 2.839798506510076095e+02 2.837591471882711289e+02 2.835366433697631692e+02 2.833123142219916986e+02 2.830861343743654857e+02 2.828580780551864677e+02 2.826281190878331131e+02 2.823962308871577989e+02 2.821623864561203163e+02 2.819265583826826855e+02 2.816887188369918249e+02 2.814488395688769629e+02 2.812068919056929417e+02 2.809628467505391427e+02 2.807166745808888777e+02 2.804683454476641487e+02 2.802178289747926101e+02 2.799650943592870931e+02 2.797101103718886748e+02 2.794528453583181431e+02 2.791932672411810472e+02 2.789313435225760713e+02 2.786670412874572094e+02 2.784003272078032296e+02 2.781311675476516143e+02
3.085450237018796997e+02 3.078099479394992386e+02 3.070764199495973230e+02 3.063445126897274235e+02 3.056143023104352778e+02 3.048858682713849930e+02 3.041592934583966894e+02 3.034346643009210425e+02 3.027120708894047425e+02 3.019916070919232425e+02 3.012733706693740032e+02 3.005574633884326090e+02 2.998439911313731159e+02 2.991330640017542351e+02 2.984247964248589255e+02 2.977193072416519612e+02 2.970167197949055549e+02 2.963171620060005580e+02 2.956207664407852462e+02 2.949276616932369848e+02 2.942374646389946520e+02 2.935490564712243895e+02 2.928613500565040795e+02 2.921739652756019154e+02 2.914871456225139923e+02 2.908014133882685996e+02 2.902095331929788244e+02 2.896719112643082781e+02 2.891393137972655722e+02 2.886129017198695692e+02 2.880931143826332459e+02 2.875799263446610325e+02 2.870731863246433022e+02 2.865639163585361189e+02 2.859654322892099003e+02 2.853720055330871901e+02 2.847837863859247136e+02 2.842009251543221922e+02 2.836235717127368616e+02 2.830518749133037772e+02 2.824859763222002584e+02 2.819260157072689026e+02 2.813721354952286333e+02 2.808244781069412284e+02 2.802831829717003416e+02 2.797489938204236637e+02 2.792216377414738986e+02 2.787010222356717009e+02 2.781892392345322946e+02 2.777880530730675446e+02 2.774727447457266294e+02 2.772145973006315671e+02 2.769906064639711190e+02 2.767812765022978283e+02 2.767507641501973694e+02 2.750136705439859952e+02
2.903220312969334600e+02 2.900762484782545130e+02 2.897116166525127596e+02 2.895143604608041414e+02 2.893354347460683016e+02 2.891552663887433141e+02 2.889738395941375870e+02 2.887911383059662853e+02 2.886071462017440581e+02 2.884218466881238783e+02 2.882352228961828473e+02 2.880472576766584325e+02 2.878579335951354778e+02 2.876672329271895023e+02 2.874751376534872520e+02 2.872816294548490532e+02 2.870866897072759230e+02 2.868902994769468364e+02 2.866924395151893918e+02 2.864930902534300117e+02 2.862922317981286824e+02 2.860898439257043151e+02 2.858859060774576619e+02 2.856803973544981545e+02 2.854732965126838735e+02 2.852645819575812993e+02 2.850542317394558154e+02 2.848422235483010354e+02 2.846285347089196875e+02 2.844131421760651506e+02 2.841960225296587623e+02 2.839771519700940416e+02 2.837565063136427739e+02 2.835340609879796716e+02 2.833097910278399922e+02 2.830836710708296096e+02 2.828556753534054451e+02 2.826257777070470070e+02 2.823939515546404095e+02 2.821601699070982363e+02 2.819244053602396320e+02 2.816866300919566015e+02 2.814468158596952208e+02 2.812049339982800689e+02 2.809609554181149633e+02 2.807148506037912057e+02 2.804665896131409113e+02 2.802161420767711775e+02 2.799634771981187669e+02 2.797085637540681660e+02 2.794513700961750828e+02 2.791918641525427347e+02 2.789300134304000949e+02 2.786657850194313824e+02 2.783991455959122732e+02 2.781300614277075738e+02
3.217980853477333198e+02 3.209757954584927120e+02 3.201539867783793056e+02 3.193326864226830821e+02 3.185119228757602059e+02 3.176917260621581818e+02 3.168721274213767174e+02 3.160531599864246459e+02 3.152348584663361066e+02 3.144172593328095786e+02 3.136004009111371715e+02 3.127843234755898152e+02 3.119690693494222273e+02 3.111546830096623353e+02 3.103412111968396516e+02 3.095287030298109698e+02 3.087172101258190082e+02 3.079067867259232685e+02 3.070974898259196948e+02 3.062893793128496327e+02 3.054825181071792031e+02 3.046769723107037748e+02 3.038728113602013536e+02 3.030701081868225515e+02 3.022689393811626815e+02 3.014693853639116128e+02 3.006715305619200649e+02 2.998754635894557623e+02 2.990812774343443721e+02 2.982890696486081197e+02 2.974989425431129462e+02 2.967110033856301357e+02 2.959253646015856702e+02 2.951421439766418189e+02 2.943614648600911892e+02 2.935834563678786822e+02 2.928082535838709646e+02 2.920359977577908808e+02 2.912668364979988382e+02 2.905009239570622412e+02 2.897384210077811417e+02 2.889794954070515587e+02 2.882243219446424973e+02 2.874730825736346560e+02 2.867259665189315569e+02 2.859814944795164138e+02 2.852380092363889617e+02 2.844951598979219511e+02 2.837533992907567608e+02 2.832368817020851566e+02 2.829939975279392570e+02 2.831271209784538883e+02 2.834745573197312751e+02 2.840119991520339795e+02 2.847477709922411577e+02 2.853912502158225948e+02
2.928010497971633868e+02 2.925573787805825532e+02 2.923117832859950909e+02 2.920642411392439044e+02 2.918147299905568843e+02 2.915632273207824596e+02 2.913097104481639690e+02 2.910541565356752471e+02 2.907965425989435744e+02 2.905368455147834084e+02 2.902750420303681835e+02 2.900111087730636541e+02 2.897450222609506341e+02 2.894767589140610085e+02 2.892062950663548122e+02 2.889336069784624215e+02 2.886586708512181190e+02 2.883814628400108973e+02 2.881019590699752371e+02 2.878201356520474974e+02 2.875359686999107112e+02 2.872494343478489895e+02 2.869605087695332486e+02 2.866691681977574717e+02 2.863753889451434134e+02 2.860791474258292624e+02 2.857804201781562483e+02 2.854791838883649007e+02 2.851754154153086347e+02 2.848690918161913146e+02 2.845601903733307836e+02 2.842486886219466555e+02 2.839345643789684459e+02 2.836177957728531283e+02 2.832983612743991557e+02 2.829762397285378484e+02 2.826514103870779877e+02 2.823238529423733212e+02 2.819935475618781879e+02 2.816604749235491454e+02 2.813246162520431994e+02 2.809859533556593192e+02 2.806444686639589463e+02 2.803001452659967754e+02 2.799529669490855781e+02 2.796029182380083853e+02 2.792499844345870770e+02 2.788941516575060859e+02 2.785354068822844056e+02 2.781737379812771565e+02 2.778091337635872833e+02 2.774415840147514132e+02 2.770710795360663496e+02 2.766976121834079549e+02 2.763211749053923540e+02 2.759417617807217766e+02
2.926399066688574067e+02 2.924164127393152057e+02 2.921911934826098332e+02 2.919642276646526966e+02 2.917354937951326974e+02 2.915049701281923831e+02 2.912726346634052561e+02 2.910384651470716904e+02 2.908024390738561920e+02 2.905645336887852181e+02 2.903247259896286891e+02 2.900829927296875326e+02 2.898393104210117031e+02 2.895936553380733471e+02 2.893460035219194424e+02 2.890963307848326735e+02 2.888446127155258409e+02 2.885908246848993031e+02 2.883349418523900454e+02 2.880769391729419340e+02 2.878167914046288161e+02 2.875544731169601391e+02 2.872899586999029680e+02 2.870232223736516062e+02 2.867542381991782463e+02 2.864829800895984704e+02 2.862094218223852522e+02 2.859335370524653968e+02 2.856552993262326936e+02 2.853746820965118332e+02 2.850916587385067942e+02 2.848062025667672970e+02 2.845182868532058933e+02 2.842278848461978100e+02 2.839349697907952645e+02 2.836395149500837647e+02 2.833414936277113725e+02 2.830408791916144082e+02 2.827376450989656291e+02 2.824317649223651756e+02 2.821232123772926457e+02 2.818119613508376347e+02 2.814979859317171531e+02 2.811812604415903252e+02 2.808617594676723570e+02 2.805394578966451604e+02 2.802143309498583790e+02 2.798863542198076289e+02 2.795555037078688088e+02 2.792217558632640362e+02 2.788850876232239671e+02 2.785454764543057991e+02 2.782029003948163108e+02 2.778573380982818435e+02 2.775087688778971824e+02 2.771571727518767716e+02
2.905386260461530696e+02 2.901253424367714047e+02 2.898016670279581604e+02 2.895510757345169282e+02 2.891858897475254366e+02 2.889938756767921291e+02 2.888141384066836963e+02 2.886331457892466688e+02 2.884508817754720553e+02 2.882673300489660164e+02 2.880824740212112260e+02 2.878962968267730389e+02 2.877087813184502920e+02 2.875199100623750041e+02 2.873296653330614845e+02 2.871380291084093983e+02 2.869449830646632336e+02 2.867505085713316930e+02 2.865545866860715591e+02 2.863571981495401246e+02 2.861583233802201107e+02 2.859579424692240650e+02 2.857560351750826726e+02 2.855525809185240291e+02 2.853475587772500148e+02 2.851409474807184097e+02 2.849327254049372868e+02 2.847228705672829392e+02 2.845113606213477055e+02 2.842981728518313389e+02 2.840832841694846138e+02 2.838666711061188153e+02 2.836483098096930462e+02 2.834281760394944740e+02 2.832062451614252154e+02 2.829824921434135945e+02 2.827568915509656904e+02 2.825294175428765584e+02 2.823000438671212464e+02 2.820687438569458436e+02 2.818354904271824353e+02 2.816002560708117812e+02 2.813630128557991839e+02 2.811237324222319671e+02 2.808823859797867044e+02 2.806389443055587662e+02 2.803933777422860771e+02 2.801456561970024950e+02 2.798957491401583297e+02 2.796436256052467115e+02 2.793892541889780432e+02 2.791326030520457380e+02 2.788736399205295697e+02 2.786123320879862035e+02 2.783486464182765303e+02 2.780825493491849443e+02
2.919081018558264873e+02 2.916161648181182500e+02 2.913219581318539326e+02 2.910254642463779078e+02 2.907266658581978618e+02 2.904255459324517687e+02 2.901220877249787691e+02 2.898162748049778088e+02 2.895080910782332353e+02 2.891975208108873971e+02 2.888845486537317129e+02 2.885691596669890941e+02 2.882513393455529922e+02 2.879310736446465739e+02 2.876083490058616690e+02 2.872831523835315579e+02 2.869554712713901381e+02 2.866252937294623280e+02 2.862926084111303453e+02 2.859574045903131037e+02 2.856196721886939827e+02 2.852794018029259746e+02 2.849365847317415614e+02 2.845912130028892193e+02 2.842432793998150942e+02 2.838927774880041852e+02 2.835397016408936111e+02 2.831840470652664408e+02 2.828258098260307065e+02 2.824649868702887261e+02 2.821015760505972025e+02 2.817355761473182270e+02 2.813669868899597759e+02 2.809958089774053178e+02 2.806220440969289029e+02 2.802456949418969430e+02 2.798667652280554421e+02 2.794852597083054775e+02 2.791011841858716593e+02 2.787145455257719391e+02 2.783253516645008858e+02 2.779336116178421889e+02 2.775393354867341600e+02 2.771425344611151900e+02 2.767432208216858385e+02 2.763414079395274143e+02 2.759371102735308341e+02 2.755303433655923868e+02 2.751211238335464486e+02 2.747094693618115571e+02 2.742953986897402388e+02 2.738789315976679291e+02 2.734600888906737737e+02 2.730388923800695693e+02 2.726153648626506651e+02 2.721895300977494117e+02
2.907180152603194188e+02 2.905355476586796613e+02 2.903518030046393505e+02 2.901667651315119087e+02 2.899804176104171916e+02 2.897927437459496218e+02 2.896037265718111939e+02 2.894133488464138395e+02 2.892215930484532578e+02 2.890284413724586443e+02 2.888338757243224677e+02 2.886378777168141028e+02 2.884404286650827771e+02 2.882415095821554587e+02 2.880411011744344023e+02 2.878391838372014035e+02 2.876357376501355247e+02 2.874307423728515118e+02 2.872241774404663488e+02 2.870160219592034423e+02 2.868062547020427360e+02 2.865948541044278954e+02 2.863817982600389769e+02 2.861670649166451881e+02 2.859506314720468936e+02 2.857324749701221549e+02 2.855125720969911072e+02 2.852908991773128378e+02 2.850674321707321610e+02 2.848421466684914094e+02 2.846150178902279322e+02 2.843860206809743545e+02 2.841551295083848458e+02 2.839223184602071797e+02 2.836875612420252537e+02 2.834508311752970258e+02 2.832121011957131600e+02 2.829713438519058855e+02 2.827285313045356929e+02 2.824836353257883843e+02 2.822366272993155576e+02 2.819874782206515533e+02 2.817361586981455730e+02 2.814826389544458607e+02 2.812268888285768753e+02 2.809688777786520859e+02 2.807085748852665006e+02 2.804459488556149154e+02 2.801809680283855641e+02 2.799136003794792487e+02 2.796438135286058468e+02 2.793715747468148152e+02 2.790968509650152214e+02 2.788196087835440267e+02 2.785398144828449176e+02 2.782574340353194202e+02
2.726082394298578038e+02 2.722089222797203547e+02 2.718092531342251164e+02 2.714092417576517278e+02 2.710088977172694626e+02 2.706082303841939734e+02 2.702072489343984785e+02 2.698059623498695032e+02 2.694043794199005788e+02 2.690025087425176480e+02 2.686003587260261156e+02 2.681979375906747691e+02 2.677952533704277016e+02 2.673923139148389510e+02 2.669891268910214421e+02 2.665856997857039801e+02 2.661820399073706085e+02 2.657781543884754001e+02 2.653740501877260840e+02 2.649697340924314517e+02 2.645652127209060609e+02 2.641604925249276334e+02 2.637555797922394731e+02 2.633504806490964256e+02 2.629452010628456264e+02 2.625397468445395361e+02 2.621341236515756350e+02 2.617283369903593098e+02 2.613223922189840778e+02 2.609162945499271586e+02 2.605100490527544821e+02 2.601036606568335401e+02 2.596971341540485128e+02 2.592904742015158490e+02 2.588836853242963798e+02 2.584767719181020311e+02 2.580697382519924190e+02 2.576625884710609284e+02 2.572553265991057287e+02 2.568479565412852139e+02 2.564404820867541730e+02 2.560329069112800653e+02 2.556252345798356487e+02 2.552174685491686432e+02 2.548096121703438826e+02 2.544016686912596583e+02 2.539936412591337103e+02 2.535855329229599988e+02 2.531773466359339295e+02 2.527690852578449778e+02 2.523607515574362026e+02 2.519523482147296818e+02 2.515438778233164214e+02 2.511353428926113622e+02 2.507267458500715520e+02 2.503180890433778814e+02
2.917173244299996782e+02 2.915203345883404040e+02 2.913219055920582718e+02 2.911220191438956135e+02 2.909206566670068810e+02 2.907177993014558410e+02 2.905134279007595524e+02 2.903075230284860595e+02 2.901000649549155810e+02 2.898910336537744570e+02 2.896804087990505536e+02 2.894681697619021179e+02 2.892542956076705423e+02 2.890387650930086352e+02 2.888215566631382103e+02 2.886026484492494433e+02 2.883820182660574005e+02 2.881596436095296667e+02 2.879355016548029198e+02 2.877095692543038012e+02 2.874818229360940336e+02 2.872522389024573499e+02 2.870207930287497788e+02 2.867874608625335213e+02 2.865522176230185778e+02 2.863150382008338397e+02 2.860758971581547030e+02 2.858347687292119872e+02 2.855916268212108093e+02 2.853464450156879479e+02 2.850991965703377105e+02 2.848498544213395007e+02 2.845983911862181799e+02 2.843447791672741118e+02 2.840889903556175113e+02 2.838309964358456341e+02 2.835707687914014627e+02 2.833082785106547590e+02 2.830434963937477733e+02 2.827763929602479038e+02 2.825069384576547691e+02 2.822351028708047238e+02 2.819608559322231827e+02 2.816841671334714761e+02 2.814050057375397955e+02 2.811233407923347727e+02 2.808391411453160913e+02 2.805523754593323815e+02 2.802630122297098296e+02 2.799710198026470493e+02 2.796763663949690226e+02 2.793790201152929171e+02 2.790789489866585882e+02 2.787761209706748105e+02 2.784705039932323416e+02 2.781620659718318507e+02
2.955792725486140284e+02 2.950396170048472868e+02 2.945039843399604820e+02 2.939724714902265532e+02 2.934451741218556435e+02 2.929221844850704315e+02 2.924035922323892009e+02 2.918894878136287616e+02 2.913799631087396733e+02 2.908752038432418772e+02 2.903758953952873298e+02 2.898814326019344207e+02 2.893918960569063756e+02 2.889073630224989984e+02 2.884279070982058784e+02 2.879535978877007665e+02 2.874845006660693798e+02 2.870206760492887383e+02 2.865621796680515558e+02 2.861090618481068759e+02 2.856613159990523627e+02 2.852187099263134087e+02 2.847813249578882164e+02 2.843495777541704115e+02 2.839237574470920435e+02 2.835039948094035935e+02 2.832620498281905839e+02 2.829409390416985275e+02 2.826421068627132058e+02 2.824529977136785988e+02 2.822624774713513602e+02 2.820705267890999153e+02 2.818771259731776695e+02 2.816822549760418042e+02 2.814858933895808377e+02 2.812880204382547618e+02 2.810886149721501397e+02 2.808876554599549991e+02 2.806851199818564737e+02 2.804809862223676191e+02 2.802752314630872661e+02 2.800678325754004163e+02 2.798587660131252619e+02 2.796480078051140481e+02 2.794355335478169309e+02 2.792213183978180382e+02 2.790053370643531139e+02 2.787875638018208519e+02 2.785679724022991763e+02 2.783465361880815294e+02 2.781232280042456750e+02 2.778980202112729785e+02 2.776708846777339090e+02 2.774417927730601718e+02 2.772107153604229097e+02 2.769776227897390299e+02
2.851269606333150364e+02 2.847444483921186134e+02 2.843601986378953939e+02 2.839742291517973172e+02 2.835865582019840758e+02 2.831972045271307934e+02 2.828061873191944073e+02 2.824135262054800819e+02 2.820192412300531259e+02 2.816233528345405261e+02 2.812258818383722883e+02 2.808268494185114150e+02 2.804262770887248735e+02 2.800241866784489275e+02 2.796206003113035194e+02 2.792155403833086780e+02 2.788090295408619568e+02 2.784010906585305634e+02 2.779917468167142829e+02 2.775810212792363814e+02 2.771689374709171148e+02 2.767555189551836179e+02 2.763407894117707997e+02 2.759247726145656543e+02 2.755074924096446694e+02 2.750889726935554904e+02 2.746692373918882026e+02 2.742483104381834664e+02 2.738262157532197421e+02 2.734029772247201890e+02 2.729786186875195426e+02 2.725531639042241068e+02 2.721266365464011301e+02 2.716990601763263271e+02 2.712704582293171711e+02 2.708408539966791864e+02 2.704102706092854760e+02 2.699787310218095513e+02 2.695462579976287429e+02 2.691128740944119500e+02 2.686786016504030385e+02 2.682434627714080193e+02 2.678074793184939608e+02 2.673706728964003787e+02 2.669330648426682160e+02 2.664946762174808441e+02 2.660555277942189605e+02 2.656156400507198896e+02 2.651750331612363425e+02 2.647337269890855964e+02 2.642917410799775553e+02 2.638490946560103794e+02 2.634058066103191322e+02 2.629618955023638023e+02 2.625173795538387367e+02 2.620722766451880261e+02
3.044334140878298172e+02 3.037346960784900602e+02 3.030381862099420687e+02 3.023439812854722959e+02 3.016521817934981300e+02 3.009628919868729326e+02 3.002762199562614569e+02 2.995922776964746390e+02 2.989111811645603325e+02 2.982330503283423582e+02 2.975579924658138680e+02 2.968856423005916554e+02 2.962149428539855762e+02 2.955448275430417198e+02 2.948748772068029780e+02 2.942052837739399820e+02 2.935365186859866071e+02 2.929826350011544491e+02 2.924589061908427539e+02 2.919399632537541720e+02 2.914267987924822023e+02 2.909198721527158114e+02 2.904192035823870128e+02 2.899246605317574677e+02 2.894008318724133915e+02 2.888150471991525023e+02 2.882339230020336913e+02 2.876575934824354022e+02 2.870861928948497734e+02 2.865198551835877652e+02 2.859587134649307245e+02 2.854028965800887931e+02 2.848525292552419614e+02 2.843077372268475074e+02 2.837686477106565235e+02 2.832353865895663034e+02 2.827084988841045288e+02 2.821880664958894158e+02 2.816738096017295447e+02 2.811658331843013343e+02 2.806642364426735412e+02 2.801691122183857487e+02 2.796805464225075184e+02 2.791986174680466775e+02 2.787233957123066261e+02 2.782549268957973254e+02 2.777929294092314194e+02 2.773371249810790005e+02 2.768899158032160699e+02 2.764757888452827501e+02 2.760661798368631707e+02 2.757214369408273456e+02 2.755062278713215846e+02 2.750604059536032082e+02 2.748213354574027676e+02 2.746181835167993768e+02
3.317930900804835801e+02 3.309168578885555121e+02 3.300408055768872941e+02 3.291649463503172797e+02 3.282892940966411288e+02 3.274138634237349379e+02 3.265386696987970367e+02 3.256637290898291326e+02 3.247890586094869150e+02 3.239146761614359775e+02 3.230406005893568135e+02 3.221668517287495206e+02 3.212934504616969207e+02 3.204204187747521928e+02 3.195477798201281416e+02 3.186755579803682394e+02 3.178037789366944708e+02 3.169324697412319551e+02 3.160616588933185085e+02 3.151913764201187291e+02 3.143216539617700960e+02 3.134525248612958421e+02 3.125840242595286895e+02 3.117161891952967494e+02 3.108490587111302261e+02 3.099826739647569980e+02 3.091170783466533862e+02 3.082523176039282475e+02 3.073884399708182400e+02 3.065254963060713749e+02 3.056635402374974433e+02 3.048026283139582233e+02 3.039428201650645178e+02 3.030841786688331467e+02 3.022267701275470699e+02 3.013706644520357258e+02 3.005159353545696490e+02 2.996626605505309158e+02 2.988109219689753218e+02 2.979608059721606423e+02 2.971124035840445003e+02 2.962658107276924397e+02 2.954211284714463659e+02 2.945784632836062542e+02 2.937379272952594533e+02 2.928996385707567356e+02 2.920637213851798037e+02 2.912303065079643147e+02 2.903995314916369352e+02 2.897852347108865274e+02 2.895679375707379108e+02 2.896544733357669088e+02 2.899945676381829003e+02 2.905596663507184871e+02 2.913495639084213735e+02 2.929171904105523367e+02
2.919293948120614459e+02 2.917282494272012627e+02 2.915256188983883590e+02 2.913214843725555170e+02 2.911158267154670511e+02 2.909086265086313574e+02 2.906998640462898038e+02 2.904895193324942397e+02 2.902775720782813096e+02 2.900640016989568153e+02 2.898487873114995637e+02 2.896319077320999895e+02 2.894133414738439001e+02 2.891930667445579957e+02 2.889710614448308661e+02 2.887473031662250946e+02 2.885217691896979773e+02 2.882944364842484788e+02 2.880652817058083315e+02 2.878342811963981376e+02 2.876014109835679164e+02 2.873666467801460840e+02 2.871299639843168734e+02 2.868913376800541073e+02 2.866507426379327512e+02 2.864081533163486597e+02 2.861635438631716397e+02 2.859168881178626975e+02 2.856681596140847432e+02 2.854173315828402906e+02 2.851643769561675299e+02 2.849092683714304144e+02 2.846519781762386287e+02 2.843924784340343876e+02 2.841307409303850022e+02 2.838667371800207775e+02 2.836004384346597362e+02 2.833318156916618591e+02 2.830608397035558710e+02 2.827874809884839920e+02 2.825117098416099566e+02 2.822334963475374821e+02 2.819528103937864785e+02 2.816696216853752617e+02 2.813838997605574264e+02 2.810956140077631744e+02 2.808047336837927332e+02 2.805112279333133642e+02 2.802150658097056635e+02 2.799162162973108821e+02 2.796146483351223537e+02 2.793103308419707673e+02 2.790032327432442685e+02 2.786933229991871599e+02 2.783805706348157969e+02 2.780649447714886833e+02
3.486352533113447976e+02 3.476731063440593630e+02 3.467109420950035883e+02 3.457487648963351035e+02 3.447865793123418143e+02 3.438243901520888244e+02 3.428622024828104031e+02 3.419000216440924760e+02 3.409378532628984431e+02 3.399757032694892018e+02 3.390135779142966044e+02 3.380514837858075907e+02 3.370894278295277786e+02 3.361274173680895387e+02 3.351654601225811803e+02 3.342035642351729052e+02 3.332417382931269003e+02 3.322799913542761487e+02 3.313183329740716090e+02 3.303567732342957015e+02 3.293953227735540281e+02 3.284339928196574760e+02 3.274727952240198761e+02 3.265117424982030343e+02 3.255508478527476086e+02 3.245901252384407485e+02 3.236295893901792056e+02 3.226692558735982743e+02 3.217091411346456766e+02 3.207492625522955905e+02 3.197896384946060948e+02 3.188302883783390484e+02 3.178712327323743807e+02 3.169124932651660060e+02 3.159540929365026614e+02 3.149960560338494133e+02 3.140384082535705375e+02 3.130811767873427129e+02 3.121243904140943641e+02 3.111680795978208494e+02 3.102122765916490721e+02 3.092570155485432792e+02 3.083023326390662646e+02 3.073482661766333308e+02 3.063948567507146663e+02 3.054421473684698753e+02 3.044901836053142006e+02 3.035390137649444000e+02 3.025886890493671331e+02 3.018112826734440546e+02 3.015379639122639901e+02 3.016365980174441574e+02 3.020414785151256183e+02 3.027141576631269686e+02 3.036490616609602284e+02 3.053092070389832315e+02
2.908079284044842439e+02 2.904901577644350823e+02 2.901700556475880717e+02 2.898476117942598194e+02 2.895228164791001291e+02 2.891956605337678639e+02 2.888661353695961793e+02 2.885342330001939217e+02 2.881999460639204358e+02 2.878632678461738124e+02 2.875241923014269219e+02 2.871827140749440446e+02 2.868388285241080666e+02 2.864925317392865622e+02 2.861438205641634909e+02 2.857926926154598277e+02 2.854391463019688331e+02 2.850831808428254703e+02 2.847247962849338592e+02 2.843639935194737518e+02 2.840007742974077019e+02 2.836351412439114483e+02 2.832670978716499803e+02 2.828966485928269208e+02 2.825237987299307179e+02 2.821485545251104554e+02 2.817709231481117627e+02 2.813909127027099544e+02 2.810085322315805456e+02 2.806237917195516616e+02 2.802367020951885479e+02 2.798472752306644225e+02 2.794555239398808908e+02 2.790614619748033647e+02 2.786651040199870408e+02 2.782664656852747953e+02 2.778655634966558523e+02 2.774624148852806229e+02 2.770570381746382509e+02 2.766494525659070973e+02 2.762396781214995940e+02 2.758277357468304558e+02 2.754136471703440634e+02 2.749974349218463203e+02 2.745791223091935080e+02 2.741587333933985633e+02 2.737362929622215688e+02 2.733118265023206845e+02 2.728853601700432137e+02 2.724569207609445698e+02 2.720265356781294486e+02 2.715942328995116100e+02 2.711600409440969770e+02 2.707239888373946997e+02 2.702861060760684495e+02 2.698464225919380510e+02
2.923122134823632337e+02 2.920337094948716867e+02 2.917530072093958324e+02 2.914700866604430303e+02 2.911849279853176427e+02 2.908975114420705950e+02 2.906078174281705628e+02 2.903158264999009930e+02 2.900215193924823893e+02 2.897248770409217968e+02 2.894258806015834580e+02 2.891245114744767761e+02 2.888207513262513544e+02 2.885145821138879114e+02 2.882059861090702384e+02 2.878949459232189270e+02 2.875814445331645857e+02 2.872654653074356474e+02 2.869469920331297317e+02 2.866260089433343978e+02 2.863025007450588646e+02 2.859764526476338915e+02 2.856478503915316765e+02 2.853166802775534734e+02 2.849829291963280298e+02 2.846465846580579750e+02 2.843076348224471985e+02 2.839660685287390152e+02 2.836218753257846288e+02 2.832750455020640743e+02 2.829255701155703377e+02 2.825734410234678080e+02 2.822186509114280852e+02 2.818611933225454322e+02 2.815010626857265379e+02 2.811382543434506829e+02 2.807727645787879283e+02 2.804045906415652212e+02 2.800337307735652530e+02 2.796601842326413134e+02 2.792839513156326916e+02 2.789050333799635268e+02 2.785234328638070451e+02 2.781391533047014946e+02 2.777521993565028993e+02 2.773625768045644122e+02 2.769702925790354584e+02 2.765753547661764742e+02 2.761777726175934049e+02 2.757775565572991923e+02 2.753747181865178959e+02 2.749692702861559610e+02 2.745612268168699188e+02 2.741506029166744156e+02 2.737374148960398088e+02 2.733216802304414159e+02
2.925992607508587753e+02 2.921265261913283098e+02 2.916584033742414590e+02 2.911949517173655408e+02 2.907362269873099194e+02 2.902822810397502167e+02 2.898331615633903766e+02 2.893889078926069374e+02 2.889494894510688141e+02 2.885147401524122301e+02 2.880847468413783190e+02 2.876598619398101846e+02 2.872403504166537687e+02 2.868397441604993219e+02 2.866328434020693408e+02 2.862767360456675760e+02 2.860186728145513939e+02 2.858347199415729847e+02 2.856494425441168801e+02 2.854628231313324704e+02 2.852748439107093645e+02 2.850854867825185579e+02 2.848947333341825470e+02 2.847025648345770037e+02 2.845089622282670234e+02 2.843139061296808450e+02 2.841173768172237715e+02 2.839193542273376920e+02 2.837198179485085916e+02 2.835187472152286432e+02 2.833161209019174294e+02 2.831119175168079209e+02 2.829061151958038067e+02 2.826986916963163594e+02 2.824896243910869202e+02 2.822788902620050635e+02 2.820664658939310243e+02 2.818523274685329625e+02 2.816364507581499197e+02 2.814188111196926911e+02 2.811993834885956858e+02 2.809781423728341565e+02 2.807550618470215227e+02 2.805301155466044634e+02 2.803032766621726637e+02 2.800745179339025981e+02 2.798438116461575191e+02 2.796111296222637179e+02 2.793764432194885785e+02 2.791397233242465745e+02 2.789009403475587874e+02 2.786600642207974943e+02 2.784170643917466919e+02 2.781719098210113543e+02 2.779245689788132836e+02 2.776750098422099882e+02
2.851301803939170441e+02 2.847476884677753901e+02 2.843634585437125679e+02 2.839775083954964430e+02 2.835898562843017885e+02 2.832005209422292751e+02 2.828095215550818011e+02 2.824168777444404554e+02 2.820226095490842795e+02 2.816267374057995312e+02 2.812292821296257443e+02 2.808302648935915613e+02 2.804297072079893383e+02 2.800276308992428653e+02 2.796240580884228848e+02 2.792190111694645225e+02 2.788125127871431346e+02 2.784045858148649586e+02 2.779952533323269677e+02 2.775845386031038515e+02 2.771724650522158413e+02 2.767590562437328003e+02 2.763443358584681278e+02 2.759283276718147135e+02 2.755110555317738203e+02 2.750925433372264024e+02 2.746728150164945532e+02 2.742518945062378748e+02 2.738298057307287650e+02 2.734065725815471524e+02 2.729822188977336168e+02 2.725567684464363651e+02 2.721302449040862825e+02 2.717026718381293904e+02 2.712740726893468377e+02 2.708444707547847088e+02 2.704138891713187149e+02 2.699823508998717898e+02 2.695498787103019822e+02 2.691164951669746870e+02 2.686822226150299002e+02 2.682470831673548446e+02 2.678110986922666257e+02 2.673742908019093534e+02 2.669366808413664671e+02 2.664982898784888903e+02 2.660591386944337842e+02 2.656192477749103773e+02 2.651786373021244572e+02 2.647373271474141347e+02 2.642953368645648879e+02 2.638526856837916625e+02 2.634093925063761503e+02 2.629654758999419073e+02 2.625209540943529873e+02 2.620758449782180719e+02
2.925409735542216936e+02 2.923222729525681416e+02 2.921018971988788735e+02 2.918798254683023288e+02 2.916560366691546164e+02 2.914305094425656080e+02 2.912032221623712189e+02 2.909741529352685347e+02 2.907432796012543577e+02 2.905105797343634322e+02 2.902760306437288591e+02 2.900396093749848774e+02 2.898012927120334439e+02 2.895610571791985990e+02 2.893188790437911280e+02 2.890747343191096661e+02 2.888285987679032019e+02 2.885804479063215240e+02 2.883302570083824321e+02 2.880780011109826546e+02 2.878236550194841357e+02 2.875671933139041698e+02 2.873085903557428082e+02 2.870478202954776634e+02 2.867848570807610713e+02 2.865196744653528640e+02 2.862522460188227456e+02 2.859825451370583096e+02 2.857105450536134299e+02 2.854362188519347683e+02 2.851595394785007329e+02 2.848804797569114839e+02 2.845990124029654567e+02 2.843151100407591230e+02 2.840287452198472238e+02 2.837398904334972940e+02 2.834485181380758831e+02 2.831546007735979629e+02 2.828581107854742527e+02 2.825590206474868751e+02 2.822573028860228987e+02 2.819529301055922588e+02 2.816458750156564292e+02 2.813361104587876298e+02 2.810236094401784612e+02 2.807083451585161811e+02 2.803902910382313394e+02 2.800694207631287327e+02 2.797457083113985732e+02 2.794191279920056559e+02 2.790896544824431089e+02 2.787572628678348110e+02 2.784219286813604981e+02 2.780836279459711022e+02 2.777423372173530538e+02 2.773980336280926053e+02
3.207566414138006508e+02 3.199403095648095245e+02 3.191245064553424982e+02 3.183092613803639210e+02 3.174946051074924185e+02 3.166805699527852198e+02 3.158671898603113846e+02 3.150545004856677451e+02 3.142425392835948514e+02 3.134313455998509426e+02 3.126209607674995823e+02 3.118114282077631856e+02 3.110027935355939235e+02 3.101951046701034898e+02 3.093884119499887788e+02 3.085827682540790988e+02 3.077782291271147415e+02 3.069748529108554749e+02 3.061727008805930268e+02 3.053718373871197969e+02 3.045723300041776156e+02 3.037742496813747834e+02 3.029776709025213677e+02 3.021826718492882264e+02 3.013893345700362829e+02 3.005977451536076046e+02 2.998079939077958898e+02 2.990201755421334724e+02 2.982343893545437368e+02 2.974507394213028988e+02 2.966693347896408568e+02 2.958902896721822344e+02 2.951137236422849810e+02 2.943397618291730851e+02 2.935685351115880621e+02 2.928001803084878247e+02 2.920348403651082094e+02 2.912726645324818833e+02 2.905138085382499185e+02 2.897584347463426866e+02 2.890067123028226206e+02 2.882588172648726754e+02 2.875149327096082175e+02 2.867740958228250747e+02 2.860347015617653597e+02 2.852959993695979506e+02 2.845581932932197446e+02 2.838218870161845189e+02 2.830878030267118675e+02 2.826846492907982906e+02 2.825954752092643503e+02 2.827323159802584200e+02 2.830681027635159239e+02 2.835896387061627024e+02 2.843058909964548775e+02 2.845961224050843157e+02
3.361142011253459145e+02 3.352156763714079375e+02 3.343172574567981883e+02 3.334189541931679628e+02 3.325207769029526617e+02 3.316227364472844670e+02 3.307248442555274437e+02 3.298271123565288008e+02 3.289295534116930071e+02 3.280321807499847182e+02 3.271350084049801694e+02 3.262380511540870316e+02 3.253413245600646064e+02 3.244448450149802738e+02 3.235486297867497001e+02 3.226526970684124649e+02 3.217570660303077261e+02 3.208617568753177807e+02 3.199667908973661952e+02 3.190721905433543384e+02 3.181779794787413493e+02 3.172841826569778050e+02 3.163908263930133558e+02 3.154979384411116143e+02 3.146055480772167243e+02 3.137136861861249599e+02 3.128223853537288619e+02 3.119316799646098843e+02 3.110416063052684876e+02 3.101522026732910149e+02 3.092635094927611021e+02 3.083755694362366739e+02 3.074884275536165319e+02 3.066021314082336175e+02 3.057167312205149869e+02 3.048322800195508080e+02 3.039488338029211150e+02 3.030664517051212670e+02 3.021851961749294446e+02 3.013051331620432052e+02 3.004263323133046697e+02 2.995488671788097008e+02 2.986728154281732941e+02 2.977982590771852074e+02 2.969252847250532454e+02 2.960539838023684069e+02 2.951844528298668706e+02 2.943167936879843865e+02 2.934511138970938191e+02 2.927932438798620751e+02 2.925688697772066007e+02 2.926718348505378913e+02 2.930467724414494342e+02 2.936619227159342245e+02 2.945154884875495327e+02 2.961253501706384554e+02
2.915743101601382818e+02 2.912733807807388189e+02 2.909701478422659875e+02 2.906645959374971540e+02 2.903567100080745718e+02 2.900464753674102667e+02 2.897338777240365744e+02 2.894189032053704409e+02 2.891015383818593705e+02 2.887817702914665574e+02 2.884595864644585390e+02 2.881349749484456311e+02 2.878079243336281365e+02 2.874784237781946672e+02 2.871464630338163033e+02 2.868120324711750868e+02 2.864751231054637515e+02 2.861357266217880806e+02 2.857938354004013490e+02 2.854494425416947934e+02 2.851025418908678830e+02 2.847531280621965948e+02 2.844011964628158466e+02 2.840467433159305415e+02 2.836897656833675114e+02 2.833302614873769016e+02 2.829682295315932947e+02 2.826036695210635230e+02 2.822365820812481729e+02 2.818669687759044677e+02 2.814948321237596929e+02 2.811201756138803489e+02 2.807430037196516537e+02 2.803633219112792290e+02 2.799811366667265702e+02 2.795964554810109348e+02 2.792092868737786944e+02 2.788196403950895501e+02 2.784275266293435038e+02 2.780329571972891927e+02 2.776359447560611216e+02 2.772365029971983290e+02 2.768346466426056054e+02 2.764303914384278187e+02 2.760237541468132463e+02 2.756147525355542598e+02 2.752034053656006449e+02 2.747897323764519228e+02 2.743737542694432250e+02 2.739554926889504713e+02 2.735349702015502658e+02 2.731122102731782206e+02 2.726872372443419295e+02 2.722600763034512283e+02 2.718307534583407232e+02 2.713992955060642203e+02
2.928011233545939831e+02 2.925600563193487460e+02 2.923170892093185103e+02 2.920721998924390732e+02 2.918253660472312276e+02 2.915765651682216344e+02 2.913257745718731826e+02 2.910729714030462674e+02 2.908181326420180994e+02 2.905612351120838071e+02 2.903022554877644552e+02 2.900411703036496078e+02 2.897779559638991600e+02 2.895125887524310997e+02 2.892450448438233366e+02 2.889753003149538131e+02 2.887033311574085133e+02 2.884291132906813004e+02 2.881526225761937212e+02 2.878738348321598437e+02 2.875927258493218233e+02 2.873092714075801837e+02 2.870234472935435406e+02 2.867352293190188561e+02 2.864445933404655875e+02 2.861515152794311803e+02 2.858559711439876878e+02 2.855579370511837851e+02 2.852573892505283766e+02 2.849543041485133017e+02 2.846486583341869618e+02 2.843404286057806871e+02 2.840295919983923341e+02 2.837161258127222254e+02 2.834000076448566006e+02 2.830812154170865824e+02 2.827597274097479385e+02 2.824355222940594672e+02 2.821085791659339179e+02 2.817788775807284765e+02 2.814463975888976393e+02 2.811111197724999329e+02 2.807730252825101047e+02 2.804320958768742571e+02 2.800883139592427824e+02 2.797416626183064068e+02 2.793921256676525218e+02 2.790396876860513657e+02 2.786843340580747395e+02 2.783260510149395373e+02 2.779648256754619524e+02 2.776006460869988928e+02 2.772335012662477993e+02 2.768633812397636689e+02 2.764902770840513426e+02 2.761141809650766277e+02
2.737229885104806613e+02 2.733220299988925035e+02 2.729206524637039024e+02 2.725188671504109834e+02 2.721166850964762602e+02 2.717141171311823200e+02 2.713111738756982732e+02 2.709078657433466901e+02 2.705042029400659089e+02 2.701001954650564016e+02 2.696958531116060271e+02 2.692911854680816077e+02 2.688862019190828505e+02 2.684809116467463923e+02 2.680753236321955342e+02 2.676694466571236717e+02 2.672632893055071008e+02 2.668568599654369677e+02 2.664501668310637115e+02 2.660432179046467240e+02 2.656360209987004737e+02 2.652285837382326008e+02 2.648209135630640390e+02 2.644130177302263860e+02 2.640049033164295338e+02 2.635965772205935309e+02 2.631880461664364930e+02 2.627793167051162868e+02 2.623703952179172916e+02 2.619612879189770069e+02 2.615520008580496665e+02 2.611425399232987843e+02 2.607329108441147696e+02 2.603231191939544829e+02 2.599131703931961397e+02 2.595030697120064929e+02 2.590928222732159725e+02 2.586824330551976914e+02 2.582719068947479286e+02 2.578612484899623496e+02 2.574504624031072808e+02 2.570395530634808665e+02 2.566285247702627998e+02 2.562173816953483652e+02 2.558061278861656547e+02 2.553947672684734300e+02 2.549833036491354505e+02 2.545717407188724053e+02 2.541600820549865887e+02 2.537483311240594048e+02 2.533364912846190293e+02 2.529245657897776312e+02 2.525125577898352844e+02 2.521004703348511384e+02 2.516883063771794014e+02 2.512760687739696266e+02
2.824740347871251629e+02 2.820787444886736353e+02 2.816821132808652237e+02 2.812841620543130716e+02 2.808849118608459321e+02 2.804843838946068217e+02 2.800825994731775950e+02 2.796795800187725263e+02 2.792753470395426234e+02 2.788699221110297231e+02 2.784633268578098182e+02 2.780555829353630770e+02 2.776467120122071606e+02 2.772367357523272631e+02 2.768256757979366398e+02 2.764135537525979203e+02 2.760003911647340828e+02 2.755862095115571719e+02 2.751710301834381198e+02 2.747548744687427984e+02 2.743377635391530021e+02 2.739197184354929391e+02 2.735007600540766362e+02 2.730809091335917742e+02 2.726601862425313243e+02 2.722386117671853185e+02 2.718162059001983835e+02 2.713929886297023586e+02 2.709689797290263300e+02 2.705441987469874903e+02 2.701186649987645865e+02 2.696923975573506596e+02 2.692654152455855296e+02 2.688377366287616610e+02 2.684093800077987453e+02 2.679803634129803527e+02 2.675507045982438399e+02 2.671204210360142497e+02 2.666895299125723682e+02 2.662580481239438086e+02 2.658259922722990041e+02 2.653933786628486473e+02 2.649602233012220722e+02 2.645265418913131157e+02 2.640923498335789645e+02 2.636576622237755601e+02 2.632224938521140984e+02 2.627868592028227681e+02 2.623507724540951358e+02 2.619142474784113688e+02 2.614772978432127388e+02 2.610399368119141172e+02 2.606021773452375214e+02 2.601640321028485801e+02 2.597255134452812513e+02 2.592866334361326039e+02
3.104826567420652168e+02 3.097326171020583274e+02 3.089838851506604556e+02 3.082365242085535897e+02 3.074906004813168465e+02 3.067461831767575973e+02 3.060033446248157247e+02 3.052621603997858415e+02 3.045227094445521629e+02 3.037850741964626877e+02 3.030493407144156208e+02 3.023155988066504278e+02 3.015839421586658204e+02 3.008544684605931252e+02 3.001272795332670853e+02 2.994024814521296776e+02 2.986801846679957180e+02 2.979605041235905105e+02 2.972435593646417828e+02 2.965294746441788334e+02 2.958183790185443058e+02 2.951104064334801933e+02 2.944056957984903420e+02 2.937043846570003325e+02 2.930060424525576650e+02 2.923094803481707800e+02 2.916136215042037634e+02 2.909181525482166535e+02 2.902233712189106427e+02 2.895298318644038886e+02 2.889283652222461001e+02 2.883845438997802262e+02 2.878459503986861705e+02 2.873137850885270836e+02 2.867884291963010241e+02 2.862698246302336997e+02 2.857578129754135148e+02 2.852495932392638451e+02 2.846455311863988413e+02 2.840467251252160850e+02 2.834533332188007080e+02 2.828655135866856654e+02 2.822834238179545423e+02 2.817072203452135568e+02 2.811370499988431106e+02 2.805730604659337359e+02 2.800154024040883201e+02 2.794642252104965792e+02 2.789213066495711359e+02 2.785211648534201458e+02 2.782418083103133313e+02 2.780535779116024173e+02 2.779342119592582776e+02 2.778678651892545872e+02 2.779756633887072326e+02 2.765747340600514690e+02
2.905934679267930960e+02 2.902716302992140527e+02 2.899474623839402625e+02 2.896209553774469327e+02 2.892921010513887268e+02 2.889608917745272265e+02 2.886273205345157180e+02 2.882913809594806480e+02 2.879530673393350071e+02 2.876123746467606566e+02 2.872692985577894547e+02 2.869238354719147992e+02 2.865759825316620777e+02 2.862257376415448675e+02 2.858730994863335013e+02 2.855180675485599409e+02 2.851606421251862002e+02 2.848008243433579310e+02 2.844386161751708642e+02 2.840740204513738831e+02 2.837070408739369327e+02 2.833376820274116312e+02 2.829659493890148951e+02 2.825918493373698084e+02 2.822153891598385940e+02 2.818365770583884569e+02 2.814554221539326022e+02 2.810719344890969182e+02 2.806861250293623016e+02 2.802980056625442558e+02 2.799075891965704841e+02 2.795148893555306131e+02 2.791199207739711596e+02 2.787226989894228950e+02 2.783232404331481575e+02 2.779215624191091365e+02 2.775176831311611068e+02 2.771116216084843131e+02 2.767033977292762188e+02 2.762930321927319710e+02 2.758805464993511123e+02 2.754659629296137950e+02 2.750493045210779428e+02 2.746305950439576691e+02 2.742098589752478688e+02 2.737871214714677990e+02 2.733624083401030020e+02 2.729357460098299271e+02 2.725071614996131757e+02 2.720766823867709832e+02 2.716443367741072166e+02 2.712101532562135731e+02 2.707741608850474790e+02 2.703363891348934089e+02 2.698968678668193206e+02 2.694556272927376881e+02
2.919057164696833979e+02 2.917050646199560333e+02 2.915029330735723079e+02 2.912993030419589218e+02 2.910941554554722757e+02 2.908874709602567918e+02 2.906792299151765064e+02 2.904694123888307900e+02 2.902579981566628362e+02 2.900449666981728001e+02 2.898302971942473505e+02 2.896139685246166096e+02 2.893959592654534845e+02 2.891762476871271588e+02 2.889548117521274548e+02 2.887316291131736534e+02 2.885066771115263009e+02 2.882799327755175796e+02 2.880513728193195107e+02 2.878209736419697720e+02 2.875887113266749679e+02 2.873545616404130669e+02 2.871185000338575719e+02 2.868805016416482090e+02 2.866405412830322348e+02 2.863985934629027383e+02 2.861546323732620749e+02 2.859086318951394219e+02 2.856605656009915606e+02 2.854104067576198531e+02 2.851581283296352467e+02 2.849037029835059798e+02 2.846471030922243131e+02 2.843883007406274146e+02 2.841272677314129851e+02 2.838639755918879928e+02 2.835983955814919000e+02 2.833304987001365589e+02 2.830602556974068307e+02 2.827876370826657535e+02 2.825126131361110993e+02 2.822351539208288500e+02 2.819552292958929343e+02 2.816728089305572666e+02 2.813878623195918749e+02 2.811003587998099533e+02 2.808102675678372862e+02 2.805175576991728690e+02 2.802221981685900118e+02 2.799241578719274344e+02 2.796234056493173057e+02 2.793199103098983755e+02 2.790136406580583071e+02 2.787045655212492647e+02 2.783926537794166620e+02 2.780778743960808015e+02
2.906983241349906280e+02 2.902795929580498182e+02 2.898658423275071527e+02 2.895381968414154130e+02 2.892905150371754530e+02 2.889249288038012082e+02 2.887295734532681877e+02 2.885494537999027216e+02 2.883680726678983888e+02 2.881854138831867544e+02 2.880014610014089271e+02 2.878161973031097887e+02 2.876296057888754376e+02 2.874416691744140735e+02 2.872523698855847556e+02 2.870616900533746048e+02 2.868696115088296779e+02 2.866761157779398559e+02 2.864811840764847375e+02 2.862847973048415611e+02 2.860869360427617494e+02 2.858875805441196007e+02 2.856867107316400052e+02 2.854843061916087663e+02 2.852803461685747379e+02 2.850748095600488341e+02 2.848676749112077573e+02 2.846589204096122216e+02 2.844485238799468902e+02 2.842364627787929408e+02 2.840227141894430929e+02 2.838072548167719447e+02 2.835900609821715648e+02 2.833711086185684849e+02 2.831503732655339718e+02 2.829278300645044055e+02 2.827034537541283044e+02 2.824772186657565953e+02 2.822490987190964233e+02 2.820190674180485644e+02 2.817870978467495320e+02 2.815531626658424784e+02 2.813172341090016175e+02 2.810792839797360898e+02 2.808392836485021462e+02 2.805972040501534934e+02 2.803530156817611783e+02 2.801066886008382539e+02 2.798581924240032208e+02 2.796074963261222592e+02 2.793545690399688510e+02 2.790993788564454690e+02 2.788418936254094547e+02 2.785820807571532782e+02 2.783199072245875527e+02 2.780553395661793274e+02
2.922417715373537135e+02 2.917784339310182986e+02 2.913197437686387730e+02 2.908657529169990426e+02 2.904165092490852089e+02 2.899720563999751448e+02 2.895323898225136645e+02 2.890973686443305155e+02 2.886669909879432225e+02 2.882415438819777478e+02 2.878213281389905092e+02 2.874065125431654337e+02 2.871601822387901279e+02 2.868462805518381060e+02 2.865399679494869929e+02 2.863570916463421554e+02 2.861729072682201718e+02 2.859873976503678819e+02 2.858005453337077597e+02 2.856123325594382436e+02 2.854227412635650580e+02 2.852317530713656311e+02 2.850393492917895060e+02 2.848455109117973620e+02 2.846502185906417139e+02 2.844534526540932120e+02 2.842551930886168066e+02 2.840554195355014713e+02 2.838541112849492833e+02 2.836512472701293746e+02 2.834468060612018689e+02 2.832407658593202768e+02 2.830331044906178590e+02 2.828237994001871698e+02 2.826128276460614757e+02 2.824001658932068608e+02 2.821857904075368992e+02 2.819696770499593299e+02 2.817518012704690591e+02 2.815321381022995979e+02 2.813106621561469751e+02 2.810873476144835195e+02 2.808621682259765180e+02 2.806350973000305657e+02 2.804061077014732746e+02 2.801751718454054298e+02 2.799422616922373095e+02 2.797073487429365741e+02 2.794704040345126259e+02 2.792313981357655166e+02 2.789903011433293045e+02 2.787470826780412381e+02 2.785017118816705874e+02 2.782541574140434477e+02 2.780043874506014276e+02 2.777523696804352653e+02
3.015846441944891581e+02 3.009163195392807779e+02 3.002508072545128357e+02 2.995882024956927125e+02 2.989282260620014426e+02 2.982699511773023460e+02 2.976123054505483765e+02 2.969547494238331069e+02 2.962973658075634944e+02 2.956405679886263442e+02 2.950957272065948018e+02 2.945813388524927063e+02 2.940714449231462027e+02 2.935669956830926708e+02 2.930685068577408288e+02 2.925760530219304201e+02 2.920895218659159127e+02 2.915672842146442463e+02 2.909900573950276907e+02 2.904172026211608681e+02 2.898488432928684801e+02 2.892851029206520366e+02 2.887261048141493234e+02 2.881719716823581052e+02 2.876228240700120864e+02 2.870787774578157041e+02 2.865399462362233862e+02 2.860064468533971080e+02 2.854783959354084004e+02 2.849560867772498796e+02 2.844400758883086837e+02 2.839298405015553612e+02 2.834254797585011261e+02 2.829270879062920585e+02 2.824347538015399550e+02 2.819485604132858043e+02 2.814685843285498663e+02 2.809948952641217375e+02 2.805275555884076084e+02 2.800665797218227340e+02 2.796115237044606374e+02 2.791626485397841293e+02 2.787205945108947844e+02 2.782855657986088431e+02 2.778576568639747961e+02 2.775890844341672619e+02 2.772824823876912319e+02 2.769649256362599772e+02 2.767663321191471937e+02 2.765661617790489686e+02 2.763643915510190823e+02 2.761609979274596753e+02 2.759559569489633191e+02 2.757492441950174680e+02 2.755408347745758988e+02 2.753307033165028201e+02
2.927934759405009686e+02 2.925555549009083052e+02 2.923157638358117651e+02 2.920740806973557824e+02 2.918304832329619103e+02 2.915849489897997842e+02 2.913374553197294290e+02 2.910879793847388441e+02 2.908364981629014210e+02 2.905829884548776931e+02 2.903274268909871694e+02 2.900697899388760561e+02 2.898100539118076426e+02 2.895481949776022361e+02 2.892841891682538744e+02 2.890180123902509308e+02 2.887496404356294306e+02 2.884790489937859661e+02 2.882062136640786889e+02 2.879311099692434368e+02 2.876537133696535307e+02 2.873739992784493893e+02 2.870919430775645651e+02 2.868075201346747463e+02 2.865207058210939977e+02 2.862314755306417737e+02 2.859398046995039522e+02 2.856456688271079543e+02 2.853490434980311079e+02 2.850499044049602730e+02 2.847482273727151778e+02 2.844439883833502449e+02 2.841371636023403653e+02 2.838277294058601683e+02 2.835156624091557660e+02 2.832009394960085160e+02 2.828835378492843233e+02 2.825634349825575100e+02 2.822406087727930526e+02 2.819150374940662118e+02 2.815866998522919289e+02 2.812555750209308485e+02 2.809216426776318940e+02 2.805848830417650674e+02 2.802452769127895635e+02 2.799028057093968869e+02 2.795574515093590549e+02 2.792091970900050342e+02 2.788580259692390086e+02 2.785039224470079375e+02 2.781468716471154039e+02 2.777868595592706811e+02 2.774238730812537028e+02 2.770579000610684943e+02 2.766889293389485260e+02 2.763169507890701766e+02
2.922887076169147349e+02 2.918241157799496364e+02 2.913641674013726970e+02 2.909089153823667289e+02 2.904584086740459270e+02 2.900126920310348737e+02 2.895717737878226217e+02 2.891355424065119450e+02 2.887039436070025431e+02 2.882772103645566517e+02 2.878556630801266465e+02 2.874395030886000200e+02 2.871449860045198079e+02 2.868690944147078881e+02 2.865208734691294126e+02 2.863364983215694224e+02 2.861525210683616365e+02 2.859672209866678259e+02 2.857805806528997437e+02 2.855925823442144065e+02 2.854032080330426311e+02 2.852124393815496433e+02 2.850202577360305440e+02 2.848266441212442146e+02 2.846315792346868534e+02 2.844350434408108868e+02 2.842370167651916972e+02 2.840374788886471720e+02 2.838364091413153005e+02 2.836337864966942561e+02 2.834295895656525204e+02 2.832237965904134853e+02 2.830163854385244235e+02 2.828073335968151696e+02 2.825966181653572562e+02 2.823842158514315202e+02 2.821701029635151485e+02 2.819542554052994774e+02 2.817366486697504797e+02 2.815172578332246189e+02 2.812960575496553020e+02 2.810730220448245973e+02 2.808481251107373282e+02 2.806213401001147645e+02 2.803926399210279783e+02 2.801619970316914419e+02 2.799293834354386377e+02 2.796947706759043513e+02 2.794581298324386580e+02 2.792194315157807978e+02 2.789786458640213596e+02 2.787357425388849492e+02 2.784906907223669918e+02 2.782434591137591156e+02 2.779940159271025664e+02 2.777423288891098991e+02
2.927640151646075992e+02 2.925309843493213862e+02 2.922961313623229103e+02 2.920594343558963715e+02 2.918208712567482053e+02 2.915804197690822548e+02 2.913380573780881377e+02 2.910937613538658866e+02 2.908475087558092014e+02 2.905992764374732928e+02 2.903490410519501665e+02 2.900967790577785763e+02 2.898424667254135443e+02 2.895860801442830166e+02 2.893275952304595648e+02 2.890669877349738499e+02 2.888042332527998610e+02 2.885393072325394996e+02 2.882721849868372601e+02 2.880028417035530310e+02 2.877312524577238264e+02 2.874573922243441189e+02 2.871812358919939356e+02 2.869027582773447875e+02 2.866219341405722503e+02 2.863387382017040750e+02 2.860531451579317945e+02 2.857651297019124854e+02 2.854746665410869468e+02 2.851817304180396491e+02 2.848862961319211990e+02 2.845883385609577090e+02 2.842878326860630978e+02 2.839847536155732541e+02 2.836790766111144535e+02 2.833707771146175105e+02 2.830598307764853985e+02 2.827462134849171207e+02 2.824299013963876632e+02 2.821108709672797659e+02 2.817890989866559721e+02 2.814645626101573725e+02 2.811372393950064179e+02 2.808071073360882224e+02 2.804741449030748868e+02 2.801383310785540175e+02 2.797996453971122151e+02 2.794580679853187917e+02 2.791135796025448599e+02 2.787661616825480451e+02 2.784157963757399443e+02 2.780624665920485654e+02 2.777061560442766677e+02 2.773468492918488550e+02 2.769845317848309492e+02 2.766191899080947110e+02
2.720916686239817182e+02 2.716932205015446016e+02 2.712944482523131455e+02 2.708953609937444753e+02 2.704959676528957857e+02 2.700962769676252151e+02 2.696962974879229478e+02 2.692960375773636770e+02 2.688955054146748580e+02 2.684947089954135322e+02 2.680936561337446165e+02 2.676923544643144055e+02 2.672908114442117267e+02 2.668890343550126545e+02 2.664870303048999745e+02 2.660848062308537010e+02 2.656823689009046348e+02 2.652797249164476057e+02 2.648768807146070117e+02 2.644738425706504472e+02 2.640706166004449642e+02 2.636672087629514749e+02 2.632636248627510440e+02 2.628598705526011940e+02 2.624559513360155734e+02 2.620518725698633489e+02 2.616476394669853107e+02 2.612432570988216298e+02 2.608387303980483125e+02 2.604340641612186573e+02 2.600292630514067014e+02 2.596243316008491888e+02 2.592192742135831622e+02 2.588140951680771309e+02 2.584087986198512112e+02 2.580033886040866946e+02 2.575978690382196987e+02 2.571922437245190736e+02 2.567865163526449237e+02 2.563806905021867806e+02 2.559747696451793502e+02 2.555687571485936473e+02 2.551626562768033466e+02 2.547564701940230520e+02 2.543502019667191689e+02 2.539438545659903070e+02 2.535374308699177845e+02 2.531309336658840436e+02 2.527243656528588076e+02 2.523177294436513876e+02 2.519110275671296790e+02 2.515042624704038872e+02 2.510974365209752648e+02 2.506905520088492381e+02 2.502836111486119535e+02 2.498766160814711270e+02
3.100306718188913351e+02 3.092840232493651911e+02 3.085387348640648497e+02 3.077948721302570902e+02 3.070525034730305265e+02 3.063117003929323232e+02 3.055725375858606867e+02 3.048350930649148154e+02 3.040994482838407862e+02 3.033656882616522239e+02 3.026339017079357632e+02 3.019041811482749722e+02 3.011766230491390388e+02 3.004513279415007787e+02 2.997284005423418307e+02 2.990079498731001308e+02 2.982900893740020365e+02 2.975749370130973261e+02 2.968626153886855832e+02 2.961532518236878104e+02 2.954469784503702954e+02 2.947439322836808060e+02 2.940442492824210490e+02 2.933475832903168339e+02 2.926528150799180708e+02 2.919588200760880454e+02 2.912651987443661596e+02 2.905721985672969936e+02 2.898803547195961983e+02 2.892691379701106484e+02 2.887263916435791202e+02 2.881887223626104628e+02 2.876573545790108710e+02 2.871327381569658996e+02 2.866148461772083351e+02 2.861035265999480544e+02 2.855986112970529689e+02 2.849998901312424664e+02 2.844018991947913264e+02 2.838092611141477732e+02 2.832221321890884838e+02 2.826406682534093306e+02 2.820650240695670163e+02 2.814953461157854804e+02 2.809317800064083599e+02 2.803744742499587801e+02 2.798235767861678482e+02 2.792792320923982743e+02 2.787439526063235462e+02 2.783438890970321609e+02 2.780566301271689440e+02 2.778528370396102218e+02 2.777101903906466873e+02 2.776121870341672775e+02 2.776892535505455726e+02 2.762124834816097518e+02
3.376725371015036217e+02 3.367660450259057257e+02 3.358596372497515290e+02 3.349533226062155222e+02 3.340471103894445832e+02 3.331410103797695683e+02 3.322350328703881246e+02 3.313291886956042163e+02 3.304234892607236134e+02 3.295179465737022042e+02 3.286125732786554181e+02 3.277073826913423886e+02 3.268023888367433187e+02 3.258976064888587416e+02 3.249930512128641453e+02 3.240887394097634342e+02 3.231846883636916345e+02 3.222809162920266317e+02 3.213774423984801842e+02 3.204742869293431795e+02 3.195714712330783414e+02 3.186690178234547375e+02 3.177669504464366241e+02 3.168652941510457026e+02 3.159640753644298456e+02 3.150633219713804465e+02 3.141630633985564032e+02 3.132633307036816177e+02 3.123641566699953955e+02 3.114655759062497964e+02 3.105676249525576509e+02 3.096703423924071785e+02 3.087737689711731832e+02 3.078779477214607709e+02 3.069829240956325407e+02 3.060887461058757140e+02 3.051954644721727732e+02 3.043031327785486724e+02 3.034118076379629656e+02 3.025215488662234975e+02 3.016324196652901151e+02 3.007444868163287310e+02 2.998578208828673155e+02 2.989724964243820295e+02 2.980885922206197165e+02 2.972061915069278371e+02 2.963253822208181418e+02 2.954462572599390455e+02 2.945689147515624882e+02 2.938955865172295603e+02 2.936670967787231916e+02 2.937731451319231155e+02 2.941567436129816997e+02 2.947851005319691353e+02 2.956558714181968526e+02 2.972769388839901694e+02
3.161605861725742557e+02 3.153718790357121975e+02 3.145839675805590332e+02 3.137968931645824000e+02 3.130106991664592329e+02 3.122254310837238904e+02 3.114411366345665328e+02 3.106578658638640604e+02 3.098756712535133033e+02 3.090946078371195540e+02 3.083147333190755148e+02 3.075361081980443601e+02 3.067587958948291202e+02 3.059828628845901903e+02 3.052083788333245025e+02 3.044354167384938137e+02 3.036640530736292476e+02 3.028943679366974493e+02 3.021264452019483429e+02 3.013603726748980307e+02 3.005962422500253410e+02 2.998341500706764577e+02 2.990741966905758886e+02 2.983164872362382880e+02 2.975611315694613381e+02 2.968082444489506884e+02 2.960579456899874344e+02 2.953103603209027028e+02 2.945656187349503057e+02 2.938238568359988676e+02 2.930852161762675223e+02 2.923498440841314618e+02 2.916178937798013635e+02 2.908895244764627819e+02 2.901649002152681192e+02 2.894432338250370549e+02 2.887230715635145089e+02 2.880035491632556841e+02 2.872846886806119642e+02 2.865669854426100756e+02 2.858510960473062141e+02 2.852440648466573521e+02 2.846830956054938042e+02 2.841282588985620805e+02 2.835806204759019238e+02 2.830402942365343506e+02 2.825071398280884409e+02 2.819809873403449956e+02 2.814605653923737805e+02 2.810487323696743260e+02 2.808446008813945696e+02 2.808148478011664224e+02 2.809338805305043820e+02 2.811873980542636104e+02 2.816105664326455553e+02 2.810518643522522666e+02
3.107299911944204496e+02 3.099781194964248243e+02 3.092275276107263267e+02 3.084782777094903850e+02 3.077304348098186324e+02 3.069840668907849022e+02 3.062392450132048225e+02 3.054960434419056128e+02 3.047545397702115224e+02 3.040148150463090815e+02 3.032769539010852213e+02 3.025410446769736836e+02 3.018071795572600422e+02 3.010754546952175588e+02 3.003459703423544624e+02 2.996188309749534255e+02 2.988941454179775405e+02 2.981720269653029050e+02 2.974525934951111026e+02 2.967359675791473705e+02 2.960222765844047785e+02 2.953116527656515018e+02 2.946042333470610970e+02 2.939001594104221340e+02 2.931994564582529392e+02 2.925012478214586622e+02 2.918041701952595304e+02 2.911074874160039485e+02 2.904112774633478580e+02 2.897160281015299006e+02 2.890400530213077559e+02 2.884934285884499445e+02 2.879514227166395699e+02 2.874152902247103611e+02 2.868858178557428573e+02 2.863631521421052639e+02 2.858471789809238430e+02 2.853377332160764581e+02 2.847801408971787964e+02 2.841779999433603621e+02 2.835812203557188127e+02 2.829899613498707254e+02 2.824043818478080539e+02 2.818246399211229232e+02 2.812508884582405813e+02 2.806832749707819517e+02 2.801219497826593283e+02 2.795670641877470644e+02 2.790203406836969862e+02 2.786197443192832566e+02 2.783445893239369866e+02 2.781646851865186250e+02 2.780577752340921052e+02 2.780083299045110721e+02 2.781325645371233009e+02 2.767725259059999416e+02
3.136211754868768935e+02 3.128489753896503771e+02 3.120777695992263148e+02 3.113076081996738367e+02 3.105385436628744174e+02 3.097706309573728163e+02 3.090039276611110495e+02 3.082384940780214038e+02 3.074743933584293245e+02 3.067116916231861410e+02 3.059504580914114626e+02 3.051907652116906888e+02 3.044326887965202673e+02 3.036763081597445080e+02 3.029217062566684717e+02 3.021689698264643198e+02 3.014181895364158095e+02 3.006694601274653564e+02 2.999228805604345212e+02 2.991785541621940183e+02 2.984365887709449794e+02 2.976970968796609327e+02 2.969601957766038254e+02 2.962260076816929768e+02 2.954946598773515802e+02 2.947662848322984246e+02 2.940410203165758389e+02 2.933190095059288183e+02 2.926004010734583289e+02 2.918853469974142172e+02 2.911734980988791790e+02 2.904636251320751512e+02 2.897545663267376881e+02 2.890459976825629269e+02 2.883382459617483278e+02 2.876318985282093763e+02 2.869933694617034234e+02 2.864390477209555002e+02 2.858900835017044528e+02 2.853477344275806331e+02 2.848124369098054558e+02 2.842841510868968271e+02 2.837627211755236090e+02 2.832479739051300953e+02 2.826562220950408459e+02 2.820480232623835377e+02 2.814455559380165255e+02 2.808489913814366901e+02 2.802593221329266839e+02 2.798547644028178070e+02 2.796217869282395441e+02 2.795288049416865874e+02 2.795524129440949537e+02 2.796788031754711028e+02 2.799752477615555790e+02 2.790638888489607439e+02
3.032326872620170661e+02 3.025461453281170634e+02 3.018620501474509865e+02 3.011805060439347130e+02 3.005016210681241660e+02 2.998255070518893604e+02 2.991522796541589742e+02 2.984820433261089647e+02 2.978145375946259037e+02 2.971488466844422192e+02 2.964838852290759519e+02 2.958190927574497096e+02 2.951545442085916875e+02 2.944906592154299574e+02 2.939230855686287214e+02 2.934027291325755868e+02 2.928868929255653484e+02 2.923766063762113845e+02 2.918724235773173632e+02 2.913744179962764633e+02 2.908824712116292517e+02 2.903713439375635517e+02 2.897885657386736966e+02 2.892103101338447573e+02 2.886367067135038269e+02 2.880678851885465406e+02 2.875039750525302793e+02 2.869451051464616285e+02 2.863914016922156520e+02 2.858429856256144035e+02 2.852999774944125875e+02 2.847624999545801643e+02 2.842306753138847739e+02 2.837048439917225551e+02 2.831854871922612915e+02 2.826721239994063808e+02 2.821648576239295494e+02 2.816637859472971286e+02 2.811690009815125677e+02 2.806805883285973664e+02 2.801986266436401820e+02 2.797231871055721513e+02 2.792543329000056929e+02 2.787920735873368017e+02 2.783357678880224739e+02 2.778860585970394936e+02 2.774435371243030772e+02 2.770083024878814513e+02 2.765809302694190137e+02 2.763647867427033589e+02 2.760234638231962094e+02 2.757347171228592515e+02 2.755336752626977841e+02 2.753310134853057889e+02 2.751267077430538848e+02 2.749207335200233615e+02
2.925420724148326599e+02 2.920708172628194461e+02 2.916041803588165635e+02 2.911422199629803345e+02 2.906849906281478297e+02 2.902325429422701291e+02 2.897849232749835551e+02 2.893421538430797568e+02 2.889041540790358340e+02 2.884708135225141632e+02 2.880423171575834544e+02 2.876190140075696604e+02 2.872011161258352558e+02 2.868576676969040591e+02 2.866200658557446559e+02 2.862508191661796673e+02 2.860431888687904234e+02 2.858589928518024976e+02 2.856734694723402299e+02 2.854866011975836386e+02 2.852983701924912907e+02 2.851087583142437438e+02 2.849177471066182648e+02 2.847253177942953926e+02 2.845314512771014961e+02 2.843361281241897700e+02 2.841393285681631937e+02 2.839410324991439438e+02 2.837412194587928980e+02 2.835398686342851988e+02 2.833369588522461413e+02 2.831324685726542043e+02 2.829263758827181050e+02 2.827186584907337874e+02 2.825092937199311223e+02 2.822982585023175943e+02 2.820855293725296065e+02 2.818710824617007802e+02 2.816548934913591893e+02 2.814369377673659756e+02 2.812171901739080795e+02 2.809956251675595809e+02 2.807722167714277930e+02 2.805469385694003108e+02 2.803197637005116007e+02 2.800906648534484020e+02 2.798596142612149151e+02 2.796265836959807416e+02 2.793915444641361887e+02 2.791544674015794953e+02 2.789153228692655375e+02 2.786740807490452880e+02 2.784307104398274078e+02 2.781851808540970410e+02 2.779374604148270578e+02 2.776875170528214767e+02
2.919541690017078963e+02 2.917524982175120272e+02 2.915493364951344688e+02 2.913446649133196615e+02 2.911384642695670095e+02 2.909307150771014108e+02 2.907213975619253574e+02 2.905104916599631792e+02 2.902979770143076053e+02 2.900838329725802396e+02 2.898680385844181728e+02 2.896505725990987798e+02 2.894314134633171989e+02 2.892105393191305325e+02 2.889879280020838337e+02 2.887635570395337368e+02 2.885374036491883771e+02 2.883094447378788345e+02 2.880796569005842684e+02 2.878480164197282534e+02 2.876144992647687673e+02 2.873790810921040020e+02 2.871417372453168468e+02 2.869024427557827153e+02 2.866611723436670331e+02 2.864179004193390483e+02 2.861726010852296440e+02 2.859252481381638518e+02 2.856758150721979064e+02 2.854242750819939829e+02 2.851706010667649025e+02 2.849147656348249029e+02 2.846567411087824553e+02 2.843964995314115072e+02 2.841340126722421928e+02 2.838692520349084703e+02 2.836021888652969096e+02 2.833327941605370484e+02 2.830610386788778783e+02 2.827868929504961102e+02 2.825103272892804398e+02 2.822313118056393932e+02 2.819498164203808983e+02 2.816658108797096816e+02 2.813792647713930819e+02 2.810901475421424607e+02 2.807984285162593778e+02 2.805040769155959310e+02 2.802070618808755853e+02 2.799073524944231508e+02 2.796049178043494976e+02 2.792997268502360271e+02 2.789917486903607937e+02 2.786809524305080004e+02 2.783673072543975309e+02 2.780507824557699905e+02
2.928265860431271790e+02 2.923480582235092129e+02 2.918741135630124290e+02 2.914048158946507669e+02 2.909402256275169520e+02 2.904803994793089146e+02 2.900253902110102899e+02 2.895752463652817141e+02 2.891300120101658422e+02 2.886896719332612520e+02 2.882540480045558411e+02 2.878231958518018132e+02 2.873974658840117513e+02 2.869771410507588030e+02 2.865623571352331851e+02 2.863545813258372164e+02 2.860094987963952349e+02 2.857387778656818114e+02 2.855544572075463634e+02 2.853688057334941277e+02 2.851818058168709058e+02 2.849934395260149245e+02 2.848036886186141601e+02 2.846125345359903918e+02 2.844199583973140193e+02 2.842259409937510668e+02 2.840304627825465218e+02 2.838335038810464539e+02 2.836350440606641996e+02 2.834350627407928869e+02 2.832335389826720302e+02 2.830304514832105838e+02 2.828257785687753767e+02 2.826194981889486257e+02 2.824115879102644726e+02 2.822020249099306852e+02 2.819907859695449019e+02 2.817778474688152528e+02 2.815631853792950210e+02 2.813467752581436798e+02 2.811285922419252756e+02 2.809086110404592205e+02 2.806868059307362842e+02 2.804631507509167818e+02 2.802376188944267597e+02 2.800101833041718464e+02 2.797808164668873019e+02 2.795494904076458056e+02 2.793161766845457237e+02 2.790808463836057172e+02 2.788434701138892251e+02 2.786040180028901432e+02 2.783624596922073806e+02 2.781187643335425150e+02 2.778729005850534577e+02 2.776248366081025551e+02
3.052974147079610248e+02 3.045904251120530262e+02 3.038854856114045333e+02 3.031826876911175646e+02 3.024821264532911869e+02 3.017839007094697195e+02 3.010881130690369218e+02 3.003948700225890889e+02 2.997042820192278327e+02 2.990164635366107859e+02 2.983315331424961983e+02 2.976496135464075223e+02 2.969708165152709398e+02 2.962947526200611605e+02 2.956203317527189256e+02 2.949464924689624468e+02 2.942728469037119226e+02 2.935996123817440662e+02 2.929272772060228363e+02 2.923693447181584588e+02 2.918427964159371868e+02 2.913211150827524420e+02 2.908053098789430919e+02 2.902958246336522166e+02 2.897926657067733345e+02 2.892956949622378033e+02 2.887722737671699633e+02 2.881839155265673185e+02 2.876003046120096656e+02 2.870215785639687738e+02 2.864478749592046825e+02 2.858793310309166031e+02 2.853160831283531138e+02 2.847582625917029304e+02 2.842059971490791668e+02 2.836594160762883803e+02 2.831186498129658276e+02 2.825838270302803608e+02 2.820555586016076859e+02 2.815338033293839430e+02 2.810183447955366773e+02 2.805092897481997625e+02 2.800067388674446534e+02 2.795107861663863673e+02 2.790215183939290000e+02 2.785390144438210314e+02 2.780633447749428910e+02 2.775945501932137631e+02 2.771339669661013545e+02 2.767235049073221944e+02 2.763353373216147588e+02 2.759409600218723995e+02 2.755125040140518990e+02 2.751906171148832527e+02 2.748943593285933389e+02 2.743985106036946036e+02
2.966143587239922113e+02 2.960558034005593413e+02 2.955010114636436924e+02 2.949500845464337431e+02 2.944031244889540631e+02 2.938602331198092656e+02 2.933215120231125752e+02 2.927870621553453248e+02 2.922569823919434953e+02 2.917313680994312222e+02 2.912103131907434772e+02 2.906939128298732840e+02 2.901822629578156807e+02 2.896757646657978853e+02 2.891746854474100701e+02 2.886786302246345031e+02 2.881876818982595410e+02 2.877019197124088237e+02 2.872214188975065667e+02 2.867462503121586792e+02 2.862764800860851437e+02 2.858121692663650038e+02 2.853533734693460815e+02 2.849001251791262916e+02 2.844523151034582611e+02 2.840097430486954408e+02 2.835727636486199685e+02 2.831418065829917623e+02 2.827170315331819666e+02 2.823529162043818701e+02 2.821270521980860053e+02 2.817516694130648602e+02 2.815285218845094164e+02 2.813371237062762589e+02 2.811442773977349816e+02 2.809499628349958584e+02 2.807541595284903906e+02 2.805568466158566707e+02 2.803580028547289089e+02 2.801576066154331102e+02 2.799556358735935646e+02 2.797520682026540157e+02 2.795468807663188500e+02 2.793400503109191391e+02 2.791315531577100728e+02 2.789213651951072848e+02 2.787094618708684948e+02 2.784958181842301883e+02 2.782804086780085413e+02 2.780632074306746517e+02 2.778441880484161857e+02 2.776233236571978296e+02 2.774005868948344755e+02 2.771759499030923735e+02 2.769493843198353034e+02 2.767208612712331046e+02
2.909928131338702428e+02 2.908069370443646449e+02 2.906197457560857629e+02 2.904312225805657590e+02 2.902413505615940608e+02 2.900501124709994656e+02 2.898574908044135441e+02 2.896634677770182407e+02 2.894680253192829014e+02 2.892711450726953899e+02 2.890728083854922374e+02 2.888729963083941357e+02 2.886716895903527984e+02 2.884688686743154449e+02 2.882645136930146350e+02 2.880586044647914150e+02 2.878511204894594471e+02 2.876420409442199571e+02 2.874313446796365952e+02 2.872190102156814646e+02 2.870050157378619247e+02 2.867893390934422087e+02 2.865719577877708844e+02 2.863528489807291066e+02 2.861319894833131912e+02 2.859093557543679367e+02 2.856849238974872378e+02 2.854586696580987564e+02 2.852305684207528884e+02 2.850005952066348982e+02 2.847687246713219338e+02 2.845349311028074339e+02 2.842991884198166304e+02 2.840614701704384402e+02 2.838217495311008634e+02 2.835799993059176245e+02 2.833361919264355606e+02 2.830902994518156106e+02 2.828422935694788407e+02 2.825921455962529194e+02 2.823398264800565016e+02 2.820853068021578451e+02 2.818285567800505191e+02 2.815695462709858816e+02 2.813082447762077436e+02 2.810446214459344674e+02 2.807786450851372138e+02 2.805102841601625414e+02 2.802395068062527343e+02 2.799662808360160398e+02 2.796905737489030344e+02 2.794123527417460195e+02 2.791315847204198235e+02 2.788482363126854580e+02 2.785622738822774522e+02 2.782736635442995521e+02
2.892172185428325406e+02 2.888736150076564968e+02 2.885277513861194052e+02 2.881796278750949796e+02 2.878292454045890736e+02 2.874766056504955145e+02 2.871217110464780831e+02 2.867645647949215117e+02 2.864051708768926119e+02 2.860435340610559933e+02 2.856796599114893525e+02 2.853135547943481924e+02 2.849452258833287601e+02 2.845746811638827580e+02 2.842019294361434163e+02 2.838269803165201779e+02 2.834498442379290850e+02 2.830705324486272616e+02 2.826890570096236388e+02 2.823054307906484155e+02 2.819196674646601650e+02 2.815317815008837101e+02 2.811417881563708647e+02 2.807497034660872259e+02 2.803555442315288815e+02 2.799593280078834141e+02 2.795610730897527105e+02 2.791607984954624726e+02 2.787585239499888417e+02 2.783542698665389139e+02 2.779480573268264152e+02 2.775399080600924435e+02 2.771298444209214722e+02 2.767178893659137202e+02 2.763040664292770430e+02 2.758883996974030879e+02 2.754709137825046241e+02 2.750516337953852144e+02 2.746305853174234812e+02 2.742077943718528559e+02 2.737832873944212224e+02 2.733570912035172569e+02 2.729292329698521939e+02 2.724997401857842192e+02 2.720686406343772319e+02 2.716359623582820859e+02 2.712017336285293254e+02 2.707659829133227731e+02 2.703287388469192365e+02 2.698900301986803356e+02 2.694498858423781940e+02 2.690083347258356525e+02 2.685654058409772347e+02 2.681211281943653830e+02 2.676755307782905220e+02 2.672286425424821914e+02
2.757391449683127576e+02 2.753361856766413780e+02 2.749326596901906328e+02 2.745285811534963614e+02 2.741239640012695986e+02 2.737188219553626709e+02 2.733131685220618579e+02 2.729070169896996845e+02 2.725003804265792269e+02 2.720932716792018482e+02 2.716857033707906339e+02 2.712776879000988970e+02 2.708692374404968177e+02 2.704603639393257026e+02 2.700510791175098575e+02 2.696413944694179463e+02 2.692313212629624672e+02 2.688208705399293876e+02 2.684100531165256598e+02 2.679988795841373985e+02 2.675873603102869538e+02 2.671755054397798403e+02 2.667633248960322589e+02 2.663508283825682383e+02 2.659380253846787809e+02 2.655249251712319278e+02 2.651115367966257281e+02 2.646978691028744493e+02 2.642839307218192744e+02 2.638697300774557561e+02 2.634552753883676246e+02 2.630405746702605825e+02 2.626256357385880165e+02 2.622104662112594156e+02 2.617950735114250733e+02 2.613794648703300822e+02 2.609636473302303443e+02 2.605476277473624691e+02 2.601314127949642057e+02 2.597150089663349490e+02 2.592984225779352982e+02 2.588816597725145243e+02 2.584647265222652095e+02 2.580476286319967585e+02 2.576303717423245416e+02 2.572129613328680762e+02 2.567954027254564267e+02 2.563777010873335485e+02 2.559598614343616134e+02 2.555418886342182248e+02 2.551237874095825475e+02 2.547055623413089336e+02 2.542872178715829818e+02 2.538687583070587266e+02 2.534501878219730315e+02 2.530315104612344328e+02
3.235809456627931127e+02 3.227486495513693967e+02 3.219167620932358318e+02 3.210853070634148594e+02 3.202543094449537762e+02 3.194237954925298482e+02 3.185937927994110055e+02 3.177643303679350311e+02 3.169354386836696449e+02 3.161071497934277090e+02 3.152794973873089930e+02 3.144525168849469878e+02 3.136262455261401101e+02 3.128007224660515249e+02 3.119759888751571566e+02 3.111520880441253780e+02 3.103290654938093667e+02 3.095069690905260700e+02 3.086858491667944122e+02 3.078657586476919619e+02 3.070467531829847303e+02 3.062288912851631721e+02 3.054122344735062597e+02 3.045968474242683897e+02 3.037827981270613122e+02 3.029701580474668390e+02 3.021590022958817485e+02 3.013494098025486210e+02 3.005414634986755118e+02 2.997352505034826322e+02 2.989308623169478096e+02 2.981283950179384306e+02 2.973279494673223553e+02 2.965296315155494540e+02 2.957335522140704143e+02 2.949398280298258328e+02 2.941485810618855794e+02 2.933599392591526112e+02 2.925740366378475983e+02 2.917910134972918286e+02 2.910110166322673422e+02 2.902341995399854682e+02 2.894607226194170266e+02 2.886907533604415335e+02 2.879244665199498172e+02 2.871620442816937953e+02 2.864036763963126191e+02 2.856495066080402694e+02 2.848978264848989852e+02 2.843661470436979357e+02 2.841359156122627496e+02 2.841453365311936068e+02 2.843561725092583856e+02 2.847522065131783506e+02 2.855173463693906228e+02 2.867468635084999846e+02
2.924749817052999674e+02 2.922589247620038577e+02 2.920412207059221146e+02 2.918218489640324265e+02 2.916007886919326779e+02 2.913780187729701652e+02 2.911535178175890337e+02 2.909272641629110581e+02 2.906992358725677263e+02 2.904694107368009668e+02 2.902377662728524115e+02 2.900042797256602967e+02 2.897689280688846907e+02 2.895316880062832183e+02 2.892925359734601329e+02 2.890514481400113596e+02 2.888084004120916006e+02 2.885633684354276625e+02 2.883163275988062537e+02 2.880672530380626881e+02 2.878161196405999362e+02 2.875629020504669029e+02 2.873075746740285012e+02 2.870501116862565141e+02 2.867904870376763711e+02 2.865286744620018453e+02 2.862646474844929116e+02 2.859983794310705889e+02 2.857298434382276469e+02 2.854590124637676354e+02 2.851858592984134475e+02 2.849103565783200906e+02 2.846324767985313997e+02 2.843521923274179812e+02 2.840694754221348717e+02 2.837842982451372222e+02 2.834966328817914132e+02 2.832064513591192281e+02 2.829137256657111834e+02 2.826184277728452230e+02 2.823205296568436893e+02 2.820200033227028484e+02 2.817168208290240727e+02 2.814109543142762959e+02 2.811023760244142409e+02 2.807910583418765782e+02 2.804769738159818075e+02 2.801600951947382896e+02 2.798403954580780919e+02 2.795178478525222090e+02 2.791924259272758491e+02 2.788641035717500927e+02 2.785328550544973609e+02 2.781986550635415369e+02 2.778614787480767632e+02 2.775213017615007516e+02
2.908905868017625380e+02 2.907060183929074810e+02 2.905201494184877333e+02 2.903329633889084676e+02 2.901444435488660361e+02 2.899545728730811334e+02 2.897633340620063223e+02 2.895707095375121867e+02 2.893766814385552379e+02 2.891812316168331449e+02 2.889843416324309260e+02 2.887859927494642420e+02 2.885861659317251906e+02 2.883848418383362855e+02 2.881820008194201250e+02 2.879776229117913999e+02 2.877716878346790850e+02 2.875641749854871705e+02 2.873550634356031424e+02 2.871443319262641580e+02 2.869319588644896157e+02 2.867179223190946118e+02 2.865022000167925285e+02 2.862847693384021568e+02 2.860656073151719738e+02 2.858446906252366375e+02 2.856219955902207062e+02 2.853974981720074311e+02 2.851711739696885388e+02 2.849429982167163189e+02 2.847129457782754685e+02 2.844809911488986245e+02 2.842471084503461611e+02 2.840112714297755474e+02 2.837734534582249353e+02 2.835336275294390589e+02 2.832917662590646160e+02 2.830478418842455994e+02 2.828018262636514351e+02 2.825536908779692453e+02 2.823034068308979272e+02 2.820509448506788317e+02 2.817962752922030063e+02 2.815393681397361547e+02 2.812801930103030372e+02 2.810187191577760473e+02 2.807549154777158833e+02 2.804887505130105865e+02 2.802201924603662064e+02 2.799492091776992311e+02 2.796757681924869985e+02 2.793998367111316270e+02 2.791213816293962395e+02 2.788403695439727130e+02 2.785567667652444470e+02 2.782705393313047466e+02
2.919113022461724540e+02 2.917105347115207223e+02 2.915082862029810258e+02 2.913045379168246427e+02 2.910992707682272567e+02 2.908924653881400104e+02 2.906841021202343427e+02 2.904741610179319764e+02 2.902626218415288690e+02 2.900494640554250054e+02 2.898346668254708334e+02 2.896182090164436431e+02 2.894000691896663398e+02 2.891802256007823644e+02 2.889586561977025099e+02 2.887353386187380124e+02 2.885102501909374837e+02 2.882833679286443953e+02 2.880546685322943290e+02 2.878241283874707506e+02 2.875917235642402829e+02 2.873574298167894767e+02 2.871212225833847924e+02 2.868830769866810897e+02 2.866429678344026115e+02 2.864008696204238618e+02 2.861567565262772632e+02 2.859106024231169272e+02 2.856623808741689459e+02 2.854120651376995852e+02 2.851596281705340630e+02 2.849050426321616669e+02 2.846482808894602954e+02 2.843893150220809503e+02 2.841281168285269700e+02 2.838646578329706927e+02 2.835989092928473951e+02 2.833308422072683470e+02 2.830604273262978836e+02 2.827876351611379278e+02 2.825124359952667419e+02 2.822347998965780107e+02 2.819546967305684007e+02 2.816720961746213447e+02 2.813869677334366202e+02 2.810992807556547177e+02 2.808090044517256274e+02 2.805161079130714370e+02 2.802205601325925386e+02 2.799223300265647367e+02 2.796213864579771098e+02 2.793176982613551900e+02 2.790112342691160734e+02 2.787019633394966718e+02 2.783898543860986479e+02 2.780748764090829468e+02
2.916667409004206206e+02 2.913681685087977939e+02 2.910673002732033297e+02 2.907641201834153435e+02 2.904586125512874446e+02 2.901507620333662203e+02 2.898405536540006437e+02 2.895279728289191326e+02 2.892130053892407204e+02 2.888956376058885098e+02 2.885758562143661266e+02 2.882536484398571019e+02 2.879290020226005709e+02 2.876019052434957075e+02 2.872723469498810687e+02 2.869403165814321710e+02 2.866058041961170488e+02 2.862688004961454453e+02 2.859292968538426294e+02 2.855872853373769544e+02 2.852427587362655572e+02 2.848957105865785024e+02 2.845461351957617921e+02 2.841940276669918717e+02 2.838393839229760829e+02 2.834822007291091950e+02 2.831224757158933016e+02 2.827602074005297936e+02 2.823953952075872849e+02 2.820280394886523254e+02 2.816581415408661542e+02 2.812857036242544382e+02 2.809107289777562073e+02 2.805332218338577945e+02 2.801531874317451525e+02 2.797706320288847905e+02 2.793855629109510232e+02 2.789979884000189259e+02 2.786079178609497262e+02 2.782153617058970667e+02 2.778203313968722341e+02 2.774228394463115137e+02 2.770228994155941109e+02 2.766205259114715886e+02 2.762157345803728958e+02 2.758085421005611693e+02 2.753989661721256539e+02 2.749870255048039667e+02 2.745727398036364661e+02 2.741561297524663132e+02 2.737372169953104049e+02 2.733160241156326151e+02 2.728925746135636814e+02 2.724668928811230444e+02 2.720390041755038624e+02 2.716089345904958350e+02
2.930634840171825886e+02 2.925790640932142423e+02 2.920991932838926459e+02 2.916239397124520565e+02 2.911533683202950442e+02 2.906875405932827903e+02 2.902265142885522096e+02 2.897703431633905780e+02 2.893190767077667260e+02 2.888727598821627112e+02 2.884313818166739907e+02 2.879947688687771574e+02 2.875629607001573618e+02 2.871362985134210817e+02 2.867150737953954831e+02 2.862994317484325393e+02 2.860741417360175660e+02 2.857426353689785401e+02 2.854563242801718275e+02 2.852716472488299928e+02 2.850856332132497641e+02 2.848982644116887855e+02 2.847095227740291534e+02 2.845193899160479987e+02 2.843278471336146254e+02 2.841348753968155734e+02 2.839404553440108430e+02 2.837445672758241244e+02 2.835471911490710113e+02 2.833483065706289494e+02 2.831478927912527865e+02 2.829459286993420051e+02 2.827423928146643561e+02 2.825372632820419199e+02 2.823305178650066978e+02 2.821221339394331267e+02 2.819120884871554154e+02 2.817003580895782306e+02 2.814869189212914193e+02 2.812717467436987704e+02 2.810548168986716178e+02 2.808361043022417789e+02 2.806155834383452543e+02 2.803932283526334004e+02 2.801690126463657293e+02 2.799429094704032650e+02 2.797148915193200764e+02 2.794849310256539638e+02 2.792529997543164768e+02 2.790190689971877305e+02 2.787831095679192117e+02 2.785450917969726561e+02 2.783049855269229056e+02 2.780627601080569207e+02 2.778183843943004945e+02 2.775718267395090493e+02
2.797683442127639637e+02 2.793665901976389705e+02 2.789638580728001784e+02 2.785601674131752929e+02 2.781555377153575819e+02 2.777499883847154365e+02 2.773435387229047819e+02 2.769362079157994003e+02 2.765280150218512176e+02 2.761189789608943101e+02 2.757091185034004184e+02 2.752984522601955177e+02 2.748869986726440402e+02 2.744747760033061468e+02 2.740618023270715184e+02 2.736480955227725644e+02 2.732336732652765363e+02 2.728185530180592195e+02 2.724027520262543476e+02 2.719862873101799323e+02 2.715691756593344053e+02 2.711514336268590455e+02 2.707330775244609526e+02 2.703141234177865044e+02 2.698945871222416599e+02 2.694744841992471152e+02 2.690538299529194433e+02 2.686326394271689537e+02 2.682109274032023905e+02 2.677887083974193274e+02 2.673659966596911772e+02 2.669428061720096821e+02 2.665191506474924950e+02 2.660950435297332888e+02 2.656704979924830923e+02 2.652455269396501762e+02 2.648201430056035974e+02 2.643943585557683491e+02 2.639681856874988171e+02 2.635416362312154774e+02 2.631147217517933541e+02 2.626874535501869445e+02 2.622598426652809849e+02 2.618318998759509668e+02 2.614036357033239710e+02 2.609750604132234457e+02 2.605461840187898588e+02 2.601170162832610231e+02 2.596875667229036253e+02 2.592578446100819178e+02 2.588278589764545927e+02 2.583976186162873887e+02 2.579671320898716544e+02 2.575364077270381813e+02 2.571054536307584613e+02 2.566742776808197846e+02
3.138447186249207448e+02 3.130710204939024379e+02 3.122982974047208700e+02 3.115265986056822953e+02 3.107559756990270898e+02 3.099864827488900119e+02 3.092181763931884575e+02 3.084511159594281366e+02 3.076853635843893358e+02 3.069209843376273739e+02 3.061580463486881172e+02 3.053966209378960457e+02 3.046367827505340529e+02 3.038786098941784530e+02 3.031221840788984991e+02 3.023675907599681523e+02 3.016149192826610488e+02 3.008642630286285566e+02 3.001157195632668504e+02 2.993693907833867911e+02 2.986253830643910305e+02 2.978838074060499252e+02 2.971447795758406869e+02 2.964084202486735080e+02 2.956748551416874875e+02 2.949442151426339365e+02 2.942166364301983776e+02 2.934922605844350301e+02 2.927712346852930523e+02 2.920537112984137025e+02 2.913398200542958421e+02 2.906285487605921958e+02 2.899184030078383216e+02 2.892086989071685821e+02 2.884996041154820432e+02 2.877916597696441841e+02 2.870886287507682937e+02 2.865318345555466522e+02 2.859797632335137791e+02 2.854338415831895759e+02 2.848948973684186967e+02 2.843630312042148489e+02 2.838381091591826362e+02 2.833199610617378426e+02 2.827702602502493505e+02 2.821590678951496898e+02 2.815535587154398058e+02 2.809539050271581004e+02 2.803610440816998448e+02 2.799559869324917258e+02 2.797258725038651619e+02 2.796389642948921050e+02 2.796717012870528265e+02 2.798102950203648902e+02 2.801188121771008355e+02 2.792397456261211346e+02
2.916878718293687598e+02 2.913898512746859524e+02 2.910895368060106989e+02 2.907869122761679819e+02 2.904819618537904944e+02 2.901746700458590453e+02 2.898650217207459150e+02 2.895530021317359228e+02 2.892385969409959898e+02 2.889217922439579525e+02 2.886025745940811476e+02 2.882809310279509987e+02 2.879568490906719376e+02 2.876303168615052073e+02 2.873013229796998189e+02 2.869698566704616951e+02 2.866359077709996654e+02 2.862994667565865825e+02 2.859605247665663228e+02 2.856190736302372102e+02 2.852751058925363736e+02 2.849286148394463680e+02 2.845795945230441930e+02 2.842280397861072743e+02 2.838739462861896072e+02 2.835173105190785350e+02 2.831581298415413812e+02 2.827964024932671805e+02 2.824321276179106803e+02 2.820653052831426635e+02 2.816959364996101840e+02 2.813240232387132664e+02 2.809495684491018324e+02 2.805725760718007109e+02 2.801930510538708745e+02 2.798109993605193040e+02 2.794264279855707400e+02 2.790393449602224223e+02 2.786497593600014397e+02 2.782576813098571620e+02 2.778631219873201985e+02 2.774660936236692237e+02 2.770666095030549627e+02 2.766646839595346137e+02 2.762603323719827699e+02 2.758535711568488296e+02 2.754444177587438389e+02 2.750328906388474479e+02 2.746190092611345221e+02 2.742027940764338609e+02 2.737842665043367560e+02 2.733634489129897247e+02 2.729403645968095589e+02 2.725150377521736687e+02 2.720874934511459173e+02 2.716577576133093430e+02
2.927825711519430456e+02 2.925469118380815985e+02 2.923094044645297913e+02 2.920700270657719670e+02 2.918287574614826667e+02 2.915855732603379806e+02 2.913404518642732910e+02 2.910933704732080969e+02 2.908443060902632737e+02 2.905932355274949259e+02 2.903401354121695590e+02 2.900849821936081412e+02 2.898277521506232688e+02 2.895684213995783693e+02 2.893069659030954881e+02 2.890433614794393407e+02 2.887775838126072472e+02 2.885096084631509825e+02 2.882394108797624313e+02 2.879669664116486274e+02 2.876922503217270446e+02 2.874152378006687627e+02 2.871359039818179326e+02 2.868542239570148809e+02 2.865701727933502525e+02 2.862837255508766816e+02 2.859948573013024316e+02 2.857035431476916187e+02 2.854097582451933590e+02 2.851134778228198456e+02 2.848146772062935952e+02 2.845133318419786974e+02 2.842094173219110189e+02 2.839029094099378767e+02 2.835937840689749123e+02 2.832820174893851686e+02 2.829675861184788346e+02 2.826504666911324080e+02 2.823306362615153375e+02 2.820080722359139713e+02 2.816827524066304704e+02 2.813546549869343494e+02 2.810237586470337874e+02 2.806900425510300465e+02 2.803534863948104885e+02 2.800140704448272686e+02 2.796717755777036132e+02 2.793265833205991271e+02 2.789784758922600645e+02 2.786274362446681039e+02 2.782734481051981561e+02 2.779164960191812952e+02 2.775565653927641847e+02 2.771936425359450595e+02 2.768277147056591616e+02 2.764587701487773188e+02
3.537323507340872197e+02 3.527442927310304412e+02 3.517561892723708183e+02 3.507680435055779640e+02 3.497798587506210879e+02 3.487916385093176928e+02 3.478033864752345607e+02 3.468151065441713854e+02 3.458268028252686577e+02 3.448384796527756180e+02 3.438501415985223844e+02 3.428617934851419022e+02 3.418734404000879294e+02 3.408850877105030008e+02 3.398967410789893506e+02 3.389084064803420233e+02 3.379200902193076104e+02 3.369317989494348353e+02 3.359435396930889510e+02 3.349553198627062329e+02 3.339671472833709913e+02 3.329790302168009362e+02 3.319909773868370166e+02 3.310029980065342556e+02 3.300151018069636848e+02 3.290272990678365090e+02 3.280396006500755561e+02 3.270520180304604310e+02 3.260645633384908137e+02 3.250772493956123981e+02 3.240900897569671884e+02 3.231030987558376637e+02 3.221162915509669347e+02 3.211296841769488992e+02 3.201432935978952514e+02 3.191571377646031351e+02 3.181712356754570123e+02 3.171856074413194051e+02 3.162002743546790384e+02 3.152152589633429329e+02 3.142305851489793440e+02 3.132462782108372608e+02 3.122623649549884703e+02 3.112788737894625228e+02 3.102958348256663044e+02 3.093132799865026072e+02 3.083312431216336904e+02 3.073497601303531610e+02 3.063688690925637843e+02 3.055458094588153699e+02 3.052453094332394699e+02 3.053288165863607446e+02 3.057278116340612542e+02 3.064019400266284947e+02 3.073444574133631590e+02 3.090071708698980046e+02
2.881339163396525009e+02 2.877769825824528880e+02 2.874178966561994457e+02 2.870566649738092337e+02 2.866932946962927531e+02 2.863277937359622456e+02 2.859601707584797623e+02 2.855904351837105537e+02 2.852185971853556907e+02 2.848446676893360063e+02 2.844686583709086563e+02 2.840905816504986205e+02 2.837104506882324699e+02 2.833282793771685988e+02 2.829440823352189796e+02 2.825578748957661332e+02 2.821696730969828195e+02 2.817794936698648485e+02 2.813873540249974781e+02 2.809932722380745531e+02 2.805972670342017636e+02 2.801993577710130694e+02 2.797995644206407064e+02 2.793979075505793617e+02 2.789944083034927758e+02 2.785890883760119436e+02 2.781819699965831205e+02 2.777730759024211693e+02 2.773624293156352678e+02 2.769500539185889352e+02 2.765359738285641242e+02 2.761202135718033333e+02 2.757027980569984607e+02 2.752837525483047898e+02 2.748631026379554783e+02 2.744408742185523238e+02 2.740170934551127857e+02 2.735917867569492046e+02 2.731649807494574702e+02 2.727367022458932411e+02 2.723069782192093840e+02 2.718758357740293832e+02 2.714433021188291946e+02 2.710094045383967796e+02 2.705741703666364515e+02 2.701376269597843134e+02 2.696998016700937910e+02 2.692607218200523675e+02 2.688204146771826686e+02 2.683789074294792272e+02 2.679362271615294731e+02 2.674924008313614650e+02 2.670474552480586112e+02 2.666014170501764511e+02 2.661543126849937835e+02 2.657061683886249739e+02
2.902894543672762779e+02 2.901117149199101846e+02 2.899327513202085242e+02 2.897525481416507773e+02 2.895710897044631338e+02 2.893883600711994291e+02 2.892043430422702954e+02 2.890190221514224049e+02 2.888323806611699638e+02 2.886444015581809026e+02 2.884550675486202636e+02 2.882643610534534560e+02 2.880722642037130186e+02 2.878787588357326968e+02 2.876838264863517907e+02 2.874874483880950606e+02 2.872896054643327375e+02 2.870902783244251850e+02 2.868894472588592635e+02 2.866870922343806569e+02 2.864831928891309190e+02 2.862777285277950909e+02 2.860706781167679651e+02 2.858620202793486555e+02 2.856517332909711513e+02 2.854397950744818218e+02 2.852261831954747890e+02 2.850108748576955691e+02 2.847938468985270219e+02 2.845750757845698331e+02 2.843545376073319630e+02 2.841322080790435507e+02 2.839080625286118220e+02 2.836820758977359560e+02 2.834542227371984495e+02 2.832244772033548657e+02 2.829928130548425997e+02 2.827592036495315142e+02 2.825236219417408847e+02 2.822860404797485785e+02 2.820464314036202040e+02 2.818047664433864270e+02 2.815610169176007389e+02 2.813151537323091702e+02 2.810671473804673610e+02 2.808169679418409714e+02 2.805645850834291082e+02 2.803099680604498189e+02 2.800530857179320492e+02 2.797939064929581718e+02 2.795323984176052932e+02 2.792685291226334243e+02 2.790022658419742925e+02 2.787335754180741674e+02 2.784624243081470354e+02 2.781887785913983748e+02
3.020190161894399239e+02 3.013457039838896208e+02 3.006751033812386140e+02 3.000073262749874630e+02 2.993424718325197205e+02 2.986803014581088860e+02 2.980199431443807612e+02 2.973603199906655163e+02 2.967008361519326058e+02 2.960415269042828754e+02 2.953827880612727768e+02 2.948214044610639348e+02 2.943051259769611079e+02 2.937932660402719307e+02 2.932868210280688004e+02 2.927863593241564786e+02 2.922919765760871087e+02 2.918035635892054529e+02 2.912915396329207738e+02 2.907125104675294551e+02 2.901378836745230387e+02 2.895677842578124910e+02 2.890023373577040502e+02 2.884416679342521661e+02 2.878859003815468895e+02 2.873351571893009577e+02 2.867895554207522650e+02 2.862492108802944699e+02 2.857142415799254991e+02 2.851847657851240001e+02 2.846610286831759140e+02 2.841436890954162777e+02 2.836321747673518416e+02 2.831265862749712596e+02 2.826270192257041458e+02 2.821335637510655374e+02 2.816463039982935470e+02 2.811653176245403074e+02 2.806906752973816879e+02 2.802224402055861106e+02 2.797606292370736014e+02 2.793047882199890068e+02 2.788551784636619573e+02 2.784124600747821319e+02 2.779768307050964609e+02 2.775483846684139166e+02 2.772759716972236674e+02 2.769719979827397083e+02 2.766512732605432348e+02 2.764521492272980367e+02 2.762514387415234296e+02 2.760491185138767491e+02 2.758451648063682455e+02 2.756395534230406383e+02 2.754322597005077000e+02 2.752232584983574952e+02
3.552160960338346740e+02 3.542204698726733341e+02 3.532247914786183856e+02 3.522290637218281404e+02 3.512332896310937826e+02 3.502374724024219859e+02 3.492416154081239483e+02 3.482457222064396660e+02 3.472497965517334819e+02 3.462538424052968367e+02 3.452578639467959647e+02 3.442618655864076231e+02 3.432658519776869639e+02 3.422698280312127963e+02 3.412737989290633323e+02 3.402777701401751074e+02 3.392817474366431156e+02 3.382857369110234913e+02 3.372897449947047335e+02 3.362937784774185843e+02 3.352978445279649122e+02 3.343019507162314881e+02 3.333061050365958522e+02 3.323103159327993126e+02 3.313145923243931179e+02 3.303189436348626487e+02 3.293233798215399588e+02 3.283279114074284166e+02 3.273325495150658071e+02 3.263373059025655039e+02 3.253421930019820820e+02 3.243472239601600222e+02 3.233524126822341032e+02 3.223577738779620745e+02 3.213633231110823090e+02 3.203690768519022072e+02 3.193750525333397832e+02 3.183812686106515457e+02 3.173877446250997423e+02 3.163945012718283465e+02 3.154015604722325179e+02 3.144089454511296253e+02 3.134166808190564666e+02 3.124247926600432379e+02 3.114333086252304952e+02 3.104422580327284891e+02 3.094516719741328075e+02 3.084615834281473781e+02 3.074720273817823681e+02 3.066359752778916459e+02 3.063270627563805988e+02 3.064052433282185461e+02 3.068012897363209959e+02 3.074743533055650460e+02 3.084173790255784411e+02 3.100796253154782107e+02
2.933616204613041418e+02 2.928699884012796133e+02 2.923828571644861540e+02 2.919002998360734296e+02 2.914223866287845226e+02 2.909491846038487779e+02 2.904807573904103037e+02 2.900171649049720486e+02 2.895584630724143835e+02 2.891047035502228937e+02 2.886559334576148785e+02 2.882121604590799393e+02 2.877732519377088920e+02 2.873391615686421687e+02 2.869101667241360474e+02 2.864865970868312957e+02 2.860686451102263845e+02 2.857761140227134433e+02 2.854973870346130980e+02 2.851506797139306855e+02 2.849656708436426698e+02 2.847795103697877153e+02 2.845919913267029528e+02 2.844030955425740785e+02 2.842128045284875952e+02 2.840210994725349565e+02 2.838279612338420179e+02 2.836333703365272640e+02 2.834373069635908564e+02 2.832397509507388236e+02 2.830406817801460875e+02 2.828400785741625327e+02 2.826379200889669505e+02 2.824341847081752235e+02 2.822288504364072992e+02 2.820218948928211944e+02 2.818132953046202829e+02 2.816030285005426776e+02 2.813910709043408360e+02 2.811773985282621879e+02 2.809619869665406213e+02 2.807448113889105343e+02 2.805258465341559031e+02 2.803050667037088601e+02 2.800824457553119942e+02 2.798579570967600034e+02 2.796315736797394038e+02 2.794032679937839703e+02 2.791730120603668865e+02 2.789407774271514313e+02 2.787065351624229379e+02 2.784702558497287441e+02 2.782319095827526780e+02 2.779914659604523308e+02 2.777488940824925976e+02 2.775041625450065794e+02
2.906866973844549307e+02 2.903665996865869943e+02 2.900441707817159909e+02 2.897194012336464084e+02 2.893922821641775727e+02 2.890628052753869497e+02 2.887309628718290355e+02 2.883967478825894659e+02 2.880601538831343191e+02 2.877211751168885598e+02 2.873798065164785953e+02 2.870360437245682306e+02 2.866898831142199811e+02 2.863413218087052314e+02 2.859903577006927549e+02 2.856369894707388539e+02 2.852812166050020437e+02 2.849230394121082668e+02 2.845624590390874573e+02 2.841994774863061934e+02 2.838340976213222575e+02 2.834663231915840811e+02 2.830961588359035659e+02 2.827236100946333863e+02 2.823486834184776626e+02 2.819713861758733060e+02 2.815917266588805319e+02 2.812097140875246168e+02 2.808253586125369452e+02 2.804386713164471985e+02 2.800496642129856468e+02 2.796583502447576279e+02 2.792647432791625306e+02 2.788688581025313056e+02 2.784707104124693728e+02 2.780703168083935566e+02 2.776676947802620248e+02 2.772628626955052482e+02 2.768558397841689498e+02 2.764466461222943963e+02 2.760353026135631467e+02 2.756218309692456501e+02 2.752062536864992808e+02 2.747885940250675390e+02 2.743688759824428871e+02 2.739471242675598432e+02 2.735233642730922838e+02 2.730976220464374933e+02 2.726699242594714292e+02 2.722402981771693931e+02 2.718087716251872621e+02 2.713753729565066237e+02 2.709401310172457329e+02 2.705030751117485579e+02 2.700642349670579279e+02 2.696236406968874917e+02
3.045667458194048436e+02 3.038667262541798095e+02 3.031688897153289872e+02 3.024733321781946529e+02 3.017801532945263148e+02 3.010894564740426063e+02 3.004013489603693756e+02 2.997159419002638288e+02 2.990333504049453950e+02 2.983536936022427426e+02 2.976770845790144335e+02 2.970033390548223906e+02 2.963316157058260387e+02 2.956607927062329395e+02 2.949902179488592537e+02 2.943199111992140615e+02 2.936502821221953923e+02 2.930516253512397498e+02 2.925261016413160178e+02 2.920050101868363299e+02 2.914895038198647512e+02 2.909802140569160542e+02 2.904772291170868357e+02 2.899804260486370708e+02 2.894869105373861657e+02 2.888992975911817211e+02 2.883163165440075772e+02 2.877381020213068723e+02 2.871647888076399227e+02 2.865965114890141763e+02 2.860334040153217643e+02 2.854755978530548077e+02 2.849232185372708841e+02 2.843763914206065806e+02 2.838352441529263501e+02 2.832999038468378217e+02 2.827706734838573084e+02 2.822481258667532984e+02 2.817317384384935508e+02 2.812216181500801326e+02 2.807178663052116576e+02 2.802205779830978258e+02 2.797298414610314126e+02 2.792457376410536654e+02 2.787683394852906531e+02 2.782977083192210443e+02 2.778337980169641241e+02 2.773759531402344578e+02 2.769265210771474699e+02 2.765129231536443513e+02 2.761066369382172638e+02 2.756960919089906952e+02 2.755044961496387828e+02 2.751098836820495990e+02 2.747872416959859265e+02 2.745843934181868917e+02
2.927840562100543593e+02 2.925351443021766045e+02 2.922842601847104902e+02 2.920313816779747640e+02 2.917764864575545971e+02 2.915195520622433492e+02 2.912605559025788011e+02 2.909994752699968217e+02 2.907362873466267956e+02 2.904709692157532004e+02 2.902034978729670911e+02 2.899338502380326759e+02 2.896620031674910365e+02 2.893879334680269153e+02 2.891116179106203958e+02 2.888330332455063285e+02 2.885521562179643524e+02 2.882689635849591809e+02 2.879834321326530926e+02 2.876955386948076807e+02 2.874052601720931648e+02 2.871125735523219191e+02 2.868174559316177010e+02 2.865198845365347324e+02 2.862198367471352185e+02 2.859172901210316127e+02 2.856122224183984599e+02 2.853046116279531361e+02 2.849944359939054834e+02 2.846816740438658258e+02 2.843663046177048273e+02 2.840483068973474587e+02 2.837276604374823705e+02 2.834043451971627405e+02 2.830783415722669361e+02 2.827496304287853377e+02 2.824181931368903520e+02 2.820840116057435694e+02 2.817470683189841907e+02 2.814073463708396616e+02 2.810648295027909853e+02 2.807195021407169975e+02 2.803713494324375688e+02 2.800203572855659786e+02 2.796665124055742240e+02 2.793098023339695146e+02 2.789502154864692329e+02 2.785877411910578303e+02 2.782223697258027073e+02 2.778540923562949274e+02 2.774829013725808409e+02 2.771087901254393273e+02 2.767317530618581713e+02 2.763517857595548435e+02 2.759688849603865606e+02 2.755830486024882475e+02
2.925960583817749239e+02 2.923306971644510099e+02 2.920632278485135203e+02 2.917936289850933917e+02 2.915218791038315089e+02 2.912479567264880416e+02 2.909718403812683505e+02 2.906935086178838787e+02 2.904129400233615570e+02 2.901301132386187192e+02 2.898450069758149539e+02 2.895576000364949891e+02 2.892678713305309088e+02 2.889757998958737630e+02 2.886813649191205400e+02 2.883845457569013320e+02 2.880853219580876043e+02 2.877836732868222498e+02 2.874795797463669373e+02 2.871730216037596506e+02 2.868639794152738318e+02 2.865524340526634433e+02 2.862383667301786545e+02 2.859217590323280547e+02 2.856025929423639695e+02 2.852808508714587674e+02 2.849565156885368538e+02 2.846295707507244970e+02 2.842999999343684294e+02 2.839677876665762142e+02 2.836329189572194309e+02 2.832953794313401090e+02 2.829551553618911157e+02 2.826122337027387630e+02 2.822666021218470860e+02 2.819182490345610290e+02 2.815671636368950885e+02 2.812133359387336782e+02 2.808567567968403864e+02 2.804974179475692040e+02 2.801353120391652283e+02 2.797704326635392817e+02 2.794027743873940040e+02 2.790323327825775550e+02 2.786591044555356120e+02 2.782830870757321691e+02 2.779042794029044217e+02 2.775226813130173582e+02 2.771382938227841350e+02 2.767511191126154699e+02 2.763611605478648130e+02 2.759684226982370774e+02 2.755729113552322360e+02 2.751746335474959437e+02 2.747735975539612241e+02 2.743698129146619635e+02
3.032688901131746775e+02 3.025819684574025814e+02 3.018974860259422144e+02 3.012155469152463070e+02 3.005362589482560338e+02 2.998597337299373748e+02 2.991860866939853736e+02 2.985154240763638995e+02 2.978475316138503786e+02 2.971815538902721983e+02 2.965163966090361782e+02 2.958514368277688504e+02 2.951866995095112429e+02 2.945225849907707811e+02 2.939424945353345038e+02 2.934216481579788933e+02 2.929052250395023407e+02 2.923942933709271301e+02 2.918894560936470839e+02 2.913908078465652807e+02 2.908982340045855608e+02 2.903956108008954971e+02 2.898123308313602706e+02 2.892335656779907822e+02 2.886594450427352854e+02 2.880900987760331304e+02 2.875256565404876596e+02 2.869662473999996450e+02 2.864119982589497795e+02 2.858630303141745230e+02 2.853194640081597413e+02 2.847814220784437680e+02 2.842490271434576243e+02 2.837225515005019361e+02 2.832026143534419020e+02 2.826886665375835719e+02 2.821808117840560612e+02 2.816791485309991003e+02 2.811837693826199143e+02 2.806947605675744057e+02 2.802122014005948358e+02 2.797361637515131179e+02 2.792667115260185824e+02 2.788038584186145386e+02 2.783470052747647969e+02 2.778966892041182746e+02 2.774535405578895393e+02 2.770176783937455411e+02 2.765897179350081956e+02 2.763573330635894081e+02 2.760307847793115457e+02 2.757252983776344308e+02 2.755243406869025193e+02 2.753217641701910452e+02 2.751175447977919930e+02 2.749116580719719991e+02
2.917868771023344152e+02 2.915885860795770554e+02 2.913888414734171306e+02 2.911876248095159099e+02 2.909849173332701753e+02 2.907807000064303224e+02 2.905749535037741680e+02 2.903676582098449330e+02 2.901587942157631801e+02 2.899483413161219119e+02 2.897362790059754047e+02 2.895225864779337712e+02 2.893072426193734259e+02 2.890902260097779504e+02 2.888715149182214645e+02 2.886510873010091700e+02 2.884289207994908679e+02 2.882049927380618897e+02 2.879792801223699712e+02 2.877517596377454083e+02 2.875224076478733650e+02 2.872912001937282298e+02 2.870581129927919051e+02 2.868231214385778571e+02 2.865862006004837781e+02 2.863473252239991780e+02 2.861064697312920657e+02 2.858636082222032542e+02 2.856187144756764269e+02 2.853717619516536388e+02 2.851227237934681398e+02 2.848715728307670361e+02 2.846182815829972697e+02 2.843628222634920917e+02 2.841051667841929884e+02 2.838452867610473049e+02 2.835831535201209590e+02 2.833187381044666040e+02 2.830520112817913514e+02 2.827829435529675948e+02 2.825115051614316144e+02 2.822376661035175403e+02 2.819613961397743083e+02 2.816826648073130741e+02 2.814014414332369824e+02 2.811176951492020635e+02 2.808313949071605862e+02 2.805425094963398465e+02 2.802510075615064693e+02 2.799568576225692595e+02 2.796600280955714766e+02 2.793604873151243737e+02 2.790582035583317975e+02 2.787531450702541633e+02 2.784452800909601820e+02 2.781345768842112989e+02
2.903081633087140858e+02 2.901015210281921100e+02 2.897360095060560639e+02 2.894948098057429888e+02 2.893160842108752604e+02 2.891361182284677511e+02 2.889548960960146928e+02 2.887724017898335660e+02 2.885886190204562922e+02 2.884035312279647769e+02 2.882171215772740425e+02 2.880293729533630653e+02 2.878402679564578648e+02 2.876497888971684915e+02 2.874579177915824175e+02 2.872646363563193859e+02 2.870699260035491989e+02 2.868737678359790380e+02 2.866761426418127598e+02 2.864770308896881943e+02 2.862764127235976730e+02 2.860742679577980425e+02 2.858705760717159023e+02 2.856653162048556283e+02 2.854584671517184233e+02 2.852500073567396157e+02 2.850399149092532980e+02 2.848281675384960181e+02 2.846147426086569681e+02 2.843996171139884837e+02 2.841827676739881667e+02 2.839641705286661590e+02 2.837438015339113804e+02 2.835216361569717947e+02 2.832976494720660412e+02 2.830718161561433135e+02 2.828441104848095051e+02 2.826145063284413936e+02 2.823829771485088145e+02 2.821494959941278466e+02 2.819140354988707031e+02 2.816765678778565416e+02 2.814370649251516170e+02 2.811954980115084481e+02 2.809518380824749784e+02 2.807060556569057326e+02 2.804581208259122036e+02 2.802080032522870852e+02 2.799556721704433926e+02 2.797010963869088869e+02 2.794442442814200263e+02 2.791850838086603517e+02 2.789235825006933283e+02 2.786597074701387555e+02 2.783934254141470888e+02 2.781247026192270368e+02
2.927532815640284980e+02 2.924999831623902651e+02 2.922446741341066740e+02 2.919873323799635045e+02 2.917279356850337990e+02 2.914664617281022743e+02 2.912028880917247307e+02 2.909371922729470725e+02 2.906693516947053695e+02 2.903993437179312878e+02 2.901271456543832414e+02 2.898527347802281042e+02 2.895760883503917285e+02 2.892971836137022592e+02 2.890159978288447746e+02 2.887325082811459538e+02 2.884466923002082694e+02 2.881585272784089398e+02 2.878679906902798962e+02 2.875750601127807045e+02 2.872797132464782521e+02 2.869819279376390000e+02 2.866816822012447119e+02 2.863789542449322312e+02 2.860737224938600889e+02 2.857659656165005231e+02 2.854556625513495192e+02 2.851427925345475956e+02 2.848273351283961574e+02 2.845092702507529907e+02 2.841885782052838749e+02 2.838652397125430298e+02 2.835392359418499382e+02 2.832105485439252561e+02 2.828791596842406193e+02 2.825450520770338017e+02 2.822082090199332924e+02 2.818686144291299911e+02 2.815262528750258753e+02 2.811811096182873371e+02 2.808331706462169564e+02 2.804824227093579907e+02 2.801288533582336413e+02 2.797724509801194017e+02 2.794132048357388385e+02 2.790511050957668431e+02 2.786861428770181419e+02 2.783183102781939056e+02 2.779476004150512267e+02 2.775740074548583038e+02 2.771975266499902659e+02 2.768181543705201761e+02 2.764358881356521351e+02 2.760507266438458487e+02 2.756626698014756585e+02 2.752717187498690237e+02
2.926849889553314483e+02 2.924587622439212851e+02 2.922307820217378662e+02 2.920010268504253190e+02 2.917694750428633483e+02 2.915361046644841849e+02 2.913008935349224657e+02 2.910638192300179981e+02 2.908248590841918713e+02 2.905839901932194493e+02 2.903411894174225836e+02 2.900964333853046355e+02 2.898496984976538329e+02 2.896009609321400262e+02 2.893501966484312788e+02 2.890973813938573471e+02 2.888424907096489278e+02 2.885854999377802983e+02 2.883263842284453062e+02 2.880651185481976313e+02 2.878016776887841957e+02 2.875360362767059428e+02 2.872681687835341791e+02 2.869980495370187441e+02 2.867256527330165454e+02 2.864509524482769507e+02 2.861739226541134826e+02 2.858945372309967752e+02 2.856127699841007370e+02 2.853285946598329588e+02 2.850419849633827880e+02 2.847529145773159485e+02 2.844613571812464556e+02 2.841672864726141938e+02 2.838706761885945298e+02 2.835715001291661110e+02 2.832697321813583358e+02 2.829653463447012882e+02 2.826583167578937719e+02 2.823486177267056974e+02 2.820362237531259666e+02 2.817211095657618216e+02 2.814032501514953992e+02 2.810826207883928305e+02 2.807591970798611101e+02 2.804329549900402299e+02 2.801038708804106250e+02 2.797719215475926262e+02 2.794370842623051203e+02 2.790993368094439120e+02 2.787586575292328348e+02 2.784150253593922457e+02 2.780684198782599879e+02 2.777188213487919484e+02 2.773662107633596747e+02 2.770105698892523947e+02
3.324003673394682892e+02 3.315209795053129938e+02 3.306417596779211863e+02 3.297627205157318144e+02 3.288838753324959043e+02 3.280052381329361424e+02 3.271268236504476477e+02 3.262486473869560655e+02 3.253707256550614488e+02 3.244930756226003723e+02 3.236157153597621345e+02 3.227386638889105370e+02 3.218619412372631245e+02 3.209855684925918808e+02 3.201095678621159095e+02 3.192339627347660098e+02 3.183587777470096967e+02 3.174840388524336277e+02 3.166097733952892668e+02 3.157360101882186996e+02 3.148627795943828573e+02 3.139901136142278801e+02 3.131180459771303504e+02 3.122466122381732703e+02 3.113758498803110228e+02 3.105057984221905372e+02 3.096364995319019613e+02 3.087679971469368638e+02 3.079003376006392045e+02 3.070335697554332910e+02 3.061677451431183385e+02 3.053029181125136802e+02 3.044391459847378201e+02 3.035764892163962827e+02 3.027150115709399643e+02 3.018547802984429609e+02 3.009958663240261103e+02 3.001383444451254832e+02 2.992822935377706131e+02 2.984277967719949061e+02 2.975749418364478629e+02 2.967238211722194023e+02 2.958745322158069939e+02 2.950271776510695645e+02 2.941818656699103940e+02 2.933387102413076377e+02 2.924978313881675831e+02 2.916593554713176104e+02 2.908234154797656288e+02 2.902029431106928996e+02 2.899850877027506613e+02 2.900747224632600592e+02 2.904208028806553443e+02 2.909942940074760145e+02 2.917947637446516751e+02 2.933694645877927201e+02
2.921959237017870805e+02 2.919131453387074657e+02 2.916281434994045298e+02 2.913408988858278121e+02 2.910513923471478392e+02 2.907596048989632322e+02 2.904655177432052255e+02 2.901691122887406777e+02 2.898703701726651616e+02 2.895692732822819835e+02 2.892658037777553091e+02 2.889599441154246620e+02 2.886516770717653344e+02 2.883409857679739616e+02 2.880278536951561819e+02 2.877122647400909159e+02 2.873942032115382972e+02 2.870736538670577715e+02 2.867506019402970310e+02 2.864250331687081825e+02 2.860969338216433471e+02 2.857662907287769372e+02 2.854330913087989074e+02 2.850973235983150857e+02 2.847589762808904084e+02 2.844180387161632098e+02 2.840745009689543394e+02 2.837283538382914685e+02 2.833795888862650827e+02 2.830281984666255539e+02 2.826741757530294308e+02 2.823175147668387126e+02 2.819582104043725508e+02 2.815962584635078656e+02 2.812316556695245708e+02 2.808643997000850163e+02 2.804944892092397026e+02 2.801219238503471729e+02 2.797467042977963843e+02 2.793688322674198616e+02 2.789883105354870168e+02 2.786051429561666737e+02 2.782193344773522199e+02 2.778308911547446769e+02 2.774398201640918842e+02 2.770461298114871624e+02 2.766498295416374162e+02 2.762509299440127393e+02 2.758494427568027163e+02 2.754453808686045591e+02 2.750387583177836177e+02 2.746295902894513006e+02 2.742178931100169166e+02 2.738036842392797894e+02 2.733869822600399857e+02 2.729678068652148113e+02
2.902894855509774175e+02 2.901117457816533829e+02 2.899327818563941719e+02 2.897525783486282762e+02 2.895711195785302721e+02 2.893883896086016989e+02 2.892043722392003815e+02 2.890190510040192748e+02 2.888324091655185839e+02 2.886444297103113854e+02 2.884550953445072423e+02 2.882643884890155164e+02 2.880722912748121871e+02 2.878787855381738154e+02 2.876838528158818917e+02 2.874874743404028550e+02 2.872896310350479325e+02 2.870903035091184847e+02 2.868894720530412883e+02 2.866871166335017733e+02 2.864832168885807846e+02 2.862777521229023137e+02 2.860707013027997050e+02 2.858620430515102839e+02 2.856517556444058528e+02 2.854398170042707079e+02 2.852262046966362732e+02 2.850108959251855367e+02 2.847938675272387741e+02 2.845750959693339155e+02 2.843545573429163369e+02 2.841322273601535358e+02 2.839080813498905513e+02 2.836820942537644896e+02 2.834542406224962861e+02 2.832244946123802833e+02 2.829928299819932818e+02 2.827592200891452308e+02 2.825236378880962320e+02 2.822860559270660019e+02 2.820464463460630213e+02 2.818047808750619083e+02 2.815610308325616984e+02 2.813151671245551029e+02 2.810671602439462617e+02 2.808169802704514382e+02 2.805645968710220473e+02 2.803099793008306051e+02 2.800530964048632541e+02 2.797939166201622925e+02 2.795324079787670257e+02 2.792685381114034726e+02 2.790022742519724943e+02 2.787335832428931894e+02 2.784624315413564091e+02 2.781887852265484184e+02
2.980215292368241649e+02 2.975194672495076702e+02 2.970215027546527153e+02 2.965285331681803314e+02 2.960411469661046340e+02 2.955595014062621431e+02 2.950835194244833133e+02 2.945670542332518949e+02 2.940012060265887044e+02 2.934393584250975664e+02 2.928816213319466328e+02 2.923281048207873027e+02 2.917789188835950540e+02 2.912341731612228841e+02 2.906939763953230340e+02 2.901584336650864202e+02 2.896276468049518371e+02 2.891017181643305776e+02 2.885807515565031736e+02 2.880648503110805905e+02 2.875547219915667370e+02 2.870500444521841814e+02 2.865507206332487726e+02 2.860568379103441430e+02 2.855684793728892146e+02 2.850857234160427538e+02 2.846086433326784118e+02 2.841373069080855771e+02 2.836717760201871101e+02 2.832121062481811009e+02 2.827582929738994721e+02 2.823099823452818100e+02 2.818674008345198558e+02 2.814310687385424785e+02 2.810012229493886480e+02 2.805779618171947618e+02 2.803428633605431628e+02 2.800131824420004136e+02 2.797232546160155380e+02 2.795292402734305597e+02 2.793337308748443206e+02 2.791367052278719143e+02 2.789381417466090056e+02 2.787380184437780031e+02 2.785363129227628747e+02 2.783330023695359046e+02 2.781280635444798577e+02 2.779214727741118622e+02 2.777132059427121362e+02 2.775032384838660278e+02 2.772915453719240304e+02 2.770781011133887546e+02 2.768628797382377229e+02 2.766458547911904589e+02 2.764269993229310671e+02 2.762062858812990953e+02
2.928003604550069099e+02 2.925561713015812302e+02 2.923100528672267728e+02 2.920619829724706165e+02 2.918119392650924624e+02 2.915598992265260563e+02 2.913058401788035212e+02 2.910497392920680113e+02 2.907915735926781053e+02 2.905313199719302020e+02 2.902689551954233593e+02 2.900044559130921016e+02 2.897377986699332268e+02 2.894689599174519117e+02 2.891979160258533739e+02 2.889246432970050478e+02 2.886491179781938285e+02 2.883713162767054996e+02 2.880912143752477732e+02 2.878087884482422965e+02 2.875240146790075073e+02 2.872368692778540549e+02 2.869473285011133612e+02 2.866553686711171167e+02 2.863609661971462970e+02 2.860640975973625473e+02 2.857647395217377948e+02 2.854628687759890795e+02 2.851584623465291202e+02 2.848514974264351167e+02 2.845419514424385170e+02 2.842298020829312577e+02 2.839150273269845570e+02 2.835976054743666737e+02 2.832775151765465580e+02 2.829547354686607719e+02 2.826292458024196890e+02 2.823010260799197226e+02 2.819700566883260535e+02 2.816363185353799281e+02 2.812997930856820972e+02 2.809604623976940729e+02 2.806183091613935972e+02 2.802733167365115605e+02 2.799254691912734643e+02 2.795747513415557819e+02 2.792211487903658735e+02 2.788646479675400087e+02 2.785052361695525178e+02 2.781429015993164739e+02 2.777776334058503949e+02 2.774094217236811346e+02 2.770382577118394352e+02 2.766641335923056886e+02 2.762870426877511818e+02 2.759069794584184478e+02
2.914273058255254227e+02 2.912352263729768538e+02 2.910417624061470860e+02 2.908468963188360021e+02 2.906506102292123046e+02 2.904528859759266766e+02 2.902537051142400060e+02 2.900530489121709365e+02 2.898508983466711015e+02 2.896472340998345771e+02 2.894420365551489454e+02 2.892352857937967201e+02 2.890269615910162884e+02 2.888170434125311203e+02 2.886055104110578213e+02 2.883923414229044511e+02 2.881775149646693421e+02 2.879610092300549127e+02 2.877428020868072736e+02 2.875228710737981714e+02 2.873011933982619439e+02 2.870777459332053922e+02 2.868525052150064312e+02 2.866254474412193645e+02 2.863965484686069658e+02 2.861657838114177252e+02 2.859331286399317378e+02 2.856985577792960385e+02 2.854620457086738838e+02 2.852235665607339001e+02 2.849830941215041094e+02 2.847406018306197666e+02 2.844960627819944534e+02 2.842494497249447818e+02 2.840007350658010523e+02 2.837498908700386551e+02 2.834968888649646033e+02 2.832417004429972849e+02 2.829842966655778014e+02 2.827246482677531958e+02 2.824627256634743162e+02 2.821984989516510609e+02 2.819319379230114464e+02 2.816630120678112803e+02 2.813916905844416760e+02 2.811179423889873874e+02 2.808417361257844505e+02 2.805630401790322139e+02 2.802818226855136459e+02 2.799980515484783155e+02 2.797116944527459736e+02 2.794227188810870075e+02 2.791310921319385443e+02 2.788367813385132195e+02 2.785397534893612601e+02 2.782399754504420457e+02
2.903518852483047681e+02 2.900225417399491334e+02 2.897342192696316943e+02 2.895560944764393980e+02 2.893767377896116386e+02 2.891961336031706082e+02 2.890142660532024479e+02 2.888311190133101150e+02 2.886466760900117379e+02 2.884609206180849696e+02 2.882738356558616033e+02 2.880854039804725630e+02 2.878956080830473070e+02 2.877044301638696879e+02 2.875118521274945351e+02 2.873178555778272880e+02 2.871224218131716270e+02 2.869255318212490806e+02 2.867271662741952127e+02 2.865273055235378479e+02 2.863259295951635863e+02 2.861230181842774414e+02 2.859185506503641818e+02 2.857125060121573483e+02 2.855048629426245270e+02 2.852955997639783163e+02 2.850846944427205472e+02 2.848721245847319210e+02 2.846578674304169567e+02 2.844418998499161262e+02 2.842241983383983666e+02 2.840047390114474979e+02 2.837834976005565295e+02 2.835604494487471925e+02 2.833355695063300459e+02 2.831088323268238582e+02 2.828802120630546710e+02 2.826496824634528480e+02 2.824172168685728366e+02 2.821827882078571861e+02 2.819463689966712536e+02 2.817079313336342921e+02 2.814674468982761937e+02 2.812248869490493917e+02 2.809802223217280925e+02 2.807334234282286616e+02 2.804844602558875408e+02 2.802333023672335912e+02 2.799799189002959565e+02 2.797242785694891154e+02 2.794663496671199141e+02 2.792061000655631915e+02 2.789434972201552227e+02 2.786785081728569367e+02 2.784110995567409077e+02 2.781412376013583412e+02
2.924502031453403674e+02 2.921774458673910999e+02 2.919025274713246745e+02 2.916254272392483813e+02 2.913461244992333263e+02 2.910645986414319850e+02 2.907808291349294905e+02 2.904947955453368991e+02 2.902064775531361533e+02 2.899158549727829950e+02 2.896229077725727166e+02 2.893276160952717646e+02 2.890299602795151941e+02 2.887299208819679279e+02 2.884274787002452172e+02 2.881226147965842870e+02 2.878153105222552881e+02 2.875055475426991620e+02 2.871933078633721266e+02 2.868785738562761480e+02 2.865613282871498200e+02 2.862415543432885556e+02 2.859192356619603856e+02 2.855943563593779118e+02 2.852669010601826471e+02 2.849368549273928579e+02 2.846042036927613026e+02 2.842689336874833543e+02 2.839310318731926941e+02 2.835904858731726677e+02 2.832472840037111155e+02 2.829014153055172756e+02 2.825528695751149826e+02 2.822016373961242834e+02 2.818477101703327889e+02 2.814910801484596163e+02 2.811317404605057959e+02 2.807696851455838214e+02 2.804049091811118615e+02 2.800374085112588887e+02 2.796671800745206156e+02 2.792942218303055029e+02 2.789185327844076596e+02 2.785401130132427738e+02 2.781589636867221884e+02 2.777750870896412607e+02 2.773884866414575185e+02 2.769991669143399804e+02 2.766071336493678245e+02 2.762123937707655159e+02 2.758149553980641144e+02 2.754148278560832637e+02 2.750120216826353499e+02 2.746065486338615642e+02 2.741984216871164790e+02 2.737876550413269001e+02
2.950149177953948083e+02 2.944863511010395882e+02 2.939619420769594740e+02 2.934417803236342479e+02 2.929259533722141100e+02 2.924145496091007885e+02 2.919076586068338770e+02 2.914055844943645752e+02 2.909087664969439970e+02 2.904167198193575246e+02 2.899295227842265490e+02 2.894472504577256586e+02 2.889699743313061617e+02 2.884977620020496261e+02 2.880306768534475168e+02 2.875687777385041386e+02 2.871121186671468308e+02 2.866607484999963731e+02 2.862146560414853411e+02 2.857736126399884142e+02 2.853377119171936442e+02 2.849073639705761707e+02 2.844828493602819890e+02 2.840642938137015676e+02 2.838376642501219180e+02 2.835050531832474121e+02 2.832195453449177194e+02 2.830312956564085312e+02 2.828416496746542634e+02 2.826505883777014674e+02 2.824580924046273367e+02 2.822641420490657538e+02 2.820687172526456266e+02 2.818717975983462907e+02 2.816733623037710004e+02 2.814733902143441355e+02 2.812718597964345690e+02 2.810687491304117316e+02 2.808640359036373297e+02 2.806576974034010732e+02 2.804497105098050156e+02 2.802400516886047512e+02 2.800286969840151983e+02 2.798156220114902908e+02 2.796008019504853905e+02 2.793842115372141279e+02 2.791658250574107569e+02 2.789456163391112682e+02 2.787235587454670735e+02 2.784996251676063821e+02 2.782737880175602641e+02 2.780460192212709103e+02 2.778162902117022668e+02 2.775845719220736214e+02 2.773508347792392215e+02 2.771150486972390468e+02
2.962353129385871853e+02 2.956834746349696275e+02 2.951354957060797233e+02 2.945914764542193325e+02 2.940515170904026263e+02 2.935157175019799070e+02 2.929841767530165271e+02 2.924569909842996935e+02 2.919342531103961278e+02 2.914160558391591849e+02 2.909024933278271305e+02 2.903936598665271731e+02 2.898902186924678404e+02 2.893919047787240970e+02 2.888985859133146050e+02 2.884103426842047497e+02 2.879272519931091665e+02 2.874493867070877968e+02 2.869768153097083996e+02 2.865096015538754841e+02 2.860478041185298821e+02 2.855914762715172515e+02 2.851406309960758563e+02 2.846950874756160488e+02 2.842547978731560647e+02 2.838201502907803615e+02 2.833914947591194959e+02 2.829689965837018235e+02 2.826641045463356363e+02 2.823919872127086705e+02 2.820383658106927101e+02 2.818469876641134420e+02 2.816558001029960110e+02 2.814631693390930991e+02 2.812690753778822454e+02 2.810734978629684520e+02 2.808764160690872700e+02 2.806778088950157439e+02 2.804776548563924621e+02 2.802759320784527972e+02 2.800726182886818947e+02 2.798676908093905240e+02 2.796611265502206720e+02 2.794529020005856523e+02 2.792429932220521778e+02 2.790313758406720694e+02 2.788180250392726975e+02 2.786029155497145666e+02 2.783860216451276415e+02 2.781673171321368159e+02 2.779467753430902235e+02 2.777243691283035787e+02 2.775000708483356107e+02 2.772738523663111891e+02 2.770456850403108433e+02 2.768155397158448068e+02
3.121993329000073345e+02 3.114368952580035170e+02 3.106755834914739580e+02 3.099154533263372286e+02 3.091565630976156740e+02 3.083989738632297986e+02 3.076427495212545296e+02 3.068879569305231598e+02 3.061346660344309498e+02 3.053829499877467128e+02 3.046328852861880137e+02 3.038845518984726368e+02 3.031380334004835504e+02 3.023934171111322939e+02 3.016507942294213080e+02 3.009102599721277329e+02 3.001719137114413343e+02 2.994358591117878063e+02 2.987022042649639388e+02 2.979710618225923326e+02 2.972425491247760760e+02 2.965167883237012916e+02 2.957939065007857948e+02 2.950740357758215850e+02 2.943573134063924499e+02 2.936438818756797104e+02 2.929338875332916245e+02 2.922272755178215107e+02 2.915230364458582812e+02 2.908198278542557205e+02 2.901170424973365130e+02 2.894148529204287570e+02 2.887137887302163222e+02 2.880432931804001555e+02 2.874923624572742824e+02 2.869462770322639358e+02 2.864063370145096883e+02 2.858732408482368896e+02 2.853470680231515644e+02 2.848276859715206228e+02 2.843149257920155719e+02 2.837489518071013777e+02 2.831431954824253694e+02 2.825429716134393061e+02 2.819484455098055378e+02 2.813597820735603250e+02 2.807771451968577594e+02 2.802006910549772556e+02 2.796317703026132335e+02 2.792296611735074521e+02 2.789769110266750545e+02 2.788428716055738619e+02 2.788055514509596264e+02 2.788505860066571813e+02 2.790671139319364897e+02 2.779414388835788259e+02
2.968619375808873997e+02 2.963680664616646823e+02 2.958077339864631199e+02 2.952511864996818076e+02 2.946985268941667186e+02 2.941498582984661994e+02 2.936052838557786231e+02 2.930649064876959642e+02 2.925288285410445610e+02 2.919971505117597985e+02 2.914699692491853966e+02 2.909473798072972954e+02 2.904294784807402721e+02 2.899163625044214427e+02 2.894083589712416256e+02 2.889058886366875640e+02 2.884084813774672966e+02 2.879162213891443685e+02 2.874291891717796830e+02 2.869474611653214424e+02 2.864711093837292992e+02 2.860002010500281244e+02 2.855347982346107756e+02 2.850749574992133830e+02 2.846207154846751450e+02 2.841719757619662232e+02 2.837285007113950428e+02 2.832906528735034613e+02 2.828588777360232598e+02 2.824333362019369815e+02 2.820579524961865445e+02 2.818406240752022995e+02 2.814646222954637551e+02 2.812317395820568890e+02 2.810399068774319176e+02 2.808466183453375606e+02 2.806518536886769084e+02 2.804555922402177544e+02 2.802578129553614872e+02 2.800584944048137004e+02 2.798576147671587933e+02 2.796551518213432246e+02 2.794510829390716253e+02 2.792453850771197494e+02 2.790380347695715955e+02 2.788290081199856445e+02 2.786182807934974335e+02 2.784058280088675019e+02 2.781916245304813060e+02 2.779756446603130939e+02 2.777578622298630080e+02 2.775382505920795211e+02 2.773167826132800542e+02 2.770934306650850658e+02 2.768681666163791419e+02 2.766409618253181293e+02
2.898692074630336037e+02 2.895351050278575258e+02 2.891986975773238555e+02 2.888599811530538659e+02 2.885189524764845714e+02 2.881756089667053971e+02 2.878299487577281752e+02 2.874819707151237935e+02 2.871316744519614303e+02 2.867790603439814845e+02 2.864241295439376245e+02 2.860668839950394045e+02 2.857073264434329189e+02 2.853454604496515117e+02 2.849812903989758865e+02 2.846148215106415478e+02 2.842460598458337131e+02 2.838750123144150166e+02 2.835016866803308062e+02 2.831260915656437760e+02 2.827482364531502981e+02 2.823681316875379821e+02 2.819857884750474000e+02 2.816012188816039270e+02 2.812144358293957680e+02 2.808254530918741239e+02 2.804342852871627656e+02 2.800409478698652492e+02 2.796454571212699989e+02 2.792478301379536560e+02 2.788480848187961101e+02 2.784462398504226144e+02 2.780423146910966921e+02 2.776363295530959476e+02 2.772283053836061981e+02 2.768182638441789436e+02 2.764062272888018583e+02 2.759922187406387479e+02 2.755762618675011595e+02 2.751583809561194585e+02 2.747386008852854502e+02 2.743169470979471498e+02 2.738934455723330075e+02 2.734681227921977893e+02 2.730410057162736734e+02 2.726121217470238776e+02 2.721814986987899374e+02 2.717491647654319422e+02 2.713151484875585311e+02 2.708794787194440232e+02 2.704421845957344317e+02 2.700032954980378577e+02 2.695628410214971495e+02 2.691208509414425407e+02 2.686773551802160114e+02 2.682323837742593469e+02
3.295508116941495587e+02 3.286863166300186663e+02 3.278220502830131409e+02 3.269580281107994324e+02 3.260942663675593849e+02 3.252307821470639055e+02 3.243675934281678224e+02 3.235047191228664474e+02 3.226421791270511790e+02 3.217799943741196103e+02 3.209181868915919722e+02 3.200567798609016563e+02 3.191957976805322801e+02 3.183352660326769978e+02 3.174752119536123587e+02 3.166156639079797515e+02 3.157566518671761173e+02 3.148982073920667517e+02 3.140403637202352911e+02 3.131831558579979742e+02 3.123266206774102898e+02 3.114707970185037311e+02 3.106157257969957186e+02 3.097614501177137640e+02 3.089080153939871707e+02 3.080554694732500707e+02 3.072038627691057400e+02 3.063532484000986642e+02 3.055036823354300850e+02 3.046552235478487773e+02 3.038079341739345409e+02 3.029618796819744944e+02 3.021171290476102058e+02 3.012737549374073751e+02 3.004318339004669838e+02 2.995914465681479442e+02 2.987526778619330798e+02 2.979156172093991586e+02 2.970803587681872955e+02 2.962470016577866545e+02 2.954156501988428545e+02 2.945864141595964156e+02 2.937594090089221481e+02 2.929347561752942966e+02 2.921125833108322922e+02 2.912930245593886980e+02 2.904762208274241289e+02 2.896623200561716658e+02 2.888514774933151443e+02 2.882600706020460848e+02 2.880433898772490124e+02 2.881158807913550959e+02 2.884302666939043434e+02 2.889598469591860521e+02 2.897052379514171321e+02 2.912428912536597636e+02
2.902801931875602577e+02 2.899950447733369856e+02 2.898172910542356817e+02 2.896383113199797208e+02 2.894580900830922587e+02 2.892766116008839390e+02 2.890938598709684015e+02 2.889098186267241317e+02 2.887244713327044678e+02 2.885378011799973592e+02 2.883497910815376599e+02 2.881604236673738910e+02 2.879696812798931091e+02 2.877775459690063826e+02 2.875839994872987404e+02 2.873890232851472888e+02 2.871925985058124979e+02 2.869947059805057279e+02 2.867953262234400427e+02 2.865944394268686324e+02 2.863920254561177217e+02 2.861880638446198191e+02 2.859825337889556067e+02 2.857754141439114051e+02 2.855666834175613644e+02 2.853563197663833080e+02 2.851443009904180030e+02 2.849306045284835136e+02 2.847152074534543544e+02 2.844980864676208512e+02 2.842792178981385405e+02 2.840585776925850610e+02 2.838361414146381208e+02 2.836118842398921629e+02 2.833857809518304407e+02 2.831578059379721708e+02 2.829279331862148865e+02 2.826961362813933647e+02 2.824623884020779201e+02 2.822266623176373628e+02 2.819889303855918570e+02 2.817491645492839325e+02 2.815073363358964684e+02 2.812634168548498224e+02 2.810173767966103355e+02 2.807691864319452293e+02 2.805188156116620917e+02 2.802662337668697319e+02 2.800114099098044562e+02 2.797543126352626928e+02 2.794949101226874859e+02 2.792331701389555860e+02 2.789690600419162934e+02 2.787025467847347500e+02 2.784335969210944768e+02 2.781621766113172498e+02
3.257121469416408104e+02 3.248681577215272114e+02 3.240245030372013275e+02 3.231812032399543568e+02 3.223382797213793651e+02 3.214957549688193126e+02 3.206536526238265878e+02 3.198119975437911080e+02 3.189708158668930196e+02 3.181301350805555899e+02 3.172899840935647831e+02 3.164503933120390116e+02 3.156113947194328944e+02 3.147730219607630602e+02 3.139353104312540950e+02 3.130982973695979013e+02 3.122620219560329247e+02 3.114265254154426543e+02 3.105918511256792840e+02 3.097580447313152945e+02 3.089251542630258314e+02 3.080932302627965100e+02 3.072623259151486081e+02 3.064324971845604182e+02 3.056038029592558019e+02 3.047763052015075687e+02 3.039500691045897156e+02 3.031251632564819261e+02 3.023016598104017021e+02 3.014796346621987482e+02 3.006591676346072290e+02 2.998403426682905888e+02 2.990232480195610378e+02 2.982079764645753812e+02 2.973946255097336575e+02 2.965832976079023524e+02 2.957741003799843611e+02 2.949671468412238937e+02 2.941625556314978098e+02 2.933604512486852514e+02 2.925609642840244078e+02 2.917642316581674322e+02 2.909703968564212460e+02 2.901796101614118584e+02 2.893920288811407886e+02 2.886078175701025543e+02 2.878271482408030124e+02 2.870502005626768778e+02 2.862771620450124601e+02 2.857248966148320051e+02 2.855030729983585047e+02 2.855404346772170356e+02 2.857953520412454509e+02 2.862445002737515551e+02 2.868896916771357724e+02 2.883589943009100693e+02
2.917259046103446281e+02 2.915287571892372966e+02 2.913301688648422214e+02 2.911301213183143659e+02 2.909285959511302622e+02 2.907255738815995301e+02 2.905210359414238610e+02 2.903149626723115375e+02 2.901073343226562429e+02 2.898981308442898239e+02 2.896873318893186138e+02 2.894749168070539440e+02 2.892608646410481015e+02 2.890451541262480646e+02 2.888277636862795248e+02 2.886086714308753471e+02 2.883878551534617145e+02 2.881652923289188948e+02 2.879409601115318083e+02 2.877148353331480735e+02 2.874868945015613804e+02 2.872571137991400860e+02 2.870254690817212690e+02 2.867919358777911611e+02 2.865564893879749206e+02 2.863191044848608726e+02 2.860797557131818962e+02 2.858384172903827789e+02 2.855950631075996284e+02 2.853496667310817543e+02 2.851022014040854060e+02 2.848526400492718835e+02 2.846009552716432154e+02 2.843471193620505915e+02 2.840911043013108497e+02 2.838328817649701250e+02 2.835724231287528596e+02 2.833096994747372150e+02 2.830446815982990643e+02 2.827773400158687878e+02 2.825076449735440178e+02 2.822355664566069322e+02 2.819610741999923107e+02 2.816841376997547854e+02 2.814047262255867281e+02 2.811228088344354887e+02 2.808383543852735897e+02 2.805513315550721813e+02 2.802617088560326124e+02 2.799694546541268778e+02 2.796745371890019669e+02 2.793769245952993288e+02 2.790765849254423756e+02 2.787734861739433541e+02 2.784675963032789809e+02 2.781588832713842407e+02
2.923326483743252879e+02 2.921213999346313130e+02 2.919085559690013838e+02 2.916940964064513082e+02 2.914780008986145390e+02 2.912602488180287992e+02 2.910408192565902823e+02 2.908196910241903197e+02 2.905968426475490105e+02 2.903722523692625259e+02 2.901458981470792082e+02 2.899177576534239051e+02 2.896878082751874786e+02 2.894560271138017811e+02 2.892223909856198247e+02 2.889868764226231406e+02 2.887494596734779293e+02 2.885101167049641049e+02 2.882688232038013894e+02 2.880255545788974132e+02 2.877802859640456745e+02 2.875329922210997893e+02 2.872836479436536479e+02 2.870322274612572073e+02 2.867787048441985576e+02 2.865230539088852879e+02 2.862652482238572134e+02 2.860052611164659879e+02 2.857430656802556541e+02 2.854786347830815316e+02 2.852119410760041660e+02 2.849429570029961383e+02 2.846716548115011278e+02 2.843980065638852466e+02 2.841219841498195819e+02 2.838435592996357286e+02 2.835627035986954638e+02 2.832793885028149248e+02 2.829935853547854663e+02 2.827052654020318414e+02 2.824143998154488600e+02 2.821209597094559740e+02 2.818249161633101494e+02 2.815262402437136871e+02 2.812249030287545679e+02 2.809208756332143366e+02 2.806141292352745040e+02 2.803046351046532436e+02 2.799923646321983028e+02 2.796772893609596053e+02 2.793593810187618942e+02 2.790386115522910018e+02 2.787149531627055126e+02 2.783883783427771164e+02 2.780588599155586280e+02 2.777263710745719436e+02
3.142822634815071297e+02 3.135056600464071721e+02 3.127299949957123317e+02 3.119553159808972396e+02 3.111816729418899854e+02 3.104091182132208928e+02 3.096377066341732416e+02 3.088674956629495227e+02 3.080985454948390156e+02 3.073309191843487724e+02 3.065646827712270124e+02 3.057999054102756986e+02 3.050366595048042200e+02 3.042750208435314789e+02 3.035150687406959946e+02 3.027568861790649635e+02 3.020005599554785363e+02 3.012461808284840004e+02 3.004938436675366802e+02 2.997436476031497250e+02 2.989956961772820705e+02 2.982500974931330120e+02 2.975069643634024033e+02 2.967664144559360579e+02 2.960285704355373468e+02 2.952935601005720514e+02 2.945615165128277795e+02 2.938325781189141708e+02 2.931068888613046397e+02 2.923845982769219631e+02 2.916658607935624445e+02 2.909506067126638982e+02 2.902377019561395173e+02 2.895257833341540845e+02 2.888143389249861457e+02 2.881036216195390125e+02 2.873942015969110457e+02 2.867153381678250526e+02 2.861579007594147015e+02 2.856054916772251318e+02 2.850594908483687391e+02 2.845205543169330440e+02 2.839887125608245810e+02 2.834638194674567444e+02 2.829457027659365167e+02 2.823785610740963534e+02 2.817671585636157943e+02 2.811615175585552038e+02 2.805624700224011576e+02 2.801563527403973808e+02 2.799316562768069616e+02 2.798563451382440235e+02 2.799065303843854622e+02 2.800684217617520062e+02 2.804000357087274438e+02 2.795836403472404186e+02
2.917351811647460522e+02 2.915378624676154118e+02 2.913391009669282425e+02 2.911388783204195079e+02 2.909371759060502995e+02 2.907339748185346480e+02 2.905292558659150473e+02 2.903229995661954490e+02 2.901151861440392850e+02 2.899057955275432050e+02 2.896948073450955121e+02 2.894822009223310602e+02 2.892679552791926199e+02 2.890520491271120136e+02 2.888344608663237523e+02 2.886151685833241345e+02 2.883941500484913831e+02 2.881713827138813144e+02 2.879468437112158767e+02 2.877205098500811573e+02 2.874923576163533880e+02 2.872623631708725611e+02 2.870305023483842319e+02 2.867967506567707119e+02 2.865610832765947293e+02 2.863234750609794901e+02 2.860839005358507734e+02 2.858423339005667572e+02 2.855987490289646189e+02 2.853531194708521070e+02 2.851054184539752328e+02 2.848556188864938576e+02 2.846036933599996246e+02 2.843496141531089165e+02 2.840933532356703495e+02 2.838348822736215311e+02 2.835741726345370353e+02 2.833111953939067007e+02 2.830459213421872846e+02 2.827783209926705581e+02 2.825083645902142848e+02 2.822360221208801363e+02 2.819612633225282821e+02 2.816840576964162324e+02 2.814043745198524675e+02 2.811221828599544210e+02 2.808374515885641927e+02 2.805501493983723549e+02 2.802602448203037397e+02 2.799677062422171048e+02 2.796725019289726220e+02 2.793746000439181785e+02 2.790739686718478083e+02 2.787705758434823338e+02 2.784643895615222391e+02 2.781553778283202973e+02
2.916909356179226052e+02 2.914944254685780720e+02 2.912964814898350028e+02 2.910970854503868850e+02 2.908962188396293982e+02 2.906938628641151467e+02 2.904899984440512526e+02 2.902846062098485618e+02 2.900776664987290019e+02 2.898691593514024589e+02 2.896590645088210749e+02 2.894473614090223350e+02 2.892340291840712894e+02 2.890190466571135062e+02 2.888023923395524548e+02 2.885840444283630291e+02 2.883639808035561600e+02 2.881421790258095257e+02 2.879186163342798181e+02 2.876932696446137925e+02 2.874661155471760026e+02 2.872371303055113003e+02 2.870062898550634714e+02 2.867735698021694475e+02 2.865389454233526862e+02 2.863023916649382841e+02 2.860638831430152322e+02 2.858233941437708268e+02 2.855808986242253127e+02 2.853363702133954689e+02 2.850897822139161235e+02 2.848411076041525121e+02 2.845903190408350838e+02 2.843373888622518848e+02 2.840822890920342729e+02 2.838249914435727419e+02 2.835654673251027020e+02 2.833036878454994962e+02 2.830396238208252839e+02 2.827732457816704823e+02 2.825045239813350690e+02 2.822334284048953919e+02 2.819599287792038353e+02 2.816839945838706853e+02 2.814055950632772465e+02 2.811246992396712585e+02 2.808412759273969073e+02 2.805552937483114420e+02 2.802667211484414338e+02 2.799755264159329613e+02 2.796816777003483594e+02 2.793851430333639314e+02 2.790858903509212610e+02 2.787838875168852155e+02 2.784791023482589480e+02 2.781715026420068853e+02
3.028142629514541113e+02 3.021321704276732021e+02 3.014526132208878266e+02 3.007756982807482586e+02 3.001015362795836836e+02 2.994302416565213889e+02 2.987619166250427725e+02 2.980962974027779069e+02 2.974324684490435970e+02 2.967693486980680291e+02 2.961063804796178260e+02 2.954436376128809343e+02 2.947815365835656962e+02 2.942190677141754236e+02 2.937001989806653341e+02 2.931858391655525224e+02 2.926769975310267569e+02 2.921742215043739179e+02 2.916775868390043911e+02 2.911869772022375287e+02 2.906734966815131997e+02 2.900920972318584177e+02 2.895151816310149115e+02 2.889428778898452492e+02 2.883753141386989682e+02 2.878126182965036719e+02 2.872549176456043938e+02 2.867023369951812128e+02 2.861549958948675112e+02 2.856130133040688861e+02 2.850765102990858395e+02 2.845456077567085913e+02 2.840206307203204688e+02 2.835020864308393698e+02 2.829894799151296070e+02 2.824829133783388784e+02 2.819824838113999590e+02 2.814882824622602016e+02 2.810003943065912608e+02 2.805188975217850498e+02 2.800438629682582246e+02 2.795753536822676324e+02 2.791133803849047013e+02 2.786573572659277147e+02 2.782078153413502264e+02 2.777653694314478798e+02 2.773301452618289318e+02 2.769022180452776070e+02 2.766651561940814190e+02 2.763367121598826088e+02 2.760438244798322671e+02 2.758434076909502437e+02 2.756413820236833203e+02 2.754377236830940774e+02 2.752324084125723971e+02 2.750254114841833371e+02
2.921024961568081153e+02 2.918974617196906820e+02 2.916908993753665982e+02 2.914827897779786667e+02 2.912731133006199116e+02 2.910618500327116180e+02 2.908489797774920476e+02 2.906344820496260581e+02 2.904183360729486481e+02 2.902005207783554965e+02 2.899810148018532345e+02 2.897597964827849069e+02 2.895368438622449503e+02 2.893121346817012522e+02 2.890856463818393536e+02 2.888573561016491453e+02 2.886272406777706578e+02 2.883952766441213953e+02 2.881614402318236330e+02 2.879257073694558926e+02 2.876880536836508213e+02 2.874484545000635762e+02 2.872068848447371465e+02 2.869633194458901926e+02 2.867177327361555967e+02 2.864700988552995113e+02 2.862203916534503492e+02 2.859685846948691506e+02 2.857146512622957175e+02 2.854585643619020061e+02 2.852002967288909758e+02 2.849398208337750020e+02 2.846771088893729598e+02 2.844121328585652009e+02 2.841448644628445095e+02 2.838752751917070896e+02 2.836033363129229201e+02 2.833290188837307255e+02 2.830522937629997955e+02 2.827731316244046411e+02 2.824915029706561995e+02 2.822073781488370514e+02 2.819207273668843641e+02 2.816315207112684220e+02 2.813397281659109126e+02 2.810453196323896350e+02 2.807482649514732316e+02 2.804485339260301089e+02 2.801460963453541240e+02 2.798409220109469970e+02 2.795329807637968429e+02 2.792222425131887462e+02 2.789086772670802361e+02 2.785922551640715596e+02 2.782729465069978119e+02 2.779507217981616236e+02
2.970003085260989337e+02 2.965296260599440643e+02 2.960119844660365516e+02 2.954517796482002723e+02 2.948954098132518880e+02 2.943429788004386296e+02 2.937945906288466063e+02 2.932503492691558904e+02 2.927103583999565330e+02 2.921747209481753202e+02 2.916435371357676445e+02 2.911169037611647923e+02 2.905949170146400888e+02 2.900776745012295805e+02 2.895652741044425511e+02 2.890582667163974406e+02 2.885566258243550806e+02 2.880601035857349075e+02 2.875687838126304996e+02 2.870827464685764880e+02 2.866020672981535995e+02 2.861268174559612589e+02 2.856570631372363209e+02 2.851928652125198482e+02 2.847342788688720816e+02 2.842813201796377029e+02 2.838337955012719931e+02 2.833916476774751345e+02 2.829553039410397446e+02 2.825251214211933757e+02 2.821012504164764891e+02 2.817899786445151449e+02 2.815219390530530745e+02 2.811633489778848229e+02 2.809705715752575657e+02 2.807779502037369070e+02 2.805838609117778333e+02 2.803882831595195739e+02 2.801911960314928933e+02 2.799925782292769441e+02 2.797924080640561897e+02 2.795906634490822285e+02 2.793873218920434169e+02 2.791823604873476370e+02 2.789757559083230376e+02 2.787674843993430613e+02 2.785575217678821218e+02 2.783458433765089239e+02 2.781324241348269197e+02 2.779172384913694032e+02 2.777002604254613516e+02 2.774814634390571655e+02 2.772608205485686881e+02 2.770383042766950439e+02 2.768138866442712924e+02 2.765875391621505059e+02
2.926866752022867217e+02 2.922116965113918923e+02 2.917413190747064391e+02 2.912756040428718620e+02 2.908146090020448469e+02 2.903583877109588229e+02 2.899069898411118515e+02 2.894604607216434147e+02 2.890188042296880440e+02 2.885818908516267243e+02 2.881496869749315692e+02 2.877224595813710835e+02 2.873005259898845338e+02 2.868840745376207906e+02 2.866052976612359657e+02 2.863164991150025571e+02 2.859813106676980965e+02 2.857977253224047445e+02 2.856128197419566845e+02 2.854265764990224739e+02 2.852389778654677457e+02 2.850500058067917735e+02 2.848596419764922416e+02 2.846678677103594737e+02 2.844746640207041537e+02 2.842800115905198481e+02 2.840838907675848191e+02 2.838862815585058570e+02 2.836871636227097611e+02 2.834865162663853653e+02 2.832843184363825344e+02 2.830805487140732453e+02 2.828751853091815178e+02 2.826682060535882783e+02 2.824595883951200221e+02 2.822493093913282109e+02 2.820373457032700344e+02 2.818236735892986644e+02 2.816082688988761333e+02 2.813911070664180443e+02 2.811721631051854615e+02 2.809514116012354634e+02 2.807288267074473538e+02 2.805043821376397091e+02 2.802780511607957692e+02 2.800498065954167259e+02 2.798196208040226338e+02 2.795874656878231690e+02 2.793533126815814285e+02 2.791171327486969176e+02 2.788788963765336462e+02 2.786385735720228354e+02 2.783961338575720674e+02 2.781515462673124830e+02 2.779047793437203495e+02 2.776558011346514832e+02
2.846772485941514219e+02 2.842920243387595747e+02 2.839051305011101931e+02 2.835165857993799818e+02 2.831264093822875907e+02 2.827346208112589920e+02 2.823412400419917958e+02 2.819462874054624990e+02 2.815497835884261235e+02 2.811517496134562748e+02 2.807522068185756439e+02 2.803511768365304420e+02 2.799486815737589041e+02 2.795447431891091696e+02 2.791393840723591779e+02 2.787326268225918398e+02 2.783244942264797714e+02 2.779150092365331943e+02 2.775041949493618745e+02 2.770920745840041377e+02 2.766786714603740052e+02 2.762640089778743118e+02 2.758481105942250906e+02 2.754309998045520160e+02 2.750127001207813464e+02 2.745932350513808728e+02 2.741726280814894494e+02 2.737509026534724512e+02 2.733280821479374367e+02 2.729041898652450300e+02 2.724792490075439559e+02 2.720532826613592192e+02 2.716263137807582098e+02 2.711983651711178140e+02 2.707694594735118017e+02 2.703396191497369045e+02 2.699088664679920839e+02 2.694772234892215579e+02 2.690447120541341519e+02 2.686113537709037473e+02 2.681771700035564550e+02 2.677421818610471291e+02 2.673064101870252216e+02 2.668698755502878157e+02 2.664325982359168279e+02 2.659945982370936122e+02 2.655558952475836350e+02 2.651165086548825798e+02 2.646764575340114902e+02 2.642357606419510603e+02 2.637944364126984738e+02 2.633525029529353105e+02 2.629099780382877043e+02 2.624668791101635179e+02 2.620232232731494832e+02 2.615790272929472167e+02
2.915359944688260612e+02 2.913421620751487353e+02 2.911469256310977016e+02 2.909502672798369645e+02 2.907521688872400887e+02 2.905526120381280748e+02 2.903515780325321884e+02 2.901490478819883947e+02 2.899450023058714692e+02 2.897394217277761754e+02 2.895322862719540922e+02 2.893235757598154123e+02 2.891132697065048092e+02 2.889013473175624540e+02 2.886877874856809854e+02 2.884725687875701965e+02 2.882556694809415490e+02 2.880370675016274618e+02 2.878167404608478819e+02 2.875946656426401660e+02 2.873708200014687009e+02 2.871451801600302360e+02 2.869177224072748231e+02 2.866884226966591314e+02 2.864572566446555584e+02 2.862241995295349284e+02 2.859892262904494373e+02 2.857523115268361380e+02 2.855134294981687617e+02 2.852725541240831717e+02 2.850296589849049838e+02 2.847847173226083441e+02 2.845377020422364467e+02 2.842885857138173833e+02 2.840373405748073878e+02 2.837839385330983077e+02 2.835283511706251147e+02 2.832705497476131882e+02 2.830105052075043659e+02 2.827481881826041104e+02 2.824835690004928210e+02 2.822166176912467677e+02 2.819473039955133800e+02 2.816755973734917120e+02 2.814014670148636128e+02 2.811248818497300590e+02 2.808458105606017057e+02 2.805642215954986227e+02 2.802800831822123087e+02 2.799933633437854610e+02 2.797040299152656075e+02 2.794120505617876233e+02 2.791173927980431699e+02 2.788200240091924798e+02 2.785199114732752150e+02 2.782170223851755395e+02
2.924070033361082324e+02 2.921933680244813445e+02 2.919781114906221546e+02 2.917612134074884125e+02 2.915426531732764488e+02 2.913224099101105367e+02 2.911004624629246109e+02 2.908767893985511819e+02 2.906513690050339278e+02 2.904241792911805078e+02 2.901951979863735005e+02 2.899644025406588526e+02 2.897317701251299695e+02 2.894972776326299027e+02 2.892609016787916403e+02 2.890226186034396960e+02 2.887824044723764132e+02 2.885402350795779967e+02 2.882960859498247146e+02 2.880499323417932374e+02 2.878017492516385687e+02 2.875515114170930815e+02 2.872991933221146041e+02 2.870447692021125476e+02 2.867882130497853836e+02 2.865294986216015900e+02 2.862685994449581131e+02 2.860054888260520443e+02 2.857401398584997310e+02 2.854725254327416906e+02 2.852026182462694237e+02 2.849303908147126094e+02 2.846558154838259611e+02 2.843788644424136578e+02 2.840995097362317665e+02 2.838177232829085028e+02 2.835334768879206422e+02 2.832467422616678618e+02 2.829574910376822459e+02 2.826656947920125731e+02 2.823713250638217005e+02 2.820743533772319438e+02 2.817747512644563699e+02 2.814724902902478902e+02 2.811675420776976466e+02 2.808598783354132706e+02 2.805494708861021422e+02 2.802362916965830664e+02 2.799203129092457516e+02 2.796015068749738930e+02 2.792798461875406133e+02 2.789553037194842204e+02 2.786278526594614391e+02 2.782974665510728300e+02 2.779641193331460158e+02 2.776277853814563059e+02
2.916225275041558120e+02 2.914272276497778194e+02 2.912305074150533528e+02 2.910323487366271706e+02 2.908327332726725558e+02 2.906316423992441287e+02 2.904290572066651066e+02 2.902249584959564572e+02 2.900193267753164150e+02 2.898121422566583760e+02 2.896033848522169478e+02 2.893930341712309655e+02 2.891810695167147855e+02 2.889674698823282029e+02 2.887522139493580084e+02 2.885352800838217604e+02 2.883166463337094001e+02 2.880962904263759583e+02 2.878741897660999030e+02 2.876503214318243522e+02 2.874246621750978079e+02 2.871971884182324857e+02 2.869678762526984883e+02 2.867367014377757641e+02 2.865036393994840296e+02 2.862686652298134504e+02 2.860317536862797851e+02 2.857928791918290585e+02 2.855520158351191640e+02 2.853091373712038035e+02 2.850642172226505409e+02 2.848172284811211057e+02 2.845681439094481675e+02 2.843169359442400150e+02 2.840635766990493494e+02 2.838080379681426280e+02 2.835502912309071348e+02 2.832903076569364202e+02 2.830280581118344685e+02 2.827635131637815675e+02 2.824966430909058204e+02 2.822274178895062278e+02 2.819558072831738400e+02 2.816817807328600338e+02 2.814053074479411407e+02 2.811263563983303584e+02 2.808448963276892982e+02 2.805608957677913509e+02 2.802743230540915533e+02 2.799851463425568454e+02 2.796933336278105457e+02 2.793988527626481186e+02 2.791016714789769253e+02 2.788017574102358935e+02 2.784990781153477997e+02 2.781936011042578230e+02
2.927510891720772293e+02 2.924975408538381316e+02 2.922419797647723385e+02 2.919843838126654418e+02 2.917247307913301029e+02 2.914629983901156152e+02 2.911991642040557053e+02 2.909332057446767976e+02 2.906651004514910710e+02 2.903948257041947159e+02 2.901223588355960032e+02 2.898476771452935168e+02 2.895707579141266024e+02 2.892915784194187836e+02 2.890101159510334696e+02 2.887263478282620781e+02 2.884402514175603756e+02 2.881518041511515094e+02 2.878609835465092601e+02 2.875677672267344747e+02 2.872721329418365599e+02 2.869740585909284505e+02 2.866735222453414167e+02 2.863705021726627251e+02 2.860649768616986535e+02 2.857569250483583119e+02 2.854463257424528706e+02 2.851331582554010424e+02 2.848174022288255287e+02 2.844990376640226373e+02 2.841780449522827325e+02 2.838544049060316752e+02 2.835280987907616463e+02 2.831991083577124186e+02 2.828674158772572582e+02 2.825330041729446293e+02 2.821958566561380621e+02 2.818559573611915425e+02 2.815132909810903925e+02 2.811678429034815849e+02 2.808195992470108422e+02 2.804685468978759673e+02 2.801146735465000575e+02 2.797579677242217144e+02 2.793984188398908941e+02 2.790360172162558001e+02 2.786707541260162770e+02 2.783026218274168286e+02 2.779316135992433487e+02 2.775577237750865152e+02 2.771809477767268959e+02 2.768012821464938042e+02 2.764187245784494280e+02 2.760332739482423676e+02 2.756449303414781298e+02 2.752536950804499156e+02
2.885914856321106186e+02 2.882398505478032575e+02 2.878860134715411618e+02 2.875299783105825782e+02 2.871717497241103842e+02 2.868113331305181077e+02 2.864487347136196149e+02 2.860839614277405758e+02 2.857170210016462875e+02 2.853479219412686234e+02 2.849766735311948196e+02 2.846032858348859236e+02 2.842277696935971676e+02 2.838501367239746855e+02 2.834703993143106686e+02 2.830885706194395652e+02 2.827046645542680494e+02 2.823186957859298900e+02 2.819306797245705525e+02 2.815406325127622722e+02 2.811485710135639806e+02 2.807545127972410341e+02 2.803584761266665168e+02 2.799604799414315153e+02 2.795605438406979601e+02 2.791586880648308124e+02 2.787549334758526243e+02 2.783493015367702128e+02 2.779418142898235828e+02 2.775324943337172385e+02 2.771213647998926035e+02 2.767084493279085677e+02 2.762937720399988848e+02 2.758773575148770760e+02 2.754592307608650685e+02 2.750394171884220214e+02 2.746179425821525228e+02 2.741948330723734557e+02 2.737701151063237717e+02 2.733438154190962450e+02 2.729159610043760154e+02 2.724865790850660687e+02 2.720556970838821940e+02 2.716233425939975064e+02 2.711895433498145849e+02 2.707543271979423025e+02 2.703177220684526674e+02 2.698797559464881601e+02 2.694404568442892582e+02 2.689998527737087102e+02 2.685579717192733824e+02 2.681148416118538762e+02 2.676704903029951197e+02 2.672249455399604585e+02 2.667782349415348335e+02 2.663303859746295643e+02
2.920847077670595127e+02 2.918800984880126066e+02 2.916739659617713869e+02 2.914662908949711664e+02 2.912570537131056767e+02 2.910462345578508803e+02 2.908338132844944539e+02 2.906197694594839049e+02 2.904040823581030963e+02 2.901867309622925859e+02 2.899676939586244089e+02 2.897469497364477320e+02 2.895244763862194759e+02 2.893002516980358223e+02 2.890742531603819430e+02 2.888464579591171173e+02 2.886168429767146222e+02 2.883853847917753797e+02 2.881520596788370199e+02 2.879168436084993914e+02 2.876797122478897109e+02 2.874406409614917379e+02 2.871996048123636456e+02 2.869565785637719273e+02 2.867115366812671482e+02 2.864644533352324061e+02 2.862153024039337197e+02 2.859640574771029264e+02 2.857106918600874224e+02 2.854551785785982929e+02 2.851974903840946354e+02 2.849375997598382355e+02 2.846754789276571387e+02 2.844110998554568823e+02 2.841444342655191804e+02 2.838754536436294984e+02 2.836041292490747310e+02 2.833304321255552054e+02 2.830543331130537013e+02 2.827758028607074721e+02 2.824948118407277207e+02 2.822113303634120598e+02 2.819253285932975359e+02 2.816367765664985541e+02 2.813456442092774523e+02 2.810519013578928025e+02 2.807555177797707984e+02 2.804564631960440693e+02 2.801547073055018018e+02 2.798502198099911880e+02 2.795429704413119225e+02 2.792329289896395039e+02 2.789200653335128095e+02 2.786043494714162421e+02 2.782857515549857226e+02 2.779642419238591060e+02
